compatibility (macos-15-intel, x86_64)	Set up job	﻿2026-09-20T19:55:37.9374750Z Current runner version: '2.337.0'
compatibility (macos-15-intel, x86_64)	Set up job	2026-09-20T19:55:37.9415870Z ##[group]Runner Image Provisioner
compatibility (macos-15-intel, x86_64)	Set up job	2026-09-20T19:55:37.9417410Z Hosted Compute Agent
compatibility (macos-15-intel, x86_64)	Set up job	2026-09-20T19:55:37.9418350Z Version: 20260819.586
compatibility (macos-15-intel, x86_64)	Set up job	2026-09-20T19:55:37.9419620Z Commit: 3cc4a88dfa507ef76119ad1bb3eccc6378bb2b76
compatibility (macos-15-intel, x86_64)	Set up job	2026-09-20T19:55:37.9420810Z Build Date: 2026-08-18T23:20:18Z
compatibility (macos-15-intel, x86_64)	Set up job	2026-09-20T19:55:37.9421900Z Worker ID: {e26cbf76-1438-4102-a85b-4f187afa572b}
compatibility (macos-15-intel, x86_64)	Set up job	2026-09-20T19:55:37.9423030Z Azure Region: westus
compatibility (macos-15-intel, x86_64)	Set up job	2026-09-20T19:55:37.9423890Z ##[endgroup]
compatibility (macos-15-intel, x86_64)	Set up job	2026-09-20T19:55:37.9429080Z ##[group]Operating System
compatibility (macos-15-intel, x86_64)	Set up job	2026-09-20T19:55:37.9430610Z macOS
compatibility (macos-15-intel, x86_64)	Set up job	2026-09-20T19:55:37.9431800Z 15.7.9
compatibility (macos-15-intel, x86_64)	Set up job	2026-09-20T19:55:37.9432970Z 24G830
compatibility (macos-15-intel, x86_64)	Set up job	2026-09-20T19:55:37.9434150Z ##[endgroup]
compatibility (macos-15-intel, x86_64)	Set up job	2026-09-20T19:55:37.9435350Z ##[group]Runner Image
compatibility (macos-15-intel, x86_64)	Set up job	2026-09-20T19:55:37.9436720Z Image: macos-15
compatibility (macos-15-intel, x86_64)	Set up job	2026-09-20T19:55:37.9438090Z Version: 20260824.0482.1
compatibility (macos-15-intel, x86_64)	Set up job	2026-09-20T19:55:37.9440870Z Included Software: https://github.com/actions/runner-images/blob/macos-15/20260824.0482/images/macos/macos-15-Readme.md
compatibility (macos-15-intel, x86_64)	Set up job	2026-09-20T19:55:37.9445500Z Image Release: https://github.com/actions/runner-images/releases/tag/macos-15%2F20260824.0482
compatibility (macos-15-intel, x86_64)	Set up job	2026-09-20T19:55:37.9447930Z ##[endgroup]
compatibility (macos-15-intel, x86_64)	Set up job	2026-09-20T19:55:37.9450930Z ##[group]GITHUB_TOKEN Permissions
compatibility (macos-15-intel, x86_64)	Set up job	2026-09-20T19:55:37.9455910Z Contents: read
compatibility (macos-15-intel, x86_64)	Set up job	2026-09-20T19:55:37.9457210Z Metadata: read
compatibility (macos-15-intel, x86_64)	Set up job	2026-09-20T19:55:37.9458410Z ##[endgroup]
compatibility (macos-15-intel, x86_64)	Set up job	2026-09-20T19:55:37.9463390Z Secret source: Actions
compatibility (macos-15-intel, x86_64)	Set up job	2026-09-20T19:55:37.9465430Z Cache mode: write
compatibility (macos-15-intel, x86_64)	Set up job	2026-09-20T19:55:37.9469020Z Prepare workflow directory
compatibility (macos-15-intel, x86_64)	Set up job	2026-09-20T19:55:38.0372520Z Prepare all required actions
compatibility (macos-15-intel, x86_64)	Set up job	2026-09-20T19:55:38.0470840Z Getting action download info
compatibility (macos-15-intel, x86_64)	Set up job	2026-09-20T19:55:38.4381390Z Download action repository 'actions/checkout@11bd71901bbe5b1630ceea73d27597364c9af683' (SHA:11bd71901bbe5b1630ceea73d27597364c9af683)
compatibility (macos-15-intel, x86_64)	Set up job	2026-09-20T19:55:38.7232890Z Download action repository 'actions/upload-artifact@ea165f8d65b6e75b540449e92b4886f43607fa02' (SHA:ea165f8d65b6e75b540449e92b4886f43607fa02)
compatibility (macos-15-intel, x86_64)	Set up job	2026-09-20T19:55:39.1678830Z Complete job name: compatibility (macos-15-intel, x86_64)
compatibility (macos-15-intel, x86_64)	Run actions/checkout@11bd71901bbe5b1630ceea73d27597364c9af683	﻿2026-09-20T19:55:39.3168710Z Node 20 is being deprecated. This workflow is running with Node 24 by default. If you need to temporarily use Node 20, you can set the ACTIONS_ALLOW_USE_UNSECURE_NODE_VERSION=true environment variable. For more information see: https://github.blog/changelog/2025-09-19-deprecation-of-node-20-on-github-actions-runners/
compatibility (macos-15-intel, x86_64)	Run actions/checkout@11bd71901bbe5b1630ceea73d27597364c9af683	2026-09-20T19:55:39.3195460Z ##[group]Run actions/checkout@11bd71901bbe5b1630ceea73d27597364c9af683
compatibility (macos-15-intel, x86_64)	Run actions/checkout@11bd71901bbe5b1630ceea73d27597364c9af683	2026-09-20T19:55:39.3198740Z with:
compatibility (macos-15-intel, x86_64)	Run actions/checkout@11bd71901bbe5b1630ceea73d27597364c9af683	2026-09-20T19:55:39.3200150Z   path: rawk
compatibility (macos-15-intel, x86_64)	Run actions/checkout@11bd71901bbe5b1630ceea73d27597364c9af683	2026-09-20T19:55:39.3201620Z   repository: francescotinti/rawk
compatibility (macos-15-intel, x86_64)	Run actions/checkout@11bd71901bbe5b1630ceea73d27597364c9af683	2026-09-20T19:55:39.3216460Z   token: ***
compatibility (macos-15-intel, x86_64)	Run actions/checkout@11bd71901bbe5b1630ceea73d27597364c9af683	2026-09-20T19:55:39.3217700Z   ssh-strict: true
compatibility (macos-15-intel, x86_64)	Run actions/checkout@11bd71901bbe5b1630ceea73d27597364c9af683	2026-09-20T19:55:39.3218910Z   ssh-user: git
compatibility (macos-15-intel, x86_64)	Run actions/checkout@11bd71901bbe5b1630ceea73d27597364c9af683	2026-09-20T19:55:39.3220580Z   persist-credentials: true
compatibility (macos-15-intel, x86_64)	Run actions/checkout@11bd71901bbe5b1630ceea73d27597364c9af683	2026-09-20T19:55:39.3223780Z   clean: true
compatibility (macos-15-intel, x86_64)	Run actions/checkout@11bd71901bbe5b1630ceea73d27597364c9af683	2026-09-20T19:55:39.3225580Z   sparse-checkout-cone-mode: true
compatibility (macos-15-intel, x86_64)	Run actions/checkout@11bd71901bbe5b1630ceea73d27597364c9af683	2026-09-20T19:55:39.3227320Z   fetch-depth: 1
compatibility (macos-15-intel, x86_64)	Run actions/checkout@11bd71901bbe5b1630ceea73d27597364c9af683	2026-09-20T19:55:39.3229140Z   fetch-tags: false
compatibility (macos-15-intel, x86_64)	Run actions/checkout@11bd71901bbe5b1630ceea73d27597364c9af683	2026-09-20T19:55:39.3230890Z   show-progress: true
compatibility (macos-15-intel, x86_64)	Run actions/checkout@11bd71901bbe5b1630ceea73d27597364c9af683	2026-09-20T19:55:39.3232680Z   lfs: false
compatibility (macos-15-intel, x86_64)	Run actions/checkout@11bd71901bbe5b1630ceea73d27597364c9af683	2026-09-20T19:55:39.3234170Z   submodules: false
compatibility (macos-15-intel, x86_64)	Run actions/checkout@11bd71901bbe5b1630ceea73d27597364c9af683	2026-09-20T19:55:39.3235440Z   set-safe-directory: true
compatibility (macos-15-intel, x86_64)	Run actions/checkout@11bd71901bbe5b1630ceea73d27597364c9af683	2026-09-20T19:55:39.3239350Z env:
compatibility (macos-15-intel, x86_64)	Run actions/checkout@11bd71901bbe5b1630ceea73d27597364c9af683	2026-09-20T19:55:39.3240470Z   LC_ALL: C
compatibility (macos-15-intel, x86_64)	Run actions/checkout@11bd71901bbe5b1630ceea73d27597364c9af683	2026-09-20T19:55:39.3243140Z   CARGO_INCREMENTAL: 0
compatibility (macos-15-intel, x86_64)	Run actions/checkout@11bd71901bbe5b1630ceea73d27597364c9af683	2026-09-20T19:55:39.3244880Z   RUSTUP_TOOLCHAIN: 1.96.0
compatibility (macos-15-intel, x86_64)	Run actions/checkout@11bd71901bbe5b1630ceea73d27597364c9af683	2026-09-20T19:55:39.3246470Z ##[endgroup]
compatibility (macos-15-intel, x86_64)	Run actions/checkout@11bd71901bbe5b1630ceea73d27597364c9af683	2026-09-20T19:55:39.8200540Z Syncing repository: francescotinti/rawk
compatibility (macos-15-intel, x86_64)	Run actions/checkout@11bd71901bbe5b1630ceea73d27597364c9af683	2026-09-20T19:55:39.8207670Z ##[group]Getting Git version info
compatibility (macos-15-intel, x86_64)	Run actions/checkout@11bd71901bbe5b1630ceea73d27597364c9af683	2026-09-20T19:55:39.8211200Z Working directory is '/Users/runner/work/rawk/rawk/rawk'
compatibility (macos-15-intel, x86_64)	Run actions/checkout@11bd71901bbe5b1630ceea73d27597364c9af683	2026-09-20T19:55:39.8216520Z [command]/usr/local/bin/git version
compatibility (macos-15-intel, x86_64)	Run actions/checkout@11bd71901bbe5b1630ceea73d27597364c9af683	2026-09-20T19:55:39.8309880Z git version 2.55.0
compatibility (macos-15-intel, x86_64)	Run actions/checkout@11bd71901bbe5b1630ceea73d27597364c9af683	2026-09-20T19:55:39.8422050Z ##[endgroup]
compatibility (macos-15-intel, x86_64)	Run actions/checkout@11bd71901bbe5b1630ceea73d27597364c9af683	2026-09-20T19:55:39.8496470Z Copying '/Users/runner/.gitconfig' to '/Users/runner/work/_temp/24c1d030-5077-4b13-861d-3f80745ba15f/.gitconfig'
compatibility (macos-15-intel, x86_64)	Run actions/checkout@11bd71901bbe5b1630ceea73d27597364c9af683	2026-09-20T19:55:39.8562450Z Temporarily overriding HOME='/Users/runner/work/_temp/24c1d030-5077-4b13-861d-3f80745ba15f' before making global git config changes
compatibility (macos-15-intel, x86_64)	Run actions/checkout@11bd71901bbe5b1630ceea73d27597364c9af683	2026-09-20T19:55:39.8571570Z Adding repository directory to the temporary git global config as a safe directory
compatibility (macos-15-intel, x86_64)	Run actions/checkout@11bd71901bbe5b1630ceea73d27597364c9af683	2026-09-20T19:55:39.8611090Z [command]/usr/local/bin/git config --global --add safe.directory /Users/runner/work/rawk/rawk/rawk
compatibility (macos-15-intel, x86_64)	Run actions/checkout@11bd71901bbe5b1630ceea73d27597364c9af683	2026-09-20T19:55:39.8707020Z ##[group]Initializing the repository
compatibility (macos-15-intel, x86_64)	Run actions/checkout@11bd71901bbe5b1630ceea73d27597364c9af683	2026-09-20T19:55:39.8749830Z [command]/usr/local/bin/git init /Users/runner/work/rawk/rawk/rawk
compatibility (macos-15-intel, x86_64)	Run actions/checkout@11bd71901bbe5b1630ceea73d27597364c9af683	2026-09-20T19:55:39.9030390Z hint: Using 'master' as the name for the initial branch. This default branch name
compatibility (macos-15-intel, x86_64)	Run actions/checkout@11bd71901bbe5b1630ceea73d27597364c9af683	2026-09-20T19:55:39.9098840Z hint: will change to "main" in Git 3.0. To configure the initial branch name
compatibility (macos-15-intel, x86_64)	Run actions/checkout@11bd71901bbe5b1630ceea73d27597364c9af683	2026-09-20T19:55:39.9140730Z hint: to use in all of your new repositories, which will suppress this warning,
compatibility (macos-15-intel, x86_64)	Run actions/checkout@11bd71901bbe5b1630ceea73d27597364c9af683	2026-09-20T19:55:39.9188170Z hint: call:
compatibility (macos-15-intel, x86_64)	Run actions/checkout@11bd71901bbe5b1630ceea73d27597364c9af683	2026-09-20T19:55:39.9216780Z hint:
compatibility (macos-15-intel, x86_64)	Run actions/checkout@11bd71901bbe5b1630ceea73d27597364c9af683	2026-09-20T19:55:39.9233250Z hint: 	git config --global init.defaultBranch <name>
compatibility (macos-15-intel, x86_64)	Run actions/checkout@11bd71901bbe5b1630ceea73d27597364c9af683	2026-09-20T19:55:39.9250700Z hint:
compatibility (macos-15-intel, x86_64)	Run actions/checkout@11bd71901bbe5b1630ceea73d27597364c9af683	2026-09-20T19:55:39.9279270Z hint: Names commonly chosen instead of 'master' are 'main', 'trunk' and
compatibility (macos-15-intel, x86_64)	Run actions/checkout@11bd71901bbe5b1630ceea73d27597364c9af683	2026-09-20T19:55:39.9346140Z hint: 'development'. The just-created branch can be renamed via this command:
compatibility (macos-15-intel, x86_64)	Run actions/checkout@11bd71901bbe5b1630ceea73d27597364c9af683	2026-09-20T19:55:39.9392700Z hint:
compatibility (macos-15-intel, x86_64)	Run actions/checkout@11bd71901bbe5b1630ceea73d27597364c9af683	2026-09-20T19:55:39.9419640Z hint: 	git branch -m <name>
compatibility (macos-15-intel, x86_64)	Run actions/checkout@11bd71901bbe5b1630ceea73d27597364c9af683	2026-09-20T19:55:39.9461530Z hint:
compatibility (macos-15-intel, x86_64)	Run actions/checkout@11bd71901bbe5b1630ceea73d27597364c9af683	2026-09-20T19:55:39.9502650Z hint: Disable this message with "git config set advice.defaultBranchName false"
compatibility (macos-15-intel, x86_64)	Run actions/checkout@11bd71901bbe5b1630ceea73d27597364c9af683	2026-09-20T19:55:39.9640520Z Initialized empty Git repository in /Users/runner/work/rawk/rawk/rawk/.git/
compatibility (macos-15-intel, x86_64)	Run actions/checkout@11bd71901bbe5b1630ceea73d27597364c9af683	2026-09-20T19:55:39.9842720Z [command]/usr/local/bin/git remote add origin https://github.com/francescotinti/rawk
compatibility (macos-15-intel, x86_64)	Run actions/checkout@11bd71901bbe5b1630ceea73d27597364c9af683	2026-09-20T19:55:39.9990910Z ##[endgroup]
compatibility (macos-15-intel, x86_64)	Run actions/checkout@11bd71901bbe5b1630ceea73d27597364c9af683	2026-09-20T19:55:40.0029100Z ##[group]Disabling automatic garbage collection
compatibility (macos-15-intel, x86_64)	Run actions/checkout@11bd71901bbe5b1630ceea73d27597364c9af683	2026-09-20T19:55:40.0063850Z [command]/usr/local/bin/git config --local gc.auto 0
compatibility (macos-15-intel, x86_64)	Run actions/checkout@11bd71901bbe5b1630ceea73d27597364c9af683	2026-09-20T19:55:40.0235430Z ##[endgroup]
compatibility (macos-15-intel, x86_64)	Run actions/checkout@11bd71901bbe5b1630ceea73d27597364c9af683	2026-09-20T19:55:40.0285570Z ##[group]Setting up auth
compatibility (macos-15-intel, x86_64)	Run actions/checkout@11bd71901bbe5b1630ceea73d27597364c9af683	2026-09-20T19:55:40.0478090Z [command]/usr/local/bin/git config --local --name-only --get-regexp core\.sshCommand
compatibility (macos-15-intel, x86_64)	Run actions/checkout@11bd71901bbe5b1630ceea73d27597364c9af683	2026-09-20T19:55:40.0852300Z [command]/usr/local/bin/git submodule foreach --recursive sh -c "git config --local --name-only --get-regexp 'core\.sshCommand' && git config --local --unset-all 'core.sshCommand' || :"
compatibility (macos-15-intel, x86_64)	Run actions/checkout@11bd71901bbe5b1630ceea73d27597364c9af683	2026-09-20T19:55:40.4105000Z [command]/usr/local/bin/git config --local --name-only --get-regexp http\.https\:\/\/github\.com\/\.extraheader
compatibility (macos-15-intel, x86_64)	Run actions/checkout@11bd71901bbe5b1630ceea73d27597364c9af683	2026-09-20T19:55:40.4269380Z [command]/usr/local/bin/git submodule foreach --recursive sh -c "git config --local --name-only --get-regexp 'http\.https\:\/\/github\.com\/\.extraheader' && git config --local --unset-all 'http.https://github.com/.extraheader' || :"
compatibility (macos-15-intel, x86_64)	Run actions/checkout@11bd71901bbe5b1630ceea73d27597364c9af683	2026-09-20T19:55:40.5090900Z [command]/usr/local/bin/git config --local http.https://github.com/.extraheader AUTHORIZATION: basic ***
compatibility (macos-15-intel, x86_64)	Run actions/checkout@11bd71901bbe5b1630ceea73d27597364c9af683	2026-09-20T19:55:40.5233850Z ##[endgroup]
compatibility (macos-15-intel, x86_64)	Run actions/checkout@11bd71901bbe5b1630ceea73d27597364c9af683	2026-09-20T19:55:40.5272670Z ##[group]Fetching the repository
compatibility (macos-15-intel, x86_64)	Run actions/checkout@11bd71901bbe5b1630ceea73d27597364c9af683	2026-09-20T19:55:40.5344490Z [command]/usr/local/bin/git -c protocol.version=2 fetch --no-tags --prune --no-recurse-submodules --depth=1 origin +0ed769d1b18e0b076d52cb8e926ce30d136e5ff6:refs/remotes/origin/master
compatibility (macos-15-intel, x86_64)	Run actions/checkout@11bd71901bbe5b1630ceea73d27597364c9af683	2026-09-20T19:55:41.6808270Z From https://github.com/francescotinti/rawk
compatibility (macos-15-intel, x86_64)	Run actions/checkout@11bd71901bbe5b1630ceea73d27597364c9af683	2026-09-20T19:55:41.6982130Z  * [new ref]         0ed769d1b18e0b076d52cb8e926ce30d136e5ff6 -> origin/master
compatibility (macos-15-intel, x86_64)	Run actions/checkout@11bd71901bbe5b1630ceea73d27597364c9af683	2026-09-20T19:55:41.7110810Z ##[endgroup]
compatibility (macos-15-intel, x86_64)	Run actions/checkout@11bd71901bbe5b1630ceea73d27597364c9af683	2026-09-20T19:55:41.7152580Z ##[group]Determining the checkout info
compatibility (macos-15-intel, x86_64)	Run actions/checkout@11bd71901bbe5b1630ceea73d27597364c9af683	2026-09-20T19:55:41.7193360Z ##[endgroup]
compatibility (macos-15-intel, x86_64)	Run actions/checkout@11bd71901bbe5b1630ceea73d27597364c9af683	2026-09-20T19:55:41.8198830Z [command]/usr/local/bin/git sparse-checkout disable
compatibility (macos-15-intel, x86_64)	Run actions/checkout@11bd71901bbe5b1630ceea73d27597364c9af683	2026-09-20T19:55:41.8742700Z [command]/usr/local/bin/git config --local --unset-all extensions.worktreeConfig
compatibility (macos-15-intel, x86_64)	Run actions/checkout@11bd71901bbe5b1630ceea73d27597364c9af683	2026-09-20T19:55:41.8854030Z ##[group]Checking out the ref
compatibility (macos-15-intel, x86_64)	Run actions/checkout@11bd71901bbe5b1630ceea73d27597364c9af683	2026-09-20T19:55:41.8892340Z [command]/usr/local/bin/git checkout --progress --force -B master refs/remotes/origin/master
compatibility (macos-15-intel, x86_64)	Run actions/checkout@11bd71901bbe5b1630ceea73d27597364c9af683	2026-09-20T19:55:42.3191600Z Reset branch 'master'
compatibility (macos-15-intel, x86_64)	Run actions/checkout@11bd71901bbe5b1630ceea73d27597364c9af683	2026-09-20T19:55:42.3423410Z branch 'master' set up to track 'origin/master'.
compatibility (macos-15-intel, x86_64)	Run actions/checkout@11bd71901bbe5b1630ceea73d27597364c9af683	2026-09-20T19:55:42.3761780Z ##[endgroup]
compatibility (macos-15-intel, x86_64)	Run actions/checkout@11bd71901bbe5b1630ceea73d27597364c9af683	2026-09-20T19:55:42.3856610Z [command]/usr/local/bin/git log -1 --format=%H
compatibility (macos-15-intel, x86_64)	Run actions/checkout@11bd71901bbe5b1630ceea73d27597364c9af683	2026-09-20T19:55:42.3890400Z 0ed769d1b18e0b076d52cb8e926ce30d136e5ff6
compatibility (macos-15-intel, x86_64)	Install pinned Rust toolchain	﻿2026-09-20T19:55:42.4374770Z ##[group]Run rustup toolchain install 1.96.0 --profile minimal --component rustfmt --component clippy
compatibility (macos-15-intel, x86_64)	Install pinned Rust toolchain	2026-09-20T19:55:42.4384530Z [36;1mrustup toolchain install 1.96.0 --profile minimal --component rustfmt --component clippy[0m
compatibility (macos-15-intel, x86_64)	Install pinned Rust toolchain	2026-09-20T19:55:42.4493870Z shell: /bin/bash -e {0}
compatibility (macos-15-intel, x86_64)	Install pinned Rust toolchain	2026-09-20T19:55:42.4497440Z env:
compatibility (macos-15-intel, x86_64)	Install pinned Rust toolchain	2026-09-20T19:55:42.4499680Z   LC_ALL: C
compatibility (macos-15-intel, x86_64)	Install pinned Rust toolchain	2026-09-20T19:55:42.4501640Z   CARGO_INCREMENTAL: 0
compatibility (macos-15-intel, x86_64)	Install pinned Rust toolchain	2026-09-20T19:55:42.4504280Z   RUSTUP_TOOLCHAIN: 1.96.0
compatibility (macos-15-intel, x86_64)	Install pinned Rust toolchain	2026-09-20T19:55:42.4506850Z ##[endgroup]
compatibility (macos-15-intel, x86_64)	Install pinned Rust toolchain	2026-09-20T19:55:42.5736210Z info: syncing channel updates for 1.96.0-x86_64-apple-darwin
compatibility (macos-15-intel, x86_64)	Install pinned Rust toolchain	2026-09-20T19:55:42.8632390Z info: latest update on 2026-05-28 for version 1.96.0 (ac68faa20 2026-05-25)
compatibility (macos-15-intel, x86_64)	Install pinned Rust toolchain	2026-09-20T19:55:42.8667720Z info: downloading 5 components
compatibility (macos-15-intel, x86_64)	Install pinned Rust toolchain	2026-09-20T19:56:04.5562710Z info: self-update is disabled for this build of rustup
compatibility (macos-15-intel, x86_64)	Install pinned Rust toolchain	2026-09-20T19:56:04.5563500Z 
compatibility (macos-15-intel, x86_64)	Install pinned Rust toolchain	2026-09-20T19:56:04.5694130Z info: any updates to rustup will need to be fetched with your system package manager
compatibility (macos-15-intel, x86_64)	Install pinned Rust toolchain	2026-09-20T19:56:04.5695850Z   1.96.0-x86_64-apple-darwin installed - rustc 1.96.0 (ac68faa20 2026-05-25)
compatibility (macos-15-intel, x86_64)	Install pinned Rust toolchain	2026-09-20T19:56:04.5730170Z 
compatibility (macos-15-intel, x86_64)	Build pinned original C oracle	﻿2026-09-20T19:56:04.5872270Z ##[group]Run git init ../c_awk
compatibility (macos-15-intel, x86_64)	Build pinned original C oracle	2026-09-20T19:56:04.5873160Z [36;1mgit init ../c_awk[0m
compatibility (macos-15-intel, x86_64)	Build pinned original C oracle	2026-09-20T19:56:04.5874510Z [36;1mgit -C ../c_awk remote add origin https://github.com/onetrueawk/awk.git[0m
compatibility (macos-15-intel, x86_64)	Build pinned original C oracle	2026-09-20T19:56:04.5875820Z [36;1mgit -C ../c_awk fetch --depth 1 origin 5739fd79bcfc75ba7526773d0cf634521f8aca3c[0m
compatibility (macos-15-intel, x86_64)	Build pinned original C oracle	2026-09-20T19:56:04.5876900Z [36;1mgit -C ../c_awk checkout --detach FETCH_HEAD[0m
compatibility (macos-15-intel, x86_64)	Build pinned original C oracle	2026-09-20T19:56:04.5877630Z [36;1mmake -C ../c_awk[0m
compatibility (macos-15-intel, x86_64)	Build pinned original C oracle	2026-09-20T19:56:04.5878180Z [36;1m../c_awk/a.out --version[0m
compatibility (macos-15-intel, x86_64)	Build pinned original C oracle	2026-09-20T19:56:04.5951550Z shell: /bin/bash -e {0}
compatibility (macos-15-intel, x86_64)	Build pinned original C oracle	2026-09-20T19:56:04.5952210Z env:
compatibility (macos-15-intel, x86_64)	Build pinned original C oracle	2026-09-20T19:56:04.5952650Z   LC_ALL: C
compatibility (macos-15-intel, x86_64)	Build pinned original C oracle	2026-09-20T19:56:04.5953170Z   CARGO_INCREMENTAL: 0
compatibility (macos-15-intel, x86_64)	Build pinned original C oracle	2026-09-20T19:56:04.5953710Z   RUSTUP_TOOLCHAIN: 1.96.0
compatibility (macos-15-intel, x86_64)	Build pinned original C oracle	2026-09-20T19:56:04.5954250Z ##[endgroup]
compatibility (macos-15-intel, x86_64)	Build pinned original C oracle	2026-09-20T19:56:04.6526410Z Initialized empty Git repository in /Users/runner/work/rawk/rawk/c_awk/.git/
compatibility (macos-15-intel, x86_64)	Build pinned original C oracle	2026-09-20T19:56:04.6550650Z hint: Using 'master' as the name for the initial branch. This default branch name
compatibility (macos-15-intel, x86_64)	Build pinned original C oracle	2026-09-20T19:56:04.6576410Z hint: will change to "main" in Git 3.0. To configure the initial branch name
compatibility (macos-15-intel, x86_64)	Build pinned original C oracle	2026-09-20T19:56:04.6582440Z hint: to use in all of your new repositories, which will suppress this warning,
compatibility (macos-15-intel, x86_64)	Build pinned original C oracle	2026-09-20T19:56:04.6593340Z hint: call:
compatibility (macos-15-intel, x86_64)	Build pinned original C oracle	2026-09-20T19:56:04.6608060Z hint:
compatibility (macos-15-intel, x86_64)	Build pinned original C oracle	2026-09-20T19:56:04.6643050Z hint: 	git config --global init.defaultBranch <name>
compatibility (macos-15-intel, x86_64)	Build pinned original C oracle	2026-09-20T19:56:04.6666520Z hint:
compatibility (macos-15-intel, x86_64)	Build pinned original C oracle	2026-09-20T19:56:04.6718430Z hint: Names commonly chosen instead of 'master' are 'main', 'trunk' and
compatibility (macos-15-intel, x86_64)	Build pinned original C oracle	2026-09-20T19:56:04.6756800Z hint: 'development'. The just-created branch can be renamed via this command:
compatibility (macos-15-intel, x86_64)	Build pinned original C oracle	2026-09-20T19:56:04.6788390Z hint:
compatibility (macos-15-intel, x86_64)	Build pinned original C oracle	2026-09-20T19:56:04.6797810Z hint: 	git branch -m <name>
compatibility (macos-15-intel, x86_64)	Build pinned original C oracle	2026-09-20T19:56:04.6818270Z hint:
compatibility (macos-15-intel, x86_64)	Build pinned original C oracle	2026-09-20T19:56:04.6823320Z hint: Disable this message with "git config set advice.defaultBranchName false"
compatibility (macos-15-intel, x86_64)	Build pinned original C oracle	2026-09-20T19:56:05.7626750Z From https://github.com/onetrueawk/awk
compatibility (macos-15-intel, x86_64)	Build pinned original C oracle	2026-09-20T19:56:06.0991940Z  * branch            5739fd79bcfc75ba7526773d0cf634521f8aca3c -> FETCH_HEAD
compatibility (macos-15-intel, x86_64)	Build pinned original C oracle	2026-09-20T19:56:06.0993010Z HEAD is now at 5739fd7 updated.
compatibility (macos-15-intel, x86_64)	Build pinned original C oracle	2026-09-20T19:56:07.3849520Z bison -d  awkgram.y
compatibility (macos-15-intel, x86_64)	Build pinned original C oracle	2026-09-20T19:56:08.7059630Z awkgram.y: conflicts: 44 shift/reduce, 85 reduce/reduce
compatibility (macos-15-intel, x86_64)	Build pinned original C oracle	2026-09-20T19:56:08.8247440Z cc -g -Wall -pedantic -Wcast-qual   -O2   -c -o awkgram.tab.o awkgram.tab.c
compatibility (macos-15-intel, x86_64)	Build pinned original C oracle	2026-09-20T19:56:11.7758280Z cc -g -Wall -pedantic -Wcast-qual   -O2   -c -o b.o b.c
compatibility (macos-15-intel, x86_64)	Build pinned original C oracle	2026-09-20T19:56:12.7384690Z cc -g -Wall -pedantic -Wcast-qual   -O2   -c -o main.o main.c
compatibility (macos-15-intel, x86_64)	Build pinned original C oracle	2026-09-20T19:56:12.9619900Z cc -g -Wall -pedantic -Wcast-qual   -O2   -c -o parse.o parse.c
compatibility (macos-15-intel, x86_64)	Build pinned original C oracle	2026-09-20T19:56:13.1819600Z cc -g -Wall -pedantic -Wcast-qual -O2 maketab.c -o maketab
compatibility (macos-15-intel, x86_64)	Build pinned original C oracle	2026-09-20T19:56:14.7104150Z ./maketab awkgram.tab.h >proctab.c
compatibility (macos-15-intel, x86_64)	Build pinned original C oracle	2026-09-20T19:56:14.8186300Z cc -g -Wall -pedantic -Wcast-qual   -O2   -c -o proctab.o proctab.c
compatibility (macos-15-intel, x86_64)	Build pinned original C oracle	2026-09-20T19:56:14.8514460Z cc -g -Wall -pedantic -Wcast-qual   -O2   -c -o tran.o tran.c
compatibility (macos-15-intel, x86_64)	Build pinned original C oracle	2026-09-20T19:56:15.2938130Z cc -g -Wall -pedantic -Wcast-qual   -O2   -c -o lib.o lib.c
compatibility (macos-15-intel, x86_64)	Build pinned original C oracle	2026-09-20T19:56:15.4840070Z lib.c:758:11: warning: a function declaration without a prototype is deprecated in all versions of C [-Wstrict-prototypes]
compatibility (macos-15-intel, x86_64)	Build pinned original C oracle	2026-09-20T19:56:15.4866890Z   758 | void error()
compatibility (macos-15-intel, x86_64)	Build pinned original C oracle	2026-09-20T19:56:15.4928000Z       |           ^
compatibility (macos-15-intel, x86_64)	Build pinned original C oracle	2026-09-20T19:56:15.5012450Z       |            void
compatibility (macos-15-intel, x86_64)	Build pinned original C oracle	2026-09-20T19:56:16.0400490Z 1 warning generated.
compatibility (macos-15-intel, x86_64)	Build pinned original C oracle	2026-09-20T19:56:16.0401370Z cc -g -Wall -pedantic -Wcast-qual   -O2   -c -o run.o run.c
compatibility (macos-15-intel, x86_64)	Build pinned original C oracle	2026-09-20T19:56:16.3420340Z run.c:1981:6: warning: variable 'unused' set but not used [-Wunused-but-set-variable]
compatibility (macos-15-intel, x86_64)	Build pinned original C oracle	2026-09-20T19:56:16.3528230Z  1981 |         int unused;
compatibility (macos-15-intel, x86_64)	Build pinned original C oracle	2026-09-20T19:56:16.3530270Z       |             ^
compatibility (macos-15-intel, x86_64)	Build pinned original C oracle	2026-09-20T19:56:17.4325820Z 1 warning generated.
compatibility (macos-15-intel, x86_64)	Build pinned original C oracle	2026-09-20T19:56:17.4401190Z cc -g -Wall -pedantic -Wcast-qual   -O2   -c -o lex.o lex.c
compatibility (macos-15-intel, x86_64)	Build pinned original C oracle	2026-09-20T19:56:17.9544400Z cc -g -Wall -pedantic -Wcast-qual   -O2 awkgram.tab.o b.o main.o parse.o proctab.o tran.o lib.o run.o lex.o   -lm
compatibility (macos-15-intel, x86_64)	Build pinned original C oracle	2026-09-20T19:56:18.1196900Z awk version 20260426
compatibility (macos-15-intel, x86_64)	Verify and record native Darwin environment	﻿2026-09-20T19:56:18.1393570Z ##[group]Run set -o pipefail
compatibility (macos-15-intel, x86_64)	Verify and record native Darwin environment	2026-09-20T19:56:18.1395120Z [36;1mset -o pipefail[0m
compatibility (macos-15-intel, x86_64)	Verify and record native Darwin environment	2026-09-20T19:56:18.1396730Z [36;1mbash scripts/darwin_native_environment.sh "x86_64" 2>&1 | tee diary/darwin-environment-ci.log[0m
compatibility (macos-15-intel, x86_64)	Verify and record native Darwin environment	2026-09-20T19:56:18.1399280Z [36;1mpython3 scripts/format_platform_probe.py --output diary/format-platform-ci.json[0m
compatibility (macos-15-intel, x86_64)	Verify and record native Darwin environment	2026-09-20T19:56:18.1509230Z shell: /bin/bash -e {0}
compatibility (macos-15-intel, x86_64)	Verify and record native Darwin environment	2026-09-20T19:56:18.1510130Z env:
compatibility (macos-15-intel, x86_64)	Verify and record native Darwin environment	2026-09-20T19:56:18.1510760Z   LC_ALL: C
compatibility (macos-15-intel, x86_64)	Verify and record native Darwin environment	2026-09-20T19:56:18.1511350Z   CARGO_INCREMENTAL: 0
compatibility (macos-15-intel, x86_64)	Verify and record native Darwin environment	2026-09-20T19:56:18.1512170Z   RUSTUP_TOOLCHAIN: 1.96.0
compatibility (macos-15-intel, x86_64)	Verify and record native Darwin environment	2026-09-20T19:56:18.1512910Z ##[endgroup]
compatibility (macos-15-intel, x86_64)	Verify and record native Darwin environment	2026-09-20T19:56:18.2238940Z Darwin sat12-jr311-266a4e52-3d3c-42b4-82b3-98bc1d32092e-6E7E8BC27C25.local 24.6.0 Darwin Kernel Version 24.6.0: Tue Jul 21 20:50:07 PDT 2026; root:xnu-11417.140.69.711.44~1/RELEASE_X86_64 x86_64
compatibility (macos-15-intel, x86_64)	Verify and record native Darwin environment	2026-09-20T19:56:18.2505130Z i386ProductName:		macOS
compatibility (macos-15-intel, x86_64)	Verify and record native Darwin environment	2026-09-20T19:56:18.2506760Z ProductVersion:		15.7.9
compatibility (macos-15-intel, x86_64)	Verify and record native Darwin environment	2026-09-20T19:56:18.2508400Z BuildVersion:		24G830
compatibility (macos-15-intel, x86_64)	Verify and record native Darwin environment	2026-09-20T19:56:18.2512330Z sysctl.proc_translated=unavailable (native)
compatibility (macos-15-intel, x86_64)	Verify and record native Darwin environment	2026-09-20T19:56:18.2550490Z machdep.cpu.brand_string: Intel(R) Core(TM) i7-8700B CPU @ 3.20GHz
compatibility (macos-15-intel, x86_64)	Verify and record native Darwin environment	2026-09-20T19:56:18.2553730Z ImageOS=macos15 ImageVersion=20260824.0482.1
compatibility (macos-15-intel, x86_64)	Verify and record native Darwin environment	2026-09-20T19:56:18.3048490Z rustc 1.96.0 (ac68faa20 2026-05-25)
compatibility (macos-15-intel, x86_64)	Verify and record native Darwin environment	2026-09-20T19:56:18.3049950Z binary: rustc
compatibility (macos-15-intel, x86_64)	Verify and record native Darwin environment	2026-09-20T19:56:18.3050790Z commit-hash: ac68faa20c58cbccd01ee7208bf3b6e93a7d7f96
compatibility (macos-15-intel, x86_64)	Verify and record native Darwin environment	2026-09-20T19:56:18.3051650Z commit-date: 2026-05-25
compatibility (macos-15-intel, x86_64)	Verify and record native Darwin environment	2026-09-20T19:56:18.3052210Z host: x86_64-apple-darwin
compatibility (macos-15-intel, x86_64)	Verify and record native Darwin environment	2026-09-20T19:56:18.3053040Z release: 1.96.0
compatibility (macos-15-intel, x86_64)	Verify and record native Darwin environment	2026-09-20T19:56:18.3071240Z LLVM version: 22.1.2
compatibility (macos-15-intel, x86_64)	Verify and record native Darwin environment	2026-09-20T19:56:18.4092550Z cargo 1.96.0 (30a34c682 2026-05-25)
compatibility (macos-15-intel, x86_64)	Verify and record native Darwin environment	2026-09-20T19:56:18.4410220Z Apple clang version 17.0.0 (clang-1700.0.13.5)
compatibility (macos-15-intel, x86_64)	Verify and record native Darwin environment	2026-09-20T19:56:18.4411090Z Target: x86_64-apple-darwin24.6.0
compatibility (macos-15-intel, x86_64)	Verify and record native Darwin environment	2026-09-20T19:56:18.4411720Z Thread model: posix
compatibility (macos-15-intel, x86_64)	Verify and record native Darwin environment	2026-09-20T19:56:18.4412910Z InstalledDir: /Applications/Xcode_16.4.app/Contents/Developer/Toolchains/XcodeDefault.xctoolchain/usr/bin
compatibility (macos-15-intel, x86_64)	Verify and record native Darwin environment	2026-09-20T19:56:18.4939100Z Python 3.14.7
compatibility (macos-15-intel, x86_64)	Verify and record native Darwin environment	2026-09-20T19:56:18.5081500Z fa_IR
compatibility (macos-15-intel, x86_64)	Verify and record native Darwin environment	2026-09-20T19:56:18.5087000Z ca_AD.UTF-8
compatibility (macos-15-intel, x86_64)	Verify and record native Darwin environment	2026-09-20T19:56:18.5094650Z en_NZ
compatibility (macos-15-intel, x86_64)	Verify and record native Darwin environment	2026-09-20T19:56:18.5105590Z en_SG.ISO8859-1
compatibility (macos-15-intel, x86_64)	Verify and record native Darwin environment	2026-09-20T19:56:18.5119830Z nl_NL.UTF-8
compatibility (macos-15-intel, x86_64)	Verify and record native Darwin environment	2026-09-20T19:56:18.5127400Z lv_LV.UTF-8
compatibility (macos-15-intel, x86_64)	Verify and record native Darwin environment	2026-09-20T19:56:18.5135510Z pt_BR.UTF-8
compatibility (macos-15-intel, x86_64)	Verify and record native Darwin environment	2026-09-20T19:56:18.5140860Z ca_FR.ISO8859-15
compatibility (macos-15-intel, x86_64)	Verify and record native Darwin environment	2026-09-20T19:56:18.5148790Z fr_CH.ISO8859-15
compatibility (macos-15-intel, x86_64)	Verify and record native Darwin environment	2026-09-20T19:56:18.5154340Z eu_ES.ISO8859-15
compatibility (macos-15-intel, x86_64)	Verify and record native Darwin environment	2026-09-20T19:56:18.5155630Z en_US.US-ASCII
compatibility (macos-15-intel, x86_64)	Verify and record native Darwin environment	2026-09-20T19:56:18.5156770Z af_ZA
compatibility (macos-15-intel, x86_64)	Verify and record native Darwin environment	2026-09-20T19:56:18.5162820Z bg_BG
compatibility (macos-15-intel, x86_64)	Verify and record native Darwin environment	2026-09-20T19:56:18.5190990Z en_IE.ISO8859-1
compatibility (macos-15-intel, x86_64)	Verify and record native Darwin environment	2026-09-20T19:56:18.5193700Z en_HK
compatibility (macos-15-intel, x86_64)	Verify and record native Darwin environment	2026-09-20T19:56:18.5195910Z es_MX.UTF-8
compatibility (macos-15-intel, x86_64)	Verify and record native Darwin environment	2026-09-20T19:56:18.5196800Z cs_CZ.UTF-8
compatibility (macos-15-intel, x86_64)	Verify and record native Darwin environment	2026-09-20T19:56:18.5197730Z fi_FI
compatibility (macos-15-intel, x86_64)	Verify and record native Darwin environment	2026-09-20T19:56:18.5203300Z zh_CN.UTF-8
compatibility (macos-15-intel, x86_64)	Verify and record native Darwin environment	2026-09-20T19:56:18.5209700Z eu_ES
compatibility (macos-15-intel, x86_64)	Verify and record native Darwin environment	2026-09-20T19:56:18.5215670Z sk_SK.ISO8859-2
compatibility (macos-15-intel, x86_64)	Verify and record native Darwin environment	2026-09-20T19:56:18.5223200Z nl_BE
compatibility (macos-15-intel, x86_64)	Verify and record native Darwin environment	2026-09-20T19:56:18.5227920Z fr_BE
compatibility (macos-15-intel, x86_64)	Verify and record native Darwin environment	2026-09-20T19:56:18.5233690Z sv_FI.UTF-8
compatibility (macos-15-intel, x86_64)	Verify and record native Darwin environment	2026-09-20T19:56:18.5234490Z sk_SK
compatibility (macos-15-intel, x86_64)	Verify and record native Darwin environment	2026-09-20T19:56:18.5239280Z se_NO.UTF-8
compatibility (macos-15-intel, x86_64)	Verify and record native Darwin environment	2026-09-20T19:56:18.5240420Z en_US.UTF-8
compatibility (macos-15-intel, x86_64)	Verify and record native Darwin environment	2026-09-20T19:56:18.5245850Z nb_NO.ISO8859-15
compatibility (macos-15-intel, x86_64)	Verify and record native Darwin environment	2026-09-20T19:56:18.5247810Z en_NZ.ISO8859-1
compatibility (macos-15-intel, x86_64)	Verify and record native Darwin environment	2026-09-20T19:56:18.5258630Z de_CH
compatibility (macos-15-intel, x86_64)	Verify and record native Darwin environment	2026-09-20T19:56:18.5263630Z sk_SK.UTF-8
compatibility (macos-15-intel, x86_64)	Verify and record native Darwin environment	2026-09-20T19:56:18.5269700Z de_DE.UTF-8
compatibility (macos-15-intel, x86_64)	Verify and record native Darwin environment	2026-09-20T19:56:18.5276660Z am_ET.UTF-8
compatibility (macos-15-intel, x86_64)	Verify and record native Darwin environment	2026-09-20T19:56:18.5283910Z zh_HK
compatibility (macos-15-intel, x86_64)	Verify and record native Darwin environment	2026-09-20T19:56:18.5292110Z be_BY.UTF-8
compatibility (macos-15-intel, x86_64)	Verify and record native Darwin environment	2026-09-20T19:56:18.5297110Z uk_UA
compatibility (macos-15-intel, x86_64)	Verify and record native Darwin environment	2026-09-20T19:56:18.5303150Z pt_PT.ISO8859-1
compatibility (macos-15-intel, x86_64)	Verify and record native Darwin environment	2026-09-20T19:56:18.5309560Z en_AU.US-ASCII
compatibility (macos-15-intel, x86_64)	Verify and record native Darwin environment	2026-09-20T19:56:18.5316490Z kk_KZ.PT154
compatibility (macos-15-intel, x86_64)	Verify and record native Darwin environment	2026-09-20T19:56:18.5323010Z en_US
compatibility (macos-15-intel, x86_64)	Verify and record native Darwin environment	2026-09-20T19:56:18.5328670Z en_ZA.UTF-8
compatibility (macos-15-intel, x86_64)	Verify and record native Darwin environment	2026-09-20T19:56:18.5342780Z ca_IT
compatibility (macos-15-intel, x86_64)	Verify and record native Darwin environment	2026-09-20T19:56:18.5346070Z nl_BE.ISO8859-15
compatibility (macos-15-intel, x86_64)	Verify and record native Darwin environment	2026-09-20T19:56:18.5346670Z fa_IR.UTF-8
compatibility (macos-15-intel, x86_64)	Verify and record native Darwin environment	2026-09-20T19:56:18.5353510Z de_AT.ISO8859-1
compatibility (macos-15-intel, x86_64)	Verify and record native Darwin environment	2026-09-20T19:56:18.5360180Z hr_HR.ISO8859-2
compatibility (macos-15-intel, x86_64)	Verify and record native Darwin environment	2026-09-20T19:56:18.5367020Z fr_FR.ISO8859-1
compatibility (macos-15-intel, x86_64)	Verify and record native Darwin environment	2026-09-20T19:56:18.5375230Z af_ZA.UTF-8
compatibility (macos-15-intel, x86_64)	Verify and record native Darwin environment	2026-09-20T19:56:18.5375770Z am_ET
compatibility (macos-15-intel, x86_64)	Verify and record native Darwin environment	2026-09-20T19:56:18.5382220Z sv_FI.ISO8859-1
compatibility (macos-15-intel, x86_64)	Verify and record native Darwin environment	2026-09-20T19:56:18.5386390Z fi_FI.ISO8859-1
compatibility (macos-15-intel, x86_64)	Verify and record native Darwin environment	2026-09-20T19:56:18.5389860Z ro_RO.UTF-8
compatibility (macos-15-intel, x86_64)	Verify and record native Darwin environment	2026-09-20T19:56:18.5396840Z ar_AE
compatibility (macos-15-intel, x86_64)	Verify and record native Darwin environment	2026-09-20T19:56:18.5397760Z af_ZA.ISO8859-15
compatibility (macos-15-intel, x86_64)	Verify and record native Darwin environment	2026-09-20T19:56:18.5406680Z en_NZ.UTF-8
compatibility (macos-15-intel, x86_64)	Verify and record native Darwin environment	2026-09-20T19:56:18.5412920Z fi_FI.UTF-8
compatibility (macos-15-intel, x86_64)	Verify and record native Darwin environment	2026-09-20T19:56:18.5417980Z hi_IN.UTF-8
compatibility (macos-15-intel, x86_64)	Verify and record native Darwin environment	2026-09-20T19:56:18.5418840Z C.UTF-8
compatibility (macos-15-intel, x86_64)	Verify and record native Darwin environment	2026-09-20T19:56:18.5425720Z hr_HR.UTF-8
compatibility (macos-15-intel, x86_64)	Verify and record native Darwin environment	2026-09-20T19:56:18.5432450Z da_DK.UTF-8
compatibility (macos-15-intel, x86_64)	Verify and record native Darwin environment	2026-09-20T19:56:18.5439250Z ca_ES.ISO8859-1
compatibility (macos-15-intel, x86_64)	Verify and record native Darwin environment	2026-09-20T19:56:18.5448080Z en_AU.ISO8859-15
compatibility (macos-15-intel, x86_64)	Verify and record native Darwin environment	2026-09-20T19:56:18.5453260Z ro_RO.ISO8859-2
compatibility (macos-15-intel, x86_64)	Verify and record native Darwin environment	2026-09-20T19:56:18.5454710Z de_AT.UTF-8
compatibility (macos-15-intel, x86_64)	Verify and record native Darwin environment	2026-09-20T19:56:18.5455490Z pt_PT.ISO8859-15
compatibility (macos-15-intel, x86_64)	Verify and record native Darwin environment	2026-09-20T19:56:18.5465210Z sv_SE
compatibility (macos-15-intel, x86_64)	Verify and record native Darwin environment	2026-09-20T19:56:18.5470240Z fr_CA.ISO8859-1
compatibility (macos-15-intel, x86_64)	Verify and record native Darwin environment	2026-09-20T19:56:18.5478180Z fr_BE.ISO8859-1
compatibility (macos-15-intel, x86_64)	Verify and record native Darwin environment	2026-09-20T19:56:18.5480120Z en_US.ISO8859-15
compatibility (macos-15-intel, x86_64)	Verify and record native Darwin environment	2026-09-20T19:56:18.5488850Z it_CH.ISO8859-1
compatibility (macos-15-intel, x86_64)	Verify and record native Darwin environment	2026-09-20T19:56:18.5494190Z en_NZ.ISO8859-15
compatibility (macos-15-intel, x86_64)	Verify and record native Darwin environment	2026-09-20T19:56:18.5495590Z en_AU.UTF-8
compatibility (macos-15-intel, x86_64)	Verify and record native Darwin environment	2026-09-20T19:56:18.5503120Z ar_MA
compatibility (macos-15-intel, x86_64)	Verify and record native Darwin environment	2026-09-20T19:56:18.5504810Z lv_LV.ISO8859-13
compatibility (macos-15-intel, x86_64)	Verify and record native Darwin environment	2026-09-20T19:56:18.5510110Z de_AT.ISO8859-15
compatibility (macos-15-intel, x86_64)	Verify and record native Darwin environment	2026-09-20T19:56:18.5510740Z af_ZA.ISO8859-1
compatibility (macos-15-intel, x86_64)	Verify and record native Darwin environment	2026-09-20T19:56:18.5524590Z hu_HU.UTF-8
compatibility (macos-15-intel, x86_64)	Verify and record native Darwin environment	2026-09-20T19:56:18.5531630Z ca_AD.ISO8859-1
compatibility (macos-15-intel, x86_64)	Verify and record native Darwin environment	2026-09-20T19:56:18.5538880Z et_EE.UTF-8
compatibility (macos-15-intel, x86_64)	Verify and record native Darwin environment	2026-09-20T19:56:18.5550160Z es_AR.ISO8859-1
compatibility (macos-15-intel, x86_64)	Verify and record native Darwin environment	2026-09-20T19:56:18.5562400Z he_IL.UTF-8
compatibility (macos-15-intel, x86_64)	Verify and record native Darwin environment	2026-09-20T19:56:18.5568710Z uk_UA.KOI8-U
compatibility (macos-15-intel, x86_64)	Verify and record native Darwin environment	2026-09-20T19:56:18.5570570Z uk_UA.CP1251
compatibility (macos-15-intel, x86_64)	Verify and record native Darwin environment	2026-09-20T19:56:18.5581320Z be_BY
compatibility (macos-15-intel, x86_64)	Verify and record native Darwin environment	2026-09-20T19:56:18.5583040Z kk_KZ
compatibility (macos-15-intel, x86_64)	Verify and record native Darwin environment	2026-09-20T19:56:18.5586610Z hu_HU.ISO8859-2
compatibility (macos-15-intel, x86_64)	Verify and record native Darwin environment	2026-09-20T19:56:18.5587170Z it_CH
compatibility (macos-15-intel, x86_64)	Verify and record native Darwin environment	2026-09-20T19:56:18.5588430Z pt_BR
compatibility (macos-15-intel, x86_64)	Verify and record native Darwin environment	2026-09-20T19:56:18.5594660Z ko_KR
compatibility (macos-15-intel, x86_64)	Verify and record native Darwin environment	2026-09-20T19:56:18.5604570Z it_IT
compatibility (macos-15-intel, x86_64)	Verify and record native Darwin environment	2026-09-20T19:56:18.5611880Z fr_BE.UTF-8
compatibility (macos-15-intel, x86_64)	Verify and record native Darwin environment	2026-09-20T19:56:18.5619360Z ru_RU.ISO8859-5
compatibility (macos-15-intel, x86_64)	Verify and record native Darwin environment	2026-09-20T19:56:18.5625520Z et_EE.ISO8859-1
compatibility (macos-15-intel, x86_64)	Verify and record native Darwin environment	2026-09-20T19:56:18.5630470Z se_FI.UTF-8
compatibility (macos-15-intel, x86_64)	Verify and record native Darwin environment	2026-09-20T19:56:18.5640570Z zh_TW
compatibility (macos-15-intel, x86_64)	Verify and record native Darwin environment	2026-09-20T19:56:18.5643180Z es_CR
compatibility (macos-15-intel, x86_64)	Verify and record native Darwin environment	2026-09-20T19:56:18.5649400Z sr_RS
compatibility (macos-15-intel, x86_64)	Verify and record native Darwin environment	2026-09-20T19:56:18.5656250Z nb_NO
compatibility (macos-15-intel, x86_64)	Verify and record native Darwin environment	2026-09-20T19:56:18.5667790Z zh_CN.GB2312
compatibility (macos-15-intel, x86_64)	Verify and record native Darwin environment	2026-09-20T19:56:18.5674250Z no_NO.ISO8859-15
compatibility (macos-15-intel, x86_64)	Verify and record native Darwin environment	2026-09-20T19:56:18.5681140Z ar_JO
compatibility (macos-15-intel, x86_64)	Verify and record native Darwin environment	2026-09-20T19:56:18.5683730Z sv_FI.ISO8859-15
compatibility (macos-15-intel, x86_64)	Verify and record native Darwin environment	2026-09-20T19:56:18.5685950Z ca_AD
compatibility (macos-15-intel, x86_64)	Verify and record native Darwin environment	2026-09-20T19:56:18.5687920Z de_DE.ISO8859-15
compatibility (macos-15-intel, x86_64)	Verify and record native Darwin environment	2026-09-20T19:56:18.5689860Z en_IN.UTF-8
compatibility (macos-15-intel, x86_64)	Verify and record native Darwin environment	2026-09-20T19:56:18.5695840Z en_CA
compatibility (macos-15-intel, x86_64)	Verify and record native Darwin environment	2026-09-20T19:56:18.5697770Z fr_CH.UTF-8
compatibility (macos-15-intel, x86_64)	Verify and record native Darwin environment	2026-09-20T19:56:18.5702950Z sl_SI.UTF-8
compatibility (macos-15-intel, x86_64)	Verify and record native Darwin environment	2026-09-20T19:56:18.5706140Z uk_UA.ISO8859-5
compatibility (macos-15-intel, x86_64)	Verify and record native Darwin environment	2026-09-20T19:56:18.5707640Z pt_PT
compatibility (macos-15-intel, x86_64)	Verify and record native Darwin environment	2026-09-20T19:56:18.5708140Z hr_HR
compatibility (macos-15-intel, x86_64)	Verify and record native Darwin environment	2026-09-20T19:56:18.5712180Z cs_CZ
compatibility (macos-15-intel, x86_64)	Verify and record native Darwin environment	2026-09-20T19:56:18.5713180Z ca_FR.UTF-8
compatibility (macos-15-intel, x86_64)	Verify and record native Darwin environment	2026-09-20T19:56:18.5719150Z fr_CH
compatibility (macos-15-intel, x86_64)	Verify and record native Darwin environment	2026-09-20T19:56:18.5720370Z he_IL
compatibility (macos-15-intel, x86_64)	Verify and record native Darwin environment	2026-09-20T19:56:18.5720890Z en_HK.ISO8859-1
compatibility (macos-15-intel, x86_64)	Verify and record native Darwin environment	2026-09-20T19:56:18.5725570Z zh_CN.GBK
compatibility (macos-15-intel, x86_64)	Verify and record native Darwin environment	2026-09-20T19:56:18.5733660Z zh_CN.GB18030
compatibility (macos-15-intel, x86_64)	Verify and record native Darwin environment	2026-09-20T19:56:18.5736550Z fr_CA
compatibility (macos-15-intel, x86_64)	Verify and record native Darwin environment	2026-09-20T19:56:18.5737100Z en_IE.ISO8859-15
compatibility (macos-15-intel, x86_64)	Verify and record native Darwin environment	2026-09-20T19:56:18.5741610Z pl_PL.UTF-8
compatibility (macos-15-intel, x86_64)	Verify and record native Darwin environment	2026-09-20T19:56:18.5749780Z ja_JP.SJIS
compatibility (macos-15-intel, x86_64)	Verify and record native Darwin environment	2026-09-20T19:56:18.5752180Z hi_IN
compatibility (macos-15-intel, x86_64)	Verify and record native Darwin environment	2026-09-20T19:56:18.5756460Z sr_YU.ISO8859-5
compatibility (macos-15-intel, x86_64)	Verify and record native Darwin environment	2026-09-20T19:56:18.5758650Z be_BY.CP1251
compatibility (macos-15-intel, x86_64)	Verify and record native Darwin environment	2026-09-20T19:56:18.5759230Z sr_YU.ISO8859-2
compatibility (macos-15-intel, x86_64)	Verify and record native Darwin environment	2026-09-20T19:56:18.5763540Z sv_SE.UTF-8
compatibility (macos-15-intel, x86_64)	Verify and record native Darwin environment	2026-09-20T19:56:18.5764460Z se_NO
compatibility (macos-15-intel, x86_64)	Verify and record native Darwin environment	2026-09-20T19:56:18.5769190Z sr_YU.UTF-8
compatibility (macos-15-intel, x86_64)	Verify and record native Darwin environment	2026-09-20T19:56:18.5775290Z de_CH.UTF-8
compatibility (macos-15-intel, x86_64)	Verify and record native Darwin environment	2026-09-20T19:56:18.5775850Z sl_SI
compatibility (macos-15-intel, x86_64)	Verify and record native Darwin environment	2026-09-20T19:56:18.5783160Z ar_QA
compatibility (macos-15-intel, x86_64)	Verify and record native Darwin environment	2026-09-20T19:56:18.5787190Z en_IN
compatibility (macos-15-intel, x86_64)	Verify and record native Darwin environment	2026-09-20T19:56:18.5789330Z pt_PT.UTF-8
compatibility (macos-15-intel, x86_64)	Verify and record native Darwin environment	2026-09-20T19:56:18.5790100Z ro_RO
compatibility (macos-15-intel, x86_64)	Verify and record native Darwin environment	2026-09-20T19:56:18.5790850Z en_NZ.US-ASCII
compatibility (macos-15-intel, x86_64)	Verify and record native Darwin environment	2026-09-20T19:56:18.5793450Z ja_JP
compatibility (macos-15-intel, x86_64)	Verify and record native Darwin environment	2026-09-20T19:56:18.5794910Z zh_CN
compatibility (macos-15-intel, x86_64)	Verify and record native Darwin environment	2026-09-20T19:56:18.5795630Z fr_CH.ISO8859-1
compatibility (macos-15-intel, x86_64)	Verify and record native Darwin environment	2026-09-20T19:56:18.5800570Z ko_KR.eucKR
compatibility (macos-15-intel, x86_64)	Verify and record native Darwin environment	2026-09-20T19:56:18.5808000Z nn_NO.ISO8859-1
compatibility (macos-15-intel, x86_64)	Verify and record native Darwin environment	2026-09-20T19:56:18.5809730Z be_BY.ISO8859-5
compatibility (macos-15-intel, x86_64)	Verify and record native Darwin environment	2026-09-20T19:56:18.5814150Z nl_NL.ISO8859-15
compatibility (macos-15-intel, x86_64)	Verify and record native Darwin environment	2026-09-20T19:56:18.5819490Z en_GB.ISO8859-1
compatibility (macos-15-intel, x86_64)	Verify and record native Darwin environment	2026-09-20T19:56:18.5825100Z en_CA.US-ASCII
compatibility (macos-15-intel, x86_64)	Verify and record native Darwin environment	2026-09-20T19:56:18.5827220Z nb_NO.UTF-8
compatibility (macos-15-intel, x86_64)	Verify and record native Darwin environment	2026-09-20T19:56:18.5827910Z ca_FR.ISO8859-1
compatibility (macos-15-intel, x86_64)	Verify and record native Darwin environment	2026-09-20T19:56:18.5834470Z is_IS.ISO8859-1
compatibility (macos-15-intel, x86_64)	Verify and record native Darwin environment	2026-09-20T19:56:18.5839340Z ru_RU.CP866
compatibility (macos-15-intel, x86_64)	Verify and record native Darwin environment	2026-09-20T19:56:18.5841190Z nl_NL
compatibility (macos-15-intel, x86_64)	Verify and record native Darwin environment	2026-09-20T19:56:18.5843650Z ca_IT.ISO8859-15
compatibility (macos-15-intel, x86_64)	Verify and record native Darwin environment	2026-09-20T19:56:18.5846170Z se_FI
compatibility (macos-15-intel, x86_64)	Verify and record native Darwin environment	2026-09-20T19:56:18.5847910Z fr_CA.ISO8859-15
compatibility (macos-15-intel, x86_64)	Verify and record native Darwin environment	2026-09-20T19:56:18.5848600Z sv_SE.ISO8859-15
compatibility (macos-15-intel, x86_64)	Verify and record native Darwin environment	2026-09-20T19:56:18.5853430Z hy_AM
compatibility (macos-15-intel, x86_64)	Verify and record native Darwin environment	2026-09-20T19:56:18.5856560Z es_MX.ISO8859-1
compatibility (macos-15-intel, x86_64)	Verify and record native Darwin environment	2026-09-20T19:56:18.5857070Z ar_JO.UTF-8
compatibility (macos-15-intel, x86_64)	Verify and record native Darwin environment	2026-09-20T19:56:18.5857690Z en_CA.ISO8859-15
compatibility (macos-15-intel, x86_64)	Verify and record native Darwin environment	2026-09-20T19:56:18.5858480Z en_US.ISO8859-1
compatibility (macos-15-intel, x86_64)	Verify and record native Darwin environment	2026-09-20T19:56:18.5860550Z zh_TW.Big5
compatibility (macos-15-intel, x86_64)	Verify and record native Darwin environment	2026-09-20T19:56:18.5863190Z ca_ES.UTF-8
compatibility (macos-15-intel, x86_64)	Verify and record native Darwin environment	2026-09-20T19:56:18.5865260Z ru_RU.CP1251
compatibility (macos-15-intel, x86_64)	Verify and record native Darwin environment	2026-09-20T19:56:18.5869260Z en_GB.UTF-8
compatibility (macos-15-intel, x86_64)	Verify and record native Darwin environment	2026-09-20T19:56:18.5870080Z ar_AE.UTF-8
compatibility (macos-15-intel, x86_64)	Verify and record native Darwin environment	2026-09-20T19:56:18.5876920Z sr_RS.ISO8859-5
compatibility (macos-15-intel, x86_64)	Verify and record native Darwin environment	2026-09-20T19:56:18.5878410Z en_GB.US-ASCII
compatibility (macos-15-intel, x86_64)	Verify and record native Darwin environment	2026-09-20T19:56:18.5883080Z ru_RU.UTF-8
compatibility (macos-15-intel, x86_64)	Verify and record native Darwin environment	2026-09-20T19:56:18.5885510Z sr_RS.UTF-8
compatibility (macos-15-intel, x86_64)	Verify and record native Darwin environment	2026-09-20T19:56:18.5887380Z eu_ES.UTF-8
compatibility (macos-15-intel, x86_64)	Verify and record native Darwin environment	2026-09-20T19:56:18.5890500Z es_ES.ISO8859-1
compatibility (macos-15-intel, x86_64)	Verify and record native Darwin environment	2026-09-20T19:56:18.5892110Z hu_HU
compatibility (macos-15-intel, x86_64)	Verify and record native Darwin environment	2026-09-20T19:56:18.5896140Z el_GR.ISO8859-7
compatibility (macos-15-intel, x86_64)	Verify and record native Darwin environment	2026-09-20T19:56:18.5899110Z en_AU
compatibility (macos-15-intel, x86_64)	Verify and record native Darwin environment	2026-09-20T19:56:18.5899560Z ar_SA
compatibility (macos-15-intel, x86_64)	Verify and record native Darwin environment	2026-09-20T19:56:18.5901770Z it_CH.UTF-8
compatibility (macos-15-intel, x86_64)	Verify and record native Darwin environment	2026-09-20T19:56:18.5902290Z en_GB
compatibility (macos-15-intel, x86_64)	Verify and record native Darwin environment	2026-09-20T19:56:18.5903560Z sl_SI.ISO8859-2
compatibility (macos-15-intel, x86_64)	Verify and record native Darwin environment	2026-09-20T19:56:18.5904260Z ru_RU.KOI8-R
compatibility (macos-15-intel, x86_64)	Verify and record native Darwin environment	2026-09-20T19:56:18.5906490Z ga_IE.UTF-8
compatibility (macos-15-intel, x86_64)	Verify and record native Darwin environment	2026-09-20T19:56:18.5907130Z ga_IE
compatibility (macos-15-intel, x86_64)	Verify and record native Darwin environment	2026-09-20T19:56:18.5908600Z nl_BE.UTF-8
compatibility (macos-15-intel, x86_64)	Verify and record native Darwin environment	2026-09-20T19:56:18.5909720Z et_EE
compatibility (macos-15-intel, x86_64)	Verify and record native Darwin environment	2026-09-20T19:56:18.5910330Z fr_FR.ISO8859-15
compatibility (macos-15-intel, x86_64)	Verify and record native Darwin environment	2026-09-20T19:56:18.5911020Z cs_CZ.ISO8859-2
compatibility (macos-15-intel, x86_64)	Verify and record native Darwin environment	2026-09-20T19:56:18.5917020Z es_MX
compatibility (macos-15-intel, x86_64)	Verify and record native Darwin environment	2026-09-20T19:56:18.5925430Z lt_LT.UTF-8
compatibility (macos-15-intel, x86_64)	Verify and record native Darwin environment	2026-09-20T19:56:18.5926080Z en_ZA
compatibility (macos-15-intel, x86_64)	Verify and record native Darwin environment	2026-09-20T19:56:18.5930080Z pl_PL.ISO8859-2
compatibility (macos-15-intel, x86_64)	Verify and record native Darwin environment	2026-09-20T19:56:18.5930750Z fr_BE.ISO8859-15
compatibility (macos-15-intel, x86_64)	Verify and record native Darwin environment	2026-09-20T19:56:18.5937460Z is_IS.UTF-8
compatibility (macos-15-intel, x86_64)	Verify and record native Darwin environment	2026-09-20T19:56:18.5943650Z tr_TR.ISO8859-9
compatibility (macos-15-intel, x86_64)	Verify and record native Darwin environment	2026-09-20T19:56:18.5950010Z da_DK.ISO8859-1
compatibility (macos-15-intel, x86_64)	Verify and record native Darwin environment	2026-09-20T19:56:18.5955990Z en_HK.UTF-8
compatibility (macos-15-intel, x86_64)	Verify and record native Darwin environment	2026-09-20T19:56:18.5957440Z en_ZA.ISO8859-1
compatibility (macos-15-intel, x86_64)	Verify and record native Darwin environment	2026-09-20T19:56:18.5961760Z lt_LT.ISO8859-4
compatibility (macos-15-intel, x86_64)	Verify and record native Darwin environment	2026-09-20T19:56:18.5962500Z lt_LT.ISO8859-13
compatibility (macos-15-intel, x86_64)	Verify and record native Darwin environment	2026-09-20T19:56:18.5963130Z en_SG
compatibility (macos-15-intel, x86_64)	Verify and record native Darwin environment	2026-09-20T19:56:18.5970190Z zh_TW.UTF-8
compatibility (macos-15-intel, x86_64)	Verify and record native Darwin environment	2026-09-20T19:56:18.5971870Z bg_BG.CP1251
compatibility (macos-15-intel, x86_64)	Verify and record native Darwin environment	2026-09-20T19:56:18.5976420Z el_GR.UTF-8
compatibility (macos-15-intel, x86_64)	Verify and record native Darwin environment	2026-09-20T19:56:18.5977210Z en_PH
compatibility (macos-15-intel, x86_64)	Verify and record native Darwin environment	2026-09-20T19:56:18.5977770Z be_BY.CP1131
compatibility (macos-15-intel, x86_64)	Verify and record native Darwin environment	2026-09-20T19:56:18.5978960Z ar_MA.UTF-8
compatibility (macos-15-intel, x86_64)	Verify and record native Darwin environment	2026-09-20T19:56:18.5979550Z da_DK.ISO8859-15
compatibility (macos-15-intel, x86_64)	Verify and record native Darwin environment	2026-09-20T19:56:18.5982690Z is_IS.ISO8859-15
compatibility (macos-15-intel, x86_64)	Verify and record native Darwin environment	2026-09-20T19:56:18.5983400Z no_NO.ISO8859-1
compatibility (macos-15-intel, x86_64)	Verify and record native Darwin environment	2026-09-20T19:56:18.5984320Z nl_NL.ISO8859-1
compatibility (macos-15-intel, x86_64)	Verify and record native Darwin environment	2026-09-20T19:56:18.5985510Z nl_BE.ISO8859-1
compatibility (macos-15-intel, x86_64)	Verify and record native Darwin environment	2026-09-20T19:56:18.5986480Z sv_SE.ISO8859-1
compatibility (macos-15-intel, x86_64)	Verify and record native Darwin environment	2026-09-20T19:56:18.5987090Z lv_LV
compatibility (macos-15-intel, x86_64)	Verify and record native Darwin environment	2026-09-20T19:56:18.5988180Z pt_BR.ISO8859-1
compatibility (macos-15-intel, x86_64)	Verify and record native Darwin environment	2026-09-20T19:56:18.5989720Z es_AR
compatibility (macos-15-intel, x86_64)	Verify and record native Darwin environment	2026-09-20T19:56:18.5998060Z zh_CN.eucCN
compatibility (macos-15-intel, x86_64)	Verify and record native Darwin environment	2026-09-20T19:56:18.5998710Z it_IT.UTF-8
compatibility (macos-15-intel, x86_64)	Verify and record native Darwin environment	2026-09-20T19:56:18.5999510Z en_CA.UTF-8
compatibility (macos-15-intel, x86_64)	Verify and record native Darwin environment	2026-09-20T19:56:18.6006310Z uk_UA.UTF-8
compatibility (macos-15-intel, x86_64)	Verify and record native Darwin environment	2026-09-20T19:56:18.6006860Z nn_NO.ISO8859-15
compatibility (macos-15-intel, x86_64)	Verify and record native Darwin environment	2026-09-20T19:56:18.6007460Z de_CH.ISO8859-15
compatibility (macos-15-intel, x86_64)	Verify and record native Darwin environment	2026-09-20T19:56:18.6008000Z ca_FR
compatibility (macos-15-intel, x86_64)	Verify and record native Darwin environment	2026-09-20T19:56:18.6008580Z de_DE.ISO8859-1
compatibility (macos-15-intel, x86_64)	Verify and record native Darwin environment	2026-09-20T19:56:18.6009930Z ca_ES
compatibility (macos-15-intel, x86_64)	Verify and record native Darwin environment	2026-09-20T19:56:18.6010380Z sr_YU
compatibility (macos-15-intel, x86_64)	Verify and record native Darwin environment	2026-09-20T19:56:18.6010860Z hy_AM.ARMSCII-8
compatibility (macos-15-intel, x86_64)	Verify and record native Darwin environment	2026-09-20T19:56:18.6011260Z ru_RU
compatibility (macos-15-intel, x86_64)	Verify and record native Darwin environment	2026-09-20T19:56:18.6011660Z zh_HK.UTF-8
compatibility (macos-15-intel, x86_64)	Verify and record native Darwin environment	2026-09-20T19:56:18.6012210Z eu_ES.ISO8859-1
compatibility (macos-15-intel, x86_64)	Verify and record native Darwin environment	2026-09-20T19:56:18.6019330Z is_IS
compatibility (macos-15-intel, x86_64)	Verify and record native Darwin environment	2026-09-20T19:56:18.6026620Z bg_BG.UTF-8
compatibility (macos-15-intel, x86_64)	Verify and record native Darwin environment	2026-09-20T19:56:18.6036480Z ja_JP.UTF-8
compatibility (macos-15-intel, x86_64)	Verify and record native Darwin environment	2026-09-20T19:56:18.6043180Z ar_EG
compatibility (macos-15-intel, x86_64)	Verify and record native Darwin environment	2026-09-20T19:56:18.6044200Z it_CH.ISO8859-15
compatibility (macos-15-intel, x86_64)	Verify and record native Darwin environment	2026-09-20T19:56:18.6044890Z fr_FR.UTF-8
compatibility (macos-15-intel, x86_64)	Verify and record native Darwin environment	2026-09-20T19:56:18.6051280Z mn_MN.UTF-8
compatibility (macos-15-intel, x86_64)	Verify and record native Darwin environment	2026-09-20T19:56:18.6051770Z mn_MN
compatibility (macos-15-intel, x86_64)	Verify and record native Darwin environment	2026-09-20T19:56:18.6056260Z ko_KR.UTF-8
compatibility (macos-15-intel, x86_64)	Verify and record native Darwin environment	2026-09-20T19:56:18.6057180Z et_EE.ISO8859-15
compatibility (macos-15-intel, x86_64)	Verify and record native Darwin environment	2026-09-20T19:56:18.6057810Z ar_QA.UTF-8
compatibility (macos-15-intel, x86_64)	Verify and record native Darwin environment	2026-09-20T19:56:18.6064220Z es_AR.UTF-8
compatibility (macos-15-intel, x86_64)	Verify and record native Darwin environment	2026-09-20T19:56:18.6064820Z nn_NO
compatibility (macos-15-intel, x86_64)	Verify and record native Darwin environment	2026-09-20T19:56:18.6065640Z en_ZA.ISO8859-15
compatibility (macos-15-intel, x86_64)	Verify and record native Darwin environment	2026-09-20T19:56:18.6066250Z kk_KZ.UTF-8
compatibility (macos-15-intel, x86_64)	Verify and record native Darwin environment	2026-09-20T19:56:18.6066800Z ca_ES.ISO8859-15
compatibility (macos-15-intel, x86_64)	Verify and record native Darwin environment	2026-09-20T19:56:18.6067360Z en_IE.UTF-8
compatibility (macos-15-intel, x86_64)	Verify and record native Darwin environment	2026-09-20T19:56:18.6068970Z ca_AD.ISO8859-15
compatibility (macos-15-intel, x86_64)	Verify and record native Darwin environment	2026-09-20T19:56:18.6069530Z es_ES
compatibility (macos-15-intel, x86_64)	Verify and record native Darwin environment	2026-09-20T19:56:18.6070100Z de_CH.ISO8859-1
compatibility (macos-15-intel, x86_64)	Verify and record native Darwin environment	2026-09-20T19:56:18.6070880Z nb_NO.ISO8859-1
compatibility (macos-15-intel, x86_64)	Verify and record native Darwin environment	2026-09-20T19:56:18.6072440Z en_ZA.US-ASCII
compatibility (macos-15-intel, x86_64)	Verify and record native Darwin environment	2026-09-20T19:56:18.6073360Z en_CA.ISO8859-1
compatibility (macos-15-intel, x86_64)	Verify and record native Darwin environment	2026-09-20T19:56:18.6074400Z es_ES.ISO8859-15
compatibility (macos-15-intel, x86_64)	Verify and record native Darwin environment	2026-09-20T19:56:18.6076840Z en_AU.ISO8859-1
compatibility (macos-15-intel, x86_64)	Verify and record native Darwin environment	2026-09-20T19:56:18.6090910Z el_GR
compatibility (macos-15-intel, x86_64)	Verify and record native Darwin environment	2026-09-20T19:56:18.6091490Z da_DK
compatibility (macos-15-intel, x86_64)	Verify and record native Darwin environment	2026-09-20T19:56:18.6092030Z no_NO
compatibility (macos-15-intel, x86_64)	Verify and record native Darwin environment	2026-09-20T19:56:18.6092570Z ar_EG.UTF-8
compatibility (macos-15-intel, x86_64)	Verify and record native Darwin environment	2026-09-20T19:56:18.6093150Z ca_IT.UTF-8
compatibility (macos-15-intel, x86_64)	Verify and record native Darwin environment	2026-09-20T19:56:18.6093730Z it_IT.ISO8859-1
compatibility (macos-15-intel, x86_64)	Verify and record native Darwin environment	2026-09-20T19:56:18.6094330Z en_IE
compatibility (macos-15-intel, x86_64)	Verify and record native Darwin environment	2026-09-20T19:56:18.6094880Z zh_HK.Big5HKSCS
compatibility (macos-15-intel, x86_64)	Verify and record native Darwin environment	2026-09-20T19:56:18.6095510Z hi_IN.ISCII-DEV
compatibility (macos-15-intel, x86_64)	Verify and record native Darwin environment	2026-09-20T19:56:18.6096120Z ja_JP.eucJP
compatibility (macos-15-intel, x86_64)	Verify and record native Darwin environment	2026-09-20T19:56:18.6096680Z it_IT.ISO8859-15
compatibility (macos-15-intel, x86_64)	Verify and record native Darwin environment	2026-09-20T19:56:18.6097220Z pl_PL
compatibility (macos-15-intel, x86_64)	Verify and record native Darwin environment	2026-09-20T19:56:18.6097690Z ko_KR.CP949
compatibility (macos-15-intel, x86_64)	Verify and record native Darwin environment	2026-09-20T19:56:18.6098170Z en_PH.UTF-8
compatibility (macos-15-intel, x86_64)	Verify and record native Darwin environment	2026-09-20T19:56:18.6098660Z fr_CA.UTF-8
compatibility (macos-15-intel, x86_64)	Verify and record native Darwin environment	2026-09-20T19:56:18.6099160Z fi_FI.ISO8859-15
compatibility (macos-15-intel, x86_64)	Verify and record native Darwin environment	2026-09-20T19:56:18.6099700Z en_GB.ISO8859-15
compatibility (macos-15-intel, x86_64)	Verify and record native Darwin environment	2026-09-20T19:56:18.6100760Z fr_FR
compatibility (macos-15-intel, x86_64)	Verify and record native Darwin environment	2026-09-20T19:56:18.6101270Z hy_AM.UTF-8
compatibility (macos-15-intel, x86_64)	Verify and record native Darwin environment	2026-09-20T19:56:18.6101840Z no_NO.UTF-8
compatibility (macos-15-intel, x86_64)	Verify and record native Darwin environment	2026-09-20T19:56:18.6102440Z nn_NO.UTF-8
compatibility (macos-15-intel, x86_64)	Verify and record native Darwin environment	2026-09-20T19:56:18.6103900Z ca_IT.ISO8859-1
compatibility (macos-15-intel, x86_64)	Verify and record native Darwin environment	2026-09-20T19:56:18.6104610Z es_ES.UTF-8
compatibility (macos-15-intel, x86_64)	Verify and record native Darwin environment	2026-09-20T19:56:18.6105280Z en_SG.UTF-8
compatibility (macos-15-intel, x86_64)	Verify and record native Darwin environment	2026-09-20T19:56:18.6106620Z de_AT
compatibility (macos-15-intel, x86_64)	Verify and record native Darwin environment	2026-09-20T19:56:18.6107140Z sv_FI
compatibility (macos-15-intel, x86_64)	Verify and record native Darwin environment	2026-09-20T19:56:18.6108540Z tr_TR.UTF-8
compatibility (macos-15-intel, x86_64)	Verify and record native Darwin environment	2026-09-20T19:56:18.6116000Z fa_AF
compatibility (macos-15-intel, x86_64)	Verify and record native Darwin environment	2026-09-20T19:56:18.6116570Z de_DE
compatibility (macos-15-intel, x86_64)	Verify and record native Darwin environment	2026-09-20T19:56:18.6117140Z ar_SA.UTF-8
compatibility (macos-15-intel, x86_64)	Verify and record native Darwin environment	2026-09-20T19:56:18.6118950Z lt_LT
compatibility (macos-15-intel, x86_64)	Verify and record native Darwin environment	2026-09-20T19:56:18.6119520Z es_CR.UTF-8
compatibility (macos-15-intel, x86_64)	Verify and record native Darwin environment	2026-09-20T19:56:18.6120560Z fa_AF.UTF-8
compatibility (macos-15-intel, x86_64)	Verify and record native Darwin environment	2026-09-20T19:56:18.6121100Z tr_TR
compatibility (macos-15-intel, x86_64)	Verify and record native Darwin environment	2026-09-20T19:56:18.6127790Z sr_RS.UTF-8@latin
compatibility (macos-15-intel, x86_64)	Verify and record native Darwin environment	2026-09-20T19:56:18.6128450Z C
compatibility (macos-15-intel, x86_64)	Verify and record native Darwin environment	2026-09-20T19:56:18.6128960Z POSIX
compatibility (macos-15-intel, x86_64)	Verify and record native Darwin environment	2026-09-20T19:56:18.7391110Z active locale: C codeset: US-ASCII
compatibility (macos-15-intel, x86_64)	Verify and record native Darwin environment	2026-09-20T19:56:18.7392860Z active locale: en_US.UTF-8 codeset: UTF-8
compatibility (macos-15-intel, x86_64)	Verify and record native Darwin environment	2026-09-20T19:56:18.7394680Z active locale: tr_TR.UTF-8 codeset: UTF-8
compatibility (macos-15-intel, x86_64)	Verify and record native Darwin environment	2026-09-20T19:56:18.7396540Z active locale: en_US.ISO8859-1 codeset: ISO8859-1
compatibility (macos-15-intel, x86_64)	Verify and record native Darwin environment	2026-09-20T19:56:18.7398500Z active locale: tr_TR.ISO8859-9 codeset: ISO8859-9
compatibility (macos-15-intel, x86_64)	Verify and record native Darwin environment	2026-09-20T19:56:18.7400380Z active locale: ja_JP.SJIS codeset: SJIS
compatibility (macos-15-intel, x86_64)	Verify and record native Darwin environment	2026-09-20T19:56:18.7606880Z 0ed769d1b18e0b076d52cb8e926ce30d136e5ff6
compatibility (macos-15-intel, x86_64)	Verify and record native Darwin environment	2026-09-20T19:56:18.7751480Z 5739fd79bcfc75ba7526773d0cf634521f8aca3c
compatibility (macos-15-intel, x86_64)	Verify and record native Darwin environment	2026-09-20T19:56:18.7913750Z ../c_awk/a.out: Mach-O 64-bit executable x86_64
compatibility (macos-15-intel, x86_64)	Verify and record native Darwin environment	2026-09-20T19:56:21.9182940Z ../c_awk/a.out:
compatibility (macos-15-intel, x86_64)	Verify and record native Darwin environment	2026-09-20T19:56:21.9184260Z 	/usr/lib/libSystem.B.dylib (compatibility version 1.0.0, current version 1351.0.0)
compatibility (macos-15-intel, x86_64)	Verify and record native Darwin environment	2026-09-20T19:56:25.3955480Z Recorded 220 native oracle cases in diary/format-platform-ci.json
compatibility (macos-15-intel, x86_64)	Complete correctness gate (debug)	﻿2026-09-20T19:56:25.4493770Z ##[group]Run set -o pipefail
compatibility (macos-15-intel, x86_64)	Complete correctness gate (debug)	2026-09-20T19:56:25.4494720Z [36;1mset -o pipefail[0m
compatibility (macos-15-intel, x86_64)	Complete correctness gate (debug)	2026-09-20T19:56:25.4495790Z [36;1mbash scripts/checks.sh 2>&1 | tee diary/darwin-debug-ci.log[0m
compatibility (macos-15-intel, x86_64)	Complete correctness gate (debug)	2026-09-20T19:56:25.4984750Z shell: /bin/bash -e {0}
compatibility (macos-15-intel, x86_64)	Complete correctness gate (debug)	2026-09-20T19:56:25.4986200Z env:
compatibility (macos-15-intel, x86_64)	Complete correctness gate (debug)	2026-09-20T19:56:25.4986790Z   LC_ALL: C
compatibility (macos-15-intel, x86_64)	Complete correctness gate (debug)	2026-09-20T19:56:25.4994140Z   CARGO_INCREMENTAL: 0
compatibility (macos-15-intel, x86_64)	Complete correctness gate (debug)	2026-09-20T19:56:25.4995150Z   RUSTUP_TOOLCHAIN: 1.96.0
compatibility (macos-15-intel, x86_64)	Complete correctness gate (debug)	2026-09-20T19:56:25.5002080Z ##[endgroup]
compatibility (macos-15-intel, x86_64)	Complete correctness gate (debug)	2026-09-20T19:57:53.5523000Z check_clippy                   OK
compatibility (macos-15-intel, x86_64)	Complete correctness gate (debug)	2026-09-20T19:57:53.8357540Z check_diffrun_no_unexpected       Compiling proc-macro2 v1.0.106
compatibility (macos-15-intel, x86_64)	Complete correctness gate (debug)	2026-09-20T19:57:53.8361410Z    Compiling quote v1.0.45
compatibility (macos-15-intel, x86_64)	Complete correctness gate (debug)	2026-09-20T19:57:53.8367340Z    Compiling unicode-ident v1.0.24
compatibility (macos-15-intel, x86_64)	Complete correctness gate (debug)	2026-09-20T19:57:53.8382470Z    Compiling libc v0.2.186
compatibility (macos-15-intel, x86_64)	Complete correctness gate (debug)	2026-09-20T19:57:54.1584800Z    Compiling memchr v2.8.0
compatibility (macos-15-intel, x86_64)	Complete correctness gate (debug)	2026-09-20T19:57:54.4080080Z    Compiling serde_core v1.0.228
compatibility (macos-15-intel, x86_64)	Complete correctness gate (debug)	2026-09-20T19:57:55.0488030Z    Compiling autocfg v1.5.0
compatibility (macos-15-intel, x86_64)	Complete correctness gate (debug)	2026-09-20T19:57:56.2749570Z    Compiling syn v2.0.117
compatibility (macos-15-intel, x86_64)	Complete correctness gate (debug)	2026-09-20T19:57:56.4049510Z    Compiling getrandom v0.4.2
compatibility (macos-15-intel, x86_64)	Complete correctness gate (debug)	2026-09-20T19:57:56.4530400Z    Compiling cfg-if v1.0.4
compatibility (macos-15-intel, x86_64)	Complete correctness gate (debug)	2026-09-20T19:57:56.7541300Z    Compiling rand_core v0.10.1
compatibility (macos-15-intel, x86_64)	Complete correctness gate (debug)	2026-09-20T19:57:57.1663010Z    Compiling ucd-trie v0.1.7
compatibility (macos-15-intel, x86_64)	Complete correctness gate (debug)	2026-09-20T19:57:57.6118760Z    Compiling utf8parse v0.2.2
compatibility (macos-15-intel, x86_64)	Complete correctness gate (debug)	2026-09-20T19:57:57.8488200Z    Compiling anstyle-parse v1.0.0
compatibility (macos-15-intel, x86_64)	Complete correctness gate (debug)	2026-09-20T19:57:58.3166140Z    Compiling pest v2.8.6
compatibility (macos-15-intel, x86_64)	Complete correctness gate (debug)	2026-09-20T19:57:58.4171150Z    Compiling num-traits v0.2.19
compatibility (macos-15-intel, x86_64)	Complete correctness gate (debug)	2026-09-20T19:57:58.7149530Z    Compiling serde v1.0.228
compatibility (macos-15-intel, x86_64)	Complete correctness gate (debug)	2026-09-20T19:57:58.9091230Z    Compiling colorchoice v1.0.5
compatibility (macos-15-intel, x86_64)	Complete correctness gate (debug)	2026-09-20T19:57:59.0816450Z    Compiling is_terminal_polyfill v1.70.2
compatibility (macos-15-intel, x86_64)	Complete correctness gate (debug)	2026-09-20T19:57:59.2340190Z    Compiling thiserror v2.0.18
compatibility (macos-15-intel, x86_64)	Complete correctness gate (debug)	2026-09-20T19:57:59.2907170Z    Compiling rustix v1.1.4
compatibility (macos-15-intel, x86_64)	Complete correctness gate (debug)	2026-09-20T19:57:59.8231190Z    Compiling anstyle v1.0.14
compatibility (macos-15-intel, x86_64)	Complete correctness gate (debug)	2026-09-20T19:58:00.3039610Z    Compiling anstyle-query v1.1.5
compatibility (macos-15-intel, x86_64)	Complete correctness gate (debug)	2026-09-20T19:58:00.6389370Z    Compiling anstream v1.0.0
compatibility (macos-15-intel, x86_64)	Complete correctness gate (debug)	2026-09-20T19:58:02.2607660Z    Compiling errno v0.3.14
compatibility (macos-15-intel, x86_64)	Complete correctness gate (debug)	2026-09-20T19:58:02.4165000Z    Compiling aho-corasick v1.1.4
compatibility (macos-15-intel, x86_64)	Complete correctness gate (debug)	2026-09-20T19:58:03.1860020Z    Compiling pest_meta v2.8.6
compatibility (macos-15-intel, x86_64)	Complete correctness gate (debug)	2026-09-20T19:58:07.2540270Z    Compiling anyhow v1.0.102
compatibility (macos-15-intel, x86_64)	Complete correctness gate (debug)	2026-09-20T19:58:07.7876850Z    Compiling cpufeatures v0.3.0
compatibility (macos-15-intel, x86_64)	Complete correctness gate (debug)	2026-09-20T19:58:07.8630110Z    Compiling strsim v0.11.1
compatibility (macos-15-intel, x86_64)	Complete correctness gate (debug)	2026-09-20T19:58:08.4728440Z    Compiling thiserror-impl v2.0.18
compatibility (macos-15-intel, x86_64)	Complete correctness gate (debug)	2026-09-20T19:58:08.8374450Z    Compiling serde_derive v1.0.228
compatibility (macos-15-intel, x86_64)	Complete correctness gate (debug)	2026-09-20T19:58:11.5124640Z    Compiling regex-syntax v0.8.10
compatibility (macos-15-intel, x86_64)	Complete correctness gate (debug)	2026-09-20T19:58:13.0754510Z    Compiling core-foundation-sys v0.8.7
compatibility (macos-15-intel, x86_64)	Complete correctness gate (debug)	2026-09-20T19:58:13.5931770Z    Compiling clap_lex v1.1.0
compatibility (macos-15-intel, x86_64)	Complete correctness gate (debug)	2026-09-20T19:58:14.3125200Z    Compiling heck v0.5.0
compatibility (macos-15-intel, x86_64)	Complete correctness gate (debug)	2026-09-20T19:58:14.6622150Z    Compiling bitflags v2.11.1
compatibility (macos-15-intel, x86_64)	Complete correctness gate (debug)	2026-09-20T19:58:23.2410790Z    Compiling regex-automata v0.4.14
compatibility (macos-15-intel, x86_64)	Complete correctness gate (debug)	2026-09-20T19:58:23.4335850Z    Compiling clap_derive v4.6.1
compatibility (macos-15-intel, x86_64)	Complete correctness gate (debug)	2026-09-20T19:58:23.8163300Z    Compiling clap_builder v4.6.0
compatibility (macos-15-intel, x86_64)	Complete correctness gate (debug)	2026-09-20T19:58:29.9197410Z    Compiling iana-time-zone v0.1.65
compatibility (macos-15-intel, x86_64)	Complete correctness gate (debug)	2026-09-20T19:58:30.3036720Z    Compiling chacha20 v0.10.0
compatibility (macos-15-intel, x86_64)	Complete correctness gate (debug)	2026-09-20T19:58:31.0498430Z    Compiling pest_generator v2.8.6
compatibility (macos-15-intel, x86_64)	Complete correctness gate (debug)	2026-09-20T19:58:37.5941140Z    Compiling once_cell v1.21.4
compatibility (macos-15-intel, x86_64)	Complete correctness gate (debug)	2026-09-20T19:58:38.6046860Z    Compiling fastrand v2.4.1
compatibility (macos-15-intel, x86_64)	Complete correctness gate (debug)	2026-09-20T19:58:40.7775520Z    Compiling tempfile v3.27.0
compatibility (macos-15-intel, x86_64)	Complete correctness gate (debug)	2026-09-20T19:58:43.2787660Z    Compiling chrono v0.4.44
compatibility (macos-15-intel, x86_64)	Complete correctness gate (debug)	2026-09-20T19:58:47.0602270Z    Compiling regex v1.12.3
compatibility (macos-15-intel, x86_64)	Complete correctness gate (debug)	2026-09-20T19:58:53.6593140Z    Compiling pest_derive v2.8.6
compatibility (macos-15-intel, x86_64)	Complete correctness gate (debug)	2026-09-20T19:58:54.4855610Z    Compiling clap v4.6.1
compatibility (macos-15-intel, x86_64)	Complete correctness gate (debug)	2026-09-20T19:58:56.4482600Z    Compiling rand v0.10.1
compatibility (macos-15-intel, x86_64)	Complete correctness gate (debug)	2026-09-20T19:58:58.1245300Z    Compiling sprintf v0.4.3
compatibility (macos-15-intel, x86_64)	Complete correctness gate (debug)	2026-09-20T19:58:58.3969650Z    Compiling quick-xml v0.39.2
compatibility (macos-15-intel, x86_64)	Complete correctness gate (debug)	2026-09-20T19:59:06.0767600Z    Compiling rawk v0.1.0 (/Users/runner/work/rawk/rawk/rawk)
compatibility (macos-15-intel, x86_64)	Complete correctness gate (debug)	2026-09-20T19:59:53.7731570Z     Finished `release` profile [optimized] target(s) in 2m 00s
compatibility (macos-15-intel, x86_64)	Complete correctness gate (debug)	2026-09-20T19:59:53.8282640Z Reference awk: /Users/runner/work/rawk/rawk/c_awk/a.out
compatibility (macos-15-intel, x86_64)	Complete correctness gate (debug)	2026-09-20T19:59:53.8284140Z Total testcase: 109
compatibility (macos-15-intel, x86_64)	Complete correctness gate (debug)	2026-09-20T20:00:02.0518820Z   MATCH: 97
compatibility (macos-15-intel, x86_64)	Complete correctness gate (debug)	2026-09-20T20:00:02.0521800Z   EXPECTED-DIVERGE: 12
compatibility (macos-15-intel, x86_64)	Complete correctness gate (debug)	2026-09-20T20:00:02.0522800Z   UNEXPECTED-DIVERGE: 0
compatibility (macos-15-intel, x86_64)	Complete correctness gate (debug)	2026-09-20T20:00:02.0523780Z   SKIPPED: 0
compatibility (macos-15-intel, x86_64)	Complete correctness gate (debug)	2026-09-20T20:00:02.0524620Z OK
compatibility (macos-15-intel, x86_64)	Complete correctness gate (debug)	2026-09-20T20:00:02.4191540Z check_fmt                      OK
compatibility (macos-15-intel, x86_64)	Complete correctness gate (debug)	2026-09-20T20:00:02.4430930Z check_no_exit_outside_main     OK
compatibility (macos-15-intel, x86_64)	Complete correctness gate (debug)	2026-09-20T20:00:02.4797650Z check_no_macos_forks           OK
compatibility (macos-15-intel, x86_64)	Complete correctness gate (debug)	2026-09-20T20:00:02.4799080Z check_no_scratch_root          OK
compatibility (macos-15-intel, x86_64)	Complete correctness gate (debug)	2026-09-20T20:00:02.4800440Z check_runner_split             OK
compatibility (macos-15-intel, x86_64)	Complete correctness gate (debug)	2026-09-20T20:00:02.8559760Z check_tests                       Compiling libc v0.2.186
compatibility (macos-15-intel, x86_64)	Complete correctness gate (debug)	2026-09-20T20:00:02.8938440Z    Compiling cfg-if v1.0.4
compatibility (macos-15-intel, x86_64)	Complete correctness gate (debug)	2026-09-20T20:00:02.8941000Z    Compiling memchr v2.8.0
compatibility (macos-15-intel, x86_64)	Complete correctness gate (debug)	2026-09-20T20:00:02.8942870Z    Compiling rand_core v0.10.1
compatibility (macos-15-intel, x86_64)	Complete correctness gate (debug)	2026-09-20T20:00:03.0736630Z    Compiling ucd-trie v0.1.7
compatibility (macos-15-intel, x86_64)	Complete correctness gate (debug)	2026-09-20T20:00:03.2756170Z    Compiling utf8parse v0.2.2
compatibility (macos-15-intel, x86_64)	Complete correctness gate (debug)	2026-09-20T20:00:03.4767840Z    Compiling bitflags v2.11.1
compatibility (macos-15-intel, x86_64)	Complete correctness gate (debug)	2026-09-20T20:00:03.6900250Z    Compiling anstyle-parse v1.0.0
compatibility (macos-15-intel, x86_64)	Complete correctness gate (debug)	2026-09-20T20:00:03.9387510Z    Compiling anstyle-query v1.1.5
compatibility (macos-15-intel, x86_64)	Complete correctness gate (debug)	2026-09-20T20:00:03.9657440Z    Compiling colorchoice v1.0.5
compatibility (macos-15-intel, x86_64)	Complete correctness gate (debug)	2026-09-20T20:00:03.9823190Z    Compiling regex-syntax v0.8.10
compatibility (macos-15-intel, x86_64)	Complete correctness gate (debug)	2026-09-20T20:00:04.0819410Z    Compiling once_cell v1.21.4
compatibility (macos-15-intel, x86_64)	Complete correctness gate (debug)	2026-09-20T20:00:04.5959450Z    Compiling pest v2.8.6
compatibility (macos-15-intel, x86_64)	Complete correctness gate (debug)	2026-09-20T20:00:05.0272500Z    Compiling errno v0.3.14
compatibility (macos-15-intel, x86_64)	Complete correctness gate (debug)	2026-09-20T20:00:05.1852200Z    Compiling getrandom v0.4.2
compatibility (macos-15-intel, x86_64)	Complete correctness gate (debug)	2026-09-20T20:00:05.3196890Z    Compiling rustix v1.1.4
compatibility (macos-15-intel, x86_64)	Complete correctness gate (debug)	2026-09-20T20:00:05.3987750Z    Compiling fastrand v2.4.1
compatibility (macos-15-intel, x86_64)	Complete correctness gate (debug)	2026-09-20T20:00:05.9890560Z    Compiling anstyle v1.0.14
compatibility (macos-15-intel, x86_64)	Complete correctness gate (debug)	2026-09-20T20:00:06.5848140Z    Compiling is_terminal_polyfill v1.70.2
compatibility (macos-15-intel, x86_64)	Complete correctness gate (debug)	2026-09-20T20:00:06.6667340Z    Compiling anstream v1.0.0
compatibility (macos-15-intel, x86_64)	Complete correctness gate (debug)	2026-09-20T20:00:07.7919430Z    Compiling getrandom v0.3.4
compatibility (macos-15-intel, x86_64)	Complete correctness gate (debug)	2026-09-20T20:00:08.2715030Z    Compiling aho-corasick v1.1.4
compatibility (macos-15-intel, x86_64)	Complete correctness gate (debug)	2026-09-20T20:00:10.0912400Z    Compiling tempfile v3.27.0
compatibility (macos-15-intel, x86_64)	Complete correctness gate (debug)	2026-09-20T20:00:10.6065250Z    Compiling pest_meta v2.8.6
compatibility (macos-15-intel, x86_64)	Complete correctness gate (debug)	2026-09-20T20:00:11.1212360Z    Compiling num-traits v0.2.19
compatibility (macos-15-intel, x86_64)	Complete correctness gate (debug)	2026-09-20T20:00:13.4727760Z    Compiling serde_core v1.0.228
compatibility (macos-15-intel, x86_64)	Complete correctness gate (debug)	2026-09-20T20:00:14.1640260Z    Compiling clap_lex v1.1.0
compatibility (macos-15-intel, x86_64)	Complete correctness gate (debug)	2026-09-20T20:00:14.7541210Z    Compiling strsim v0.11.1
compatibility (macos-15-intel, x86_64)	Complete correctness gate (debug)	2026-09-20T20:00:15.1246670Z    Compiling core-foundation-sys v0.8.7
compatibility (macos-15-intel, x86_64)	Complete correctness gate (debug)	2026-09-20T20:00:15.1597400Z    Compiling cpufeatures v0.3.0
compatibility (macos-15-intel, x86_64)	Complete correctness gate (debug)	2026-09-20T20:00:15.2356190Z    Compiling chacha20 v0.10.0
compatibility (macos-15-intel, x86_64)	Complete correctness gate (debug)	2026-09-20T20:00:15.4999590Z    Compiling iana-time-zone v0.1.65
compatibility (macos-15-intel, x86_64)	Complete correctness gate (debug)	2026-09-20T20:00:15.5777680Z    Compiling clap_builder v4.6.0
compatibility (macos-15-intel, x86_64)	Complete correctness gate (debug)	2026-09-20T20:00:15.6404260Z    Compiling thiserror v2.0.18
compatibility (macos-15-intel, x86_64)	Complete correctness gate (debug)	2026-09-20T20:00:15.8028680Z    Compiling pest_generator v2.8.6
compatibility (macos-15-intel, x86_64)	Complete correctness gate (debug)	2026-09-20T20:00:15.8314040Z    Compiling regex-automata v0.4.14
compatibility (macos-15-intel, x86_64)	Complete correctness gate (debug)	2026-09-20T20:00:18.5042820Z    Compiling rand_core v0.9.5
compatibility (macos-15-intel, x86_64)	Complete correctness gate (debug)	2026-09-20T20:00:19.3610630Z    Compiling pest_derive v2.8.6
compatibility (macos-15-intel, x86_64)	Complete correctness gate (debug)	2026-09-20T20:00:20.7762110Z    Compiling sprintf v0.4.3
compatibility (macos-15-intel, x86_64)	Complete correctness gate (debug)	2026-09-20T20:00:21.7346040Z    Compiling rand v0.10.1
compatibility (macos-15-intel, x86_64)	Complete correctness gate (debug)	2026-09-20T20:00:24.3681660Z    Compiling serde v1.0.228
compatibility (macos-15-intel, x86_64)	Complete correctness gate (debug)	2026-09-20T20:00:24.7110280Z    Compiling chrono v0.4.44
compatibility (macos-15-intel, x86_64)	Complete correctness gate (debug)	2026-09-20T20:00:26.5580220Z    Compiling quick-xml v0.39.2
compatibility (macos-15-intel, x86_64)	Complete correctness gate (debug)	2026-09-20T20:00:30.2482940Z    Compiling regex v1.12.3
compatibility (macos-15-intel, x86_64)	Complete correctness gate (debug)	2026-09-20T20:00:31.8836750Z    Compiling clap v4.6.1
compatibility (macos-15-intel, x86_64)	Complete correctness gate (debug)	2026-09-20T20:00:32.0086540Z    Compiling anyhow v1.0.102
compatibility (macos-15-intel, x86_64)	Complete correctness gate (debug)	2026-09-20T20:00:32.6579190Z    Compiling zerocopy v0.8.48
compatibility (macos-15-intel, x86_64)	Complete correctness gate (debug)	2026-09-20T20:00:32.7246670Z    Compiling wait-timeout v0.2.1
compatibility (macos-15-intel, x86_64)	Complete correctness gate (debug)	2026-09-20T20:00:33.4144550Z    Compiling bit-vec v0.8.0
compatibility (macos-15-intel, x86_64)	Complete correctness gate (debug)	2026-09-20T20:00:33.4506770Z    Compiling fnv v1.0.7
compatibility (macos-15-intel, x86_64)	Complete correctness gate (debug)	2026-09-20T20:00:33.6432150Z    Compiling quick-error v1.2.3
compatibility (macos-15-intel, x86_64)	Complete correctness gate (debug)	2026-09-20T20:00:33.7007170Z    Compiling rusty-fork v0.3.1
compatibility (macos-15-intel, x86_64)	Complete correctness gate (debug)	2026-09-20T20:00:33.9813390Z    Compiling bit-set v0.8.0
compatibility (macos-15-intel, x86_64)	Complete correctness gate (debug)	2026-09-20T20:00:34.2384670Z    Compiling rawk v0.1.0 (/Users/runner/work/rawk/rawk/rawk)
compatibility (macos-15-intel, x86_64)	Complete correctness gate (debug)	2026-09-20T20:00:34.5888730Z    Compiling rand v0.9.4
compatibility (macos-15-intel, x86_64)	Complete correctness gate (debug)	2026-09-20T20:00:36.2531540Z    Compiling rand_xorshift v0.4.0
compatibility (macos-15-intel, x86_64)	Complete correctness gate (debug)	2026-09-20T20:00:36.4309620Z    Compiling unarray v0.1.4
compatibility (macos-15-intel, x86_64)	Complete correctness gate (debug)	2026-09-20T20:00:41.7711870Z    Compiling ppv-lite86 v0.2.21
compatibility (macos-15-intel, x86_64)	Complete correctness gate (debug)	2026-09-20T20:00:42.4399370Z    Compiling rand_chacha v0.9.0
compatibility (macos-15-intel, x86_64)	Complete correctness gate (debug)	2026-09-20T20:00:42.9489230Z    Compiling proptest v1.11.0
compatibility (macos-15-intel, x86_64)	Complete correctness gate (debug)	2026-09-20T20:00:57.8431840Z     Finished `test` profile [unoptimized + debuginfo] target(s) in 55.29s
compatibility (macos-15-intel, x86_64)	Complete correctness gate (debug)	2026-09-20T20:00:57.8581950Z      Running unittests src/lib.rs (target/debug/deps/rawk-720bb57f2f34f793)
compatibility (macos-15-intel, x86_64)	Complete correctness gate (debug)	2026-09-20T20:00:57.8648020Z 
compatibility (macos-15-intel, x86_64)	Complete correctness gate (debug)	2026-09-20T20:00:57.8648720Z running 0 tests
compatibility (macos-15-intel, x86_64)	Complete correctness gate (debug)	2026-09-20T20:00:57.8649400Z 
compatibility (macos-15-intel, x86_64)	Complete correctness gate (debug)	2026-09-20T20:00:57.8650080Z test result: ok. 0 passed; 0 failed; 0 ignored; 0 measured; 0 filtered out; finished in 0.00s
compatibility (macos-15-intel, x86_64)	Complete correctness gate (debug)	2026-09-20T20:00:57.8651840Z 
compatibility (macos-15-intel, x86_64)	Complete correctness gate (debug)	2026-09-20T20:00:57.8652370Z      Running unittests src/bin/diffrun.rs (target/debug/deps/diffrun-5432abd8bbba63ad)
compatibility (macos-15-intel, x86_64)	Complete correctness gate (debug)	2026-09-20T20:00:57.8713870Z 
compatibility (macos-15-intel, x86_64)	Complete correctness gate (debug)	2026-09-20T20:00:57.8715000Z running 0 tests
compatibility (macos-15-intel, x86_64)	Complete correctness gate (debug)	2026-09-20T20:00:57.8715510Z 
compatibility (macos-15-intel, x86_64)	Complete correctness gate (debug)	2026-09-20T20:00:57.8716060Z test result: ok. 0 passed; 0 failed; 0 ignored; 0 measured; 0 filtered out; finished in 0.00s
compatibility (macos-15-intel, x86_64)	Complete correctness gate (debug)	2026-09-20T20:00:57.8716860Z 
compatibility (macos-15-intel, x86_64)	Complete correctness gate (debug)	2026-09-20T20:00:57.8717290Z      Running unittests src/main.rs (target/debug/deps/rawk-e8965df9e39c18ce)
compatibility (macos-15-intel, x86_64)	Complete correctness gate (debug)	2026-09-20T20:00:57.8815530Z 
compatibility (macos-15-intel, x86_64)	Complete correctness gate (debug)	2026-09-20T20:00:57.8972720Z running 6 tests
compatibility (macos-15-intel, x86_64)	Complete correctness gate (debug)	2026-09-20T20:00:57.8999450Z test input::tests::separators_are_independent_of_read_boundaries ... ok
compatibility (macos-15-intel, x86_64)	Complete correctness gate (debug)	2026-09-20T20:00:57.9002290Z test input::tests::long_records_compaction_and_separator_changes_share_one_cursor ... ok
compatibility (macos-15-intel, x86_64)	Complete correctness gate (debug)	2026-09-20T20:00:57.9005070Z test unicode_ere::tests::encoding_preserves_offsets_and_invalid_bytes_without_sentinels ... ok
compatibility (macos-15-intel, x86_64)	Complete correctness gate (debug)	2026-09-20T20:00:57.9029010Z test unicode_ere::tests::compiled_intervals_cover_only_the_requested_runes ... ok
compatibility (macos-15-intel, x86_64)	Complete correctness gate (debug)	2026-09-20T20:00:57.9109570Z test input::tests::long_csv_keeps_quotes_crlf_and_eof_across_short_reads ... ok
compatibility (macos-15-intel, x86_64)	Complete correctness gate (debug)	2026-09-20T20:00:57.9247790Z test ere::stream::tests::physical_short_reads_do_not_change_bwk_lookahead ... ok
compatibility (macos-15-intel, x86_64)	Complete correctness gate (debug)	2026-09-20T20:00:57.9249060Z 
compatibility (macos-15-intel, x86_64)	Complete correctness gate (debug)	2026-09-20T20:00:57.9249840Z test result: ok. 6 passed; 0 failed; 0 ignored; 0 measured; 0 filtered out; finished in 0.04s
compatibility (macos-15-intel, x86_64)	Complete correctness gate (debug)	2026-09-20T20:00:57.9251540Z 
compatibility (macos-15-intel, x86_64)	Complete correctness gate (debug)	2026-09-20T20:00:57.9252870Z      Running tests/builtins_sanity.rs (target/debug/deps/builtins_sanity-26f8559de4a0d7f9)
compatibility (macos-15-intel, x86_64)	Complete correctness gate (debug)	2026-09-20T20:00:57.9324150Z 
compatibility (macos-15-intel, x86_64)	Complete correctness gate (debug)	2026-09-20T20:00:57.9331500Z running 5 tests
compatibility (macos-15-intel, x86_64)	Complete correctness gate (debug)	2026-09-20T20:00:57.9818250Z test match_basic ... ok
compatibility (macos-15-intel, x86_64)	Complete correctness gate (debug)	2026-09-20T20:00:57.9824640Z test split_basic ... ok
compatibility (macos-15-intel, x86_64)	Complete correctness gate (debug)	2026-09-20T20:00:57.9826570Z test length_string ... ok
compatibility (macos-15-intel, x86_64)	Complete correctness gate (debug)	2026-09-20T20:00:57.9891180Z test sprintf_int ... ok
compatibility (macos-15-intel, x86_64)	Complete correctness gate (debug)	2026-09-20T20:00:58.0152040Z test substr_basic ... ok
compatibility (macos-15-intel, x86_64)	Complete correctness gate (debug)	2026-09-20T20:00:58.0152620Z 
compatibility (macos-15-intel, x86_64)	Complete correctness gate (debug)	2026-09-20T20:00:58.0153170Z test result: ok. 5 passed; 0 failed; 0 ignored; 0 measured; 0 filtered out; finished in 0.08s
compatibility (macos-15-intel, x86_64)	Complete correctness gate (debug)	2026-09-20T20:00:58.0154370Z 
compatibility (macos-15-intel, x86_64)	Complete correctness gate (debug)	2026-09-20T20:00:58.0155090Z      Running tests/bytes_array_keys.rs (target/debug/deps/bytes_array_keys-8d71d252a781bf80)
compatibility (macos-15-intel, x86_64)	Complete correctness gate (debug)	2026-09-20T20:00:58.0218370Z 
compatibility (macos-15-intel, x86_64)	Complete correctness gate (debug)	2026-09-20T20:00:58.0219690Z running 3 tests
compatibility (macos-15-intel, x86_64)	Complete correctness gate (debug)	2026-09-20T20:00:58.0486130Z test distinct_high_byte_keys_do_not_collide ... ok
compatibility (macos-15-intel, x86_64)	Complete correctness gate (debug)	2026-09-20T20:00:58.0487650Z test for_in_returns_all_distinct_byte_keys ... ok
compatibility (macos-15-intel, x86_64)	Complete correctness gate (debug)	2026-09-20T20:00:58.0488970Z test nul_embedded_key_round_trips ... ok
compatibility (macos-15-intel, x86_64)	Complete correctness gate (debug)	2026-09-20T20:00:58.0489640Z 
compatibility (macos-15-intel, x86_64)	Complete correctness gate (debug)	2026-09-20T20:00:58.0490580Z test result: ok. 3 passed; 0 failed; 0 ignored; 0 measured; 0 filtered out; finished in 0.03s
compatibility (macos-15-intel, x86_64)	Complete correctness gate (debug)	2026-09-20T20:00:58.0491580Z 
compatibility (macos-15-intel, x86_64)	Complete correctness gate (debug)	2026-09-20T20:00:58.0492080Z      Running tests/bytes_printf.rs (target/debug/deps/bytes_printf-9640b79178946caa)
compatibility (macos-15-intel, x86_64)	Complete correctness gate (debug)	2026-09-20T20:00:58.0554370Z 
compatibility (macos-15-intel, x86_64)	Complete correctness gate (debug)	2026-09-20T20:00:58.0561390Z running 6 tests
compatibility (macos-15-intel, x86_64)	Complete correctness gate (debug)	2026-09-20T20:00:58.0711810Z test printf_format_string_with_high_bytes ... ok
compatibility (macos-15-intel, x86_64)	Complete correctness gate (debug)	2026-09-20T20:00:58.0718830Z test print_with_high_byte_ofs ... ok
compatibility (macos-15-intel, x86_64)	Complete correctness gate (debug)	2026-09-20T20:00:58.0736200Z test printf_c_emits_first_byte_raw ... ok
compatibility (macos-15-intel, x86_64)	Complete correctness gate (debug)	2026-09-20T20:00:58.0807600Z test field_split_with_high_byte_fs ... ok
compatibility (macos-15-intel, x86_64)	Complete correctness gate (debug)	2026-09-20T20:00:58.1160350Z test printf_s_preserves_high_byte ... ok
compatibility (macos-15-intel, x86_64)	Complete correctness gate (debug)	2026-09-20T20:00:58.1161360Z test sprintf_high_byte_round_trip ... ok
compatibility (macos-15-intel, x86_64)	Complete correctness gate (debug)	2026-09-20T20:00:58.1161960Z 
compatibility (macos-15-intel, x86_64)	Complete correctness gate (debug)	2026-09-20T20:00:58.1162490Z test result: ok. 6 passed; 0 failed; 0 ignored; 0 measured; 0 filtered out; finished in 0.06s
compatibility (macos-15-intel, x86_64)	Complete correctness gate (debug)	2026-09-20T20:00:58.1163270Z 
compatibility (macos-15-intel, x86_64)	Complete correctness gate (debug)	2026-09-20T20:00:58.1163900Z      Running tests/bytes_regex_match.rs (target/debug/deps/bytes_regex_match-8347b712cfccb5e2)
compatibility (macos-15-intel, x86_64)	Complete correctness gate (debug)	2026-09-20T20:00:58.1227300Z 
compatibility (macos-15-intel, x86_64)	Complete correctness gate (debug)	2026-09-20T20:00:58.1230250Z running 6 tests
compatibility (macos-15-intel, x86_64)	Complete correctness gate (debug)	2026-09-20T20:00:58.1472140Z test match_distinguishes_high_bytes ... ok
compatibility (macos-15-intel, x86_64)	Complete correctness gate (debug)	2026-09-20T20:00:58.1474630Z test nul_inside_subject_with_rs_regex ... ok
compatibility (macos-15-intel, x86_64)	Complete correctness gate (debug)	2026-09-20T20:00:58.1478260Z test gsub_ampersand_includes_whole_match ... ok
compatibility (macos-15-intel, x86_64)	Complete correctness gate (debug)	2026-09-20T20:00:58.1480850Z test match_builtin_high_byte_pattern_position ... ok
compatibility (macos-15-intel, x86_64)	Complete correctness gate (debug)	2026-09-20T20:00:58.1817720Z test sub_replaces_high_byte_run ... ok
compatibility (macos-15-intel, x86_64)	Complete correctness gate (debug)	2026-09-20T20:00:58.1819120Z test rs_regex_high_byte_separator_splits_correctly ... ok
compatibility (macos-15-intel, x86_64)	Complete correctness gate (debug)	2026-09-20T20:00:58.1820400Z 
compatibility (macos-15-intel, x86_64)	Complete correctness gate (debug)	2026-09-20T20:00:58.1821290Z test result: ok. 6 passed; 0 failed; 0 ignored; 0 measured; 0 filtered out; finished in 0.06s
compatibility (macos-15-intel, x86_64)	Complete correctness gate (debug)	2026-09-20T20:00:58.1822210Z 
compatibility (macos-15-intel, x86_64)	Complete correctness gate (debug)	2026-09-20T20:00:58.1822720Z      Running tests/cli_contract.rs (target/debug/deps/cli_contract-32d2cab1326764a7)
compatibility (macos-15-intel, x86_64)	Complete correctness gate (debug)	2026-09-20T20:00:58.1886030Z 
compatibility (macos-15-intel, x86_64)	Complete correctness gate (debug)	2026-09-20T20:00:58.1896200Z running 5 tests
compatibility (macos-15-intel, x86_64)	Complete correctness gate (debug)	2026-09-20T20:00:58.2368820Z test file_program_keeps_all_input_files ... ok
compatibility (macos-15-intel, x86_64)	Complete correctness gate (debug)	2026-09-20T20:00:58.2832730Z test arrays_and_scalars_cannot_be_interchanged ... ok
compatibility (macos-15-intel, x86_64)	Complete correctness gate (debug)	2026-09-20T20:00:58.2837170Z test invalid_builtin_arity_is_a_language_error ... ok
compatibility (macos-15-intel, x86_64)	Complete correctness gate (debug)	2026-09-20T20:00:58.3478940Z test malformed_formats_and_invalid_runtime_arguments_do_not_panic ... ok
compatibility (macos-15-intel, x86_64)	Complete correctness gate (debug)	2026-09-20T20:00:58.3804290Z test safe_mode_rejects_even_unexecuted_forbidden_operations ... ok
compatibility (macos-15-intel, x86_64)	Complete correctness gate (debug)	2026-09-20T20:00:58.3804990Z 
compatibility (macos-15-intel, x86_64)	Complete correctness gate (debug)	2026-09-20T20:00:58.3805660Z test result: ok. 5 passed; 0 failed; 0 ignored; 0 measured; 0 filtered out; finished in 0.19s
compatibility (macos-15-intel, x86_64)	Complete correctness gate (debug)	2026-09-20T20:00:58.3806480Z 
compatibility (macos-15-intel, x86_64)	Complete correctness gate (debug)	2026-09-20T20:00:58.3807420Z      Running tests/compatibility.rs (target/debug/deps/compatibility-5c539173beaa3da2)
compatibility (macos-15-intel, x86_64)	Complete correctness gate (debug)	2026-09-20T20:00:58.3871100Z 
compatibility (macos-15-intel, x86_64)	Complete correctness gate (debug)	2026-09-20T20:00:58.3872300Z running 8 tests
compatibility (macos-15-intel, x86_64)	Complete correctness gate (debug)	2026-09-20T20:00:58.4872490Z test braces_in_bracket_expressions_are_not_repetitions ... ok
compatibility (macos-15-intel, x86_64)	Complete correctness gate (debug)	2026-09-20T20:00:58.6146880Z test composed_input_and_control_flow ... ok
compatibility (macos-15-intel, x86_64)	Complete correctness gate (debug)	2026-09-20T20:00:58.6815230Z test arrays_forwarding_recursion_and_local_parameters ... ok
compatibility (macos-15-intel, x86_64)	Complete correctness gate (debug)	2026-09-20T20:00:58.8613880Z test numeric_conversion_matches_original_buffer_limit ... ok
compatibility (macos-15-intel, x86_64)	Complete correctness gate (debug)	2026-09-20T20:00:58.9572890Z test tuple_membership_uses_current_subsep_between_components ... ok
compatibility (macos-15-intel, x86_64)	Complete correctness gate (debug)	2026-09-20T20:01:01.0612680Z test regex_compositions_match_original ... ok
compatibility (macos-15-intel, x86_64)	Complete correctness gate (debug)	2026-09-20T20:01:02.3397290Z test generated_record_array_function_programs ... ok
compatibility (macos-15-intel, x86_64)	Complete correctness gate (debug)	2026-09-20T20:01:03.6162760Z test hex_floats_precision_flags_and_boundaries ... ok
compatibility (macos-15-intel, x86_64)	Complete correctness gate (debug)	2026-09-20T20:01:03.6163590Z 
compatibility (macos-15-intel, x86_64)	Complete correctness gate (debug)	2026-09-20T20:01:03.6164250Z test result: ok. 8 passed; 0 failed; 0 ignored; 0 measured; 0 filtered out; finished in 5.23s
compatibility (macos-15-intel, x86_64)	Complete correctness gate (debug)	2026-09-20T20:01:03.6165670Z 
compatibility (macos-15-intel, x86_64)	Complete correctness gate (debug)	2026-09-20T20:01:03.6166370Z      Running tests/corpus.rs (target/debug/deps/corpus-ebc68ff03ddcb0ae)
compatibility (macos-15-intel, x86_64)	Complete correctness gate (debug)	2026-09-20T20:01:03.6222530Z 
compatibility (macos-15-intel, x86_64)	Complete correctness gate (debug)	2026-09-20T20:01:03.6223240Z running 1 test
compatibility (macos-15-intel, x86_64)	Complete correctness gate (debug)	2026-09-20T20:01:18.3231970Z test original_small_programs ... ok
compatibility (macos-15-intel, x86_64)	Complete correctness gate (debug)	2026-09-20T20:01:18.3232430Z 
compatibility (macos-15-intel, x86_64)	Complete correctness gate (debug)	2026-09-20T20:01:18.3233690Z test result: ok. 1 passed; 0 failed; 0 ignored; 0 measured; 0 filtered out; finished in 14.69s
compatibility (macos-15-intel, x86_64)	Complete correctness gate (debug)	2026-09-20T20:01:18.3236020Z 
compatibility (macos-15-intel, x86_64)	Complete correctness gate (debug)	2026-09-20T20:01:18.3237590Z      Running tests/corpus_contracts.rs (target/debug/deps/corpus_contracts-ba9a897e2e00f6e1)
compatibility (macos-15-intel, x86_64)	Complete correctness gate (debug)	2026-09-20T20:01:18.3307270Z 
compatibility (macos-15-intel, x86_64)	Complete correctness gate (debug)	2026-09-20T20:01:18.3316750Z running 3 tests
compatibility (macos-15-intel, x86_64)	Complete correctness gate (debug)	2026-09-20T20:01:18.4145960Z test rng_is_bounded_repeatable_and_srand_returns_previous_seed ... ok
compatibility (macos-15-intel, x86_64)	Complete correctness gate (debug)	2026-09-20T20:01:19.0709160Z test contracts_reject_new_differences ... ok
compatibility (macos-15-intel, x86_64)	Complete correctness gate (debug)	2026-09-20T20:01:27.5300090Z test entire_small_corpus_obeys_explicit_contracts ... ok
compatibility (macos-15-intel, x86_64)	Complete correctness gate (debug)	2026-09-20T20:01:27.5301030Z 
compatibility (macos-15-intel, x86_64)	Complete correctness gate (debug)	2026-09-20T20:01:27.5301700Z test result: ok. 3 passed; 0 failed; 0 ignored; 0 measured; 0 filtered out; finished in 9.19s
compatibility (macos-15-intel, x86_64)	Complete correctness gate (debug)	2026-09-20T20:01:27.5302790Z 
compatibility (macos-15-intel, x86_64)	Complete correctness gate (debug)	2026-09-20T20:01:27.5303610Z      Running tests/data_contract.rs (target/debug/deps/data_contract-056c85618313b998)
compatibility (macos-15-intel, x86_64)	Complete correctness gate (debug)	2026-09-20T20:01:27.5382770Z 
compatibility (macos-15-intel, x86_64)	Complete correctness gate (debug)	2026-09-20T20:01:27.5393610Z running 9 tests
compatibility (macos-15-intel, x86_64)	Complete correctness gate (debug)	2026-09-20T20:01:27.5595720Z test csv_handles_quoted_delimiters_newlines_and_escaped_quotes ... ok
compatibility (macos-15-intel, x86_64)	Complete correctness gate (debug)	2026-09-20T20:01:27.5670490Z test regex_uses_leftmost_longest ... ok
compatibility (macos-15-intel, x86_64)	Complete correctness gate (debug)	2026-09-20T20:01:27.5808370Z test invalid_regex_is_reported ... ok
compatibility (macos-15-intel, x86_64)	Complete correctness gate (debug)	2026-09-20T20:01:27.5811030Z test fields_accept_regex_separator ... ok
compatibility (macos-15-intel, x86_64)	Complete correctness gate (debug)	2026-09-20T20:01:27.5911350Z test split_preserves_empty_fields_and_clears_array ... ok
compatibility (macos-15-intel, x86_64)	Complete correctness gate (debug)	2026-09-20T20:01:27.5990280Z test reused_whitespace_fields_preserve_nul_bytes ... ok
compatibility (macos-15-intel, x86_64)	Complete correctness gate (debug)	2026-09-20T20:01:27.6277990Z test substitutions_report_count_not_changed_text ... ok
compatibility (macos-15-intel, x86_64)	Complete correctness gate (debug)	2026-09-20T20:01:27.6324000Z test successive_whitespace_records_preserve_values_and_numeric_types ... ok
compatibility (macos-15-intel, x86_64)	Complete correctness gate (debug)	2026-09-20T20:01:27.7307770Z test whitespace_reuse_handles_resplit_getline_and_separator_changes ... ok
compatibility (macos-15-intel, x86_64)	Complete correctness gate (debug)	2026-09-20T20:01:27.7394700Z 
compatibility (macos-15-intel, x86_64)	Complete correctness gate (debug)	2026-09-20T20:01:27.7395930Z test result: ok. 9 passed; 0 failed; 0 ignored; 0 measured; 0 filtered out; finished in 0.19s
compatibility (macos-15-intel, x86_64)	Complete correctness gate (debug)	2026-09-20T20:01:27.7397250Z 
compatibility (macos-15-intel, x86_64)	Complete correctness gate (debug)	2026-09-20T20:01:27.7398320Z      Running tests/diffrun_buckets.rs (target/debug/deps/diffrun_buckets-8ca7dbef3cbb2933)
compatibility (macos-15-intel, x86_64)	Complete correctness gate (debug)	2026-09-20T20:01:27.7435590Z 
compatibility (macos-15-intel, x86_64)	Complete correctness gate (debug)	2026-09-20T20:01:27.7437670Z running 3 tests
compatibility (macos-15-intel, x86_64)	Complete correctness gate (debug)	2026-09-20T20:01:35.1047840Z test diffrun_emits_four_bucket_summary ... ok
compatibility (macos-15-intel, x86_64)	Complete correctness gate (debug)	2026-09-20T20:01:35.2324640Z test diffrun_exits_nonzero_when_unexpected_divergences_present ... ok
compatibility (macos-15-intel, x86_64)	Complete correctness gate (debug)	2026-09-20T20:01:35.3322200Z test diffrun_step23_target_counts ... ok
compatibility (macos-15-intel, x86_64)	Complete correctness gate (debug)	2026-09-20T20:01:35.3323020Z 
compatibility (macos-15-intel, x86_64)	Complete correctness gate (debug)	2026-09-20T20:01:35.3324800Z test result: ok. 3 passed; 0 failed; 0 ignored; 0 measured; 0 filtered out; finished in 7.59s
compatibility (macos-15-intel, x86_64)	Complete correctness gate (debug)	2026-09-20T20:01:35.3325700Z 
compatibility (macos-15-intel, x86_64)	Complete correctness gate (debug)	2026-09-20T20:01:35.3326390Z      Running tests/driver_regressions.rs (target/debug/deps/driver_regressions-a49451f0e230d799)
compatibility (macos-15-intel, x86_64)	Complete correctness gate (debug)	2026-09-20T20:01:35.3392420Z 
compatibility (macos-15-intel, x86_64)	Complete correctness gate (debug)	2026-09-20T20:01:35.3398480Z running 8 tests
compatibility (macos-15-intel, x86_64)	Complete correctness gate (debug)	2026-09-20T20:01:35.3857210Z test field_index_beyond_reference_integer_range_is_an_error ... ok
compatibility (macos-15-intel, x86_64)	Complete correctness gate (debug)	2026-09-20T20:01:35.4181030Z test multifile_syntax_error_names_offending_source ... ok
compatibility (macos-15-intel, x86_64)	Complete correctness gate (debug)	2026-09-20T20:01:35.4349520Z test getline_comparison_is_not_part_of_filename ... ok
compatibility (macos-15-intel, x86_64)	Complete correctness gate (debug)	2026-09-20T20:01:35.4453890Z test invalid_function_parameters_are_errors_before_execution ... ok
compatibility (macos-15-intel, x86_64)	Complete correctness gate (debug)	2026-09-20T20:01:35.5466290Z test stdin_program_and_empty_statements ... ok
compatibility (macos-15-intel, x86_64)	Complete correctness gate (debug)	2026-09-20T20:01:35.5926720Z test redirected_stdin_shares_buffer_with_main_input ... ok
compatibility (macos-15-intel, x86_64)	Complete correctness gate (debug)	2026-09-20T20:01:36.0701030Z test standard_output_aliases_share_streams_and_lifecycle ... ok
compatibility (macos-15-intel, x86_64)	Complete correctness gate (debug)	2026-09-20T20:01:36.4896270Z test checked_math_matches_native_oracle ... ok
compatibility (macos-15-intel, x86_64)	Complete correctness gate (debug)	2026-09-20T20:01:36.4897290Z 
compatibility (macos-15-intel, x86_64)	Complete correctness gate (debug)	2026-09-20T20:01:36.4898600Z test result: ok. 8 passed; 0 failed; 0 ignored; 0 measured; 0 filtered out; finished in 1.15s
compatibility (macos-15-intel, x86_64)	Complete correctness gate (debug)	2026-09-20T20:01:36.4899320Z 
compatibility (macos-15-intel, x86_64)	Complete correctness gate (debug)	2026-09-20T20:01:36.4899780Z      Running tests/dynamic_format.rs (target/debug/deps/dynamic_format-6afb6b394dedc79e)
compatibility (macos-15-intel, x86_64)	Complete correctness gate (debug)	2026-09-20T20:01:36.4955510Z 
compatibility (macos-15-intel, x86_64)	Complete correctness gate (debug)	2026-09-20T20:01:36.4964800Z running 8 tests
compatibility (macos-15-intel, x86_64)	Complete correctness gate (debug)	2026-09-20T20:01:36.5519710Z test missing_star_arguments_are_errors ... ok
compatibility (macos-15-intel, x86_64)	Complete correctness gate (debug)	2026-09-20T20:01:36.6076270Z test negative_precision_keeps_binary_and_multibyte_paths ... ok
compatibility (macos-15-intel, x86_64)	Complete correctness gate (debug)	2026-09-20T20:01:36.6674580Z test string_and_literal_range_errors_do_not_discard_arithmetic_subnormals ... ok
compatibility (macos-15-intel, x86_64)	Complete correctness gate (debug)	2026-09-20T20:01:37.3334560Z test unsigned_conversion_matches_native_oracle ... ok
compatibility (macos-15-intel, x86_64)	Complete correctness gate (debug)	2026-09-20T20:01:37.4687930Z test zero_padded_strings_match_native_oracle ... ok
compatibility (macos-15-intel, x86_64)	Complete correctness gate (debug)	2026-09-20T20:01:39.4346860Z test dynamic_width_precision_and_consumption ... ok
compatibility (macos-15-intel, x86_64)	Complete correctness gate (debug)	2026-09-20T20:01:45.7853950Z test integer_flags_precision_and_signs ... ok
compatibility (macos-15-intel, x86_64)	Complete correctness gate (debug)	2026-09-20T20:01:48.4222210Z test negative_dynamic_precision_preserves_flags_and_argument_consumption ... ok
compatibility (macos-15-intel, x86_64)	Complete correctness gate (debug)	2026-09-20T20:01:48.4222940Z 
compatibility (macos-15-intel, x86_64)	Complete correctness gate (debug)	2026-09-20T20:01:48.4224680Z test result: ok. 8 passed; 0 failed; 0 ignored; 0 measured; 0 filtered out; finished in 11.92s
compatibility (macos-15-intel, x86_64)	Complete correctness gate (debug)	2026-09-20T20:01:48.4225500Z 
compatibility (macos-15-intel, x86_64)	Complete correctness gate (debug)	2026-09-20T20:01:48.4225970Z      Running tests/error_messages.rs (target/debug/deps/error_messages-ff5cacaa73866461)
compatibility (macos-15-intel, x86_64)	Complete correctness gate (debug)	2026-09-20T20:01:48.4280270Z 
compatibility (macos-15-intel, x86_64)	Complete correctness gate (debug)	2026-09-20T20:01:48.4281600Z running 2 tests
compatibility (macos-15-intel, x86_64)	Complete correctness gate (debug)	2026-09-20T20:01:48.4358280Z test missing_program_file_mentions_filename ... ok
compatibility (macos-15-intel, x86_64)	Complete correctness gate (debug)	2026-09-20T20:01:48.4365470Z test output_to_unwritable_path_mentions_filename ... ok
compatibility (macos-15-intel, x86_64)	Complete correctness gate (debug)	2026-09-20T20:01:48.4366110Z 
compatibility (macos-15-intel, x86_64)	Complete correctness gate (debug)	2026-09-20T20:01:48.4367350Z test result: ok. 2 passed; 0 failed; 0 ignored; 0 measured; 0 filtered out; finished in 0.01s
compatibility (macos-15-intel, x86_64)	Complete correctness gate (debug)	2026-09-20T20:01:48.4368200Z 
compatibility (macos-15-intel, x86_64)	Complete correctness gate (debug)	2026-09-20T20:01:48.4368760Z      Running tests/exit_codes.rs (target/debug/deps/exit_codes-e79c3c6b46c94d8a)
compatibility (macos-15-intel, x86_64)	Complete correctness gate (debug)	2026-09-20T20:01:48.4426520Z 
compatibility (macos-15-intel, x86_64)	Complete correctness gate (debug)	2026-09-20T20:01:48.4428240Z running 4 tests
compatibility (macos-15-intel, x86_64)	Complete correctness gate (debug)	2026-09-20T20:01:48.4513340Z test exit_from_end_block ... ok
compatibility (macos-15-intel, x86_64)	Complete correctness gate (debug)	2026-09-20T20:01:48.4515360Z test exit_zero_default ... ok
compatibility (macos-15-intel, x86_64)	Complete correctness gate (debug)	2026-09-20T20:01:48.4516360Z test exit_with_value ... ok
compatibility (macos-15-intel, x86_64)	Complete correctness gate (debug)	2026-09-20T20:01:48.4517840Z test syntax_error_nonzero ... ok
compatibility (macos-15-intel, x86_64)	Complete correctness gate (debug)	2026-09-20T20:01:48.4518200Z 
compatibility (macos-15-intel, x86_64)	Complete correctness gate (debug)	2026-09-20T20:01:48.4519210Z test result: ok. 4 passed; 0 failed; 0 ignored; 0 measured; 0 filtered out; finished in 0.01s
compatibility (macos-15-intel, x86_64)	Complete correctness gate (debug)	2026-09-20T20:01:48.4520550Z 
compatibility (macos-15-intel, x86_64)	Complete correctness gate (debug)	2026-09-20T20:01:48.4521210Z      Running tests/harness.rs (target/debug/deps/harness-3e82fdc04536ed04)
compatibility (macos-15-intel, x86_64)	Complete correctness gate (debug)	2026-09-20T20:01:48.4587410Z 
compatibility (macos-15-intel, x86_64)	Complete correctness gate (debug)	2026-09-20T20:01:48.4588500Z running 5 tests
compatibility (macos-15-intel, x86_64)	Complete correctness gate (debug)	2026-09-20T20:01:48.4596130Z test annotation_does_not_accept_new_failures ... ok
compatibility (macos-15-intel, x86_64)	Complete correctness gate (debug)	2026-09-20T20:01:48.4846030Z test aggregate_gate_reports_an_intermediate_failure ... ok
compatibility (macos-15-intel, x86_64)	Complete correctness gate (debug)	2026-09-20T20:01:48.5100950Z test preserves_bytes_whitespace_and_status ... ok
compatibility (macos-15-intel, x86_64)	Complete correctness gate (debug)	2026-09-20T20:01:48.5377990Z test each_run_has_a_fresh_directory ... ok
compatibility (macos-15-intel, x86_64)	Complete correctness gate (debug)	2026-09-20T20:01:48.9143480Z test timeout_kills_descendants ... ok
compatibility (macos-15-intel, x86_64)	Complete correctness gate (debug)	2026-09-20T20:01:48.9245230Z 
compatibility (macos-15-intel, x86_64)	Complete correctness gate (debug)	2026-09-20T20:01:48.9247120Z test result: ok. 5 passed; 0 failed; 0 ignored; 0 measured; 0 filtered out; finished in 0.46s
compatibility (macos-15-intel, x86_64)	Complete correctness gate (debug)	2026-09-20T20:01:48.9251430Z 
compatibility (macos-15-intel, x86_64)	Complete correctness gate (debug)	2026-09-20T20:01:48.9253430Z      Running tests/historical.rs (target/debug/deps/historical-20233729285c9f24)
compatibility (macos-15-intel, x86_64)	Complete correctness gate (debug)	2026-09-20T20:01:48.9292080Z 
compatibility (macos-15-intel, x86_64)	Complete correctness gate (debug)	2026-09-20T20:01:48.9293280Z running 2 tests
compatibility (macos-15-intel, x86_64)	Complete correctness gate (debug)	2026-09-20T20:01:49.1524130Z test original_invalid_programs_are_rejected_without_panicking ... ok
compatibility (macos-15-intel, x86_64)	Complete correctness gate (debug)	2026-09-20T20:01:50.8591190Z test original_positive_regressions ... ok
compatibility (macos-15-intel, x86_64)	Complete correctness gate (debug)	2026-09-20T20:01:50.8591880Z 
compatibility (macos-15-intel, x86_64)	Complete correctness gate (debug)	2026-09-20T20:01:50.8593320Z test result: ok. 2 passed; 0 failed; 0 ignored; 0 measured; 0 filtered out; finished in 1.94s
compatibility (macos-15-intel, x86_64)	Complete correctness gate (debug)	2026-09-20T20:01:50.8594160Z 
compatibility (macos-15-intel, x86_64)	Complete correctness gate (debug)	2026-09-20T20:01:50.8595470Z      Running tests/input_contract.rs (target/debug/deps/input_contract-29f3ab562e046f09)
compatibility (macos-15-intel, x86_64)	Complete correctness gate (debug)	2026-09-20T20:01:50.8719070Z 
compatibility (macos-15-intel, x86_64)	Complete correctness gate (debug)	2026-09-20T20:01:50.8744090Z running 7 tests
compatibility (macos-15-intel, x86_64)	Complete correctness gate (debug)	2026-09-20T20:01:50.9008230Z test file_getline_and_interleaved_assignments ... ok
compatibility (macos-15-intel, x86_64)	Complete correctness gate (debug)	2026-09-20T20:01:50.9586190Z test getline_uses_main_stream_and_counts_every_read ... ok
compatibility (macos-15-intel, x86_64)	Complete correctness gate (debug)	2026-09-20T20:01:50.9762620Z test missing_getline_file_is_an_error_not_eof ... ok
compatibility (macos-15-intel, x86_64)	Complete correctness gate (debug)	2026-09-20T20:01:50.9868890Z test rewriting_record_does_not_count_a_read ... ok
compatibility (macos-15-intel, x86_64)	Complete correctness gate (debug)	2026-09-20T20:01:50.9896480Z test large_records_getline_and_rs_changes_match_c ... ok
compatibility (macos-15-intel, x86_64)	Complete correctness gate (debug)	2026-09-20T20:01:50.9906370Z test large_csv_records_match_c ... ok
compatibility (macos-15-intel, x86_64)	Complete correctness gate (debug)	2026-09-20T20:01:50.9918740Z test rs_changes_apply_to_unconsumed_input ... ok
compatibility (macos-15-intel, x86_64)	Complete correctness gate (debug)	2026-09-20T20:01:50.9919880Z 
compatibility (macos-15-intel, x86_64)	Complete correctness gate (debug)	2026-09-20T20:01:50.9921650Z test result: ok. 7 passed; 0 failed; 0 ignored; 0 measured; 0 filtered out; finished in 0.12s
compatibility (macos-15-intel, x86_64)	Complete correctness gate (debug)	2026-09-20T20:01:50.9922590Z 
compatibility (macos-15-intel, x86_64)	Complete correctness gate (debug)	2026-09-20T20:01:50.9924060Z      Running tests/language_contract.rs (target/debug/deps/language_contract-b3008c8677a59320)
compatibility (macos-15-intel, x86_64)	Complete correctness gate (debug)	2026-09-20T20:01:50.9996940Z 
compatibility (macos-15-intel, x86_64)	Complete correctness gate (debug)	2026-09-20T20:01:50.9997550Z running 7 tests
compatibility (macos-15-intel, x86_64)	Complete correctness gate (debug)	2026-09-20T20:01:51.0156740Z test array_parameters_are_references ... ok
compatibility (macos-15-intel, x86_64)	Complete correctness gate (debug)	2026-09-20T20:01:51.0321330Z test lvalue_indices_are_evaluated_once ... ok
compatibility (macos-15-intel, x86_64)	Complete correctness gate (debug)	2026-09-20T20:01:51.0425660Z test array_reads_create_entries ... ok
compatibility (macos-15-intel, x86_64)	Complete correctness gate (debug)	2026-09-20T20:01:51.0439510Z test convfmt_is_used_for_comparisons_fields_and_keys ... ok
compatibility (macos-15-intel, x86_64)	Complete correctness gate (debug)	2026-09-20T20:01:51.0444400Z test expressions_and_escapes ... ok
compatibility (macos-15-intel, x86_64)	Complete correctness gate (debug)	2026-09-20T20:01:51.0509030Z test numeric_and_string_values_keep_their_types ... ok
compatibility (macos-15-intel, x86_64)	Complete correctness gate (debug)	2026-09-20T20:01:51.0729330Z test range_patterns_and_empty_actions ... ok
compatibility (macos-15-intel, x86_64)	Complete correctness gate (debug)	2026-09-20T20:01:51.0729800Z 
compatibility (macos-15-intel, x86_64)	Complete correctness gate (debug)	2026-09-20T20:01:51.0730260Z test result: ok. 7 passed; 0 failed; 0 ignored; 0 measured; 0 filtered out; finished in 0.07s
compatibility (macos-15-intel, x86_64)	Complete correctness gate (debug)	2026-09-20T20:01:51.0731030Z 
compatibility (macos-15-intel, x86_64)	Complete correctness gate (debug)	2026-09-20T20:01:51.0732570Z      Running tests/legacy_locale.rs (target/debug/deps/legacy_locale-a01b05032962108c)
compatibility (macos-15-intel, x86_64)	Complete correctness gate (debug)	2026-09-20T20:01:51.0791800Z 
compatibility (macos-15-intel, x86_64)	Complete correctness gate (debug)	2026-09-20T20:01:51.0804990Z running 6 tests
compatibility (macos-15-intel, x86_64)	Complete correctness gate (debug)	2026-09-20T20:01:51.1719030Z test every_nonzero_byte_case_conversion_matches_c ... ok
compatibility (macos-15-intel, x86_64)	Complete correctness gate (debug)	2026-09-20T20:01:51.1800930Z test byte_positions_ranges_splits_and_substitution_match_c ... ok
compatibility (macos-15-intel, x86_64)	Complete correctness gate (debug)	2026-09-20T20:01:51.2398770Z test nul_preservation_remains_an_explicit_rust_extension ... ok
compatibility (macos-15-intel, x86_64)	Complete correctness gate (debug)	2026-09-20T20:01:51.2632030Z test legacy_locale_selection_obeys_precedence_and_is_fixed_at_startup ... ok
compatibility (macos-15-intel, x86_64)	Complete correctness gate (debug)	2026-09-20T20:01:51.3459230Z test required_single_byte_locales_are_active ... ok
compatibility (macos-15-intel, x86_64)	Complete correctness gate (debug)	2026-09-20T20:01:52.7414140Z test every_nonzero_byte_in_each_posix_class_matches_c ... ok
compatibility (macos-15-intel, x86_64)	Complete correctness gate (debug)	2026-09-20T20:01:52.7415790Z 
compatibility (macos-15-intel, x86_64)	Complete correctness gate (debug)	2026-09-20T20:01:52.7416400Z test result: ok. 6 passed; 0 failed; 0 ignored; 0 measured; 0 filtered out; finished in 1.66s
compatibility (macos-15-intel, x86_64)	Complete correctness gate (debug)	2026-09-20T20:01:52.7417880Z 
compatibility (macos-15-intel, x86_64)	Complete correctness gate (debug)	2026-09-20T20:01:52.7418440Z      Running tests/phase7_closure.rs (target/debug/deps/phase7_closure-7bd3b6414b13cc02)
compatibility (macos-15-intel, x86_64)	Complete correctness gate (debug)	2026-09-20T20:01:52.7480140Z 
compatibility (macos-15-intel, x86_64)	Complete correctness gate (debug)	2026-09-20T20:01:52.7487060Z running 7 tests
compatibility (macos-15-intel, x86_64)	Complete correctness gate (debug)	2026-09-20T20:01:52.8402610Z test closed_output_pipe_reports_language_error ... ok
compatibility (macos-15-intel, x86_64)	Complete correctness gate (debug)	2026-09-20T20:01:52.9218260Z test contracts_reject_mutations ... ok
compatibility (macos-15-intel, x86_64)	Complete correctness gate (debug)	2026-09-20T20:01:53.1442080Z test raw_source_bytes_survive_inline_file_and_stdin ... ok
compatibility (macos-15-intel, x86_64)	Complete correctness gate (debug)	2026-09-20T20:01:53.3943450Z test keyword_prefixes_and_integral_precision ... ok
compatibility (macos-15-intel, x86_64)	Complete correctness gate (debug)	2026-09-20T20:01:53.5143920Z test separators_keep_string_and_regex_semantics ... ok
compatibility (macos-15-intel, x86_64)	Complete correctness gate (debug)	2026-09-20T20:01:53.6412000Z test generated_octal_regex_atoms_and_literal_operators ... ok
compatibility (macos-15-intel, x86_64)	Complete correctness gate (debug)	2026-09-20T20:02:00.3932790Z test individual_driver_contracts ... ok
compatibility (macos-15-intel, x86_64)	Complete correctness gate (debug)	2026-09-20T20:02:00.3933260Z 
compatibility (macos-15-intel, x86_64)	Complete correctness gate (debug)	2026-09-20T20:02:00.3934210Z test result: ok. 7 passed; 0 failed; 0 ignored; 0 measured; 0 filtered out; finished in 7.64s
compatibility (macos-15-intel, x86_64)	Complete correctness gate (debug)	2026-09-20T20:02:00.3935010Z 
compatibility (macos-15-intel, x86_64)	Complete correctness gate (debug)	2026-09-20T20:02:00.3936410Z      Running tests/printf_sanity.rs (target/debug/deps/printf_sanity-cc5646bd1d784386)
compatibility (macos-15-intel, x86_64)	Complete correctness gate (debug)	2026-09-20T20:02:00.4006550Z 
compatibility (macos-15-intel, x86_64)	Complete correctness gate (debug)	2026-09-20T20:02:00.4011480Z running 5 tests
compatibility (macos-15-intel, x86_64)	Complete correctness gate (debug)	2026-09-20T20:02:00.4157370Z test s_truncate ... ok
compatibility (macos-15-intel, x86_64)	Complete correctness gate (debug)	2026-09-20T20:02:00.4450900Z test f_precision ... ok
compatibility (macos-15-intel, x86_64)	Complete correctness gate (debug)	2026-09-20T20:02:00.4453410Z test d_padding ... ok
compatibility (macos-15-intel, x86_64)	Complete correctness gate (debug)	2026-09-20T20:02:00.4462530Z test x_hex ... ok
compatibility (macos-15-intel, x86_64)	Complete correctness gate (debug)	2026-09-20T20:02:00.4463760Z test e_scientific ... ok
compatibility (macos-15-intel, x86_64)	Complete correctness gate (debug)	2026-09-20T20:02:00.4464790Z 
compatibility (macos-15-intel, x86_64)	Complete correctness gate (debug)	2026-09-20T20:02:00.4466040Z test result: ok. 5 passed; 0 failed; 0 ignored; 0 measured; 0 filtered out; finished in 0.05s
compatibility (macos-15-intel, x86_64)	Complete correctness gate (debug)	2026-09-20T20:02:00.4468770Z 
compatibility (macos-15-intel, x86_64)	Complete correctness gate (debug)	2026-09-20T20:02:00.4470370Z      Running tests/proptest_diff.rs (target/debug/deps/proptest_diff-f0c39b110e9665ab)
compatibility (macos-15-intel, x86_64)	Complete correctness gate (debug)	2026-09-20T20:02:00.4529020Z 
compatibility (macos-15-intel, x86_64)	Complete correctness gate (debug)	2026-09-20T20:02:00.4531280Z running 6 tests
compatibility (macos-15-intel, x86_64)	Complete correctness gate (debug)	2026-09-20T20:02:03.6807740Z test template_printf_float ... ok
compatibility (macos-15-intel, x86_64)	Complete correctness gate (debug)	2026-09-20T20:02:03.7817680Z test template_concat_string ... ok
compatibility (macos-15-intel, x86_64)	Complete correctness gate (debug)	2026-09-20T20:02:03.8826030Z test template_multiply ... ok
compatibility (macos-15-intel, x86_64)	Complete correctness gate (debug)	2026-09-20T20:02:03.9173290Z test template_add ... ok
compatibility (macos-15-intel, x86_64)	Complete correctness gate (debug)	2026-09-20T20:02:05.7735700Z test template_scientific_no_orphan_dot ... ok
compatibility (macos-15-intel, x86_64)	Complete correctness gate (debug)	2026-09-20T20:02:07.1183410Z test template_printf_int ... ok
compatibility (macos-15-intel, x86_64)	Complete correctness gate (debug)	2026-09-20T20:02:07.1183850Z 
compatibility (macos-15-intel, x86_64)	Complete correctness gate (debug)	2026-09-20T20:02:07.1184850Z test result: ok. 6 passed; 0 failed; 0 ignored; 0 measured; 0 filtered out; finished in 6.66s
compatibility (macos-15-intel, x86_64)	Complete correctness gate (debug)	2026-09-20T20:02:07.1185640Z 
compatibility (macos-15-intel, x86_64)	Complete correctness gate (debug)	2026-09-20T20:02:07.1186690Z      Running tests/remaining_contract.rs (target/debug/deps/remaining_contract-436453200952ed4d)
compatibility (macos-15-intel, x86_64)	Complete correctness gate (debug)	2026-09-20T20:02:07.1241580Z 
compatibility (macos-15-intel, x86_64)	Complete correctness gate (debug)	2026-09-20T20:02:07.1244210Z running 7 tests
compatibility (macos-15-intel, x86_64)	Complete correctness gate (debug)	2026-09-20T20:02:07.1524340Z test bracket_normalization_preserves_the_binary_profile ... ok
compatibility (macos-15-intel, x86_64)	Complete correctness gate (debug)	2026-09-20T20:02:07.2157800Z test missing_fields_are_empty_strings_not_uninitialized_variables ... ok
compatibility (macos-15-intel, x86_64)	Complete correctness gate (debug)	2026-09-20T20:02:07.2495580Z test character_format_distinguishes_numeric_fields_from_literal_strings ... ok
compatibility (macos-15-intel, x86_64)	Complete correctness gate (debug)	2026-09-20T20:02:07.8157020Z test descending_bracket_ranges_follow_original_c ... ok
compatibility (macos-15-intel, x86_64)	Complete correctness gate (debug)	2026-09-20T20:02:10.5833410Z test generated_rational_values_and_float_formats ... ok
compatibility (macos-15-intel, x86_64)	Complete correctness gate (debug)	2026-09-20T20:02:13.2275200Z test replacement_escapes_have_separate_lexical_and_runtime_stages ... ok
compatibility (macos-15-intel, x86_64)	Complete correctness gate (debug)	2026-09-20T20:02:15.0852840Z test numeric_rounding_uses_the_exact_binary_value ... ok
compatibility (macos-15-intel, x86_64)	Complete correctness gate (debug)	2026-09-20T20:02:15.0853440Z 
compatibility (macos-15-intel, x86_64)	Complete correctness gate (debug)	2026-09-20T20:02:15.0854800Z test result: ok. 7 passed; 0 failed; 0 ignored; 0 measured; 0 filtered out; finished in 7.96s
compatibility (macos-15-intel, x86_64)	Complete correctness gate (debug)	2026-09-20T20:02:15.0856020Z 
compatibility (macos-15-intel, x86_64)	Complete correctness gate (debug)	2026-09-20T20:02:15.0857180Z      Running tests/runtime_contract.rs (target/debug/deps/runtime_contract-4a22aae1c414664d)
compatibility (macos-15-intel, x86_64)	Complete correctness gate (debug)	2026-09-20T20:02:15.0924760Z 
compatibility (macos-15-intel, x86_64)	Complete correctness gate (debug)	2026-09-20T20:02:15.0930180Z running 3 tests
compatibility (macos-15-intel, x86_64)	Complete correctness gate (debug)	2026-09-20T20:02:15.1094230Z test exit_executes_end_and_interrupts_expressions ... ok
compatibility (macos-15-intel, x86_64)	Complete correctness gate (debug)	2026-09-20T20:02:15.1399120Z test short_circuit_preserves_side_effects ... ok
compatibility (macos-15-intel, x86_64)	Complete correctness gate (debug)	2026-09-20T20:02:15.1527610Z test return_escapes_all_loop_forms ... ok
compatibility (macos-15-intel, x86_64)	Complete correctness gate (debug)	2026-09-20T20:02:15.1530410Z 
compatibility (macos-15-intel, x86_64)	Complete correctness gate (debug)	2026-09-20T20:02:15.1532050Z test result: ok. 3 passed; 0 failed; 0 ignored; 0 measured; 0 filtered out; finished in 0.06s
compatibility (macos-15-intel, x86_64)	Complete correctness gate (debug)	2026-09-20T20:02:15.1533490Z 
compatibility (macos-15-intel, x86_64)	Complete correctness gate (debug)	2026-09-20T20:02:15.1535310Z      Running tests/shell_drivers.rs (target/debug/deps/shell_drivers-e247e5452a0b2f0c)
compatibility (macos-15-intel, x86_64)	Complete correctness gate (debug)	2026-09-20T20:02:15.1612480Z 
compatibility (macos-15-intel, x86_64)	Complete correctness gate (debug)	2026-09-20T20:02:15.1618370Z running 3 tests
compatibility (macos-15-intel, x86_64)	Complete correctness gate (debug)	2026-09-20T20:02:17.3637690Z test shell_driver_gate_rejects_missing_interpreter_output ... ok
compatibility (macos-15-intel, x86_64)	Complete correctness gate (debug)	2026-09-20T20:02:19.6994460Z test original_cli_and_array_shell_drivers ... ok
compatibility (macos-15-intel, x86_64)	Complete correctness gate (debug)	2026-09-20T20:03:15.3034640Z test admitted_original_shell_drivers has been running for over 60 seconds
compatibility (macos-15-intel, x86_64)	Complete correctness gate (debug)	2026-09-20T20:03:35.8634370Z test admitted_original_shell_drivers ... ok
compatibility (macos-15-intel, x86_64)	Complete correctness gate (debug)	2026-09-20T20:03:35.8634880Z 
compatibility (macos-15-intel, x86_64)	Complete correctness gate (debug)	2026-09-20T20:03:35.8635570Z test result: ok. 3 passed; 0 failed; 0 ignored; 0 measured; 0 filtered out; finished in 80.66s
compatibility (macos-15-intel, x86_64)	Complete correctness gate (debug)	2026-09-20T20:03:35.8636360Z 
compatibility (macos-15-intel, x86_64)	Complete correctness gate (debug)	2026-09-20T20:03:35.8638210Z      Running tests/shift_jis.rs (target/debug/deps/shift_jis-3fc952ae0ee42612)
compatibility (macos-15-intel, x86_64)	Complete correctness gate (debug)	2026-09-20T20:03:35.8698810Z 
compatibility (macos-15-intel, x86_64)	Complete correctness gate (debug)	2026-09-20T20:03:35.8703390Z running 12 tests
compatibility (macos-15-intel, x86_64)	Complete correctness gate (debug)	2026-09-20T20:03:35.9594160Z test decoded_character_with_unencodable_case_mapping_matches_c ... ok
compatibility (macos-15-intel, x86_64)	Complete correctness gate (debug)	2026-09-20T20:03:35.9604970Z test conversion_failure_preserves_atomic_print_contract ... ok
compatibility (macos-15-intel, x86_64)	Complete correctness gate (debug)	2026-09-20T20:03:35.9609880Z test embedded_nul_preserves_the_rust_binary_extension ... ok
compatibility (macos-15-intel, x86_64)	Complete correctness gate (debug)	2026-09-20T20:03:36.0272590Z test regex_rs_with_three_or_four_byte_structural_units_matches_c ... ok
compatibility (macos-15-intel, x86_64)	Complete correctness gate (debug)	2026-09-20T20:03:36.0941380Z test required_sjis_locale_has_observable_case_mapping ... ok
compatibility (macos-15-intel, x86_64)	Complete correctness gate (debug)	2026-09-20T20:03:36.2751560Z test record_separators_and_locale_precedence_match_c ... ok
compatibility (macos-15-intel, x86_64)	Complete correctness gate (debug)	2026-09-20T20:03:36.3360170Z test streaming_rs_keeps_binary_data_distinct_from_eof ... ok
compatibility (macos-15-intel, x86_64)	Complete correctness gate (debug)	2026-09-20T20:03:36.9896750Z test regex_rs_sjis_refill_across_input_buffers_and_getline_matches_c ... ok
compatibility (macos-15-intel, x86_64)	Complete correctness gate (debug)	2026-09-20T20:03:37.3941980Z test structural_units_regex_fields_and_formatting_match_c ... ok
compatibility (macos-15-intel, x86_64)	Complete correctness gate (debug)	2026-09-20T20:03:37.6085970Z test valid_case_conversion_and_truncated_suffixes_match_c ... ok
compatibility (macos-15-intel, x86_64)	Complete correctness gate (debug)	2026-09-20T20:03:46.1943060Z test regex_rs_refill_restart_longest_and_anchors_match_c ... ok
compatibility (macos-15-intel, x86_64)	Complete correctness gate (debug)	2026-09-20T20:04:11.7761880Z test single_bytes_and_lead_trail_boundaries_match_c ... ok
compatibility (macos-15-intel, x86_64)	Complete correctness gate (debug)	2026-09-20T20:04:11.7762420Z 
compatibility (macos-15-intel, x86_64)	Complete correctness gate (debug)	2026-09-20T20:04:11.7762920Z test result: ok. 12 passed; 0 failed; 0 ignored; 0 measured; 0 filtered out; finished in 35.89s
compatibility (macos-15-intel, x86_64)	Complete correctness gate (debug)	2026-09-20T20:04:11.7763670Z 
compatibility (macos-15-intel, x86_64)	Complete correctness gate (debug)	2026-09-20T20:04:11.7764490Z      Running tests/unicode_contract.rs (target/debug/deps/unicode_contract-79f6db1d7dcf5d85)
compatibility (macos-15-intel, x86_64)	Complete correctness gate (debug)	2026-09-20T20:04:11.7819540Z 
compatibility (macos-15-intel, x86_64)	Complete correctness gate (debug)	2026-09-20T20:04:11.7824440Z running 12 tests
compatibility (macos-15-intel, x86_64)	Complete correctness gate (debug)	2026-09-20T20:04:11.8481130Z test binary_nul_extension_and_case_conversion_errors ... ok
compatibility (macos-15-intel, x86_64)	Complete correctness gate (debug)	2026-09-20T20:04:11.9139200Z test match_rhs_literals_and_dynamic_patterns_keep_their_distinct_evaluation ... ok
compatibility (macos-15-intel, x86_64)	Complete correctness gate (debug)	2026-09-20T20:04:12.0441980Z test repeated_matches_and_index_inside_a_multibyte_unit ... ok
compatibility (macos-15-intel, x86_64)	Complete correctness gate (debug)	2026-09-20T20:04:12.2443220Z test locale_precedence_and_character_operations ... ok
compatibility (macos-15-intel, x86_64)	Complete correctness gate (debug)	2026-09-20T20:04:12.2651810Z test required_locales_are_active_in_both_interpreters ... ok
compatibility (macos-15-intel, x86_64)	Complete correctness gate (debug)	2026-09-20T20:04:12.6424850Z test boolean_regex_search_preserves_rune_alignment_and_empty_matches ... ok
compatibility (macos-15-intel, x86_64)	Complete correctness gate (debug)	2026-09-20T20:04:13.3781380Z test unicode_formatting_and_source_escapes ... ok
compatibility (macos-15-intel, x86_64)	Complete correctness gate (debug)	2026-09-20T20:04:13.5016700Z test substitution_expansion_preserves_prefixes_escapes_and_empty_matches ... ok
compatibility (macos-15-intel, x86_64)	Complete correctness gate (debug)	2026-09-20T20:04:14.6727920Z test utf8_record_separators_across_buffers ... ok
compatibility (macos-15-intel, x86_64)	Complete correctness gate (debug)	2026-09-20T20:04:14.7466940Z test utf8_regex_empty_matches_and_mixed_bytes ... ok
compatibility (macos-15-intel, x86_64)	Complete correctness gate (debug)	2026-09-20T20:04:14.8707440Z test unicode_classes_ranges_and_anchors ... ok
compatibility (macos-15-intel, x86_64)	Complete correctness gate (debug)	2026-09-20T20:04:25.1934560Z test original_utf8_drivers ... ok
compatibility (macos-15-intel, x86_64)	Complete correctness gate (debug)	2026-09-20T20:04:25.1942070Z 
compatibility (macos-15-intel, x86_64)	Complete correctness gate (debug)	2026-09-20T20:04:25.1942730Z test result: ok. 12 passed; 0 failed; 0 ignored; 0 measured; 0 filtered out; finished in 13.40s
compatibility (macos-15-intel, x86_64)	Complete correctness gate (debug)	2026-09-20T20:04:25.1943490Z 
compatibility (macos-15-intel, x86_64)	Complete correctness gate (debug)	2026-09-20T20:04:25.1944080Z      Running tests/xml_runner_test.rs (target/debug/deps/xml_runner_test-41c446961b55ba83)
compatibility (macos-15-intel, x86_64)	Complete correctness gate (debug)	2026-09-20T20:04:25.1999880Z 
compatibility (macos-15-intel, x86_64)	Complete correctness gate (debug)	2026-09-20T20:04:25.2000700Z running 1 test
compatibility (macos-15-intel, x86_64)	Complete correctness gate (debug)	2026-09-20T20:04:28.2849090Z test run_xml_testsuite ... ok
compatibility (macos-15-intel, x86_64)	Complete correctness gate (debug)	2026-09-20T20:04:28.2851080Z 
compatibility (macos-15-intel, x86_64)	Complete correctness gate (debug)	2026-09-20T20:04:28.2865980Z test result: ok. 1 passed; 0 failed; 0 ignored; 0 measured; 0 filtered out; finished in 3.08s
compatibility (macos-15-intel, x86_64)	Complete correctness gate (debug)	2026-09-20T20:04:28.2868840Z 
compatibility (macos-15-intel, x86_64)	Complete correctness gate (debug)	2026-09-20T20:04:28.2871170Z    Doc-tests rawk
compatibility (macos-15-intel, x86_64)	Complete correctness gate (debug)	2026-09-20T20:04:28.3954860Z 
compatibility (macos-15-intel, x86_64)	Complete correctness gate (debug)	2026-09-20T20:04:28.3957070Z running 0 tests
compatibility (macos-15-intel, x86_64)	Complete correctness gate (debug)	2026-09-20T20:04:28.3958860Z 
compatibility (macos-15-intel, x86_64)	Complete correctness gate (debug)	2026-09-20T20:04:28.3960310Z test result: ok. 0 passed; 0 failed; 0 ignored; 0 measured; 0 filtered out; finished in 0.00s
compatibility (macos-15-intel, x86_64)	Complete correctness gate (debug)	2026-09-20T20:04:28.3961040Z 
compatibility (macos-15-intel, x86_64)	Complete correctness gate (debug)	2026-09-20T20:04:28.4021690Z OK
compatibility (macos-15-intel, x86_64)	Complete release test suite	﻿2026-09-20T20:04:28.4725910Z ##[group]Run set -o pipefail
compatibility (macos-15-intel, x86_64)	Complete release test suite	2026-09-20T20:04:28.4727300Z [36;1mset -o pipefail[0m
compatibility (macos-15-intel, x86_64)	Complete release test suite	2026-09-20T20:04:28.4728270Z [36;1mcargo test --locked --release 2>&1 | tee diary/darwin-release-ci.log[0m
compatibility (macos-15-intel, x86_64)	Complete release test suite	2026-09-20T20:04:28.4921750Z shell: /bin/bash -e {0}
compatibility (macos-15-intel, x86_64)	Complete release test suite	2026-09-20T20:04:28.4922280Z env:
compatibility (macos-15-intel, x86_64)	Complete release test suite	2026-09-20T20:04:28.4922670Z   LC_ALL: C
compatibility (macos-15-intel, x86_64)	Complete release test suite	2026-09-20T20:04:28.4923080Z   CARGO_INCREMENTAL: 0
compatibility (macos-15-intel, x86_64)	Complete release test suite	2026-09-20T20:04:28.4923570Z   RUSTUP_TOOLCHAIN: 1.96.0
compatibility (macos-15-intel, x86_64)	Complete release test suite	2026-09-20T20:04:28.4924070Z ##[endgroup]
compatibility (macos-15-intel, x86_64)	Complete release test suite	2026-09-20T20:04:28.8017430Z    Compiling num-traits v0.2.19
compatibility (macos-15-intel, x86_64)	Complete release test suite	2026-09-20T20:04:28.8682800Z    Compiling getrandom v0.3.4
compatibility (macos-15-intel, x86_64)	Complete release test suite	2026-09-20T20:04:28.9728210Z    Compiling zerocopy v0.8.48
compatibility (macos-15-intel, x86_64)	Complete release test suite	2026-09-20T20:04:28.9736600Z    Compiling wait-timeout v0.2.1
compatibility (macos-15-intel, x86_64)	Complete release test suite	2026-09-20T20:04:29.6840970Z    Compiling rand_core v0.9.5
compatibility (macos-15-intel, x86_64)	Complete release test suite	2026-09-20T20:04:29.9712990Z    Compiling quick-error v1.2.3
compatibility (macos-15-intel, x86_64)	Complete release test suite	2026-09-20T20:04:30.0483630Z    Compiling fnv v1.0.7
compatibility (macos-15-intel, x86_64)	Complete release test suite	2026-09-20T20:04:30.0644790Z    Compiling bit-vec v0.8.0
compatibility (macos-15-intel, x86_64)	Complete release test suite	2026-09-20T20:04:30.1228970Z    Compiling rusty-fork v0.3.1
compatibility (macos-15-intel, x86_64)	Complete release test suite	2026-09-20T20:04:30.5951320Z    Compiling bit-set v0.8.0
compatibility (macos-15-intel, x86_64)	Complete release test suite	2026-09-20T20:04:30.8002040Z    Compiling rand v0.9.4
compatibility (macos-15-intel, x86_64)	Complete release test suite	2026-09-20T20:04:31.4234350Z    Compiling chrono v0.4.44
compatibility (macos-15-intel, x86_64)	Complete release test suite	2026-09-20T20:04:31.6056390Z    Compiling rand_xorshift v0.4.0
compatibility (macos-15-intel, x86_64)	Complete release test suite	2026-09-20T20:04:31.7536850Z    Compiling unarray v0.1.4
compatibility (macos-15-intel, x86_64)	Complete release test suite	2026-09-20T20:04:33.1621790Z    Compiling rawk v0.1.0 (/Users/runner/work/rawk/rawk/rawk)
compatibility (macos-15-intel, x86_64)	Complete release test suite	2026-09-20T20:04:36.5041630Z    Compiling ppv-lite86 v0.2.21
compatibility (macos-15-intel, x86_64)	Complete release test suite	2026-09-20T20:04:37.1106740Z    Compiling rand_chacha v0.9.0
compatibility (macos-15-intel, x86_64)	Complete release test suite	2026-09-20T20:04:37.7202550Z    Compiling proptest v1.11.0
compatibility (macos-15-intel, x86_64)	Complete release test suite	2026-09-20T20:05:06.9125580Z     Finished `release` profile [optimized] target(s) in 38.34s
compatibility (macos-15-intel, x86_64)	Complete release test suite	2026-09-20T20:05:06.9245550Z      Running unittests src/lib.rs (target/release/deps/rawk-c15f558537628c02)
compatibility (macos-15-intel, x86_64)	Complete release test suite	2026-09-20T20:05:06.9295970Z 
compatibility (macos-15-intel, x86_64)	Complete release test suite	2026-09-20T20:05:06.9297290Z running 0 tests
compatibility (macos-15-intel, x86_64)	Complete release test suite	2026-09-20T20:05:06.9297750Z 
compatibility (macos-15-intel, x86_64)	Complete release test suite	2026-09-20T20:05:06.9301730Z test result: ok. 0 passed; 0 failed; 0 ignored; 0 measured; 0 filtered out; finished in 0.00s
compatibility (macos-15-intel, x86_64)	Complete release test suite	2026-09-20T20:05:06.9302760Z 
compatibility (macos-15-intel, x86_64)	Complete release test suite	2026-09-20T20:05:06.9303330Z      Running unittests src/bin/diffrun.rs (target/release/deps/diffrun-e73f233a2f842257)
compatibility (macos-15-intel, x86_64)	Complete release test suite	2026-09-20T20:05:06.9346810Z 
compatibility (macos-15-intel, x86_64)	Complete release test suite	2026-09-20T20:05:06.9347540Z running 0 tests
compatibility (macos-15-intel, x86_64)	Complete release test suite	2026-09-20T20:05:06.9347880Z 
compatibility (macos-15-intel, x86_64)	Complete release test suite	2026-09-20T20:05:06.9348620Z test result: ok. 0 passed; 0 failed; 0 ignored; 0 measured; 0 filtered out; finished in 0.00s
compatibility (macos-15-intel, x86_64)	Complete release test suite	2026-09-20T20:05:06.9349480Z 
compatibility (macos-15-intel, x86_64)	Complete release test suite	2026-09-20T20:05:06.9349990Z      Running unittests src/main.rs (target/release/deps/rawk-89691518eb7cb3e6)
compatibility (macos-15-intel, x86_64)	Complete release test suite	2026-09-20T20:05:06.9451700Z 
compatibility (macos-15-intel, x86_64)	Complete release test suite	2026-09-20T20:05:06.9467660Z running 6 tests
compatibility (macos-15-intel, x86_64)	Complete release test suite	2026-09-20T20:05:06.9470650Z test input::tests::separators_are_independent_of_read_boundaries ... ok
compatibility (macos-15-intel, x86_64)	Complete release test suite	2026-09-20T20:05:06.9472760Z test unicode_ere::tests::compiled_intervals_cover_only_the_requested_runes ... ok
compatibility (macos-15-intel, x86_64)	Complete release test suite	2026-09-20T20:05:06.9474690Z test unicode_ere::tests::encoding_preserves_offsets_and_invalid_bytes_without_sentinels ... ok
compatibility (macos-15-intel, x86_64)	Complete release test suite	2026-09-20T20:05:06.9476260Z test ere::stream::tests::physical_short_reads_do_not_change_bwk_lookahead ... ok
compatibility (macos-15-intel, x86_64)	Complete release test suite	2026-09-20T20:05:06.9501610Z test input::tests::long_records_compaction_and_separator_changes_share_one_cursor ... ok
compatibility (macos-15-intel, x86_64)	Complete release test suite	2026-09-20T20:05:06.9535510Z test input::tests::long_csv_keeps_quotes_crlf_and_eof_across_short_reads ... ok
compatibility (macos-15-intel, x86_64)	Complete release test suite	2026-09-20T20:05:06.9536330Z 
compatibility (macos-15-intel, x86_64)	Complete release test suite	2026-09-20T20:05:06.9537260Z test result: ok. 6 passed; 0 failed; 0 ignored; 0 measured; 0 filtered out; finished in 0.01s
compatibility (macos-15-intel, x86_64)	Complete release test suite	2026-09-20T20:05:06.9538860Z 
compatibility (macos-15-intel, x86_64)	Complete release test suite	2026-09-20T20:05:06.9540910Z      Running tests/builtins_sanity.rs (target/release/deps/builtins_sanity-ac16a06e56cb337f)
compatibility (macos-15-intel, x86_64)	Complete release test suite	2026-09-20T20:05:06.9596310Z 
compatibility (macos-15-intel, x86_64)	Complete release test suite	2026-09-20T20:05:06.9597140Z running 5 tests
compatibility (macos-15-intel, x86_64)	Complete release test suite	2026-09-20T20:05:07.0061180Z test sprintf_int ... ok
compatibility (macos-15-intel, x86_64)	Complete release test suite	2026-09-20T20:05:07.0064070Z test split_basic ... ok
compatibility (macos-15-intel, x86_64)	Complete release test suite	2026-09-20T20:05:07.0065820Z test length_string ... ok
compatibility (macos-15-intel, x86_64)	Complete release test suite	2026-09-20T20:05:07.0066660Z test match_basic ... ok
compatibility (macos-15-intel, x86_64)	Complete release test suite	2026-09-20T20:05:07.0189370Z test substr_basic ... ok
compatibility (macos-15-intel, x86_64)	Complete release test suite	2026-09-20T20:05:07.0190380Z 
compatibility (macos-15-intel, x86_64)	Complete release test suite	2026-09-20T20:05:07.0191540Z test result: ok. 5 passed; 0 failed; 0 ignored; 0 measured; 0 filtered out; finished in 0.06s
compatibility (macos-15-intel, x86_64)	Complete release test suite	2026-09-20T20:05:07.0192410Z 
compatibility (macos-15-intel, x86_64)	Complete release test suite	2026-09-20T20:05:07.0194010Z      Running tests/bytes_array_keys.rs (target/release/deps/bytes_array_keys-b61f896d3847f528)
compatibility (macos-15-intel, x86_64)	Complete release test suite	2026-09-20T20:05:07.0243370Z 
compatibility (macos-15-intel, x86_64)	Complete release test suite	2026-09-20T20:05:07.0244440Z running 3 tests
compatibility (macos-15-intel, x86_64)	Complete release test suite	2026-09-20T20:05:07.0373230Z test nul_embedded_key_round_trips ... ok
compatibility (macos-15-intel, x86_64)	Complete release test suite	2026-09-20T20:05:07.0520300Z test for_in_returns_all_distinct_byte_keys ... ok
compatibility (macos-15-intel, x86_64)	Complete release test suite	2026-09-20T20:05:07.0521550Z test distinct_high_byte_keys_do_not_collide ... ok
compatibility (macos-15-intel, x86_64)	Complete release test suite	2026-09-20T20:05:07.0522140Z 
compatibility (macos-15-intel, x86_64)	Complete release test suite	2026-09-20T20:05:07.0522750Z test result: ok. 3 passed; 0 failed; 0 ignored; 0 measured; 0 filtered out; finished in 0.03s
compatibility (macos-15-intel, x86_64)	Complete release test suite	2026-09-20T20:05:07.0523610Z 
compatibility (macos-15-intel, x86_64)	Complete release test suite	2026-09-20T20:05:07.0524200Z      Running tests/bytes_printf.rs (target/release/deps/bytes_printf-8af19a7184fa2ac6)
compatibility (macos-15-intel, x86_64)	Complete release test suite	2026-09-20T20:05:07.0573470Z 
compatibility (macos-15-intel, x86_64)	Complete release test suite	2026-09-20T20:05:07.0576150Z running 6 tests
compatibility (macos-15-intel, x86_64)	Complete release test suite	2026-09-20T20:05:07.0778560Z test printf_c_emits_first_byte_raw ... ok
compatibility (macos-15-intel, x86_64)	Complete release test suite	2026-09-20T20:05:07.0780340Z test printf_format_string_with_high_bytes ... ok
compatibility (macos-15-intel, x86_64)	Complete release test suite	2026-09-20T20:05:07.0783100Z test print_with_high_byte_ofs ... ok
compatibility (macos-15-intel, x86_64)	Complete release test suite	2026-09-20T20:05:07.0920830Z test printf_s_preserves_high_byte ... ok
compatibility (macos-15-intel, x86_64)	Complete release test suite	2026-09-20T20:05:07.1141830Z test field_split_with_high_byte_fs ... ok
compatibility (macos-15-intel, x86_64)	Complete release test suite	2026-09-20T20:05:07.1142660Z test sprintf_high_byte_round_trip ... ok
compatibility (macos-15-intel, x86_64)	Complete release test suite	2026-09-20T20:05:07.1143140Z 
compatibility (macos-15-intel, x86_64)	Complete release test suite	2026-09-20T20:05:07.1143700Z test result: ok. 6 passed; 0 failed; 0 ignored; 0 measured; 0 filtered out; finished in 0.06s
compatibility (macos-15-intel, x86_64)	Complete release test suite	2026-09-20T20:05:07.1144560Z 
compatibility (macos-15-intel, x86_64)	Complete release test suite	2026-09-20T20:05:07.1145560Z      Running tests/bytes_regex_match.rs (target/release/deps/bytes_regex_match-a60e72259b281080)
compatibility (macos-15-intel, x86_64)	Complete release test suite	2026-09-20T20:05:07.1196950Z 
compatibility (macos-15-intel, x86_64)	Complete release test suite	2026-09-20T20:05:07.1200390Z running 6 tests
compatibility (macos-15-intel, x86_64)	Complete release test suite	2026-09-20T20:05:07.1353790Z test gsub_ampersand_includes_whole_match ... ok
compatibility (macos-15-intel, x86_64)	Complete release test suite	2026-09-20T20:05:07.1356470Z test nul_inside_subject_with_rs_regex ... ok
compatibility (macos-15-intel, x86_64)	Complete release test suite	2026-09-20T20:05:07.1357310Z test match_distinguishes_high_bytes ... ok
compatibility (macos-15-intel, x86_64)	Complete release test suite	2026-09-20T20:05:07.1360330Z test match_builtin_high_byte_pattern_position ... ok
compatibility (macos-15-intel, x86_64)	Complete release test suite	2026-09-20T20:05:07.1491760Z test sub_replaces_high_byte_run ... ok
compatibility (macos-15-intel, x86_64)	Complete release test suite	2026-09-20T20:05:07.1714370Z test rs_regex_high_byte_separator_splits_correctly ... ok
compatibility (macos-15-intel, x86_64)	Complete release test suite	2026-09-20T20:05:07.1715100Z 
compatibility (macos-15-intel, x86_64)	Complete release test suite	2026-09-20T20:05:07.1715660Z test result: ok. 6 passed; 0 failed; 0 ignored; 0 measured; 0 filtered out; finished in 0.05s
compatibility (macos-15-intel, x86_64)	Complete release test suite	2026-09-20T20:05:07.1716520Z 
compatibility (macos-15-intel, x86_64)	Complete release test suite	2026-09-20T20:05:07.1717060Z      Running tests/cli_contract.rs (target/release/deps/cli_contract-acd378c0dc252776)
compatibility (macos-15-intel, x86_64)	Complete release test suite	2026-09-20T20:05:07.1770650Z 
compatibility (macos-15-intel, x86_64)	Complete release test suite	2026-09-20T20:05:07.1774270Z running 5 tests
compatibility (macos-15-intel, x86_64)	Complete release test suite	2026-09-20T20:05:07.2038680Z test file_program_keeps_all_input_files ... ok
compatibility (macos-15-intel, x86_64)	Complete release test suite	2026-09-20T20:05:07.2398610Z test invalid_builtin_arity_is_a_language_error ... ok
compatibility (macos-15-intel, x86_64)	Complete release test suite	2026-09-20T20:05:07.2515090Z test arrays_and_scalars_cannot_be_interchanged ... ok
compatibility (macos-15-intel, x86_64)	Complete release test suite	2026-09-20T20:05:07.2660630Z test malformed_formats_and_invalid_runtime_arguments_do_not_panic ... ok
compatibility (macos-15-intel, x86_64)	Complete release test suite	2026-09-20T20:05:07.2800980Z test safe_mode_rejects_even_unexecuted_forbidden_operations ... ok
compatibility (macos-15-intel, x86_64)	Complete release test suite	2026-09-20T20:05:07.2801920Z 
compatibility (macos-15-intel, x86_64)	Complete release test suite	2026-09-20T20:05:07.2802530Z test result: ok. 5 passed; 0 failed; 0 ignored; 0 measured; 0 filtered out; finished in 0.10s
compatibility (macos-15-intel, x86_64)	Complete release test suite	2026-09-20T20:05:07.2803350Z 
compatibility (macos-15-intel, x86_64)	Complete release test suite	2026-09-20T20:05:07.2804000Z      Running tests/compatibility.rs (target/release/deps/compatibility-eac621d788503622)
compatibility (macos-15-intel, x86_64)	Complete release test suite	2026-09-20T20:05:07.2854310Z 
compatibility (macos-15-intel, x86_64)	Complete release test suite	2026-09-20T20:05:07.2861320Z running 8 tests
compatibility (macos-15-intel, x86_64)	Complete release test suite	2026-09-20T20:05:07.3427060Z test braces_in_bracket_expressions_are_not_repetitions ... ok
compatibility (macos-15-intel, x86_64)	Complete release test suite	2026-09-20T20:05:07.5072550Z test arrays_forwarding_recursion_and_local_parameters ... ok
compatibility (macos-15-intel, x86_64)	Complete release test suite	2026-09-20T20:05:07.5305620Z test composed_input_and_control_flow ... ok
compatibility (macos-15-intel, x86_64)	Complete release test suite	2026-09-20T20:05:07.8049060Z test numeric_conversion_matches_original_buffer_limit ... ok
compatibility (macos-15-intel, x86_64)	Complete release test suite	2026-09-20T20:05:07.9197580Z test tuple_membership_uses_current_subsep_between_components ... ok
compatibility (macos-15-intel, x86_64)	Complete release test suite	2026-09-20T20:05:09.4773620Z test regex_compositions_match_original ... ok
compatibility (macos-15-intel, x86_64)	Complete release test suite	2026-09-20T20:05:10.4261880Z test generated_record_array_function_programs ... ok
compatibility (macos-15-intel, x86_64)	Complete release test suite	2026-09-20T20:05:11.7508700Z test hex_floats_precision_flags_and_boundaries ... ok
compatibility (macos-15-intel, x86_64)	Complete release test suite	2026-09-20T20:05:11.7509300Z 
compatibility (macos-15-intel, x86_64)	Complete release test suite	2026-09-20T20:05:11.7510610Z test result: ok. 8 passed; 0 failed; 0 ignored; 0 measured; 0 filtered out; finished in 4.46s
compatibility (macos-15-intel, x86_64)	Complete release test suite	2026-09-20T20:05:11.7511900Z 
compatibility (macos-15-intel, x86_64)	Complete release test suite	2026-09-20T20:05:11.7512280Z      Running tests/corpus.rs (target/release/deps/corpus-e33a4de8723e6def)
compatibility (macos-15-intel, x86_64)	Complete release test suite	2026-09-20T20:05:11.7554850Z 
compatibility (macos-15-intel, x86_64)	Complete release test suite	2026-09-20T20:05:11.7555360Z running 1 test
compatibility (macos-15-intel, x86_64)	Complete release test suite	2026-09-20T20:05:23.4238180Z test original_small_programs ... ok
compatibility (macos-15-intel, x86_64)	Complete release test suite	2026-09-20T20:05:23.4238660Z 
compatibility (macos-15-intel, x86_64)	Complete release test suite	2026-09-20T20:05:23.4239180Z test result: ok. 1 passed; 0 failed; 0 ignored; 0 measured; 0 filtered out; finished in 11.66s
compatibility (macos-15-intel, x86_64)	Complete release test suite	2026-09-20T20:05:23.4239880Z 
compatibility (macos-15-intel, x86_64)	Complete release test suite	2026-09-20T20:05:23.4242590Z      Running tests/corpus_contracts.rs (target/release/deps/corpus_contracts-78fea44aae1f3cf2)
compatibility (macos-15-intel, x86_64)	Complete release test suite	2026-09-20T20:05:23.4286580Z 
compatibility (macos-15-intel, x86_64)	Complete release test suite	2026-09-20T20:05:23.4287930Z running 3 tests
compatibility (macos-15-intel, x86_64)	Complete release test suite	2026-09-20T20:05:23.4539070Z test rng_is_bounded_repeatable_and_srand_returns_previous_seed ... ok
compatibility (macos-15-intel, x86_64)	Complete release test suite	2026-09-20T20:05:23.7429260Z test contracts_reject_new_differences ... ok
compatibility (macos-15-intel, x86_64)	Complete release test suite	2026-09-20T20:05:29.0921150Z test entire_small_corpus_obeys_explicit_contracts ... ok
compatibility (macos-15-intel, x86_64)	Complete release test suite	2026-09-20T20:05:29.0921820Z 
compatibility (macos-15-intel, x86_64)	Complete release test suite	2026-09-20T20:05:29.0922340Z test result: ok. 3 passed; 0 failed; 0 ignored; 0 measured; 0 filtered out; finished in 5.66s
compatibility (macos-15-intel, x86_64)	Complete release test suite	2026-09-20T20:05:29.0923110Z 
compatibility (macos-15-intel, x86_64)	Complete release test suite	2026-09-20T20:05:29.0924380Z      Running tests/data_contract.rs (target/release/deps/data_contract-1a8a55d84edfec5c)
compatibility (macos-15-intel, x86_64)	Complete release test suite	2026-09-20T20:05:29.0969180Z 
compatibility (macos-15-intel, x86_64)	Complete release test suite	2026-09-20T20:05:29.0972280Z running 9 tests
compatibility (macos-15-intel, x86_64)	Complete release test suite	2026-09-20T20:05:29.1181070Z test fields_accept_regex_separator ... ok
compatibility (macos-15-intel, x86_64)	Complete release test suite	2026-09-20T20:05:29.1214170Z test csv_handles_quoted_delimiters_newlines_and_escaped_quotes ... ok
compatibility (macos-15-intel, x86_64)	Complete release test suite	2026-09-20T20:05:29.1218360Z test invalid_regex_is_reported ... ok
compatibility (macos-15-intel, x86_64)	Complete release test suite	2026-09-20T20:05:29.1219660Z test regex_uses_leftmost_longest ... ok
compatibility (macos-15-intel, x86_64)	Complete release test suite	2026-09-20T20:05:29.1500790Z test substitutions_report_count_not_changed_text ... ok
compatibility (macos-15-intel, x86_64)	Complete release test suite	2026-09-20T20:05:29.1507210Z test split_preserves_empty_fields_and_clears_array ... ok
compatibility (macos-15-intel, x86_64)	Complete release test suite	2026-09-20T20:05:29.1508970Z test reused_whitespace_fields_preserve_nul_bytes ... ok
compatibility (macos-15-intel, x86_64)	Complete release test suite	2026-09-20T20:05:29.1810860Z test successive_whitespace_records_preserve_values_and_numeric_types ... ok
compatibility (macos-15-intel, x86_64)	Complete release test suite	2026-09-20T20:05:29.2054990Z test whitespace_reuse_handles_resplit_getline_and_separator_changes ... ok
compatibility (macos-15-intel, x86_64)	Complete release test suite	2026-09-20T20:05:29.2055810Z 
compatibility (macos-15-intel, x86_64)	Complete release test suite	2026-09-20T20:05:29.2056300Z test result: ok. 9 passed; 0 failed; 0 ignored; 0 measured; 0 filtered out; finished in 0.11s
compatibility (macos-15-intel, x86_64)	Complete release test suite	2026-09-20T20:05:29.2057020Z 
compatibility (macos-15-intel, x86_64)	Complete release test suite	2026-09-20T20:05:29.2057560Z      Running tests/diffrun_buckets.rs (target/release/deps/diffrun_buckets-0db6b91c5f48a9b8)
compatibility (macos-15-intel, x86_64)	Complete release test suite	2026-09-20T20:05:29.2091490Z 
compatibility (macos-15-intel, x86_64)	Complete release test suite	2026-09-20T20:05:29.2092630Z running 3 tests
compatibility (macos-15-intel, x86_64)	Complete release test suite	2026-09-20T20:05:34.0851970Z test diffrun_emits_four_bucket_summary ... ok
compatibility (macos-15-intel, x86_64)	Complete release test suite	2026-09-20T20:05:34.2506080Z test diffrun_step23_target_counts ... ok
compatibility (macos-15-intel, x86_64)	Complete release test suite	2026-09-20T20:05:34.4918320Z test diffrun_exits_nonzero_when_unexpected_divergences_present ... ok
compatibility (macos-15-intel, x86_64)	Complete release test suite	2026-09-20T20:05:34.4919030Z 
compatibility (macos-15-intel, x86_64)	Complete release test suite	2026-09-20T20:05:34.4920070Z test result: ok. 3 passed; 0 failed; 0 ignored; 0 measured; 0 filtered out; finished in 5.28s
compatibility (macos-15-intel, x86_64)	Complete release test suite	2026-09-20T20:05:34.4920890Z 
compatibility (macos-15-intel, x86_64)	Complete release test suite	2026-09-20T20:05:34.4921770Z      Running tests/driver_regressions.rs (target/release/deps/driver_regressions-58bdf590a9ec7873)
compatibility (macos-15-intel, x86_64)	Complete release test suite	2026-09-20T20:05:34.4975730Z 
compatibility (macos-15-intel, x86_64)	Complete release test suite	2026-09-20T20:05:34.4982360Z running 8 tests
compatibility (macos-15-intel, x86_64)	Complete release test suite	2026-09-20T20:05:34.5342900Z test getline_comparison_is_not_part_of_filename ... ok
compatibility (macos-15-intel, x86_64)	Complete release test suite	2026-09-20T20:05:34.5537350Z test field_index_beyond_reference_integer_range_is_an_error ... ok
compatibility (macos-15-intel, x86_64)	Complete release test suite	2026-09-20T20:05:34.5544950Z test multifile_syntax_error_names_offending_source ... ok
compatibility (macos-15-intel, x86_64)	Complete release test suite	2026-09-20T20:05:34.5901500Z test invalid_function_parameters_are_errors_before_execution ... ok
compatibility (macos-15-intel, x86_64)	Complete release test suite	2026-09-20T20:05:34.6903770Z test redirected_stdin_shares_buffer_with_main_input ... ok
compatibility (macos-15-intel, x86_64)	Complete release test suite	2026-09-20T20:05:34.7636270Z test stdin_program_and_empty_statements ... ok
compatibility (macos-15-intel, x86_64)	Complete release test suite	2026-09-20T20:05:35.1130480Z test standard_output_aliases_share_streams_and_lifecycle ... ok
compatibility (macos-15-intel, x86_64)	Complete release test suite	2026-09-20T20:05:35.5189960Z test checked_math_matches_native_oracle ... ok
compatibility (macos-15-intel, x86_64)	Complete release test suite	2026-09-20T20:05:35.5190530Z 
compatibility (macos-15-intel, x86_64)	Complete release test suite	2026-09-20T20:05:35.5191050Z test result: ok. 8 passed; 0 failed; 0 ignored; 0 measured; 0 filtered out; finished in 1.02s
compatibility (macos-15-intel, x86_64)	Complete release test suite	2026-09-20T20:05:35.5192370Z 
compatibility (macos-15-intel, x86_64)	Complete release test suite	2026-09-20T20:05:35.5193880Z      Running tests/dynamic_format.rs (target/release/deps/dynamic_format-4c74b299b41d20da)
compatibility (macos-15-intel, x86_64)	Complete release test suite	2026-09-20T20:05:35.5239190Z 
compatibility (macos-15-intel, x86_64)	Complete release test suite	2026-09-20T20:05:35.5248230Z running 8 tests
compatibility (macos-15-intel, x86_64)	Complete release test suite	2026-09-20T20:05:35.5661170Z test missing_star_arguments_are_errors ... ok
compatibility (macos-15-intel, x86_64)	Complete release test suite	2026-09-20T20:05:35.5895530Z test negative_precision_keeps_binary_and_multibyte_paths ... ok
compatibility (macos-15-intel, x86_64)	Complete release test suite	2026-09-20T20:05:35.6248780Z test string_and_literal_range_errors_do_not_discard_arithmetic_subnormals ... ok
compatibility (macos-15-intel, x86_64)	Complete release test suite	2026-09-20T20:05:36.1255710Z test unsigned_conversion_matches_native_oracle ... ok
compatibility (macos-15-intel, x86_64)	Complete release test suite	2026-09-20T20:05:36.2007980Z test zero_padded_strings_match_native_oracle ... ok
compatibility (macos-15-intel, x86_64)	Complete release test suite	2026-09-20T20:05:37.7087560Z test dynamic_width_precision_and_consumption ... ok
compatibility (macos-15-intel, x86_64)	Complete release test suite	2026-09-20T20:05:42.4234620Z test integer_flags_precision_and_signs ... ok
compatibility (macos-15-intel, x86_64)	Complete release test suite	2026-09-20T20:05:44.8040980Z test negative_dynamic_precision_preserves_flags_and_argument_consumption ... ok
compatibility (macos-15-intel, x86_64)	Complete release test suite	2026-09-20T20:05:44.8041800Z 
compatibility (macos-15-intel, x86_64)	Complete release test suite	2026-09-20T20:05:44.8042270Z test result: ok. 8 passed; 0 failed; 0 ignored; 0 measured; 0 filtered out; finished in 9.28s
compatibility (macos-15-intel, x86_64)	Complete release test suite	2026-09-20T20:05:44.8042990Z 
compatibility (macos-15-intel, x86_64)	Complete release test suite	2026-09-20T20:05:44.8043510Z      Running tests/error_messages.rs (target/release/deps/error_messages-66ef7ba6c4cbd1ea)
compatibility (macos-15-intel, x86_64)	Complete release test suite	2026-09-20T20:05:44.8086750Z 
compatibility (macos-15-intel, x86_64)	Complete release test suite	2026-09-20T20:05:44.8087390Z running 2 tests
compatibility (macos-15-intel, x86_64)	Complete release test suite	2026-09-20T20:05:44.8153160Z test missing_program_file_mentions_filename ... ok
compatibility (macos-15-intel, x86_64)	Complete release test suite	2026-09-20T20:05:44.8154310Z test output_to_unwritable_path_mentions_filename ... ok
compatibility (macos-15-intel, x86_64)	Complete release test suite	2026-09-20T20:05:44.8154780Z 
compatibility (macos-15-intel, x86_64)	Complete release test suite	2026-09-20T20:05:44.8155270Z test result: ok. 2 passed; 0 failed; 0 ignored; 0 measured; 0 filtered out; finished in 0.01s
compatibility (macos-15-intel, x86_64)	Complete release test suite	2026-09-20T20:05:44.8155980Z 
compatibility (macos-15-intel, x86_64)	Complete release test suite	2026-09-20T20:05:44.8157570Z      Running tests/exit_codes.rs (target/release/deps/exit_codes-c38cbb856521b362)
compatibility (macos-15-intel, x86_64)	Complete release test suite	2026-09-20T20:05:44.8200950Z 
compatibility (macos-15-intel, x86_64)	Complete release test suite	2026-09-20T20:05:44.8202420Z running 4 tests
compatibility (macos-15-intel, x86_64)	Complete release test suite	2026-09-20T20:05:44.8276810Z test syntax_error_nonzero ... ok
compatibility (macos-15-intel, x86_64)	Complete release test suite	2026-09-20T20:05:44.8278520Z test exit_zero_default ... ok
compatibility (macos-15-intel, x86_64)	Complete release test suite	2026-09-20T20:05:44.8279130Z test exit_with_value ... ok
compatibility (macos-15-intel, x86_64)	Complete release test suite	2026-09-20T20:05:44.8324480Z test exit_from_end_block ... ok
compatibility (macos-15-intel, x86_64)	Complete release test suite	2026-09-20T20:05:44.8325050Z 
compatibility (macos-15-intel, x86_64)	Complete release test suite	2026-09-20T20:05:44.8326200Z test result: ok. 4 passed; 0 failed; 0 ignored; 0 measured; 0 filtered out; finished in 0.01s
compatibility (macos-15-intel, x86_64)	Complete release test suite	2026-09-20T20:05:44.8327340Z 
compatibility (macos-15-intel, x86_64)	Complete release test suite	2026-09-20T20:05:44.8328120Z      Running tests/harness.rs (target/release/deps/harness-9c9bcfe4d351eb42)
compatibility (macos-15-intel, x86_64)	Complete release test suite	2026-09-20T20:05:44.8374200Z 
compatibility (macos-15-intel, x86_64)	Complete release test suite	2026-09-20T20:05:44.8380690Z running 5 tests
compatibility (macos-15-intel, x86_64)	Complete release test suite	2026-09-20T20:05:44.8386640Z test annotation_does_not_accept_new_failures ... ok
compatibility (macos-15-intel, x86_64)	Complete release test suite	2026-09-20T20:05:44.8527510Z test preserves_bytes_whitespace_and_status ... ok
compatibility (macos-15-intel, x86_64)	Complete release test suite	2026-09-20T20:05:44.8654060Z test aggregate_gate_reports_an_intermediate_failure ... ok
compatibility (macos-15-intel, x86_64)	Complete release test suite	2026-09-20T20:05:44.8998610Z test each_run_has_a_fresh_directory ... ok
compatibility (macos-15-intel, x86_64)	Complete release test suite	2026-09-20T20:05:45.3937480Z test timeout_kills_descendants ... ok
compatibility (macos-15-intel, x86_64)	Complete release test suite	2026-09-20T20:05:45.3937910Z 
compatibility (macos-15-intel, x86_64)	Complete release test suite	2026-09-20T20:05:45.3938360Z test result: ok. 5 passed; 0 failed; 0 ignored; 0 measured; 0 filtered out; finished in 0.56s
compatibility (macos-15-intel, x86_64)	Complete release test suite	2026-09-20T20:05:45.3939070Z 
compatibility (macos-15-intel, x86_64)	Complete release test suite	2026-09-20T20:05:45.3939910Z      Running tests/historical.rs (target/release/deps/historical-e180c7c9f8880e3f)
compatibility (macos-15-intel, x86_64)	Complete release test suite	2026-09-20T20:05:45.3984570Z 
compatibility (macos-15-intel, x86_64)	Complete release test suite	2026-09-20T20:05:45.3985210Z running 2 tests
compatibility (macos-15-intel, x86_64)	Complete release test suite	2026-09-20T20:05:45.6064270Z test original_invalid_programs_are_rejected_without_panicking ... ok
compatibility (macos-15-intel, x86_64)	Complete release test suite	2026-09-20T20:05:47.0248200Z test original_positive_regressions ... ok
compatibility (macos-15-intel, x86_64)	Complete release test suite	2026-09-20T20:05:47.0248960Z 
compatibility (macos-15-intel, x86_64)	Complete release test suite	2026-09-20T20:05:47.0249440Z test result: ok. 2 passed; 0 failed; 0 ignored; 0 measured; 0 filtered out; finished in 1.63s
compatibility (macos-15-intel, x86_64)	Complete release test suite	2026-09-20T20:05:47.0250110Z 
compatibility (macos-15-intel, x86_64)	Complete release test suite	2026-09-20T20:05:47.0250760Z      Running tests/input_contract.rs (target/release/deps/input_contract-4e3df98feb04f887)
compatibility (macos-15-intel, x86_64)	Complete release test suite	2026-09-20T20:05:47.0295380Z 
compatibility (macos-15-intel, x86_64)	Complete release test suite	2026-09-20T20:05:47.0313060Z running 7 tests
compatibility (macos-15-intel, x86_64)	Complete release test suite	2026-09-20T20:05:47.0809410Z test file_getline_and_interleaved_assignments ... ok
compatibility (macos-15-intel, x86_64)	Complete release test suite	2026-09-20T20:05:47.0814990Z test getline_uses_main_stream_and_counts_every_read ... ok
compatibility (macos-15-intel, x86_64)	Complete release test suite	2026-09-20T20:05:47.1242030Z test large_csv_records_match_c ... ok
compatibility (macos-15-intel, x86_64)	Complete release test suite	2026-09-20T20:05:47.1243240Z test missing_getline_file_is_an_error_not_eof ... ok
compatibility (macos-15-intel, x86_64)	Complete release test suite	2026-09-20T20:05:47.1243940Z test large_records_getline_and_rs_changes_match_c ... ok
compatibility (macos-15-intel, x86_64)	Complete release test suite	2026-09-20T20:05:47.1305550Z test rewriting_record_does_not_count_a_read ... ok
compatibility (macos-15-intel, x86_64)	Complete release test suite	2026-09-20T20:05:47.1571200Z test rs_changes_apply_to_unconsumed_input ... ok
compatibility (macos-15-intel, x86_64)	Complete release test suite	2026-09-20T20:05:47.1572210Z 
compatibility (macos-15-intel, x86_64)	Complete release test suite	2026-09-20T20:05:47.1572680Z test result: ok. 7 passed; 0 failed; 0 ignored; 0 measured; 0 filtered out; finished in 0.13s
compatibility (macos-15-intel, x86_64)	Complete release test suite	2026-09-20T20:05:47.1573350Z 
compatibility (macos-15-intel, x86_64)	Complete release test suite	2026-09-20T20:05:47.1574660Z      Running tests/language_contract.rs (target/release/deps/language_contract-5f69a237b38c041c)
compatibility (macos-15-intel, x86_64)	Complete release test suite	2026-09-20T20:05:47.1625210Z 
compatibility (macos-15-intel, x86_64)	Complete release test suite	2026-09-20T20:05:47.1626260Z running 7 tests
compatibility (macos-15-intel, x86_64)	Complete release test suite	2026-09-20T20:05:47.1929090Z test array_reads_create_entries ... ok
compatibility (macos-15-intel, x86_64)	Complete release test suite	2026-09-20T20:05:47.1930130Z test convfmt_is_used_for_comparisons_fields_and_keys ... ok
compatibility (macos-15-intel, x86_64)	Complete release test suite	2026-09-20T20:05:47.1993070Z test array_parameters_are_references ... ok
compatibility (macos-15-intel, x86_64)	Complete release test suite	2026-09-20T20:05:47.1999550Z test expressions_and_escapes ... ok
compatibility (macos-15-intel, x86_64)	Complete release test suite	2026-09-20T20:05:47.2259640Z test range_patterns_and_empty_actions ... ok
compatibility (macos-15-intel, x86_64)	Complete release test suite	2026-09-20T20:05:47.2261660Z test lvalue_indices_are_evaluated_once ... ok
compatibility (macos-15-intel, x86_64)	Complete release test suite	2026-09-20T20:05:47.2263790Z test numeric_and_string_values_keep_their_types ... ok
compatibility (macos-15-intel, x86_64)	Complete release test suite	2026-09-20T20:05:47.2264590Z 
compatibility (macos-15-intel, x86_64)	Complete release test suite	2026-09-20T20:05:47.2265540Z test result: ok. 7 passed; 0 failed; 0 ignored; 0 measured; 0 filtered out; finished in 0.06s
compatibility (macos-15-intel, x86_64)	Complete release test suite	2026-09-20T20:05:47.2266270Z 
compatibility (macos-15-intel, x86_64)	Complete release test suite	2026-09-20T20:05:47.2266730Z      Running tests/legacy_locale.rs (target/release/deps/legacy_locale-e79eb76b689936ea)
compatibility (macos-15-intel, x86_64)	Complete release test suite	2026-09-20T20:05:47.2308450Z 
compatibility (macos-15-intel, x86_64)	Complete release test suite	2026-09-20T20:05:47.2312400Z running 6 tests
compatibility (macos-15-intel, x86_64)	Complete release test suite	2026-09-20T20:05:47.3149060Z test every_nonzero_byte_case_conversion_matches_c ... ok
compatibility (macos-15-intel, x86_64)	Complete release test suite	2026-09-20T20:05:47.3249790Z test byte_positions_ranges_splits_and_substitution_match_c ... ok
compatibility (macos-15-intel, x86_64)	Complete release test suite	2026-09-20T20:05:47.3813890Z test nul_preservation_remains_an_explicit_rust_extension ... ok
compatibility (macos-15-intel, x86_64)	Complete release test suite	2026-09-20T20:05:47.4089700Z test required_single_byte_locales_are_active ... ok
compatibility (macos-15-intel, x86_64)	Complete release test suite	2026-09-20T20:05:47.4266240Z test legacy_locale_selection_obeys_precedence_and_is_fixed_at_startup ... ok
compatibility (macos-15-intel, x86_64)	Complete release test suite	2026-09-20T20:05:48.4503730Z test every_nonzero_byte_in_each_posix_class_matches_c ... ok
compatibility (macos-15-intel, x86_64)	Complete release test suite	2026-09-20T20:05:48.4505370Z 
compatibility (macos-15-intel, x86_64)	Complete release test suite	2026-09-20T20:05:48.4506650Z test result: ok. 6 passed; 0 failed; 0 ignored; 0 measured; 0 filtered out; finished in 1.22s
compatibility (macos-15-intel, x86_64)	Complete release test suite	2026-09-20T20:05:48.4508350Z 
compatibility (macos-15-intel, x86_64)	Complete release test suite	2026-09-20T20:05:48.4509860Z      Running tests/phase7_closure.rs (target/release/deps/phase7_closure-9a9cea9401bd5b4c)
compatibility (macos-15-intel, x86_64)	Complete release test suite	2026-09-20T20:05:48.4558220Z 
compatibility (macos-15-intel, x86_64)	Complete release test suite	2026-09-20T20:05:48.4565640Z running 7 tests
compatibility (macos-15-intel, x86_64)	Complete release test suite	2026-09-20T20:05:48.5643170Z test closed_output_pipe_reports_language_error ... ok
compatibility (macos-15-intel, x86_64)	Complete release test suite	2026-09-20T20:05:48.6325090Z test contracts_reject_mutations ... ok
compatibility (macos-15-intel, x86_64)	Complete release test suite	2026-09-20T20:05:48.7772950Z test raw_source_bytes_survive_inline_file_and_stdin ... ok
compatibility (macos-15-intel, x86_64)	Complete release test suite	2026-09-20T20:05:49.0471400Z test generated_octal_regex_atoms_and_literal_operators ... ok
compatibility (macos-15-intel, x86_64)	Complete release test suite	2026-09-20T20:05:49.0787000Z test keyword_prefixes_and_integral_precision ... ok
compatibility (macos-15-intel, x86_64)	Complete release test suite	2026-09-20T20:05:49.0947510Z test separators_keep_string_and_regex_semantics ... ok
compatibility (macos-15-intel, x86_64)	Complete release test suite	2026-09-20T20:05:53.6355850Z test individual_driver_contracts ... ok
compatibility (macos-15-intel, x86_64)	Complete release test suite	2026-09-20T20:05:53.6356300Z 
compatibility (macos-15-intel, x86_64)	Complete release test suite	2026-09-20T20:05:53.6356770Z test result: ok. 7 passed; 0 failed; 0 ignored; 0 measured; 0 filtered out; finished in 5.18s
compatibility (macos-15-intel, x86_64)	Complete release test suite	2026-09-20T20:05:53.6357440Z 
compatibility (macos-15-intel, x86_64)	Complete release test suite	2026-09-20T20:05:53.6358500Z      Running tests/printf_sanity.rs (target/release/deps/printf_sanity-998849273a3091de)
compatibility (macos-15-intel, x86_64)	Complete release test suite	2026-09-20T20:05:53.6403870Z 
compatibility (macos-15-intel, x86_64)	Complete release test suite	2026-09-20T20:05:53.6407780Z running 5 tests
compatibility (macos-15-intel, x86_64)	Complete release test suite	2026-09-20T20:05:53.6529410Z test e_scientific ... ok
compatibility (macos-15-intel, x86_64)	Complete release test suite	2026-09-20T20:05:53.6529930Z test f_precision ... ok
compatibility (macos-15-intel, x86_64)	Complete release test suite	2026-09-20T20:05:53.6610530Z test s_truncate ... ok
compatibility (macos-15-intel, x86_64)	Complete release test suite	2026-09-20T20:05:53.6611140Z test d_padding ... ok
compatibility (macos-15-intel, x86_64)	Complete release test suite	2026-09-20T20:05:53.6639960Z test x_hex ... ok
compatibility (macos-15-intel, x86_64)	Complete release test suite	2026-09-20T20:05:53.6640440Z 
compatibility (macos-15-intel, x86_64)	Complete release test suite	2026-09-20T20:05:53.6641570Z test result: ok. 5 passed; 0 failed; 0 ignored; 0 measured; 0 filtered out; finished in 0.02s
compatibility (macos-15-intel, x86_64)	Complete release test suite	2026-09-20T20:05:53.6642280Z 
compatibility (macos-15-intel, x86_64)	Complete release test suite	2026-09-20T20:05:53.6642740Z      Running tests/proptest_diff.rs (target/release/deps/proptest_diff-d5f112b35007626a)
compatibility (macos-15-intel, x86_64)	Complete release test suite	2026-09-20T20:05:53.6694390Z 
compatibility (macos-15-intel, x86_64)	Complete release test suite	2026-09-20T20:05:53.6694770Z running 6 tests
compatibility (macos-15-intel, x86_64)	Complete release test suite	2026-09-20T20:05:56.4326920Z test template_printf_float ... ok
compatibility (macos-15-intel, x86_64)	Complete release test suite	2026-09-20T20:05:56.5253560Z test template_add ... ok
compatibility (macos-15-intel, x86_64)	Complete release test suite	2026-09-20T20:05:56.5634180Z test template_multiply ... ok
compatibility (macos-15-intel, x86_64)	Complete release test suite	2026-09-20T20:05:56.6178870Z test template_concat_string ... ok
compatibility (macos-15-intel, x86_64)	Complete release test suite	2026-09-20T20:05:58.0291800Z test template_scientific_no_orphan_dot ... ok
compatibility (macos-15-intel, x86_64)	Complete release test suite	2026-09-20T20:05:59.2096150Z test template_printf_int ... ok
compatibility (macos-15-intel, x86_64)	Complete release test suite	2026-09-20T20:05:59.2096530Z 
compatibility (macos-15-intel, x86_64)	Complete release test suite	2026-09-20T20:05:59.2097270Z test result: ok. 6 passed; 0 failed; 0 ignored; 0 measured; 0 filtered out; finished in 5.54s
compatibility (macos-15-intel, x86_64)	Complete release test suite	2026-09-20T20:05:59.2097970Z 
compatibility (macos-15-intel, x86_64)	Complete release test suite	2026-09-20T20:05:59.2098970Z      Running tests/remaining_contract.rs (target/release/deps/remaining_contract-b21ae38935d51efa)
compatibility (macos-15-intel, x86_64)	Complete release test suite	2026-09-20T20:05:59.2143460Z 
compatibility (macos-15-intel, x86_64)	Complete release test suite	2026-09-20T20:05:59.2147330Z running 7 tests
compatibility (macos-15-intel, x86_64)	Complete release test suite	2026-09-20T20:05:59.2617820Z test bracket_normalization_preserves_the_binary_profile ... ok
compatibility (macos-15-intel, x86_64)	Complete release test suite	2026-09-20T20:05:59.3102410Z test character_format_distinguishes_numeric_fields_from_literal_strings ... ok
compatibility (macos-15-intel, x86_64)	Complete release test suite	2026-09-20T20:05:59.3380130Z test missing_fields_are_empty_strings_not_uninitialized_variables ... ok
compatibility (macos-15-intel, x86_64)	Complete release test suite	2026-09-20T20:05:59.7984300Z test descending_bracket_ranges_follow_original_c ... ok
compatibility (macos-15-intel, x86_64)	Complete release test suite	2026-09-20T20:06:02.3426930Z test generated_rational_values_and_float_formats ... ok
compatibility (macos-15-intel, x86_64)	Complete release test suite	2026-09-20T20:06:04.0023600Z test replacement_escapes_have_separate_lexical_and_runtime_stages ... ok
compatibility (macos-15-intel, x86_64)	Complete release test suite	2026-09-20T20:06:05.1218600Z test numeric_rounding_uses_the_exact_binary_value ... ok
compatibility (macos-15-intel, x86_64)	Complete release test suite	2026-09-20T20:06:05.1219270Z 
compatibility (macos-15-intel, x86_64)	Complete release test suite	2026-09-20T20:06:05.1219740Z test result: ok. 7 passed; 0 failed; 0 ignored; 0 measured; 0 filtered out; finished in 5.90s
compatibility (macos-15-intel, x86_64)	Complete release test suite	2026-09-20T20:06:05.1220420Z 
compatibility (macos-15-intel, x86_64)	Complete release test suite	2026-09-20T20:06:05.1220950Z      Running tests/runtime_contract.rs (target/release/deps/runtime_contract-657e250005689c8c)
compatibility (macos-15-intel, x86_64)	Complete release test suite	2026-09-20T20:06:05.1265820Z 
compatibility (macos-15-intel, x86_64)	Complete release test suite	2026-09-20T20:06:05.1266770Z running 3 tests
compatibility (macos-15-intel, x86_64)	Complete release test suite	2026-09-20T20:06:05.1682620Z test return_escapes_all_loop_forms ... ok
compatibility (macos-15-intel, x86_64)	Complete release test suite	2026-09-20T20:06:05.1722920Z test exit_executes_end_and_interrupts_expressions ... ok
compatibility (macos-15-intel, x86_64)	Complete release test suite	2026-09-20T20:06:05.1723640Z test short_circuit_preserves_side_effects ... ok
compatibility (macos-15-intel, x86_64)	Complete release test suite	2026-09-20T20:06:05.1724820Z 
compatibility (macos-15-intel, x86_64)	Complete release test suite	2026-09-20T20:06:05.1725880Z test result: ok. 3 passed; 0 failed; 0 ignored; 0 measured; 0 filtered out; finished in 0.05s
compatibility (macos-15-intel, x86_64)	Complete release test suite	2026-09-20T20:06:05.1726630Z 
compatibility (macos-15-intel, x86_64)	Complete release test suite	2026-09-20T20:06:05.1727080Z      Running tests/shell_drivers.rs (target/release/deps/shell_drivers-0507bd58d50d3133)
compatibility (macos-15-intel, x86_64)	Complete release test suite	2026-09-20T20:06:05.1770790Z 
compatibility (macos-15-intel, x86_64)	Complete release test suite	2026-09-20T20:06:05.1771790Z running 3 tests
compatibility (macos-15-intel, x86_64)	Complete release test suite	2026-09-20T20:06:07.1718350Z test shell_driver_gate_rejects_missing_interpreter_output ... ok
compatibility (macos-15-intel, x86_64)	Complete release test suite	2026-09-20T20:06:09.5082590Z test original_cli_and_array_shell_drivers ... ok
compatibility (macos-15-intel, x86_64)	Complete release test suite	2026-09-20T20:07:05.3360440Z test admitted_original_shell_drivers has been running for over 60 seconds
compatibility (macos-15-intel, x86_64)	Complete release test suite	2026-09-20T20:07:07.9996050Z test admitted_original_shell_drivers ... ok
compatibility (macos-15-intel, x86_64)	Complete release test suite	2026-09-20T20:07:07.9997130Z 
compatibility (macos-15-intel, x86_64)	Complete release test suite	2026-09-20T20:07:07.9997700Z test result: ok. 3 passed; 0 failed; 0 ignored; 0 measured; 0 filtered out; finished in 62.79s
compatibility (macos-15-intel, x86_64)	Complete release test suite	2026-09-20T20:07:07.9998520Z 
compatibility (macos-15-intel, x86_64)	Complete release test suite	2026-09-20T20:07:07.9999030Z      Running tests/shift_jis.rs (target/release/deps/shift_jis-cf18f9e725aaae7c)
compatibility (macos-15-intel, x86_64)	Complete release test suite	2026-09-20T20:07:08.0052280Z 
compatibility (macos-15-intel, x86_64)	Complete release test suite	2026-09-20T20:07:08.0059780Z running 12 tests
compatibility (macos-15-intel, x86_64)	Complete release test suite	2026-09-20T20:07:08.0665960Z test embedded_nul_preserves_the_rust_binary_extension ... ok
compatibility (macos-15-intel, x86_64)	Complete release test suite	2026-09-20T20:07:08.0716880Z test conversion_failure_preserves_atomic_print_contract ... ok
compatibility (macos-15-intel, x86_64)	Complete release test suite	2026-09-20T20:07:08.0946410Z test decoded_character_with_unencodable_case_mapping_matches_c ... ok
compatibility (macos-15-intel, x86_64)	Complete release test suite	2026-09-20T20:07:08.1422080Z test regex_rs_with_three_or_four_byte_structural_units_matches_c ... ok
compatibility (macos-15-intel, x86_64)	Complete release test suite	2026-09-20T20:07:08.2362070Z test required_sjis_locale_has_observable_case_mapping ... ok
compatibility (macos-15-intel, x86_64)	Complete release test suite	2026-09-20T20:07:08.3794370Z test record_separators_and_locale_precedence_match_c ... ok
compatibility (macos-15-intel, x86_64)	Complete release test suite	2026-09-20T20:07:08.4546420Z test streaming_rs_keeps_binary_data_distinct_from_eof ... ok
compatibility (macos-15-intel, x86_64)	Complete release test suite	2026-09-20T20:07:08.9099240Z test regex_rs_sjis_refill_across_input_buffers_and_getline_matches_c ... ok
compatibility (macos-15-intel, x86_64)	Complete release test suite	2026-09-20T20:07:09.1934200Z test structural_units_regex_fields_and_formatting_match_c ... ok
compatibility (macos-15-intel, x86_64)	Complete release test suite	2026-09-20T20:07:09.4018160Z test valid_case_conversion_and_truncated_suffixes_match_c ... ok
compatibility (macos-15-intel, x86_64)	Complete release test suite	2026-09-20T20:07:16.8290700Z test regex_rs_refill_restart_longest_and_anchors_match_c ... ok
compatibility (macos-15-intel, x86_64)	Complete release test suite	2026-09-20T20:07:53.4750500Z test single_bytes_and_lead_trail_boundaries_match_c ... ok
compatibility (macos-15-intel, x86_64)	Complete release test suite	2026-09-20T20:07:53.4751760Z 
compatibility (macos-15-intel, x86_64)	Complete release test suite	2026-09-20T20:07:53.4752890Z test result: ok. 12 passed; 0 failed; 0 ignored; 0 measured; 0 filtered out; finished in 45.45s
compatibility (macos-15-intel, x86_64)	Complete release test suite	2026-09-20T20:07:53.4755220Z 
compatibility (macos-15-intel, x86_64)	Complete release test suite	2026-09-20T20:07:53.4756780Z      Running tests/unicode_contract.rs (target/release/deps/unicode_contract-65d91fbbb5a5dfa7)
compatibility (macos-15-intel, x86_64)	Complete release test suite	2026-09-20T20:07:53.4820350Z 
compatibility (macos-15-intel, x86_64)	Complete release test suite	2026-09-20T20:07:53.4829010Z running 12 tests
compatibility (macos-15-intel, x86_64)	Complete release test suite	2026-09-20T20:07:53.5237620Z test binary_nul_extension_and_case_conversion_errors ... ok
compatibility (macos-15-intel, x86_64)	Complete release test suite	2026-09-20T20:07:53.5927070Z test match_rhs_literals_and_dynamic_patterns_keep_their_distinct_evaluation ... ok
compatibility (macos-15-intel, x86_64)	Complete release test suite	2026-09-20T20:07:53.7250150Z test repeated_matches_and_index_inside_a_multibyte_unit ... ok
compatibility (macos-15-intel, x86_64)	Complete release test suite	2026-09-20T20:07:54.2348530Z test locale_precedence_and_character_operations ... ok
compatibility (macos-15-intel, x86_64)	Complete release test suite	2026-09-20T20:07:54.2351240Z test required_locales_are_active_in_both_interpreters ... ok
compatibility (macos-15-intel, x86_64)	Complete release test suite	2026-09-20T20:07:54.4257420Z test boolean_regex_search_preserves_rune_alignment_and_empty_matches ... ok
compatibility (macos-15-intel, x86_64)	Complete release test suite	2026-09-20T20:07:54.5427930Z test substitution_expansion_preserves_prefixes_escapes_and_empty_matches ... ok
compatibility (macos-15-intel, x86_64)	Complete release test suite	2026-09-20T20:07:54.5713440Z test unicode_formatting_and_source_escapes ... ok
compatibility (macos-15-intel, x86_64)	Complete release test suite	2026-09-20T20:07:54.9331420Z test utf8_record_separators_across_buffers ... ok
compatibility (macos-15-intel, x86_64)	Complete release test suite	2026-09-20T20:07:55.0846390Z test utf8_regex_empty_matches_and_mixed_bytes ... ok
compatibility (macos-15-intel, x86_64)	Complete release test suite	2026-09-20T20:07:55.6000440Z test unicode_classes_ranges_and_anchors ... ok
compatibility (macos-15-intel, x86_64)	Complete release test suite	2026-09-20T20:08:11.2408640Z test original_utf8_drivers ... ok
compatibility (macos-15-intel, x86_64)	Complete release test suite	2026-09-20T20:08:11.2409630Z 
compatibility (macos-15-intel, x86_64)	Complete release test suite	2026-09-20T20:08:11.2410620Z test result: ok. 12 passed; 0 failed; 0 ignored; 0 measured; 0 filtered out; finished in 17.75s
compatibility (macos-15-intel, x86_64)	Complete release test suite	2026-09-20T20:08:11.2411690Z 
compatibility (macos-15-intel, x86_64)	Complete release test suite	2026-09-20T20:08:11.2416080Z      Running tests/xml_runner_test.rs (target/release/deps/xml_runner_test-ec9488da4022b950)
compatibility (macos-15-intel, x86_64)	Complete release test suite	2026-09-20T20:08:11.2490110Z 
compatibility (macos-15-intel, x86_64)	Complete release test suite	2026-09-20T20:08:11.2491470Z running 1 test
compatibility (macos-15-intel, x86_64)	Complete release test suite	2026-09-20T20:08:14.2495830Z test run_xml_testsuite ... ok
compatibility (macos-15-intel, x86_64)	Complete release test suite	2026-09-20T20:08:14.2497020Z 
compatibility (macos-15-intel, x86_64)	Complete release test suite	2026-09-20T20:08:14.2497630Z test result: ok. 1 passed; 0 failed; 0 ignored; 0 measured; 0 filtered out; finished in 3.00s
compatibility (macos-15-intel, x86_64)	Complete release test suite	2026-09-20T20:08:14.2498630Z 
compatibility (macos-15-intel, x86_64)	Complete release test suite	2026-09-20T20:08:14.2499950Z    Doc-tests rawk
compatibility (macos-15-intel, x86_64)	Complete release test suite	2026-09-20T20:08:14.3597830Z 
compatibility (macos-15-intel, x86_64)	Complete release test suite	2026-09-20T20:08:14.3598960Z running 0 tests
compatibility (macos-15-intel, x86_64)	Complete release test suite	2026-09-20T20:08:14.3599430Z 
compatibility (macos-15-intel, x86_64)	Complete release test suite	2026-09-20T20:08:14.3600300Z test result: ok. 0 passed; 0 failed; 0 ignored; 0 measured; 0 filtered out; finished in 0.00s
compatibility (macos-15-intel, x86_64)	Complete release test suite	2026-09-20T20:08:14.3601440Z 
compatibility (macos-15-intel, x86_64)	Compare all native libc-valid Shift-JIS pairs	﻿2026-09-20T20:08:14.4168600Z ##[group]Run python3 scripts/shift_jis_platform_probe.py --output diary/shift-jis-platform-ci.json
compatibility (macos-15-intel, x86_64)	Compare all native libc-valid Shift-JIS pairs	2026-09-20T20:08:14.4170910Z [36;1mpython3 scripts/shift_jis_platform_probe.py --output diary/shift-jis-platform-ci.json[0m
compatibility (macos-15-intel, x86_64)	Compare all native libc-valid Shift-JIS pairs	2026-09-20T20:08:14.4258130Z shell: /bin/bash -e {0}
compatibility (macos-15-intel, x86_64)	Compare all native libc-valid Shift-JIS pairs	2026-09-20T20:08:14.4258890Z env:
compatibility (macos-15-intel, x86_64)	Compare all native libc-valid Shift-JIS pairs	2026-09-20T20:08:14.4259710Z   LC_ALL: C
compatibility (macos-15-intel, x86_64)	Compare all native libc-valid Shift-JIS pairs	2026-09-20T20:08:14.4260100Z   CARGO_INCREMENTAL: 0
compatibility (macos-15-intel, x86_64)	Compare all native libc-valid Shift-JIS pairs	2026-09-20T20:08:14.4260660Z   RUSTUP_TOOLCHAIN: 1.96.0
compatibility (macos-15-intel, x86_64)	Compare all native libc-valid Shift-JIS pairs	2026-09-20T20:08:14.4261120Z ##[endgroup]
compatibility (macos-15-intel, x86_64)	Compare all native libc-valid Shift-JIS pairs	2026-09-20T20:08:15.5925210Z 15240 libc-valid double-byte pairs: upper/lower MATCH
compatibility (macos-15-intel, x86_64)	Check original driver contracts and standard streams (debug and release)	﻿2026-09-20T20:08:15.6066980Z ##[group]Run python3 scripts/test_closure_contracts.py
compatibility (macos-15-intel, x86_64)	Check original driver contracts and standard streams (debug and release)	2026-09-20T20:08:15.6068500Z [36;1mpython3 scripts/test_closure_contracts.py[0m
compatibility (macos-15-intel, x86_64)	Check original driver contracts and standard streams (debug and release)	2026-09-20T20:08:15.6069690Z [36;1mfor profile in debug release; do[0m
compatibility (macos-15-intel, x86_64)	Check original driver contracts and standard streams (debug and release)	2026-09-20T20:08:15.6071410Z [36;1m  python3 scripts/full_driver_audit.py --rawk "target/$profile/rawk" --verified --check --output "diary/darwin-drivers-verified-$profile-ci.json"[0m
compatibility (macos-15-intel, x86_64)	Check original driver contracts and standard streams (debug and release)	2026-09-20T20:08:15.6074020Z [36;1m  python3 scripts/linux_driver_probe.py --rawk "target/$profile/rawk" --check --output "diary/darwin-driver-probe-$profile-ci.json"[0m
compatibility (macos-15-intel, x86_64)	Check original driver contracts and standard streams (debug and release)	2026-09-20T20:08:15.6075720Z [36;1mdone[0m
compatibility (macos-15-intel, x86_64)	Check original driver contracts and standard streams (debug and release)	2026-09-20T20:08:15.6150980Z shell: /bin/bash -e {0}
compatibility (macos-15-intel, x86_64)	Check original driver contracts and standard streams (debug and release)	2026-09-20T20:08:15.6152010Z env:
compatibility (macos-15-intel, x86_64)	Check original driver contracts and standard streams (debug and release)	2026-09-20T20:08:15.6152630Z   LC_ALL: C
compatibility (macos-15-intel, x86_64)	Check original driver contracts and standard streams (debug and release)	2026-09-20T20:08:15.6153110Z   CARGO_INCREMENTAL: 0
compatibility (macos-15-intel, x86_64)	Check original driver contracts and standard streams (debug and release)	2026-09-20T20:08:15.6153760Z   RUSTUP_TOOLCHAIN: 1.96.0
compatibility (macos-15-intel, x86_64)	Check original driver contracts and standard streams (debug and release)	2026-09-20T20:08:15.6154570Z ##[endgroup]
compatibility (macos-15-intel, x86_64)	Check original driver contracts and standard streams (debug and release)	2026-09-20T20:08:15.8068960Z ..
compatibility (macos-15-intel, x86_64)	Check original driver contracts and standard streams (debug and release)	2026-09-20T20:08:15.8070420Z ----------------------------------------------------------------------
compatibility (macos-15-intel, x86_64)	Check original driver contracts and standard streams (debug and release)	2026-09-20T20:08:15.8071720Z Ran 2 tests in 0.027s
compatibility (macos-15-intel, x86_64)	Check original driver contracts and standard streams (debug and release)	2026-09-20T20:08:15.8072030Z 
compatibility (macos-15-intel, x86_64)	Check original driver contracts and standard streams (debug and release)	2026-09-20T20:08:15.8072220Z OK
compatibility (macos-15-intel, x86_64)	Check original driver contracts and standard streams (debug and release)	2026-09-20T20:08:17.1394080Z T.-f-f pass 
compatibility (macos-15-intel, x86_64)	Check original driver contracts and standard streams (debug and release)	2026-09-20T20:08:19.5352870Z T.argv pass 
compatibility (macos-15-intel, x86_64)	Check original driver contracts and standard streams (debug and release)	2026-09-20T20:08:20.7749870Z T.arnold pass 
compatibility (macos-15-intel, x86_64)	Check original driver contracts and standard streams (debug and release)	2026-09-20T20:08:26.0403900Z T.beebe pass 
compatibility (macos-15-intel, x86_64)	Check original driver contracts and standard streams (debug and release)	2026-09-20T20:08:28.4560430Z T.chem pass 
compatibility (macos-15-intel, x86_64)	Check original driver contracts and standard streams (debug and release)	2026-09-20T20:08:30.1156790Z T.close pass 
compatibility (macos-15-intel, x86_64)	Check original driver contracts and standard streams (debug and release)	2026-09-20T20:08:33.7495510Z T.clv pass 
compatibility (macos-15-intel, x86_64)	Check original driver contracts and standard streams (debug and release)	2026-09-20T20:08:34.6112650Z T.csconcat pass 
compatibility (macos-15-intel, x86_64)	Check original driver contracts and standard streams (debug and release)	2026-09-20T20:08:36.7350480Z T.csv pass 
compatibility (macos-15-intel, x86_64)	Check original driver contracts and standard streams (debug and release)	2026-09-20T20:08:37.8763860Z T.delete pass 
compatibility (macos-15-intel, x86_64)	Check original driver contracts and standard streams (debug and release)	2026-09-20T20:08:45.4076930Z T.expr pass 
compatibility (macos-15-intel, x86_64)	Check original driver contracts and standard streams (debug and release)	2026-09-20T20:08:46.3318380Z T.exprconv pass 
compatibility (macos-15-intel, x86_64)	Check original driver contracts and standard streams (debug and release)	2026-09-20T20:08:49.6833440Z T.func pass 
compatibility (macos-15-intel, x86_64)	Check original driver contracts and standard streams (debug and release)	2026-09-20T20:08:58.9708330Z T.gawk pass 
compatibility (macos-15-intel, x86_64)	Check original driver contracts and standard streams (debug and release)	2026-09-20T20:09:00.7715050Z T.getline pass 
compatibility (macos-15-intel, x86_64)	Check original driver contracts and standard streams (debug and release)	2026-09-20T20:09:02.0311240Z T.int-expr pass 
compatibility (macos-15-intel, x86_64)	Check original driver contracts and standard streams (debug and release)	2026-09-20T20:09:04.3213760Z T.latin1 pass 
compatibility (macos-15-intel, x86_64)	Check original driver contracts and standard streams (debug and release)	2026-09-20T20:09:12.8688820Z T.lilly pass 
compatibility (macos-15-intel, x86_64)	Check original driver contracts and standard streams (debug and release)	2026-09-20T20:09:14.2139240Z T.main pass 
compatibility (macos-15-intel, x86_64)	Check original driver contracts and standard streams (debug and release)	2026-09-20T20:09:17.3643270Z T.nextfile pass 
compatibility (macos-15-intel, x86_64)	Check original driver contracts and standard streams (debug and release)	2026-09-20T20:09:21.7036820Z T.overflow pass 
compatibility (macos-15-intel, x86_64)	Check original driver contracts and standard streams (debug and release)	2026-09-20T20:09:32.0508830Z T.re pass 
compatibility (macos-15-intel, x86_64)	Check original driver contracts and standard streams (debug and release)	2026-09-20T20:09:32.7455950Z T.recache pass 
compatibility (macos-15-intel, x86_64)	Check original driver contracts and standard streams (debug and release)	2026-09-20T20:09:33.7046730Z T.redir pass 
compatibility (macos-15-intel, x86_64)	Check original driver contracts and standard streams (debug and release)	2026-09-20T20:09:36.0156910Z T.split pass 
compatibility (macos-15-intel, x86_64)	Check original driver contracts and standard streams (debug and release)	2026-09-20T20:09:41.9846360Z T.sub pass 
compatibility (macos-15-intel, x86_64)	Check original driver contracts and standard streams (debug and release)	2026-09-20T20:09:42.7878750Z T.system pass 
compatibility (macos-15-intel, x86_64)	Check original driver contracts and standard streams (debug and release)	2026-09-20T20:09:50.6492010Z Darwin contract mismatches: []
compatibility (macos-15-intel, x86_64)	Check original driver contracts and standard streams (debug and release)	2026-09-20T20:09:50.6492800Z Native contract mismatches: []
compatibility (macos-15-intel, x86_64)	Check original driver contracts and standard streams (debug and release)	2026-09-20T20:09:51.7359300Z T.-f-f pass 
compatibility (macos-15-intel, x86_64)	Check original driver contracts and standard streams (debug and release)	2026-09-20T20:09:53.9366460Z T.argv pass 
compatibility (macos-15-intel, x86_64)	Check original driver contracts and standard streams (debug and release)	2026-09-20T20:09:55.1436560Z T.arnold pass 
compatibility (macos-15-intel, x86_64)	Check original driver contracts and standard streams (debug and release)	2026-09-20T20:09:59.4688550Z T.beebe pass 
compatibility (macos-15-intel, x86_64)	Check original driver contracts and standard streams (debug and release)	2026-09-20T20:10:00.7431460Z T.chem pass 
compatibility (macos-15-intel, x86_64)	Check original driver contracts and standard streams (debug and release)	2026-09-20T20:10:02.2039750Z T.close pass 
compatibility (macos-15-intel, x86_64)	Check original driver contracts and standard streams (debug and release)	2026-09-20T20:10:05.2746470Z T.clv pass 
compatibility (macos-15-intel, x86_64)	Check original driver contracts and standard streams (debug and release)	2026-09-20T20:10:05.9540170Z T.csconcat pass 
compatibility (macos-15-intel, x86_64)	Check original driver contracts and standard streams (debug and release)	2026-09-20T20:10:07.8491770Z T.csv pass 
compatibility (macos-15-intel, x86_64)	Check original driver contracts and standard streams (debug and release)	2026-09-20T20:10:08.5554600Z T.delete pass 
compatibility (macos-15-intel, x86_64)	Check original driver contracts and standard streams (debug and release)	2026-09-20T20:10:14.5543340Z T.expr pass 
compatibility (macos-15-intel, x86_64)	Check original driver contracts and standard streams (debug and release)	2026-09-20T20:10:15.2422440Z T.exprconv pass 
compatibility (macos-15-intel, x86_64)	Check original driver contracts and standard streams (debug and release)	2026-09-20T20:10:17.4818370Z T.func pass 
compatibility (macos-15-intel, x86_64)	Check original driver contracts and standard streams (debug and release)	2026-09-20T20:10:21.6009220Z T.gawk pass 
compatibility (macos-15-intel, x86_64)	Check original driver contracts and standard streams (debug and release)	2026-09-20T20:10:22.8347920Z T.getline pass 
compatibility (macos-15-intel, x86_64)	Check original driver contracts and standard streams (debug and release)	2026-09-20T20:10:23.5831410Z T.int-expr pass 
compatibility (macos-15-intel, x86_64)	Check original driver contracts and standard streams (debug and release)	2026-09-20T20:10:24.6348420Z T.latin1 pass 
compatibility (macos-15-intel, x86_64)	Check original driver contracts and standard streams (debug and release)	2026-09-20T20:10:31.8970480Z T.lilly pass 
compatibility (macos-15-intel, x86_64)	Check original driver contracts and standard streams (debug and release)	2026-09-20T20:10:33.0832060Z T.main pass 
compatibility (macos-15-intel, x86_64)	Check original driver contracts and standard streams (debug and release)	2026-09-20T20:10:35.7100100Z T.nextfile pass 
compatibility (macos-15-intel, x86_64)	Check original driver contracts and standard streams (debug and release)	2026-09-20T20:10:39.1166560Z T.overflow pass 
compatibility (macos-15-intel, x86_64)	Check original driver contracts and standard streams (debug and release)	2026-09-20T20:10:50.5118170Z T.re pass 
compatibility (macos-15-intel, x86_64)	Check original driver contracts and standard streams (debug and release)	2026-09-20T20:10:51.3986010Z T.recache pass 
compatibility (macos-15-intel, x86_64)	Check original driver contracts and standard streams (debug and release)	2026-09-20T20:10:52.5900030Z T.redir pass 
compatibility (macos-15-intel, x86_64)	Check original driver contracts and standard streams (debug and release)	2026-09-20T20:10:54.9614910Z T.split pass 
compatibility (macos-15-intel, x86_64)	Check original driver contracts and standard streams (debug and release)	2026-09-20T20:11:00.7884480Z T.sub pass 
compatibility (macos-15-intel, x86_64)	Check original driver contracts and standard streams (debug and release)	2026-09-20T20:11:01.9642470Z T.system pass 
compatibility (macos-15-intel, x86_64)	Check original driver contracts and standard streams (debug and release)	2026-09-20T20:11:09.7346110Z Darwin contract mismatches: []
compatibility (macos-15-intel, x86_64)	Check original driver contracts and standard streams (debug and release)	2026-09-20T20:11:09.7347160Z Native contract mismatches: []
compatibility (macos-15-intel, x86_64)	Audit all original shell drivers (includes documented diagnostic and locale differences)	﻿2026-09-20T20:11:09.7646470Z ##[group]Run python3 scripts/full_driver_audit.py --output diary/full-driver-results-ci.json
compatibility (macos-15-intel, x86_64)	Audit all original shell drivers (includes documented diagnostic and locale differences)	2026-09-20T20:11:09.7648350Z [36;1mpython3 scripts/full_driver_audit.py --output diary/full-driver-results-ci.json[0m
compatibility (macos-15-intel, x86_64)	Audit all original shell drivers (includes documented diagnostic and locale differences)	2026-09-20T20:11:09.7732550Z shell: /bin/bash -e {0}
compatibility (macos-15-intel, x86_64)	Audit all original shell drivers (includes documented diagnostic and locale differences)	2026-09-20T20:11:09.7733360Z env:
compatibility (macos-15-intel, x86_64)	Audit all original shell drivers (includes documented diagnostic and locale differences)	2026-09-20T20:11:09.7733820Z   LC_ALL: C
compatibility (macos-15-intel, x86_64)	Audit all original shell drivers (includes documented diagnostic and locale differences)	2026-09-20T20:11:09.7734320Z   CARGO_INCREMENTAL: 0
compatibility (macos-15-intel, x86_64)	Audit all original shell drivers (includes documented diagnostic and locale differences)	2026-09-20T20:11:09.7735290Z   RUSTUP_TOOLCHAIN: 1.96.0
compatibility (macos-15-intel, x86_64)	Audit all original shell drivers (includes documented diagnostic and locale differences)	2026-09-20T20:11:09.7736130Z ##[endgroup]
compatibility (macos-15-intel, x86_64)	Audit all original shell drivers (includes documented diagnostic and locale differences)	2026-09-20T20:11:11.4883390Z T.-f-f pass 
compatibility (macos-15-intel, x86_64)	Audit all original shell drivers (includes documented diagnostic and locale differences)	2026-09-20T20:11:14.0995710Z T.argv pass 
compatibility (macos-15-intel, x86_64)	Audit all original shell drivers (includes documented diagnostic and locale differences)	2026-09-20T20:11:15.5119460Z T.arnold pass 
compatibility (macos-15-intel, x86_64)	Audit all original shell drivers (includes documented diagnostic and locale differences)	2026-09-20T20:11:20.6058370Z T.beebe pass 
compatibility (macos-15-intel, x86_64)	Audit all original shell drivers (includes documented diagnostic and locale differences)	2026-09-20T20:11:22.4853860Z T.builtin reference-failure BAD: T.builtin (rand) BAD: T.builtin (toupper/tolower) for utf-8
compatibility (macos-15-intel, x86_64)	Audit all original shell drivers (includes documented diagnostic and locale differences)	2026-09-20T20:11:23.6458790Z T.chem pass 
compatibility (macos-15-intel, x86_64)	Audit all original shell drivers (includes documented diagnostic and locale differences)	2026-09-20T20:11:25.3795870Z T.close pass 
compatibility (macos-15-intel, x86_64)	Audit all original shell drivers (includes documented diagnostic and locale differences)	2026-09-20T20:11:28.6977960Z T.clv pass 
compatibility (macos-15-intel, x86_64)	Audit all original shell drivers (includes documented diagnostic and locale differences)	2026-09-20T20:11:29.6459270Z T.csconcat pass 
compatibility (macos-15-intel, x86_64)	Audit all original shell drivers (includes documented diagnostic and locale differences)	2026-09-20T20:11:31.8662870Z T.csv pass 
compatibility (macos-15-intel, x86_64)	Audit all original shell drivers (includes documented diagnostic and locale differences)	2026-09-20T20:11:32.6855910Z T.delete pass 
compatibility (macos-15-intel, x86_64)	Audit all original shell drivers (includes documented diagnostic and locale differences)	2026-09-20T20:11:35.5598140Z T.errmsg reference-failure BAD: illegal primary in regular expression failed BAD: illegal break, continue, next or nextfile from BEGIN failed BAD: illegal break, continue, next or nextfile from END failed BAD: nextfile is illegal inside a function failed BAD: nonterminated character class failed BAD: nonterminated character class failed BAD: nonterminated character cl
compatibility (macos-15-intel, x86_64)	Audit all original shell drivers (includes documented diagnostic and locale differences)	2026-09-20T20:11:42.3154320Z T.expr pass 
compatibility (macos-15-intel, x86_64)	Audit all original shell drivers (includes documented diagnostic and locale differences)	2026-09-20T20:11:43.3779300Z T.exprconv pass 
compatibility (macos-15-intel, x86_64)	Audit all original shell drivers (includes documented diagnostic and locale differences)	2026-09-20T20:11:44.3689210Z T.flags open T.flags: bad no program T.flags: bad can.t open program T.flags: bad can.t open program 2 T.flags: bad missing field separator
compatibility (macos-15-intel, x86_64)	Audit all original shell drivers (includes documented diagnostic and locale differences)	2026-09-20T20:11:46.6083920Z T.func pass 
compatibility (macos-15-intel, x86_64)	Audit all original shell drivers (includes documented diagnostic and locale differences)	2026-09-20T20:11:51.3555460Z T.gawk pass 
compatibility (macos-15-intel, x86_64)	Audit all original shell drivers (includes documented diagnostic and locale differences)	2026-09-20T20:11:52.6523180Z T.getline pass 
compatibility (macos-15-intel, x86_64)	Audit all original shell drivers (includes documented diagnostic and locale differences)	2026-09-20T20:11:53.4528960Z T.int-expr pass 
compatibility (macos-15-intel, x86_64)	Audit all original shell drivers (includes documented diagnostic and locale differences)	2026-09-20T20:11:54.6710270Z T.latin1 pass 
compatibility (macos-15-intel, x86_64)	Audit all original shell drivers (includes documented diagnostic and locale differences)	2026-09-20T20:12:02.6727870Z T.lilly pass 
compatibility (macos-15-intel, x86_64)	Audit all original shell drivers (includes documented diagnostic and locale differences)	2026-09-20T20:12:03.9861240Z T.main pass 
compatibility (macos-15-intel, x86_64)	Audit all original shell drivers (includes documented diagnostic and locale differences)	2026-09-20T20:12:09.4048580Z T.misc open BAD: T.misc split error BAD: T.misc hello error BAD: T.misc pile error BAD: T.misc gsub banana error BAD: T.misc sub banana error BAD: T.misc lineno BAD: T.misc can't open BAD: T.misc continuation line number BAD: T.misc syntax error line number �BAD: T.misc escape sequences in strings mishandled BAD: T.misc fcn args BAD: T.misc undefine
compatibility (macos-15-intel, x86_64)	Audit all original shell drivers (includes documented diagnostic and locale differences)	2026-09-20T20:12:12.1144780Z T.nextfile pass 
compatibility (macos-15-intel, x86_64)	Audit all original shell drivers (includes documented diagnostic and locale differences)	2026-09-20T20:12:15.1194830Z T.overflow pass 
compatibility (macos-15-intel, x86_64)	Audit all original shell drivers (includes documented diagnostic and locale differences)	2026-09-20T20:12:25.2501980Z T.re pass 
compatibility (macos-15-intel, x86_64)	Audit all original shell drivers (includes documented diagnostic and locale differences)	2026-09-20T20:12:25.9769190Z T.recache pass 
compatibility (macos-15-intel, x86_64)	Audit all original shell drivers (includes documented diagnostic and locale differences)	2026-09-20T20:12:26.9552790Z T.redir pass 
compatibility (macos-15-intel, x86_64)	Audit all original shell drivers (includes documented diagnostic and locale differences)	2026-09-20T20:12:29.1546130Z T.split pass 
compatibility (macos-15-intel, x86_64)	Audit all original shell drivers (includes documented diagnostic and locale differences)	2026-09-20T20:12:33.9470990Z T.sub pass 
compatibility (macos-15-intel, x86_64)	Audit all original shell drivers (includes documented diagnostic and locale differences)	2026-09-20T20:12:34.8465850Z T.system pass 
compatibility (macos-15-intel, x86_64)	Audit all original shell drivers (includes documented diagnostic and locale differences)	2026-09-20T20:12:42.5181190Z T.utf reference-failure test 1.3 failed test 1.4 failed test 1.5 failed test 1.6 failed test 1.7 failed test 1.8 failed test 1.9 failed test 1.10 failed test 1.11 failed test 1.12 failed test 1.13 failed test 1.14 failed test 1.15 failed test 1.16 failed test 1.17 failed test 1.18 failed test 1.19 failed test 1.20 failed test 1.21 fail
compatibility (macos-15-intel, x86_64)	Audit all original shell drivers (includes documented diagnostic and locale differences)	2026-09-20T20:12:49.5438060Z T.utfre reference-failure 43 fails ^λ.$ ~ λλ 51 fails ^.해 ~ め해 52 fails ^.해 ~ め해해 64 fails 해* ~  68 fails 해* ~ めめめめ 69 fails 해해* ~ 해 71 fails 해해* ~ め해 84 fails xθ+y ~ xθθy 85 fails xθ+y ~ xθθθθθθy 89 fails xθ?y ~ xy 92 fails θ?b?の? ~  93 fails θ?b?の? ~ x 106 fails [Α-Ω] !~ β 108 fails [^Α-Ω] ~ δ 119 fails [Α-ΔΦ-Ω] !~ Π 120 fails [Α-ΔΦ-Ω] !~ Σ
compatibility (macos-15-intel, x86_64)	Audit original UTF-8 drivers	﻿2026-09-20T20:12:49.5669540Z ##[group]Run python3 scripts/full_driver_audit.py --drivers T.utf T.utfre --locale en_US.UTF-8 --check --output diary/unicode-driver-results-ci.json
compatibility (macos-15-intel, x86_64)	Audit original UTF-8 drivers	2026-09-20T20:12:49.5672280Z [36;1mpython3 scripts/full_driver_audit.py --drivers T.utf T.utfre --locale en_US.UTF-8 --check --output diary/unicode-driver-results-ci.json[0m
compatibility (macos-15-intel, x86_64)	Audit original UTF-8 drivers	2026-09-20T20:12:49.5748350Z shell: /bin/bash -e {0}
compatibility (macos-15-intel, x86_64)	Audit original UTF-8 drivers	2026-09-20T20:12:49.5748940Z env:
compatibility (macos-15-intel, x86_64)	Audit original UTF-8 drivers	2026-09-20T20:12:49.5749390Z   LC_ALL: C
compatibility (macos-15-intel, x86_64)	Audit original UTF-8 drivers	2026-09-20T20:12:49.5749860Z   CARGO_INCREMENTAL: 0
compatibility (macos-15-intel, x86_64)	Audit original UTF-8 drivers	2026-09-20T20:12:49.5750420Z   RUSTUP_TOOLCHAIN: 1.96.0
compatibility (macos-15-intel, x86_64)	Audit original UTF-8 drivers	2026-09-20T20:12:49.5750990Z ##[endgroup]
compatibility (macos-15-intel, x86_64)	Audit original UTF-8 drivers	2026-09-20T20:12:58.5525000Z T.utf pass 
compatibility (macos-15-intel, x86_64)	Audit original UTF-8 drivers	2026-09-20T20:13:07.5041790Z T.utfre pass 
compatibility (macos-15-intel, x86_64)	Retain full driver evidence	﻿2026-09-20T20:13:07.5448300Z Node 20 is being deprecated. This workflow is running with Node 24 by default. If you need to temporarily use Node 20, you can set the ACTIONS_ALLOW_USE_UNSECURE_NODE_VERSION=true environment variable. For more information see: https://github.blog/changelog/2025-09-19-deprecation-of-node-20-on-github-actions-runners/
compatibility (macos-15-intel, x86_64)	Retain full driver evidence	2026-09-20T20:13:07.5458420Z ##[group]Run actions/upload-artifact@ea165f8d65b6e75b540449e92b4886f43607fa02
compatibility (macos-15-intel, x86_64)	Retain full driver evidence	2026-09-20T20:13:07.5459580Z with:
compatibility (macos-15-intel, x86_64)	Retain full driver evidence	2026-09-20T20:13:07.5460140Z   name: darwin-macos-15-intel
compatibility (macos-15-intel, x86_64)	Retain full driver evidence	2026-09-20T20:13:07.5462730Z   path: rawk/diary/darwin-*-ci.log
compatibility (macos-15-intel, x86_64)	Retain full driver evidence	rawk/diary/darwin-*-ci.json
compatibility (macos-15-intel, x86_64)	Retain full driver evidence	rawk/diary/format-platform-ci.json
compatibility (macos-15-intel, x86_64)	Retain full driver evidence	rawk/diary/shift-jis-platform-ci.json
compatibility (macos-15-intel, x86_64)	Retain full driver evidence	rawk/diary/shift-jis-locale-ci.log
compatibility (macos-15-intel, x86_64)	Retain full driver evidence	rawk/diary/full-driver-results-ci.json
compatibility (macos-15-intel, x86_64)	Retain full driver evidence	rawk/diary/unicode-driver-results-ci.json
compatibility (macos-15-intel, x86_64)	Retain full driver evidence	
compatibility (macos-15-intel, x86_64)	Retain full driver evidence	2026-09-20T20:13:07.5465490Z   if-no-files-found: error
compatibility (macos-15-intel, x86_64)	Retain full driver evidence	2026-09-20T20:13:07.5466150Z   compression-level: 6
compatibility (macos-15-intel, x86_64)	Retain full driver evidence	2026-09-20T20:13:07.5466710Z   overwrite: false
compatibility (macos-15-intel, x86_64)	Retain full driver evidence	2026-09-20T20:13:07.5467330Z   include-hidden-files: false
compatibility (macos-15-intel, x86_64)	Retain full driver evidence	2026-09-20T20:13:07.5468010Z env:
compatibility (macos-15-intel, x86_64)	Retain full driver evidence	2026-09-20T20:13:07.5468490Z   LC_ALL: C
compatibility (macos-15-intel, x86_64)	Retain full driver evidence	2026-09-20T20:13:07.5469760Z   CARGO_INCREMENTAL: 0
compatibility (macos-15-intel, x86_64)	Retain full driver evidence	2026-09-20T20:13:07.5470290Z   RUSTUP_TOOLCHAIN: 1.96.0
compatibility (macos-15-intel, x86_64)	Retain full driver evidence	2026-09-20T20:13:07.5470820Z ##[endgroup]
compatibility (macos-15-intel, x86_64)	Retain full driver evidence	2026-09-20T20:13:08.0686400Z (node:20695) [DEP0040] DeprecationWarning: The `punycode` module is deprecated. Please use a userland alternative instead.
compatibility (macos-15-intel, x86_64)	Retain full driver evidence	2026-09-20T20:13:08.0689180Z (Use `node --trace-deprecation ...` to show where the warning was created)
compatibility (macos-15-intel, x86_64)	Retain full driver evidence	2026-09-20T20:13:08.0958460Z With the provided path, there will be 11 files uploaded
compatibility (macos-15-intel, x86_64)	Retain full driver evidence	2026-09-20T20:13:08.0968490Z Artifact name is valid!
compatibility (macos-15-intel, x86_64)	Retain full driver evidence	2026-09-20T20:13:08.0970710Z Root directory input is valid!
compatibility (macos-15-intel, x86_64)	Retain full driver evidence	2026-09-20T20:13:08.4381500Z Beginning upload of artifact content to blob storage
compatibility (macos-15-intel, x86_64)	Retain full driver evidence	2026-09-20T20:13:08.5242570Z (node:20695) [DEP0169] DeprecationWarning: `url.parse()` behavior is not standardized and prone to errors that have security implications. Use the WHATWG URL API instead. CVEs are not issued for `url.parse()` vulnerabilities.
compatibility (macos-15-intel, x86_64)	Retain full driver evidence	2026-09-20T20:13:08.7513220Z Uploaded bytes 106815
compatibility (macos-15-intel, x86_64)	Retain full driver evidence	2026-09-20T20:13:08.7984970Z Finished uploading artifact content to blob storage!
compatibility (macos-15-intel, x86_64)	Retain full driver evidence	2026-09-20T20:13:08.7987220Z SHA256 digest of uploaded artifact zip is 17c80fa203c06c21ae93283292c482995760bb4ab0297d99ac09ce3bb24853cb
compatibility (macos-15-intel, x86_64)	Retain full driver evidence	2026-09-20T20:13:08.7989010Z Finalizing artifact upload
compatibility (macos-15-intel, x86_64)	Retain full driver evidence	2026-09-20T20:13:09.0415740Z Artifact darwin-macos-15-intel.zip successfully finalized. Artifact ID 10611354805
compatibility (macos-15-intel, x86_64)	Retain full driver evidence	2026-09-20T20:13:09.0417940Z Artifact darwin-macos-15-intel has been successfully uploaded! Final size is 106815 bytes. Artifact ID is 10611354805
compatibility (macos-15-intel, x86_64)	Retain full driver evidence	2026-09-20T20:13:09.0435530Z Artifact download URL: https://github.com/francescotinti/rawk/actions/runs/35533876697/artifacts/10611354805
compatibility (macos-15-intel, x86_64)	Post Run actions/checkout@11bd71901bbe5b1630ceea73d27597364c9af683	﻿2026-09-20T20:13:09.0955120Z Node 20 is being deprecated. This workflow is running with Node 24 by default. If you need to temporarily use Node 20, you can set the ACTIONS_ALLOW_USE_UNSECURE_NODE_VERSION=true environment variable. For more information see: https://github.blog/changelog/2025-09-19-deprecation-of-node-20-on-github-actions-runners/
compatibility (macos-15-intel, x86_64)	Post Run actions/checkout@11bd71901bbe5b1630ceea73d27597364c9af683	2026-09-20T20:13:09.0958630Z Post job cleanup.
compatibility (macos-15-intel, x86_64)	Post Run actions/checkout@11bd71901bbe5b1630ceea73d27597364c9af683	2026-09-20T20:13:09.2990940Z [command]/usr/local/bin/git version
compatibility (macos-15-intel, x86_64)	Post Run actions/checkout@11bd71901bbe5b1630ceea73d27597364c9af683	2026-09-20T20:13:09.3113700Z git version 2.55.0
compatibility (macos-15-intel, x86_64)	Post Run actions/checkout@11bd71901bbe5b1630ceea73d27597364c9af683	2026-09-20T20:13:09.3164800Z Copying '/Users/runner/.gitconfig' to '/Users/runner/work/_temp/f2bfa773-9d40-498e-a556-9f0330499f81/.gitconfig'
compatibility (macos-15-intel, x86_64)	Post Run actions/checkout@11bd71901bbe5b1630ceea73d27597364c9af683	2026-09-20T20:13:09.3189680Z Temporarily overriding HOME='/Users/runner/work/_temp/f2bfa773-9d40-498e-a556-9f0330499f81' before making global git config changes
compatibility (macos-15-intel, x86_64)	Post Run actions/checkout@11bd71901bbe5b1630ceea73d27597364c9af683	2026-09-20T20:13:09.3192430Z Adding repository directory to the temporary git global config as a safe directory
compatibility (macos-15-intel, x86_64)	Post Run actions/checkout@11bd71901bbe5b1630ceea73d27597364c9af683	2026-09-20T20:13:09.3201400Z [command]/usr/local/bin/git config --global --add safe.directory /Users/runner/work/rawk/rawk/rawk
compatibility (macos-15-intel, x86_64)	Post Run actions/checkout@11bd71901bbe5b1630ceea73d27597364c9af683	2026-09-20T20:13:09.3364350Z [command]/usr/local/bin/git config --local --name-only --get-regexp core\.sshCommand
compatibility (macos-15-intel, x86_64)	Post Run actions/checkout@11bd71901bbe5b1630ceea73d27597364c9af683	2026-09-20T20:13:09.3507280Z [command]/usr/local/bin/git submodule foreach --recursive sh -c "git config --local --name-only --get-regexp 'core\.sshCommand' && git config --local --unset-all 'core.sshCommand' || :"
compatibility (macos-15-intel, x86_64)	Post Run actions/checkout@11bd71901bbe5b1630ceea73d27597364c9af683	2026-09-20T20:13:09.5271760Z [command]/usr/local/bin/git config --local --name-only --get-regexp http\.https\:\/\/github\.com\/\.extraheader
compatibility (macos-15-intel, x86_64)	Post Run actions/checkout@11bd71901bbe5b1630ceea73d27597364c9af683	2026-09-20T20:13:09.5393520Z http.https://github.com/.extraheader
compatibility (macos-15-intel, x86_64)	Post Run actions/checkout@11bd71901bbe5b1630ceea73d27597364c9af683	2026-09-20T20:13:09.5415080Z [command]/usr/local/bin/git config --local --unset-all http.https://github.com/.extraheader
compatibility (macos-15-intel, x86_64)	Post Run actions/checkout@11bd71901bbe5b1630ceea73d27597364c9af683	2026-09-20T20:13:09.5569470Z [command]/usr/local/bin/git submodule foreach --recursive sh -c "git config --local --name-only --get-regexp 'http\.https\:\/\/github\.com\/\.extraheader' && git config --local --unset-all 'http.https://github.com/.extraheader' || :"
compatibility (macos-15-intel, x86_64)	Complete job	﻿2026-09-20T20:13:09.7715080Z Cleaning up orphan processes
compatibility (macos-15-intel, x86_64)	Complete job	2026-09-20T20:13:11.0791560Z ##[warning]Node.js 20 is deprecated. The following actions target Node.js 20 but are being forced to run on Node.js 24: actions/checkout@11bd71901bbe5b1630ceea73d27597364c9af683, actions/upload-artifact@ea165f8d65b6e75b540449e92b4886f43607fa02. For more information see: https://github.blog/changelog/2025-09-19-deprecation-of-node-20-on-github-actions-runners/
linux-portability (ubuntu-24.04-arm)	Set up job	﻿2026-09-20T19:55:39.2869028Z Current runner version: '2.337.0'
linux-portability (ubuntu-24.04-arm)	Set up job	2026-09-20T19:55:39.2899602Z ##[group]Runner Image Provisioner
linux-portability (ubuntu-24.04-arm)	Set up job	2026-09-20T19:55:39.2900583Z Hosted Compute Agent
linux-portability (ubuntu-24.04-arm)	Set up job	2026-09-20T19:55:39.2901186Z Version: 20260828.587
linux-portability (ubuntu-24.04-arm)	Set up job	2026-09-20T19:55:39.2901975Z Commit: abac92662cab4cc7352de4f9f9d2e2419aad9c29
linux-portability (ubuntu-24.04-arm)	Set up job	2026-09-20T19:55:39.2902722Z Build Date: 2026-08-28T16:44:25Z
linux-portability (ubuntu-24.04-arm)	Set up job	2026-09-20T19:55:39.2903480Z Worker ID: {873c4a0d-f75c-4e17-a84f-cf83d6a3e527}
linux-portability (ubuntu-24.04-arm)	Set up job	2026-09-20T19:55:39.2904187Z Azure Region: eastus
linux-portability (ubuntu-24.04-arm)	Set up job	2026-09-20T19:55:39.2904751Z ##[endgroup]
linux-portability (ubuntu-24.04-arm)	Set up job	2026-09-20T19:55:39.2907645Z ##[group]Operating System
linux-portability (ubuntu-24.04-arm)	Set up job	2026-09-20T19:55:39.2908322Z Ubuntu
linux-portability (ubuntu-24.04-arm)	Set up job	2026-09-20T19:55:39.2909067Z 24.04.5
linux-portability (ubuntu-24.04-arm)	Set up job	2026-09-20T19:55:39.2909576Z LTS
linux-portability (ubuntu-24.04-arm)	Set up job	2026-09-20T19:55:39.2910081Z ##[endgroup]
linux-portability (ubuntu-24.04-arm)	Set up job	2026-09-20T19:55:39.2910724Z ##[group]Runner Image
linux-portability (ubuntu-24.04-arm)	Set up job	2026-09-20T19:55:39.2911379Z Image: ubuntu-24.04-arm
linux-portability (ubuntu-24.04-arm)	Set up job	2026-09-20T19:55:39.2912080Z Version: 20260907.118.1
linux-portability (ubuntu-24.04-arm)	Set up job	2026-09-20T19:55:39.2913329Z Included Software: https://github.com/actions/runner-images/blob/ubuntu24-arm64/20260907.118/images/ubuntu/Ubuntu2404-Arm64-Readme.md
linux-portability (ubuntu-24.04-arm)	Set up job	2026-09-20T19:55:39.2915255Z Image Release: https://github.com/actions/runner-images/releases/tag/ubuntu24-arm64%2F20260907.118
linux-portability (ubuntu-24.04-arm)	Set up job	2026-09-20T19:55:39.2916648Z ##[endgroup]
linux-portability (ubuntu-24.04-arm)	Set up job	2026-09-20T19:55:39.2917917Z ##[group]GITHUB_TOKEN Permissions
linux-portability (ubuntu-24.04-arm)	Set up job	2026-09-20T19:55:39.2920997Z Contents: read
linux-portability (ubuntu-24.04-arm)	Set up job	2026-09-20T19:55:39.2921686Z Metadata: read
linux-portability (ubuntu-24.04-arm)	Set up job	2026-09-20T19:55:39.2922241Z ##[endgroup]
linux-portability (ubuntu-24.04-arm)	Set up job	2026-09-20T19:55:39.2925101Z Secret source: Actions
linux-portability (ubuntu-24.04-arm)	Set up job	2026-09-20T19:55:39.2926466Z Cache mode: write
linux-portability (ubuntu-24.04-arm)	Set up job	2026-09-20T19:55:39.2927622Z Prepare workflow directory
linux-portability (ubuntu-24.04-arm)	Set up job	2026-09-20T19:55:39.3347013Z Prepare all required actions
linux-portability (ubuntu-24.04-arm)	Set up job	2026-09-20T19:55:39.3395752Z Getting action download info
linux-portability (ubuntu-24.04-arm)	Set up job	2026-09-20T19:55:39.5086821Z Download action repository 'actions/checkout@11bd71901bbe5b1630ceea73d27597364c9af683' (SHA:11bd71901bbe5b1630ceea73d27597364c9af683)
linux-portability (ubuntu-24.04-arm)	Set up job	2026-09-20T19:55:39.6095346Z Download action repository 'actions/upload-artifact@ea165f8d65b6e75b540449e92b4886f43607fa02' (SHA:ea165f8d65b6e75b540449e92b4886f43607fa02)
linux-portability (ubuntu-24.04-arm)	Set up job	2026-09-20T19:55:39.8258727Z Complete job name: linux-portability (ubuntu-24.04-arm)
linux-portability (ubuntu-24.04-arm)	Run actions/checkout@11bd71901bbe5b1630ceea73d27597364c9af683	﻿2026-09-20T19:55:39.9142890Z Node 20 is being deprecated. This workflow is running with Node 24 by default. If you need to temporarily use Node 20, you can set the ACTIONS_ALLOW_USE_UNSECURE_NODE_VERSION=true environment variable. For more information see: https://github.blog/changelog/2025-09-19-deprecation-of-node-20-on-github-actions-runners/
linux-portability (ubuntu-24.04-arm)	Run actions/checkout@11bd71901bbe5b1630ceea73d27597364c9af683	2026-09-20T19:55:39.9153744Z ##[group]Run actions/checkout@11bd71901bbe5b1630ceea73d27597364c9af683
linux-portability (ubuntu-24.04-arm)	Run actions/checkout@11bd71901bbe5b1630ceea73d27597364c9af683	2026-09-20T19:55:39.9155213Z with:
linux-portability (ubuntu-24.04-arm)	Run actions/checkout@11bd71901bbe5b1630ceea73d27597364c9af683	2026-09-20T19:55:39.9155790Z   path: rawk
linux-portability (ubuntu-24.04-arm)	Run actions/checkout@11bd71901bbe5b1630ceea73d27597364c9af683	2026-09-20T19:55:39.9156713Z   repository: francescotinti/rawk
linux-portability (ubuntu-24.04-arm)	Run actions/checkout@11bd71901bbe5b1630ceea73d27597364c9af683	2026-09-20T19:55:39.9160631Z   token: ***
linux-portability (ubuntu-24.04-arm)	Run actions/checkout@11bd71901bbe5b1630ceea73d27597364c9af683	2026-09-20T19:55:39.9161189Z   ssh-strict: true
linux-portability (ubuntu-24.04-arm)	Run actions/checkout@11bd71901bbe5b1630ceea73d27597364c9af683	2026-09-20T19:55:39.9161852Z   ssh-user: git
linux-portability (ubuntu-24.04-arm)	Run actions/checkout@11bd71901bbe5b1630ceea73d27597364c9af683	2026-09-20T19:55:39.9162485Z   persist-credentials: true
linux-portability (ubuntu-24.04-arm)	Run actions/checkout@11bd71901bbe5b1630ceea73d27597364c9af683	2026-09-20T19:55:39.9163400Z   clean: true
linux-portability (ubuntu-24.04-arm)	Run actions/checkout@11bd71901bbe5b1630ceea73d27597364c9af683	2026-09-20T19:55:39.9164106Z   sparse-checkout-cone-mode: true
linux-portability (ubuntu-24.04-arm)	Run actions/checkout@11bd71901bbe5b1630ceea73d27597364c9af683	2026-09-20T19:55:39.9164733Z   fetch-depth: 1
linux-portability (ubuntu-24.04-arm)	Run actions/checkout@11bd71901bbe5b1630ceea73d27597364c9af683	2026-09-20T19:55:39.9165349Z   fetch-tags: false
linux-portability (ubuntu-24.04-arm)	Run actions/checkout@11bd71901bbe5b1630ceea73d27597364c9af683	2026-09-20T19:55:39.9166132Z   show-progress: true
linux-portability (ubuntu-24.04-arm)	Run actions/checkout@11bd71901bbe5b1630ceea73d27597364c9af683	2026-09-20T19:55:39.9166928Z   lfs: false
linux-portability (ubuntu-24.04-arm)	Run actions/checkout@11bd71901bbe5b1630ceea73d27597364c9af683	2026-09-20T19:55:39.9167546Z   submodules: false
linux-portability (ubuntu-24.04-arm)	Run actions/checkout@11bd71901bbe5b1630ceea73d27597364c9af683	2026-09-20T19:55:39.9168115Z   set-safe-directory: true
linux-portability (ubuntu-24.04-arm)	Run actions/checkout@11bd71901bbe5b1630ceea73d27597364c9af683	2026-09-20T19:55:39.9169591Z env:
linux-portability (ubuntu-24.04-arm)	Run actions/checkout@11bd71901bbe5b1630ceea73d27597364c9af683	2026-09-20T19:55:39.9170125Z   LC_ALL: C
linux-portability (ubuntu-24.04-arm)	Run actions/checkout@11bd71901bbe5b1630ceea73d27597364c9af683	2026-09-20T19:55:39.9170760Z   CARGO_INCREMENTAL: 0
linux-portability (ubuntu-24.04-arm)	Run actions/checkout@11bd71901bbe5b1630ceea73d27597364c9af683	2026-09-20T19:55:39.9171367Z   RUSTUP_TOOLCHAIN: 1.96.0
linux-portability (ubuntu-24.04-arm)	Run actions/checkout@11bd71901bbe5b1630ceea73d27597364c9af683	2026-09-20T19:55:39.9171962Z ##[endgroup]
linux-portability (ubuntu-24.04-arm)	Run actions/checkout@11bd71901bbe5b1630ceea73d27597364c9af683	2026-09-20T19:55:40.0034060Z Syncing repository: francescotinti/rawk
linux-portability (ubuntu-24.04-arm)	Run actions/checkout@11bd71901bbe5b1630ceea73d27597364c9af683	2026-09-20T19:55:40.0036793Z ##[group]Getting Git version info
linux-portability (ubuntu-24.04-arm)	Run actions/checkout@11bd71901bbe5b1630ceea73d27597364c9af683	2026-09-20T19:55:40.0037672Z Working directory is '/home/runner/work/rawk/rawk/rawk'
linux-portability (ubuntu-24.04-arm)	Run actions/checkout@11bd71901bbe5b1630ceea73d27597364c9af683	2026-09-20T19:55:40.0039076Z [command]/usr/bin/git version
linux-portability (ubuntu-24.04-arm)	Run actions/checkout@11bd71901bbe5b1630ceea73d27597364c9af683	2026-09-20T19:55:40.0099563Z git version 2.55.0
linux-portability (ubuntu-24.04-arm)	Run actions/checkout@11bd71901bbe5b1630ceea73d27597364c9af683	2026-09-20T19:55:40.0117428Z ##[endgroup]
linux-portability (ubuntu-24.04-arm)	Run actions/checkout@11bd71901bbe5b1630ceea73d27597364c9af683	2026-09-20T19:55:40.0131072Z Temporarily overriding HOME='/home/runner/work/_temp/85ff01b2-defd-423e-a071-eba482e198cf' before making global git config changes
linux-portability (ubuntu-24.04-arm)	Run actions/checkout@11bd71901bbe5b1630ceea73d27597364c9af683	2026-09-20T19:55:40.0132606Z Adding repository directory to the temporary git global config as a safe directory
linux-portability (ubuntu-24.04-arm)	Run actions/checkout@11bd71901bbe5b1630ceea73d27597364c9af683	2026-09-20T19:55:40.0134533Z [command]/usr/bin/git config --global --add safe.directory /home/runner/work/rawk/rawk/rawk
linux-portability (ubuntu-24.04-arm)	Run actions/checkout@11bd71901bbe5b1630ceea73d27597364c9af683	2026-09-20T19:55:40.0177453Z ##[group]Initializing the repository
linux-portability (ubuntu-24.04-arm)	Run actions/checkout@11bd71901bbe5b1630ceea73d27597364c9af683	2026-09-20T19:55:40.0182228Z [command]/usr/bin/git init /home/runner/work/rawk/rawk/rawk
linux-portability (ubuntu-24.04-arm)	Run actions/checkout@11bd71901bbe5b1630ceea73d27597364c9af683	2026-09-20T19:55:40.0277073Z hint: Using 'master' as the name for the initial branch. This default branch name
linux-portability (ubuntu-24.04-arm)	Run actions/checkout@11bd71901bbe5b1630ceea73d27597364c9af683	2026-09-20T19:55:40.0278631Z hint: will change to "main" in Git 3.0. To configure the initial branch name
linux-portability (ubuntu-24.04-arm)	Run actions/checkout@11bd71901bbe5b1630ceea73d27597364c9af683	2026-09-20T19:55:40.0283453Z hint: to use in all of your new repositories, which will suppress this warning,
linux-portability (ubuntu-24.04-arm)	Run actions/checkout@11bd71901bbe5b1630ceea73d27597364c9af683	2026-09-20T19:55:40.0284590Z hint: call:
linux-portability (ubuntu-24.04-arm)	Run actions/checkout@11bd71901bbe5b1630ceea73d27597364c9af683	2026-09-20T19:55:40.0285308Z hint:
linux-portability (ubuntu-24.04-arm)	Run actions/checkout@11bd71901bbe5b1630ceea73d27597364c9af683	2026-09-20T19:55:40.0286520Z hint: 	git config --global init.defaultBranch <name>
linux-portability (ubuntu-24.04-arm)	Run actions/checkout@11bd71901bbe5b1630ceea73d27597364c9af683	2026-09-20T19:55:40.0288222Z hint:
linux-portability (ubuntu-24.04-arm)	Run actions/checkout@11bd71901bbe5b1630ceea73d27597364c9af683	2026-09-20T19:55:40.0289192Z hint: Names commonly chosen instead of 'master' are 'main', 'trunk' and
linux-portability (ubuntu-24.04-arm)	Run actions/checkout@11bd71901bbe5b1630ceea73d27597364c9af683	2026-09-20T19:55:40.0290353Z hint: 'development'. The just-created branch can be renamed via this command:
linux-portability (ubuntu-24.04-arm)	Run actions/checkout@11bd71901bbe5b1630ceea73d27597364c9af683	2026-09-20T19:55:40.0291201Z hint:
linux-portability (ubuntu-24.04-arm)	Run actions/checkout@11bd71901bbe5b1630ceea73d27597364c9af683	2026-09-20T19:55:40.0291833Z hint: 	git branch -m <name>
linux-portability (ubuntu-24.04-arm)	Run actions/checkout@11bd71901bbe5b1630ceea73d27597364c9af683	2026-09-20T19:55:40.0292433Z hint:
linux-portability (ubuntu-24.04-arm)	Run actions/checkout@11bd71901bbe5b1630ceea73d27597364c9af683	2026-09-20T19:55:40.0293225Z hint: Disable this message with "git config set advice.defaultBranchName false"
linux-portability (ubuntu-24.04-arm)	Run actions/checkout@11bd71901bbe5b1630ceea73d27597364c9af683	2026-09-20T19:55:40.0294415Z Initialized empty Git repository in /home/runner/work/rawk/rawk/rawk/.git/
linux-portability (ubuntu-24.04-arm)	Run actions/checkout@11bd71901bbe5b1630ceea73d27597364c9af683	2026-09-20T19:55:40.0296550Z [command]/usr/bin/git remote add origin https://github.com/francescotinti/rawk
linux-portability (ubuntu-24.04-arm)	Run actions/checkout@11bd71901bbe5b1630ceea73d27597364c9af683	2026-09-20T19:55:40.0324405Z ##[endgroup]
linux-portability (ubuntu-24.04-arm)	Run actions/checkout@11bd71901bbe5b1630ceea73d27597364c9af683	2026-09-20T19:55:40.0325497Z ##[group]Disabling automatic garbage collection
linux-portability (ubuntu-24.04-arm)	Run actions/checkout@11bd71901bbe5b1630ceea73d27597364c9af683	2026-09-20T19:55:40.0327725Z [command]/usr/bin/git config --local gc.auto 0
linux-portability (ubuntu-24.04-arm)	Run actions/checkout@11bd71901bbe5b1630ceea73d27597364c9af683	2026-09-20T19:55:40.0353432Z ##[endgroup]
linux-portability (ubuntu-24.04-arm)	Run actions/checkout@11bd71901bbe5b1630ceea73d27597364c9af683	2026-09-20T19:55:40.0354422Z ##[group]Setting up auth
linux-portability (ubuntu-24.04-arm)	Run actions/checkout@11bd71901bbe5b1630ceea73d27597364c9af683	2026-09-20T19:55:40.0359035Z [command]/usr/bin/git config --local --name-only --get-regexp core\.sshCommand
linux-portability (ubuntu-24.04-arm)	Run actions/checkout@11bd71901bbe5b1630ceea73d27597364c9af683	2026-09-20T19:55:40.0389099Z [command]/usr/bin/git submodule foreach --recursive sh -c "git config --local --name-only --get-regexp 'core\.sshCommand' && git config --local --unset-all 'core.sshCommand' || :"
linux-portability (ubuntu-24.04-arm)	Run actions/checkout@11bd71901bbe5b1630ceea73d27597364c9af683	2026-09-20T19:55:40.0659524Z [command]/usr/bin/git config --local --name-only --get-regexp http\.https\:\/\/github\.com\/\.extraheader
linux-portability (ubuntu-24.04-arm)	Run actions/checkout@11bd71901bbe5b1630ceea73d27597364c9af683	2026-09-20T19:55:40.0688382Z [command]/usr/bin/git submodule foreach --recursive sh -c "git config --local --name-only --get-regexp 'http\.https\:\/\/github\.com\/\.extraheader' && git config --local --unset-all 'http.https://github.com/.extraheader' || :"
linux-portability (ubuntu-24.04-arm)	Run actions/checkout@11bd71901bbe5b1630ceea73d27597364c9af683	2026-09-20T19:55:40.0860711Z [command]/usr/bin/git config --local http.https://github.com/.extraheader AUTHORIZATION: basic ***
linux-portability (ubuntu-24.04-arm)	Run actions/checkout@11bd71901bbe5b1630ceea73d27597364c9af683	2026-09-20T19:55:40.0896645Z ##[endgroup]
linux-portability (ubuntu-24.04-arm)	Run actions/checkout@11bd71901bbe5b1630ceea73d27597364c9af683	2026-09-20T19:55:40.0898199Z ##[group]Fetching the repository
linux-portability (ubuntu-24.04-arm)	Run actions/checkout@11bd71901bbe5b1630ceea73d27597364c9af683	2026-09-20T19:55:40.0905299Z [command]/usr/bin/git -c protocol.version=2 fetch --no-tags --prune --no-recurse-submodules --depth=1 origin +0ed769d1b18e0b076d52cb8e926ce30d136e5ff6:refs/remotes/origin/master
linux-portability (ubuntu-24.04-arm)	Run actions/checkout@11bd71901bbe5b1630ceea73d27597364c9af683	2026-09-20T19:55:40.4662880Z From https://github.com/francescotinti/rawk
linux-portability (ubuntu-24.04-arm)	Run actions/checkout@11bd71901bbe5b1630ceea73d27597364c9af683	2026-09-20T19:55:40.4664011Z  * [new ref]         0ed769d1b18e0b076d52cb8e926ce30d136e5ff6 -> origin/master
linux-portability (ubuntu-24.04-arm)	Run actions/checkout@11bd71901bbe5b1630ceea73d27597364c9af683	2026-09-20T19:55:40.4667808Z ##[endgroup]
linux-portability (ubuntu-24.04-arm)	Run actions/checkout@11bd71901bbe5b1630ceea73d27597364c9af683	2026-09-20T19:55:40.4668967Z ##[group]Determining the checkout info
linux-portability (ubuntu-24.04-arm)	Run actions/checkout@11bd71901bbe5b1630ceea73d27597364c9af683	2026-09-20T19:55:40.4669985Z ##[endgroup]
linux-portability (ubuntu-24.04-arm)	Run actions/checkout@11bd71901bbe5b1630ceea73d27597364c9af683	2026-09-20T19:55:40.4676227Z [command]/usr/bin/git sparse-checkout disable
linux-portability (ubuntu-24.04-arm)	Run actions/checkout@11bd71901bbe5b1630ceea73d27597364c9af683	2026-09-20T19:55:40.4712187Z [command]/usr/bin/git config --local --unset-all extensions.worktreeConfig
linux-portability (ubuntu-24.04-arm)	Run actions/checkout@11bd71901bbe5b1630ceea73d27597364c9af683	2026-09-20T19:55:40.4736608Z ##[group]Checking out the ref
linux-portability (ubuntu-24.04-arm)	Run actions/checkout@11bd71901bbe5b1630ceea73d27597364c9af683	2026-09-20T19:55:40.4740809Z [command]/usr/bin/git checkout --progress --force -B master refs/remotes/origin/master
linux-portability (ubuntu-24.04-arm)	Run actions/checkout@11bd71901bbe5b1630ceea73d27597364c9af683	2026-09-20T19:55:40.5232435Z Reset branch 'master'
linux-portability (ubuntu-24.04-arm)	Run actions/checkout@11bd71901bbe5b1630ceea73d27597364c9af683	2026-09-20T19:55:40.5233732Z branch 'master' set up to track 'origin/master'.
linux-portability (ubuntu-24.04-arm)	Run actions/checkout@11bd71901bbe5b1630ceea73d27597364c9af683	2026-09-20T19:55:40.5244588Z ##[endgroup]
linux-portability (ubuntu-24.04-arm)	Run actions/checkout@11bd71901bbe5b1630ceea73d27597364c9af683	2026-09-20T19:55:40.5283114Z [command]/usr/bin/git log -1 --format=%H
linux-portability (ubuntu-24.04-arm)	Run actions/checkout@11bd71901bbe5b1630ceea73d27597364c9af683	2026-09-20T19:55:40.5303881Z 0ed769d1b18e0b076d52cb8e926ce30d136e5ff6
linux-portability (ubuntu-24.04-arm)	Install pinned Rust toolchain	﻿2026-09-20T19:55:40.5505066Z ##[group]Run rustup toolchain install 1.96.0 --profile minimal --component rustfmt --component clippy
linux-portability (ubuntu-24.04-arm)	Install pinned Rust toolchain	2026-09-20T19:55:40.5506919Z [36;1mrustup toolchain install 1.96.0 --profile minimal --component rustfmt --component clippy[0m
linux-portability (ubuntu-24.04-arm)	Install pinned Rust toolchain	2026-09-20T19:55:40.5606657Z shell: /usr/bin/bash -e {0}
linux-portability (ubuntu-24.04-arm)	Install pinned Rust toolchain	2026-09-20T19:55:40.5607420Z env:
linux-portability (ubuntu-24.04-arm)	Install pinned Rust toolchain	2026-09-20T19:55:40.5608086Z   LC_ALL: C
linux-portability (ubuntu-24.04-arm)	Install pinned Rust toolchain	2026-09-20T19:55:40.5608617Z   CARGO_INCREMENTAL: 0
linux-portability (ubuntu-24.04-arm)	Install pinned Rust toolchain	2026-09-20T19:55:40.5609202Z   RUSTUP_TOOLCHAIN: 1.96.0
linux-portability (ubuntu-24.04-arm)	Install pinned Rust toolchain	2026-09-20T19:55:40.5609856Z ##[endgroup]
linux-portability (ubuntu-24.04-arm)	Install pinned Rust toolchain	2026-09-20T19:55:41.0031411Z info: syncing channel updates for 1.96.0-aarch64-unknown-linux-gnu
linux-portability (ubuntu-24.04-arm)	Install pinned Rust toolchain	2026-09-20T19:55:41.2037132Z info: latest update on 2026-05-28 for version 1.96.0 (ac68faa20 2026-05-25)
linux-portability (ubuntu-24.04-arm)	Install pinned Rust toolchain	2026-09-20T19:55:41.2039211Z info: downloading 5 components
linux-portability (ubuntu-24.04-arm)	Install pinned Rust toolchain	2026-09-20T19:55:46.2681926Z 
linux-portability (ubuntu-24.04-arm)	Install pinned Rust toolchain	2026-09-20T19:55:46.2739956Z   1.96.0-aarch64-unknown-linux-gnu installed - rustc 1.96.0 (ac68faa20 2026-05-25)
linux-portability (ubuntu-24.04-arm)	Install pinned Rust toolchain	2026-09-20T19:55:46.2741822Z 
linux-portability (ubuntu-24.04-arm)	Prepare tested locales and C build tools	﻿2026-09-20T19:55:46.2865539Z ##[group]Run sudo apt-get update
linux-portability (ubuntu-24.04-arm)	Prepare tested locales and C build tools	2026-09-20T19:55:46.2866873Z [36;1msudo apt-get update[0m
linux-portability (ubuntu-24.04-arm)	Prepare tested locales and C build tools	2026-09-20T19:55:46.2867342Z [36;1msudo apt-get install -y build-essential bison locales[0m
linux-portability (ubuntu-24.04-arm)	Prepare tested locales and C build tools	2026-09-20T19:55:46.2867915Z [36;1msudo localedef -i en_US -f UTF-8 en_US.UTF-8[0m
linux-portability (ubuntu-24.04-arm)	Prepare tested locales and C build tools	2026-09-20T19:55:46.2868438Z [36;1msudo localedef -i tr_TR -f UTF-8 tr_TR.UTF-8[0m
linux-portability (ubuntu-24.04-arm)	Prepare tested locales and C build tools	2026-09-20T19:55:46.2868912Z [36;1msudo localedef -i en_US -f ISO-8859-1 en_US.ISO8859-1[0m
linux-portability (ubuntu-24.04-arm)	Prepare tested locales and C build tools	2026-09-20T19:55:46.2869459Z [36;1msudo localedef -i tr_TR -f ISO-8859-9 tr_TR.ISO8859-9[0m
linux-portability (ubuntu-24.04-arm)	Prepare tested locales and C build tools	2026-09-20T19:55:46.2870030Z [36;1msudo localedef --no-warnings=ascii -i ja_JP -f SHIFT_JIS ja_JP.SJIS[0m
linux-portability (ubuntu-24.04-arm)	Prepare tested locales and C build tools	2026-09-20T19:55:46.2870509Z [36;1mlocale -a[0m
linux-portability (ubuntu-24.04-arm)	Prepare tested locales and C build tools	2026-09-20T19:55:46.2871129Z [36;1mcc -std=c11 -Wall -Wextra -Werror scripts/shift_jis_locale_probe.c -o /tmp/rawk-sjis-locale-probe[0m
linux-portability (ubuntu-24.04-arm)	Prepare tested locales and C build tools	2026-09-20T19:55:46.2871690Z [36;1mset -o pipefail[0m
linux-portability (ubuntu-24.04-arm)	Prepare tested locales and C build tools	2026-09-20T19:55:46.2872179Z [36;1m/tmp/rawk-sjis-locale-probe 2>&1 | tee diary/shift-jis-locale-ci.log[0m
linux-portability (ubuntu-24.04-arm)	Prepare tested locales and C build tools	2026-09-20T19:55:46.2925550Z shell: /usr/bin/bash -e {0}
linux-portability (ubuntu-24.04-arm)	Prepare tested locales and C build tools	2026-09-20T19:55:46.2926211Z env:
linux-portability (ubuntu-24.04-arm)	Prepare tested locales and C build tools	2026-09-20T19:55:46.2926527Z   LC_ALL: C
linux-portability (ubuntu-24.04-arm)	Prepare tested locales and C build tools	2026-09-20T19:55:46.2926942Z   CARGO_INCREMENTAL: 0
linux-portability (ubuntu-24.04-arm)	Prepare tested locales and C build tools	2026-09-20T19:55:46.2927302Z   RUSTUP_TOOLCHAIN: 1.96.0
linux-portability (ubuntu-24.04-arm)	Prepare tested locales and C build tools	2026-09-20T19:55:46.2927744Z ##[endgroup]
linux-portability (ubuntu-24.04-arm)	Prepare tested locales and C build tools	2026-09-20T19:55:46.3782981Z Get:1 https://packages.microsoft.com/ubuntu/24.04/prod noble InRelease [3600 B]
linux-portability (ubuntu-24.04-arm)	Prepare tested locales and C build tools	2026-09-20T19:55:46.4280401Z Get:2 https://packages.microsoft.com/ubuntu/24.04/prod noble/main arm64 Packages [429 kB]
linux-portability (ubuntu-24.04-arm)	Prepare tested locales and C build tools	2026-09-20T19:55:46.4417708Z Get:3 https://packages.microsoft.com/ubuntu/24.04/prod noble/main amd64 Packages [478 kB]
linux-portability (ubuntu-24.04-arm)	Prepare tested locales and C build tools	2026-09-20T19:55:46.7307223Z Hit:4 http://ports.ubuntu.com/ubuntu-ports noble InRelease
linux-portability (ubuntu-24.04-arm)	Prepare tested locales and C build tools	2026-09-20T19:55:46.8373751Z Get:5 http://ports.ubuntu.com/ubuntu-ports noble-updates InRelease [126 kB]
linux-portability (ubuntu-24.04-arm)	Prepare tested locales and C build tools	2026-09-20T19:55:47.2963817Z Get:6 http://ports.ubuntu.com/ubuntu-ports noble-backports InRelease [126 kB]
linux-portability (ubuntu-24.04-arm)	Prepare tested locales and C build tools	2026-09-20T19:55:47.5136591Z Get:7 http://ports.ubuntu.com/ubuntu-ports noble-security InRelease [126 kB]
linux-portability (ubuntu-24.04-arm)	Prepare tested locales and C build tools	2026-09-20T19:55:47.6603459Z Get:8 http://ports.ubuntu.com/ubuntu-ports noble-updates/main arm64 Packages [1323 kB]
linux-portability (ubuntu-24.04-arm)	Prepare tested locales and C build tools	2026-09-20T19:55:48.1392284Z Get:9 http://ports.ubuntu.com/ubuntu-ports noble-updates/main Translation-en [294 kB]
linux-portability (ubuntu-24.04-arm)	Prepare tested locales and C build tools	2026-09-20T19:55:48.2660777Z Get:10 http://ports.ubuntu.com/ubuntu-ports noble-updates/main arm64 Components [178 kB]
linux-portability (ubuntu-24.04-arm)	Prepare tested locales and C build tools	2026-09-20T19:55:48.3846861Z Get:11 http://ports.ubuntu.com/ubuntu-ports noble-updates/universe arm64 Packages [1734 kB]
linux-portability (ubuntu-24.04-arm)	Prepare tested locales and C build tools	2026-09-20T19:55:48.6568579Z Get:12 http://ports.ubuntu.com/ubuntu-ports noble-updates/universe Translation-en [338 kB]
linux-portability (ubuntu-24.04-arm)	Prepare tested locales and C build tools	2026-09-20T19:55:48.7752891Z Get:13 http://ports.ubuntu.com/ubuntu-ports noble-updates/universe arm64 Components [387 kB]
linux-portability (ubuntu-24.04-arm)	Prepare tested locales and C build tools	2026-09-20T19:55:48.8967393Z Get:14 http://ports.ubuntu.com/ubuntu-ports noble-updates/restricted arm64 Packages [2347 kB]
linux-portability (ubuntu-24.04-arm)	Prepare tested locales and C build tools	2026-09-20T19:55:49.1319065Z Get:15 http://ports.ubuntu.com/ubuntu-ports noble-updates/restricted Translation-en [359 kB]
linux-portability (ubuntu-24.04-arm)	Prepare tested locales and C build tools	2026-09-20T19:55:49.2453861Z Get:16 http://ports.ubuntu.com/ubuntu-ports noble-updates/multiverse arm64 Packages [78.0 kB]
linux-portability (ubuntu-24.04-arm)	Prepare tested locales and C build tools	2026-09-20T19:55:49.3528874Z Get:17 http://ports.ubuntu.com/ubuntu-ports noble-updates/multiverse Translation-en [13.1 kB]
linux-portability (ubuntu-24.04-arm)	Prepare tested locales and C build tools	2026-09-20T19:55:49.6066842Z Get:18 http://ports.ubuntu.com/ubuntu-ports noble-backports/main arm64 Packages [65.8 kB]
linux-portability (ubuntu-24.04-arm)	Prepare tested locales and C build tools	2026-09-20T19:55:49.7143991Z Get:19 http://ports.ubuntu.com/ubuntu-ports noble-backports/main arm64 Components [3556 B]
linux-portability (ubuntu-24.04-arm)	Prepare tested locales and C build tools	2026-09-20T19:55:49.8216634Z Get:20 http://ports.ubuntu.com/ubuntu-ports noble-backports/universe arm64 Packages [34.9 kB]
linux-portability (ubuntu-24.04-arm)	Prepare tested locales and C build tools	2026-09-20T19:55:49.9286545Z Get:21 http://ports.ubuntu.com/ubuntu-ports noble-backports/universe Translation-en [18.7 kB]
linux-portability (ubuntu-24.04-arm)	Prepare tested locales and C build tools	2026-09-20T19:55:50.0356648Z Get:22 http://ports.ubuntu.com/ubuntu-ports noble-backports/universe arm64 Components [12.6 kB]
linux-portability (ubuntu-24.04-arm)	Prepare tested locales and C build tools	2026-09-20T19:55:50.1428005Z Get:23 http://ports.ubuntu.com/ubuntu-ports noble-security/main arm64 Packages [1074 kB]
linux-portability (ubuntu-24.04-arm)	Prepare tested locales and C build tools	2026-09-20T19:55:50.2703562Z Get:24 http://ports.ubuntu.com/ubuntu-ports noble-security/main Translation-en [214 kB]
linux-portability (ubuntu-24.04-arm)	Prepare tested locales and C build tools	2026-09-20T19:55:50.3804163Z Get:25 http://ports.ubuntu.com/ubuntu-ports noble-security/main arm64 Components [43.3 kB]
linux-portability (ubuntu-24.04-arm)	Prepare tested locales and C build tools	2026-09-20T19:55:50.4874866Z Get:26 http://ports.ubuntu.com/ubuntu-ports noble-security/universe arm64 Packages [1289 kB]
linux-portability (ubuntu-24.04-arm)	Prepare tested locales and C build tools	2026-09-20T19:55:50.6207258Z Get:27 http://ports.ubuntu.com/ubuntu-ports noble-security/universe Translation-en [243 kB]
linux-portability (ubuntu-24.04-arm)	Prepare tested locales and C build tools	2026-09-20T19:55:50.7317572Z Get:28 http://ports.ubuntu.com/ubuntu-ports noble-security/universe arm64 Components [76.3 kB]
linux-portability (ubuntu-24.04-arm)	Prepare tested locales and C build tools	2026-09-20T19:55:50.8391594Z Get:29 http://ports.ubuntu.com/ubuntu-ports noble-security/restricted arm64 Packages [2230 kB]
linux-portability (ubuntu-24.04-arm)	Prepare tested locales and C build tools	2026-09-20T19:55:50.9908031Z Get:30 http://ports.ubuntu.com/ubuntu-ports noble-security/restricted Translation-en [336 kB]
linux-portability (ubuntu-24.04-arm)	Prepare tested locales and C build tools	2026-09-20T19:55:51.1037207Z Get:31 http://ports.ubuntu.com/ubuntu-ports noble-security/multiverse arm64 Packages [73.7 kB]
linux-portability (ubuntu-24.04-arm)	Prepare tested locales and C build tools	2026-09-20T19:55:51.2111791Z Get:32 http://ports.ubuntu.com/ubuntu-ports noble-security/multiverse Translation-en [11.3 kB]
linux-portability (ubuntu-24.04-arm)	Prepare tested locales and C build tools	2026-09-20T19:55:54.4720256Z Fetched 14.1 MB in 5s (2885 kB/s)
linux-portability (ubuntu-24.04-arm)	Prepare tested locales and C build tools	2026-09-20T19:55:55.3558101Z Reading package lists...
linux-portability (ubuntu-24.04-arm)	Prepare tested locales and C build tools	2026-09-20T19:55:55.3830792Z Reading package lists...
linux-portability (ubuntu-24.04-arm)	Prepare tested locales and C build tools	2026-09-20T19:55:55.6038501Z Building dependency tree...
linux-portability (ubuntu-24.04-arm)	Prepare tested locales and C build tools	2026-09-20T19:55:55.6067337Z Reading state information...
linux-portability (ubuntu-24.04-arm)	Prepare tested locales and C build tools	2026-09-20T19:55:55.8178014Z The following additional packages will be installed:
linux-portability (ubuntu-24.04-arm)	Prepare tested locales and C build tools	2026-09-20T19:55:55.8184668Z   libc-bin libc-dev-bin libc6 libc6-dev
linux-portability (ubuntu-24.04-arm)	Prepare tested locales and C build tools	2026-09-20T19:55:55.8192202Z Suggested packages:
linux-portability (ubuntu-24.04-arm)	Prepare tested locales and C build tools	2026-09-20T19:55:55.8193003Z   bison-doc glibc-doc libnss-nis libnss-nisplus manpages-dev
linux-portability (ubuntu-24.04-arm)	Prepare tested locales and C build tools	2026-09-20T19:55:55.8193403Z Recommended packages:
linux-portability (ubuntu-24.04-arm)	Prepare tested locales and C build tools	2026-09-20T19:55:55.8193651Z   manpages-dev libc-devtools
linux-portability (ubuntu-24.04-arm)	Prepare tested locales and C build tools	2026-09-20T19:55:55.8463142Z The following NEW packages will be installed:
linux-portability (ubuntu-24.04-arm)	Prepare tested locales and C build tools	2026-09-20T19:55:55.8470270Z   build-essential
linux-portability (ubuntu-24.04-arm)	Prepare tested locales and C build tools	2026-09-20T19:55:55.8473661Z The following packages will be upgraded:
linux-portability (ubuntu-24.04-arm)	Prepare tested locales and C build tools	2026-09-20T19:55:55.8481388Z   bison libc-bin libc-dev-bin libc6 libc6-dev locales
linux-portability (ubuntu-24.04-arm)	Prepare tested locales and C build tools	2026-09-20T19:55:56.1538658Z 6 upgraded, 1 newly installed, 0 to remove and 64 not upgraded.
linux-portability (ubuntu-24.04-arm)	Prepare tested locales and C build tools	2026-09-20T19:55:56.1539383Z Need to get 9961 kB of archives.
linux-portability (ubuntu-24.04-arm)	Prepare tested locales and C build tools	2026-09-20T19:55:56.1539975Z After this operation, 19.5 kB of additional disk space will be used.
linux-portability (ubuntu-24.04-arm)	Prepare tested locales and C build tools	2026-09-20T19:55:56.1540624Z Get:1 http://ports.ubuntu.com/ubuntu-ports noble-updates/main arm64 libc6-dev arm64 2.39-0ubuntu8.9 [1596 kB]
linux-portability (ubuntu-24.04-arm)	Prepare tested locales and C build tools	2026-09-20T19:55:57.2069863Z Get:2 http://ports.ubuntu.com/ubuntu-ports noble-updates/main arm64 libc-dev-bin arm64 2.39-0ubuntu8.9 [19.7 kB]
linux-portability (ubuntu-24.04-arm)	Prepare tested locales and C build tools	2026-09-20T19:55:57.3105110Z Get:3 http://ports.ubuntu.com/ubuntu-ports noble-updates/main arm64 libc6 arm64 2.39-0ubuntu8.9 [2776 kB]
linux-portability (ubuntu-24.04-arm)	Prepare tested locales and C build tools	2026-09-20T19:55:57.6665036Z Get:4 http://ports.ubuntu.com/ubuntu-ports noble-updates/main arm64 libc-bin arm64 2.39-0ubuntu8.9 [591 kB]
linux-portability (ubuntu-24.04-arm)	Prepare tested locales and C build tools	2026-09-20T19:55:57.7845591Z Get:5 http://ports.ubuntu.com/ubuntu-ports noble-updates/main arm64 locales all 2.39-0ubuntu8.9 [4232 kB]
linux-portability (ubuntu-24.04-arm)	Prepare tested locales and C build tools	2026-09-20T19:55:58.0463906Z Get:6 http://ports.ubuntu.com/ubuntu-ports noble-updates/main arm64 bison arm64 2:3.8.2+dfsg-1ubuntu0.24.04.1 [740 kB]
linux-portability (ubuntu-24.04-arm)	Prepare tested locales and C build tools	2026-09-20T19:55:58.1608046Z Get:7 http://ports.ubuntu.com/ubuntu-ports noble/main arm64 build-essential arm64 12.10ubuntu1 [4932 B]
linux-portability (ubuntu-24.04-arm)	Prepare tested locales and C build tools	2026-09-20T19:55:58.3887379Z Preconfiguring packages ...
linux-portability (ubuntu-24.04-arm)	Prepare tested locales and C build tools	2026-09-20T19:55:58.4649443Z Fetched 9961 kB in 2s (4323 kB/s)
linux-portability (ubuntu-24.04-arm)	Prepare tested locales and C build tools	2026-09-20T19:55:58.5055603Z (Reading database ... 
linux-portability (ubuntu-24.04-arm)	Prepare tested locales and C build tools	2026-09-20T19:55:58.5056336Z (Reading database ... 5%
linux-portability (ubuntu-24.04-arm)	Prepare tested locales and C build tools	2026-09-20T19:55:58.5056619Z (Reading database ... 10%
linux-portability (ubuntu-24.04-arm)	Prepare tested locales and C build tools	2026-09-20T19:55:58.5056876Z (Reading database ... 15%
linux-portability (ubuntu-24.04-arm)	Prepare tested locales and C build tools	2026-09-20T19:55:58.5057238Z (Reading database ... 20%
linux-portability (ubuntu-24.04-arm)	Prepare tested locales and C build tools	2026-09-20T19:55:58.5057576Z (Reading database ... 25%
linux-portability (ubuntu-24.04-arm)	Prepare tested locales and C build tools	2026-09-20T19:55:58.5057854Z (Reading database ... 30%
linux-portability (ubuntu-24.04-arm)	Prepare tested locales and C build tools	2026-09-20T19:55:58.5058111Z (Reading database ... 35%
linux-portability (ubuntu-24.04-arm)	Prepare tested locales and C build tools	2026-09-20T19:55:58.5058359Z (Reading database ... 40%
linux-portability (ubuntu-24.04-arm)	Prepare tested locales and C build tools	2026-09-20T19:55:58.5058640Z (Reading database ... 45%
linux-portability (ubuntu-24.04-arm)	Prepare tested locales and C build tools	2026-09-20T19:55:58.5059645Z (Reading database ... 50%
linux-portability (ubuntu-24.04-arm)	Prepare tested locales and C build tools	2026-09-20T19:55:58.5202091Z (Reading database ... 55%
linux-portability (ubuntu-24.04-arm)	Prepare tested locales and C build tools	2026-09-20T19:55:58.7158101Z (Reading database ... 60%
linux-portability (ubuntu-24.04-arm)	Prepare tested locales and C build tools	2026-09-20T19:55:58.9064013Z (Reading database ... 65%
linux-portability (ubuntu-24.04-arm)	Prepare tested locales and C build tools	2026-09-20T19:55:58.9373952Z (Reading database ... 70%
linux-portability (ubuntu-24.04-arm)	Prepare tested locales and C build tools	2026-09-20T19:55:58.9703356Z (Reading database ... 75%
linux-portability (ubuntu-24.04-arm)	Prepare tested locales and C build tools	2026-09-20T19:55:59.2034667Z (Reading database ... 80%
linux-portability (ubuntu-24.04-arm)	Prepare tested locales and C build tools	2026-09-20T19:55:59.4238818Z (Reading database ... 85%
linux-portability (ubuntu-24.04-arm)	Prepare tested locales and C build tools	2026-09-20T19:55:59.6180949Z (Reading database ... 90%
linux-portability (ubuntu-24.04-arm)	Prepare tested locales and C build tools	2026-09-20T19:55:59.8524145Z (Reading database ... 95%
linux-portability (ubuntu-24.04-arm)	Prepare tested locales and C build tools	2026-09-20T19:55:59.8524474Z (Reading database ... 100%
linux-portability (ubuntu-24.04-arm)	Prepare tested locales and C build tools	2026-09-20T19:55:59.8524954Z (Reading database ... 201140 files and directories currently installed.)
linux-portability (ubuntu-24.04-arm)	Prepare tested locales and C build tools	2026-09-20T19:55:59.8569415Z Preparing to unpack .../libc6-dev_2.39-0ubuntu8.9_arm64.deb ...
linux-portability (ubuntu-24.04-arm)	Prepare tested locales and C build tools	2026-09-20T19:55:59.8615231Z Unpacking libc6-dev:arm64 (2.39-0ubuntu8.9) over (2.39-0ubuntu8.8) ...
linux-portability (ubuntu-24.04-arm)	Prepare tested locales and C build tools	2026-09-20T19:55:59.9902133Z Preparing to unpack .../libc-dev-bin_2.39-0ubuntu8.9_arm64.deb ...
linux-portability (ubuntu-24.04-arm)	Prepare tested locales and C build tools	2026-09-20T19:55:59.9932241Z Unpacking libc-dev-bin (2.39-0ubuntu8.9) over (2.39-0ubuntu8.8) ...
linux-portability (ubuntu-24.04-arm)	Prepare tested locales and C build tools	2026-09-20T19:56:00.0365803Z Preparing to unpack .../libc6_2.39-0ubuntu8.9_arm64.deb ...
linux-portability (ubuntu-24.04-arm)	Prepare tested locales and C build tools	2026-09-20T19:56:00.1373278Z Unpacking libc6:arm64 (2.39-0ubuntu8.9) over (2.39-0ubuntu8.8) ...
linux-portability (ubuntu-24.04-arm)	Prepare tested locales and C build tools	2026-09-20T19:56:00.2819868Z Setting up libc6:arm64 (2.39-0ubuntu8.9) ...
linux-portability (ubuntu-24.04-arm)	Prepare tested locales and C build tools	2026-09-20T19:56:00.6137910Z (Reading database ... 
linux-portability (ubuntu-24.04-arm)	Prepare tested locales and C build tools	2026-09-20T19:56:00.6138333Z (Reading database ... 5%
linux-portability (ubuntu-24.04-arm)	Prepare tested locales and C build tools	2026-09-20T19:56:00.6138588Z (Reading database ... 10%
linux-portability (ubuntu-24.04-arm)	Prepare tested locales and C build tools	2026-09-20T19:56:00.6139071Z (Reading database ... 15%
linux-portability (ubuntu-24.04-arm)	Prepare tested locales and C build tools	2026-09-20T19:56:00.6139338Z (Reading database ... 20%
linux-portability (ubuntu-24.04-arm)	Prepare tested locales and C build tools	2026-09-20T19:56:00.6139625Z (Reading database ... 25%
linux-portability (ubuntu-24.04-arm)	Prepare tested locales and C build tools	2026-09-20T19:56:00.6139869Z (Reading database ... 30%
linux-portability (ubuntu-24.04-arm)	Prepare tested locales and C build tools	2026-09-20T19:56:00.6140130Z (Reading database ... 35%
linux-portability (ubuntu-24.04-arm)	Prepare tested locales and C build tools	2026-09-20T19:56:00.6140413Z (Reading database ... 40%
linux-portability (ubuntu-24.04-arm)	Prepare tested locales and C build tools	2026-09-20T19:56:00.6140659Z (Reading database ... 45%
linux-portability (ubuntu-24.04-arm)	Prepare tested locales and C build tools	2026-09-20T19:56:00.6140928Z (Reading database ... 50%
linux-portability (ubuntu-24.04-arm)	Prepare tested locales and C build tools	2026-09-20T19:56:00.6155396Z (Reading database ... 55%
linux-portability (ubuntu-24.04-arm)	Prepare tested locales and C build tools	2026-09-20T19:56:00.6242071Z (Reading database ... 60%
linux-portability (ubuntu-24.04-arm)	Prepare tested locales and C build tools	2026-09-20T19:56:00.6266663Z (Reading database ... 65%
linux-portability (ubuntu-24.04-arm)	Prepare tested locales and C build tools	2026-09-20T19:56:00.6278742Z (Reading database ... 70%
linux-portability (ubuntu-24.04-arm)	Prepare tested locales and C build tools	2026-09-20T19:56:00.6297614Z (Reading database ... 75%
linux-portability (ubuntu-24.04-arm)	Prepare tested locales and C build tools	2026-09-20T19:56:00.6325725Z (Reading database ... 80%
linux-portability (ubuntu-24.04-arm)	Prepare tested locales and C build tools	2026-09-20T19:56:00.6432307Z (Reading database ... 85%
linux-portability (ubuntu-24.04-arm)	Prepare tested locales and C build tools	2026-09-20T19:56:00.6491565Z (Reading database ... 90%
linux-portability (ubuntu-24.04-arm)	Prepare tested locales and C build tools	2026-09-20T19:56:00.6668345Z (Reading database ... 95%
linux-portability (ubuntu-24.04-arm)	Prepare tested locales and C build tools	2026-09-20T19:56:00.6669363Z (Reading database ... 100%
linux-portability (ubuntu-24.04-arm)	Prepare tested locales and C build tools	2026-09-20T19:56:00.6669813Z (Reading database ... 201140 files and directories currently installed.)
linux-portability (ubuntu-24.04-arm)	Prepare tested locales and C build tools	2026-09-20T19:56:00.6708370Z Preparing to unpack .../libc-bin_2.39-0ubuntu8.9_arm64.deb ...
linux-portability (ubuntu-24.04-arm)	Prepare tested locales and C build tools	2026-09-20T19:56:00.6861797Z Unpacking libc-bin (2.39-0ubuntu8.9) over (2.39-0ubuntu8.8) ...
linux-portability (ubuntu-24.04-arm)	Prepare tested locales and C build tools	2026-09-20T19:56:00.7379646Z Setting up libc-bin (2.39-0ubuntu8.9) ...
linux-portability (ubuntu-24.04-arm)	Prepare tested locales and C build tools	2026-09-20T19:56:00.8712690Z (Reading database ... 
linux-portability (ubuntu-24.04-arm)	Prepare tested locales and C build tools	2026-09-20T19:56:00.8713082Z (Reading database ... 5%
linux-portability (ubuntu-24.04-arm)	Prepare tested locales and C build tools	2026-09-20T19:56:00.8713499Z (Reading database ... 10%
linux-portability (ubuntu-24.04-arm)	Prepare tested locales and C build tools	2026-09-20T19:56:00.8713744Z (Reading database ... 15%
linux-portability (ubuntu-24.04-arm)	Prepare tested locales and C build tools	2026-09-20T19:56:00.8713973Z (Reading database ... 20%
linux-portability (ubuntu-24.04-arm)	Prepare tested locales and C build tools	2026-09-20T19:56:00.8714304Z (Reading database ... 25%
linux-portability (ubuntu-24.04-arm)	Prepare tested locales and C build tools	2026-09-20T19:56:00.8714549Z (Reading database ... 30%
linux-portability (ubuntu-24.04-arm)	Prepare tested locales and C build tools	2026-09-20T19:56:00.8714807Z (Reading database ... 35%
linux-portability (ubuntu-24.04-arm)	Prepare tested locales and C build tools	2026-09-20T19:56:00.8715070Z (Reading database ... 40%
linux-portability (ubuntu-24.04-arm)	Prepare tested locales and C build tools	2026-09-20T19:56:00.8715333Z (Reading database ... 45%
linux-portability (ubuntu-24.04-arm)	Prepare tested locales and C build tools	2026-09-20T19:56:00.8715622Z (Reading database ... 50%
linux-portability (ubuntu-24.04-arm)	Prepare tested locales and C build tools	2026-09-20T19:56:00.8729898Z (Reading database ... 55%
linux-portability (ubuntu-24.04-arm)	Prepare tested locales and C build tools	2026-09-20T19:56:00.8815194Z (Reading database ... 60%
linux-portability (ubuntu-24.04-arm)	Prepare tested locales and C build tools	2026-09-20T19:56:00.8839981Z (Reading database ... 65%
linux-portability (ubuntu-24.04-arm)	Prepare tested locales and C build tools	2026-09-20T19:56:00.8852555Z (Reading database ... 70%
linux-portability (ubuntu-24.04-arm)	Prepare tested locales and C build tools	2026-09-20T19:56:00.8871792Z (Reading database ... 75%
linux-portability (ubuntu-24.04-arm)	Prepare tested locales and C build tools	2026-09-20T19:56:00.8902374Z (Reading database ... 80%
linux-portability (ubuntu-24.04-arm)	Prepare tested locales and C build tools	2026-09-20T19:56:00.9016140Z (Reading database ... 85%
linux-portability (ubuntu-24.04-arm)	Prepare tested locales and C build tools	2026-09-20T19:56:00.9080255Z (Reading database ... 90%
linux-portability (ubuntu-24.04-arm)	Prepare tested locales and C build tools	2026-09-20T19:56:00.9243821Z (Reading database ... 95%
linux-portability (ubuntu-24.04-arm)	Prepare tested locales and C build tools	2026-09-20T19:56:00.9244208Z (Reading database ... 100%
linux-portability (ubuntu-24.04-arm)	Prepare tested locales and C build tools	2026-09-20T19:56:00.9244567Z (Reading database ... 201140 files and directories currently installed.)
linux-portability (ubuntu-24.04-arm)	Prepare tested locales and C build tools	2026-09-20T19:56:00.9280102Z Preparing to unpack .../locales_2.39-0ubuntu8.9_all.deb ...
linux-portability (ubuntu-24.04-arm)	Prepare tested locales and C build tools	2026-09-20T19:56:00.9335749Z Unpacking locales (2.39-0ubuntu8.9) over (2.39-0ubuntu8.8) ...
linux-portability (ubuntu-24.04-arm)	Prepare tested locales and C build tools	2026-09-20T19:56:01.1085388Z Preparing to unpack .../bison_2%3a3.8.2+dfsg-1ubuntu0.24.04.1_arm64.deb ...
linux-portability (ubuntu-24.04-arm)	Prepare tested locales and C build tools	2026-09-20T19:56:01.1209784Z Unpacking bison (2:3.8.2+dfsg-1ubuntu0.24.04.1) over (2:3.8.2+dfsg-1build2) ...
linux-portability (ubuntu-24.04-arm)	Prepare tested locales and C build tools	2026-09-20T19:56:01.1830160Z Selecting previously unselected package build-essential.
linux-portability (ubuntu-24.04-arm)	Prepare tested locales and C build tools	2026-09-20T19:56:01.1995587Z Preparing to unpack .../build-essential_12.10ubuntu1_arm64.deb ...
linux-portability (ubuntu-24.04-arm)	Prepare tested locales and C build tools	2026-09-20T19:56:01.2006721Z Unpacking build-essential (12.10ubuntu1) ...
linux-portability (ubuntu-24.04-arm)	Prepare tested locales and C build tools	2026-09-20T19:56:01.2339653Z Setting up locales (2.39-0ubuntu8.9) ...
linux-portability (ubuntu-24.04-arm)	Prepare tested locales and C build tools	2026-09-20T19:56:01.6416763Z Generating locales (this might take a while)...
linux-portability (ubuntu-24.04-arm)	Prepare tested locales and C build tools	2026-09-20T19:56:02.8253454Z   en_US.UTF-8... done
linux-portability (ubuntu-24.04-arm)	Prepare tested locales and C build tools	2026-09-20T19:56:02.8254992Z Generation complete.
linux-portability (ubuntu-24.04-arm)	Prepare tested locales and C build tools	2026-09-20T19:56:02.8403272Z Setting up bison (2:3.8.2+dfsg-1ubuntu0.24.04.1) ...
linux-portability (ubuntu-24.04-arm)	Prepare tested locales and C build tools	2026-09-20T19:56:02.8469803Z Setting up libc-dev-bin (2.39-0ubuntu8.9) ...
linux-portability (ubuntu-24.04-arm)	Prepare tested locales and C build tools	2026-09-20T19:56:02.8491729Z Setting up libc6-dev:arm64 (2.39-0ubuntu8.9) ...
linux-portability (ubuntu-24.04-arm)	Prepare tested locales and C build tools	2026-09-20T19:56:02.8512718Z Setting up build-essential (12.10ubuntu1) ...
linux-portability (ubuntu-24.04-arm)	Prepare tested locales and C build tools	2026-09-20T19:56:02.8542444Z Processing triggers for man-db (2.12.0-4build2) ...
linux-portability (ubuntu-24.04-arm)	Prepare tested locales and C build tools	2026-09-20T19:56:02.8564637Z Not building database; man-db/auto-update is not 'true'.
linux-portability (ubuntu-24.04-arm)	Prepare tested locales and C build tools	2026-09-20T19:56:04.9020241Z 
linux-portability (ubuntu-24.04-arm)	Prepare tested locales and C build tools	2026-09-20T19:56:04.9021280Z Running kernel seems to be up-to-date.
linux-portability (ubuntu-24.04-arm)	Prepare tested locales and C build tools	2026-09-20T19:56:04.9021599Z 
linux-portability (ubuntu-24.04-arm)	Prepare tested locales and C build tools	2026-09-20T19:56:04.9021721Z Restarting services...
linux-portability (ubuntu-24.04-arm)	Prepare tested locales and C build tools	2026-09-20T19:56:05.0275825Z  systemctl restart chrony.service containerd.service cron.service haveged.service hv-kvp-daemon.service multipathd.service packagekit.service php8.3-fpm.service polkit.service rsyslog.service systemd-journald.service systemd-networkd.service systemd-resolved.service systemd-udevd.service udisks2.service
linux-portability (ubuntu-24.04-arm)	Prepare tested locales and C build tools	2026-09-20T19:56:05.4770297Z 
linux-portability (ubuntu-24.04-arm)	Prepare tested locales and C build tools	2026-09-20T19:56:05.4771207Z Service restarts being deferred:
linux-portability (ubuntu-24.04-arm)	Prepare tested locales and C build tools	2026-09-20T19:56:05.4771782Z  systemctl restart ModemManager.service
linux-portability (ubuntu-24.04-arm)	Prepare tested locales and C build tools	2026-09-20T19:56:05.4775236Z  /etc/needrestart/restart.d/dbus.service
linux-portability (ubuntu-24.04-arm)	Prepare tested locales and C build tools	2026-09-20T19:56:05.4776151Z  systemctl restart docker.service
linux-portability (ubuntu-24.04-arm)	Prepare tested locales and C build tools	2026-09-20T19:56:05.4776663Z  systemctl restart getty@tty1.service
linux-portability (ubuntu-24.04-arm)	Prepare tested locales and C build tools	2026-09-20T19:56:05.4777002Z  systemctl restart hosted-compute-agent.service
linux-portability (ubuntu-24.04-arm)	Prepare tested locales and C build tools	2026-09-20T19:56:05.4777453Z  systemctl restart networkd-dispatcher.service
linux-portability (ubuntu-24.04-arm)	Prepare tested locales and C build tools	2026-09-20T19:56:05.4777848Z  systemctl restart serial-getty@ttyAMA0.service
linux-portability (ubuntu-24.04-arm)	Prepare tested locales and C build tools	2026-09-20T19:56:05.4778188Z  systemctl restart systemd-logind.service
linux-portability (ubuntu-24.04-arm)	Prepare tested locales and C build tools	2026-09-20T19:56:05.4778537Z  systemctl restart walinuxagent.service
linux-portability (ubuntu-24.04-arm)	Prepare tested locales and C build tools	2026-09-20T19:56:05.4778719Z 
linux-portability (ubuntu-24.04-arm)	Prepare tested locales and C build tools	2026-09-20T19:56:05.4778847Z No containers need to be restarted.
linux-portability (ubuntu-24.04-arm)	Prepare tested locales and C build tools	2026-09-20T19:56:05.4779027Z 
linux-portability (ubuntu-24.04-arm)	Prepare tested locales and C build tools	2026-09-20T19:56:05.4779165Z User sessions running outdated binaries:
linux-portability (ubuntu-24.04-arm)	Prepare tested locales and C build tools	2026-09-20T19:56:05.4779513Z  runner @ user manager service: systemd[1317]
linux-portability (ubuntu-24.04-arm)	Prepare tested locales and C build tools	2026-09-20T19:56:05.4881407Z 
linux-portability (ubuntu-24.04-arm)	Prepare tested locales and C build tools	2026-09-20T19:56:05.4882279Z No VM guests are running outdated hypervisor (qemu) binaries on this host.
linux-portability (ubuntu-24.04-arm)	Prepare tested locales and C build tools	2026-09-20T19:56:09.5431648Z C
linux-portability (ubuntu-24.04-arm)	Prepare tested locales and C build tools	2026-09-20T19:56:09.5432162Z C.utf8
linux-portability (ubuntu-24.04-arm)	Prepare tested locales and C build tools	2026-09-20T19:56:09.5432395Z POSIX
linux-portability (ubuntu-24.04-arm)	Prepare tested locales and C build tools	2026-09-20T19:56:09.5432599Z en_US.iso88591
linux-portability (ubuntu-24.04-arm)	Prepare tested locales and C build tools	2026-09-20T19:56:09.5432862Z en_US.utf8
linux-portability (ubuntu-24.04-arm)	Prepare tested locales and C build tools	2026-09-20T19:56:09.5433086Z ja_JP.sjis
linux-portability (ubuntu-24.04-arm)	Prepare tested locales and C build tools	2026-09-20T19:56:09.5433273Z tr_TR.iso88599
linux-portability (ubuntu-24.04-arm)	Prepare tested locales and C build tools	2026-09-20T19:56:09.5433528Z tr_TR.utf8
linux-portability (ubuntu-24.04-arm)	Prepare tested locales and C build tools	2026-09-20T19:56:09.6482110Z locale=ja_JP.SJIS codeset=SHIFT_JIS MB_CUR_MAX=2 wchar_t=4
linux-portability (ubuntu-24.04-arm)	Prepare tested locales and C build tools	2026-09-20T19:56:09.6482555Z decode=2 wchar=0xff41
linux-portability (ubuntu-24.04-arm)	Prepare tested locales and C build tools	2026-09-20T19:56:09.6482768Z encode=2
linux-portability (ubuntu-24.04-arm)	Prepare tested locales and C build tools	2026-09-20T19:56:09.6483413Z truncated=incomplete
linux-portability (ubuntu-24.04-arm)	Prepare tested locales and C build tools	2026-09-20T19:56:09.6483677Z invalid=error errno=84
linux-portability (ubuntu-24.04-arm)	Build pinned original C oracle	﻿2026-09-20T19:56:09.6522726Z ##[group]Run git init ../c_awk
linux-portability (ubuntu-24.04-arm)	Build pinned original C oracle	2026-09-20T19:56:09.6523094Z [36;1mgit init ../c_awk[0m
linux-portability (ubuntu-24.04-arm)	Build pinned original C oracle	2026-09-20T19:56:09.6523543Z [36;1mgit -C ../c_awk remote add origin https://github.com/onetrueawk/awk.git[0m
linux-portability (ubuntu-24.04-arm)	Build pinned original C oracle	2026-09-20T19:56:09.6524111Z [36;1mgit -C ../c_awk fetch --depth 1 origin 5739fd79bcfc75ba7526773d0cf634521f8aca3c[0m
linux-portability (ubuntu-24.04-arm)	Build pinned original C oracle	2026-09-20T19:56:09.6524570Z [36;1mgit -C ../c_awk checkout --detach FETCH_HEAD[0m
linux-portability (ubuntu-24.04-arm)	Build pinned original C oracle	2026-09-20T19:56:09.6524931Z [36;1mmake -C ../c_awk[0m
linux-portability (ubuntu-24.04-arm)	Build pinned original C oracle	2026-09-20T19:56:09.6525175Z [36;1m../c_awk/a.out --version[0m
linux-portability (ubuntu-24.04-arm)	Build pinned original C oracle	2026-09-20T19:56:09.6574832Z shell: /usr/bin/bash -e {0}
linux-portability (ubuntu-24.04-arm)	Build pinned original C oracle	2026-09-20T19:56:09.6575124Z env:
linux-portability (ubuntu-24.04-arm)	Build pinned original C oracle	2026-09-20T19:56:09.6575461Z   LC_ALL: C
linux-portability (ubuntu-24.04-arm)	Build pinned original C oracle	2026-09-20T19:56:09.6575658Z   CARGO_INCREMENTAL: 0
linux-portability (ubuntu-24.04-arm)	Build pinned original C oracle	2026-09-20T19:56:09.6575925Z   RUSTUP_TOOLCHAIN: 1.96.0
linux-portability (ubuntu-24.04-arm)	Build pinned original C oracle	2026-09-20T19:56:09.6576882Z ##[endgroup]
linux-portability (ubuntu-24.04-arm)	Build pinned original C oracle	2026-09-20T19:56:09.6658542Z hint: Using 'master' as the name for the initial branch. This default branch name
linux-portability (ubuntu-24.04-arm)	Build pinned original C oracle	2026-09-20T19:56:09.6659143Z hint: will change to "main" in Git 3.0. To configure the initial branch name
linux-portability (ubuntu-24.04-arm)	Build pinned original C oracle	2026-09-20T19:56:09.6659879Z hint: to use in all of your new repositories, which will suppress this warning,
linux-portability (ubuntu-24.04-arm)	Build pinned original C oracle	2026-09-20T19:56:09.6660256Z hint: call:
linux-portability (ubuntu-24.04-arm)	Build pinned original C oracle	2026-09-20T19:56:09.6660485Z hint:
linux-portability (ubuntu-24.04-arm)	Build pinned original C oracle	2026-09-20T19:56:09.6660742Z hint: 	git config --global init.defaultBranch <name>
linux-portability (ubuntu-24.04-arm)	Build pinned original C oracle	2026-09-20T19:56:09.6661044Z hint:
linux-portability (ubuntu-24.04-arm)	Build pinned original C oracle	2026-09-20T19:56:09.6661416Z hint: Names commonly chosen instead of 'master' are 'main', 'trunk' and
linux-portability (ubuntu-24.04-arm)	Build pinned original C oracle	2026-09-20T19:56:09.6661902Z hint: 'development'. The just-created branch can be renamed via this command:
linux-portability (ubuntu-24.04-arm)	Build pinned original C oracle	2026-09-20T19:56:09.6662307Z hint:
linux-portability (ubuntu-24.04-arm)	Build pinned original C oracle	2026-09-20T19:56:09.6662514Z hint: 	git branch -m <name>
linux-portability (ubuntu-24.04-arm)	Build pinned original C oracle	2026-09-20T19:56:09.6662767Z hint:
linux-portability (ubuntu-24.04-arm)	Build pinned original C oracle	2026-09-20T19:56:09.6663435Z hint: Disable this message with "git config set advice.defaultBranchName false"
linux-portability (ubuntu-24.04-arm)	Build pinned original C oracle	2026-09-20T19:56:09.6663953Z Initialized empty Git repository in /home/runner/work/rawk/rawk/c_awk/.git/
linux-portability (ubuntu-24.04-arm)	Build pinned original C oracle	2026-09-20T19:56:10.1936716Z From https://github.com/onetrueawk/awk
linux-portability (ubuntu-24.04-arm)	Build pinned original C oracle	2026-09-20T19:56:10.1937339Z  * branch            5739fd79bcfc75ba7526773d0cf634521f8aca3c -> FETCH_HEAD
linux-portability (ubuntu-24.04-arm)	Build pinned original C oracle	2026-09-20T19:56:10.2226335Z HEAD is now at 5739fd7 updated.
linux-portability (ubuntu-24.04-arm)	Build pinned original C oracle	2026-09-20T19:56:10.2253866Z make: Entering directory '/home/runner/work/rawk/rawk/c_awk'
linux-portability (ubuntu-24.04-arm)	Build pinned original C oracle	2026-09-20T19:56:10.2254320Z bison -d  awkgram.y
linux-portability (ubuntu-24.04-arm)	Build pinned original C oracle	2026-09-20T19:56:10.2285178Z awkgram.y: warning: 44 shift/reduce conflicts [-Wconflicts-sr]
linux-portability (ubuntu-24.04-arm)	Build pinned original C oracle	2026-09-20T19:56:10.2285846Z awkgram.y: warning: 85 reduce/reduce conflicts [-Wconflicts-rr]
linux-portability (ubuntu-24.04-arm)	Build pinned original C oracle	2026-09-20T19:56:10.2286519Z awkgram.y: note: rerun with option '-Wcounterexamples' to generate conflict counterexamples
linux-portability (ubuntu-24.04-arm)	Build pinned original C oracle	2026-09-20T19:56:10.3632720Z cc -g -Wall -pedantic -Wcast-qual   -O2   -c -o awkgram.tab.o awkgram.tab.c
linux-portability (ubuntu-24.04-arm)	Build pinned original C oracle	2026-09-20T19:56:10.6228786Z cc -g -Wall -pedantic -Wcast-qual   -O2   -c -o b.o b.c
linux-portability (ubuntu-24.04-arm)	Build pinned original C oracle	2026-09-20T19:56:10.9970080Z cc -g -Wall -pedantic -Wcast-qual   -O2   -c -o main.o main.c
linux-portability (ubuntu-24.04-arm)	Build pinned original C oracle	2026-09-20T19:56:11.0732314Z cc -g -Wall -pedantic -Wcast-qual   -O2   -c -o parse.o parse.c
linux-portability (ubuntu-24.04-arm)	Build pinned original C oracle	2026-09-20T19:56:11.1615270Z cc -g -Wall -pedantic -Wcast-qual -O2 maketab.c -o maketab
linux-portability (ubuntu-24.04-arm)	Build pinned original C oracle	2026-09-20T19:56:11.2214809Z ./maketab awkgram.tab.h >proctab.c
linux-portability (ubuntu-24.04-arm)	Build pinned original C oracle	2026-09-20T19:56:11.2225171Z cc -g -Wall -pedantic -Wcast-qual   -O2   -c -o proctab.o proctab.c
linux-portability (ubuntu-24.04-arm)	Build pinned original C oracle	2026-09-20T19:56:11.2441063Z cc -g -Wall -pedantic -Wcast-qual   -O2   -c -o tran.o tran.c
linux-portability (ubuntu-24.04-arm)	Build pinned original C oracle	2026-09-20T19:56:11.4597934Z cc -g -Wall -pedantic -Wcast-qual   -O2   -c -o lib.o lib.c
linux-portability (ubuntu-24.04-arm)	Build pinned original C oracle	2026-09-20T19:56:11.7667940Z cc -g -Wall -pedantic -Wcast-qual   -O2   -c -o run.o run.c
linux-portability (ubuntu-24.04-arm)	Build pinned original C oracle	2026-09-20T19:56:12.5249596Z cc -g -Wall -pedantic -Wcast-qual   -O2   -c -o lex.o lex.c
linux-portability (ubuntu-24.04-arm)	Build pinned original C oracle	2026-09-20T19:56:12.7684141Z cc -g -Wall -pedantic -Wcast-qual   -O2 awkgram.tab.o b.o main.o parse.o proctab.o tran.o lib.o run.o lex.o   -lm
linux-portability (ubuntu-24.04-arm)	Build pinned original C oracle	2026-09-20T19:56:12.7892052Z make: Leaving directory '/home/runner/work/rawk/rawk/c_awk'
linux-portability (ubuntu-24.04-arm)	Build pinned original C oracle	2026-09-20T19:56:12.7899264Z awk version 20260426
linux-portability (ubuntu-24.04-arm)	Record native oracle formatting behavior	﻿2026-09-20T19:56:12.7937154Z ##[group]Run python3 scripts/format_platform_probe.py --output diary/format-platform-ci.json
linux-portability (ubuntu-24.04-arm)	Record native oracle formatting behavior	2026-09-20T19:56:12.7937987Z [36;1mpython3 scripts/format_platform_probe.py --output diary/format-platform-ci.json[0m
linux-portability (ubuntu-24.04-arm)	Record native oracle formatting behavior	2026-09-20T19:56:12.7981660Z shell: /usr/bin/bash -e {0}
linux-portability (ubuntu-24.04-arm)	Record native oracle formatting behavior	2026-09-20T19:56:12.7982103Z env:
linux-portability (ubuntu-24.04-arm)	Record native oracle formatting behavior	2026-09-20T19:56:12.7982310Z   LC_ALL: C
linux-portability (ubuntu-24.04-arm)	Record native oracle formatting behavior	2026-09-20T19:56:12.7982578Z   CARGO_INCREMENTAL: 0
linux-portability (ubuntu-24.04-arm)	Record native oracle formatting behavior	2026-09-20T19:56:12.7982824Z   RUSTUP_TOOLCHAIN: 1.96.0
linux-portability (ubuntu-24.04-arm)	Record native oracle formatting behavior	2026-09-20T19:56:12.7983079Z ##[endgroup]
linux-portability (ubuntu-24.04-arm)	Record native oracle formatting behavior	2026-09-20T19:56:12.9980226Z Recorded 220 native oracle cases in diary/format-platform-ci.json
linux-portability (ubuntu-24.04-arm)	Native portability gate (debug and release)	﻿2026-09-20T19:56:13.0075502Z ##[group]Run set -o pipefail
linux-portability (ubuntu-24.04-arm)	Native portability gate (debug and release)	2026-09-20T19:56:13.0076380Z [36;1mset -o pipefail[0m
linux-portability (ubuntu-24.04-arm)	Native portability gate (debug and release)	2026-09-20T19:56:13.0076825Z [36;1mbash scripts/check_portability.sh 2>&1 | tee diary/portability-ci.log[0m
linux-portability (ubuntu-24.04-arm)	Native portability gate (debug and release)	2026-09-20T19:56:13.0118644Z shell: /usr/bin/bash -e {0}
linux-portability (ubuntu-24.04-arm)	Native portability gate (debug and release)	2026-09-20T19:56:13.0118935Z env:
linux-portability (ubuntu-24.04-arm)	Native portability gate (debug and release)	2026-09-20T19:56:13.0119186Z   LC_ALL: C
linux-portability (ubuntu-24.04-arm)	Native portability gate (debug and release)	2026-09-20T19:56:13.0119410Z   CARGO_INCREMENTAL: 0
linux-portability (ubuntu-24.04-arm)	Native portability gate (debug and release)	2026-09-20T19:56:13.0119685Z   RUSTUP_TOOLCHAIN: 1.96.0
linux-portability (ubuntu-24.04-arm)	Native portability gate (debug and release)	2026-09-20T19:56:13.0119962Z ##[endgroup]
linux-portability (ubuntu-24.04-arm)	Native portability gate (debug and release)	2026-09-20T19:56:13.0194231Z Linux runnervmec22z 6.17.0-1022-azure #22-Ubuntu SMP Mon Jul 27 17:12:01 UTC 2026 aarch64 aarch64 aarch64 GNU/Linux
linux-portability (ubuntu-24.04-arm)	Native portability gate (debug and release)	2026-09-20T19:56:13.0276717Z rustc 1.96.0 (ac68faa20 2026-05-25)
linux-portability (ubuntu-24.04-arm)	Native portability gate (debug and release)	2026-09-20T19:56:13.1897314Z     Updating crates.io index
linux-portability (ubuntu-24.04-arm)	Native portability gate (debug and release)	2026-09-20T19:56:13.7377511Z  Downloading crates ...
linux-portability (ubuntu-24.04-arm)	Native portability gate (debug and release)	2026-09-20T19:56:13.7829140Z   Downloaded anstream v1.0.0
linux-portability (ubuntu-24.04-arm)	Native portability gate (debug and release)	2026-09-20T19:56:13.7855553Z   Downloaded anstyle v1.0.14
linux-portability (ubuntu-24.04-arm)	Native portability gate (debug and release)	2026-09-20T19:56:13.7990760Z   Downloaded anstyle-parse v1.0.0
linux-portability (ubuntu-24.04-arm)	Native portability gate (debug and release)	2026-09-20T19:56:13.8054919Z   Downloaded wait-timeout v0.2.1
linux-portability (ubuntu-24.04-arm)	Native portability gate (debug and release)	2026-09-20T19:56:13.8077088Z   Downloaded aho-corasick v1.1.4
linux-portability (ubuntu-24.04-arm)	Native portability gate (debug and release)	2026-09-20T19:56:13.8223687Z   Downloaded rand v0.10.1
linux-portability (ubuntu-24.04-arm)	Native portability gate (debug and release)	2026-09-20T19:56:13.8249138Z   Downloaded pest_meta v2.8.6
linux-portability (ubuntu-24.04-arm)	Native portability gate (debug and release)	2026-09-20T19:56:13.8267579Z   Downloaded rand_core v0.10.1
linux-portability (ubuntu-24.04-arm)	Native portability gate (debug and release)	2026-09-20T19:56:13.8279778Z   Downloaded thiserror-impl v2.0.18
linux-portability (ubuntu-24.04-arm)	Native portability gate (debug and release)	2026-09-20T19:56:13.8289825Z   Downloaded tempfile v3.27.0
linux-portability (ubuntu-24.04-arm)	Native portability gate (debug and release)	2026-09-20T19:56:13.8305495Z   Downloaded colorchoice v1.0.5
linux-portability (ubuntu-24.04-arm)	Native portability gate (debug and release)	2026-09-20T19:56:13.8321674Z   Downloaded rand_core v0.9.5
linux-portability (ubuntu-24.04-arm)	Native portability gate (debug and release)	2026-09-20T19:56:13.8332353Z   Downloaded serde v1.0.228
linux-portability (ubuntu-24.04-arm)	Native portability gate (debug and release)	2026-09-20T19:56:13.8354184Z   Downloaded ppv-lite86 v0.2.21
linux-portability (ubuntu-24.04-arm)	Native portability gate (debug and release)	2026-09-20T19:56:13.8363751Z   Downloaded unarray v0.1.4
linux-portability (ubuntu-24.04-arm)	Native portability gate (debug and release)	2026-09-20T19:56:13.8373360Z   Downloaded fnv v1.0.7
linux-portability (ubuntu-24.04-arm)	Native portability gate (debug and release)	2026-09-20T19:56:13.8381464Z   Downloaded thiserror v2.0.18
linux-portability (ubuntu-24.04-arm)	Native portability gate (debug and release)	2026-09-20T19:56:13.8415618Z   Downloaded memchr v2.8.0
linux-portability (ubuntu-24.04-arm)	Native portability gate (debug and release)	2026-09-20T19:56:13.8449111Z   Downloaded sprintf v0.4.3
linux-portability (ubuntu-24.04-arm)	Native portability gate (debug and release)	2026-09-20T19:56:13.8458476Z   Downloaded block-buffer v0.10.4
linux-portability (ubuntu-24.04-arm)	Native portability gate (debug and release)	2026-09-20T19:56:13.8466555Z   Downloaded clap_lex v1.1.0
linux-portability (ubuntu-24.04-arm)	Native portability gate (debug and release)	2026-09-20T19:56:13.8476807Z   Downloaded generic-array v0.14.7
linux-portability (ubuntu-24.04-arm)	Native portability gate (debug and release)	2026-09-20T19:56:13.8487461Z   Downloaded anyhow v1.0.102
linux-portability (ubuntu-24.04-arm)	Native portability gate (debug and release)	2026-09-20T19:56:13.8514433Z   Downloaded version_check v0.9.5
linux-portability (ubuntu-24.04-arm)	Native portability gate (debug and release)	2026-09-20T19:56:13.8523241Z   Downloaded anstyle-query v1.1.5
linux-portability (ubuntu-24.04-arm)	Native portability gate (debug and release)	2026-09-20T19:56:13.8534535Z   Downloaded cpufeatures v0.2.17
linux-portability (ubuntu-24.04-arm)	Native portability gate (debug and release)	2026-09-20T19:56:13.8543481Z   Downloaded bit-set v0.8.0
linux-portability (ubuntu-24.04-arm)	Native portability gate (debug and release)	2026-09-20T19:56:13.8554405Z   Downloaded utf8parse v0.2.2
linux-portability (ubuntu-24.04-arm)	Native portability gate (debug and release)	2026-09-20T19:56:13.8565522Z   Downloaded crypto-common v0.1.7
linux-portability (ubuntu-24.04-arm)	Native portability gate (debug and release)	2026-09-20T19:56:13.8574350Z   Downloaded sha2 v0.10.9
linux-portability (ubuntu-24.04-arm)	Native portability gate (debug and release)	2026-09-20T19:56:13.8596985Z   Downloaded unicode-ident v1.0.24
linux-portability (ubuntu-24.04-arm)	Native portability gate (debug and release)	2026-09-20T19:56:13.8619731Z   Downloaded serde_core v1.0.228
linux-portability (ubuntu-24.04-arm)	Native portability gate (debug and release)	2026-09-20T19:56:13.8640988Z   Downloaded proc-macro2 v1.0.106
linux-portability (ubuntu-24.04-arm)	Native portability gate (debug and release)	2026-09-20T19:56:13.8662618Z   Downloaded typenum v1.20.0
linux-portability (ubuntu-24.04-arm)	Native portability gate (debug and release)	2026-09-20T19:56:13.8690029Z   Downloaded cfg-if v1.0.4
linux-portability (ubuntu-24.04-arm)	Native portability gate (debug and release)	2026-09-20T19:56:13.8699576Z   Downloaded once_cell v1.21.4
linux-portability (ubuntu-24.04-arm)	Native portability gate (debug and release)	2026-09-20T19:56:13.8717366Z   Downloaded regex v1.12.3
linux-portability (ubuntu-24.04-arm)	Native portability gate (debug and release)	2026-09-20T19:56:13.8753151Z   Downloaded clap_builder v4.6.0
linux-portability (ubuntu-24.04-arm)	Native portability gate (debug and release)	2026-09-20T19:56:13.8794221Z   Downloaded pest v2.8.6
linux-portability (ubuntu-24.04-arm)	Native portability gate (debug and release)	2026-09-20T19:56:13.8824275Z   Downloaded syn v2.0.117
linux-portability (ubuntu-24.04-arm)	Native portability gate (debug and release)	2026-09-20T19:56:13.8888114Z   Downloaded errno v0.3.14
linux-portability (ubuntu-24.04-arm)	Native portability gate (debug and release)	2026-09-20T19:56:13.8898741Z   Downloaded quick-xml v0.39.2
linux-portability (ubuntu-24.04-arm)	Native portability gate (debug and release)	2026-09-20T19:56:13.8936395Z   Downloaded zerocopy v0.8.48
linux-portability (ubuntu-24.04-arm)	Native portability gate (debug and release)	2026-09-20T19:56:13.9044489Z   Downloaded proptest v1.11.0
linux-portability (ubuntu-24.04-arm)	Native portability gate (debug and release)	2026-09-20T19:56:13.9100091Z   Downloaded strsim v0.11.1
linux-portability (ubuntu-24.04-arm)	Native portability gate (debug and release)	2026-09-20T19:56:13.9108297Z   Downloaded regex-syntax v0.8.10
linux-portability (ubuntu-24.04-arm)	Native portability gate (debug and release)	2026-09-20T19:56:13.9154491Z   Downloaded chrono v0.4.44
linux-portability (ubuntu-24.04-arm)	Native portability gate (debug and release)	2026-09-20T19:56:13.9196436Z   Downloaded rand v0.9.4
linux-portability (ubuntu-24.04-arm)	Native portability gate (debug and release)	2026-09-20T19:56:13.9219455Z   Downloaded fastrand v2.4.1
linux-portability (ubuntu-24.04-arm)	Native portability gate (debug and release)	2026-09-20T19:56:13.9228875Z   Downloaded getrandom v0.4.2
linux-portability (ubuntu-24.04-arm)	Native portability gate (debug and release)	2026-09-20T19:56:13.9253293Z   Downloaded getrandom v0.3.4
linux-portability (ubuntu-24.04-arm)	Native portability gate (debug and release)	2026-09-20T19:56:13.9273043Z   Downloaded ucd-trie v0.1.7
linux-portability (ubuntu-24.04-arm)	Native portability gate (debug and release)	2026-09-20T19:56:13.9283092Z   Downloaded rustix v1.1.4
linux-portability (ubuntu-24.04-arm)	Native portability gate (debug and release)	2026-09-20T19:56:13.9423458Z   Downloaded rusty-fork v0.3.1
linux-portability (ubuntu-24.04-arm)	Native portability gate (debug and release)	2026-09-20T19:56:13.9432542Z   Downloaded iana-time-zone v0.1.65
linux-portability (ubuntu-24.04-arm)	Native portability gate (debug and release)	2026-09-20T19:56:13.9449008Z   Downloaded digest v0.10.7
linux-portability (ubuntu-24.04-arm)	Native portability gate (debug and release)	2026-09-20T19:56:13.9460350Z   Downloaded chacha20 v0.10.0
linux-portability (ubuntu-24.04-arm)	Native portability gate (debug and release)	2026-09-20T19:56:13.9474272Z   Downloaded regex-automata v0.4.14
linux-portability (ubuntu-24.04-arm)	Native portability gate (debug and release)	2026-09-20T19:56:13.9562371Z   Downloaded is_terminal_polyfill v1.70.2
linux-portability (ubuntu-24.04-arm)	Native portability gate (debug and release)	2026-09-20T19:56:13.9568947Z   Downloaded clap v4.6.1
linux-portability (ubuntu-24.04-arm)	Native portability gate (debug and release)	2026-09-20T19:56:13.9617776Z   Downloaded bit-vec v0.8.0
linux-portability (ubuntu-24.04-arm)	Native portability gate (debug and release)	2026-09-20T19:56:13.9627362Z   Downloaded autocfg v1.5.0
linux-portability (ubuntu-24.04-arm)	Native portability gate (debug and release)	2026-09-20T19:56:13.9638953Z   Downloaded num-traits v0.2.19
linux-portability (ubuntu-24.04-arm)	Native portability gate (debug and release)	2026-09-20T19:56:13.9654366Z   Downloaded serde_derive v1.0.228
linux-portability (ubuntu-24.04-arm)	Native portability gate (debug and release)	2026-09-20T19:56:13.9672882Z   Downloaded rand_chacha v0.9.0
linux-portability (ubuntu-24.04-arm)	Native portability gate (debug and release)	2026-09-20T19:56:13.9680895Z   Downloaded quote v1.0.45
linux-portability (ubuntu-24.04-arm)	Native portability gate (debug and release)	2026-09-20T19:56:13.9696009Z   Downloaded libc v0.2.186
linux-portability (ubuntu-24.04-arm)	Native portability gate (debug and release)	2026-09-20T19:56:13.9903129Z   Downloaded pest_generator v2.8.6
linux-portability (ubuntu-24.04-arm)	Native portability gate (debug and release)	2026-09-20T19:56:13.9913725Z   Downloaded pest_derive v2.8.6
linux-portability (ubuntu-24.04-arm)	Native portability gate (debug and release)	2026-09-20T19:56:13.9927405Z   Downloaded heck v0.5.0
linux-portability (ubuntu-24.04-arm)	Native portability gate (debug and release)	2026-09-20T19:56:13.9934493Z   Downloaded clap_derive v4.6.1
linux-portability (ubuntu-24.04-arm)	Native portability gate (debug and release)	2026-09-20T19:56:13.9947614Z   Downloaded rand_xorshift v0.4.0
linux-portability (ubuntu-24.04-arm)	Native portability gate (debug and release)	2026-09-20T19:56:13.9954557Z   Downloaded quick-error v1.2.3
linux-portability (ubuntu-24.04-arm)	Native portability gate (debug and release)	2026-09-20T19:56:13.9962368Z   Downloaded bitflags v2.11.1
linux-portability (ubuntu-24.04-arm)	Native portability gate (debug and release)	2026-09-20T19:56:14.0037524Z   Downloaded linux-raw-sys v0.12.1
linux-portability (ubuntu-24.04-arm)	Native portability gate (debug and release)	2026-09-20T19:56:14.0821635Z    Compiling proc-macro2 v1.0.106
linux-portability (ubuntu-24.04-arm)	Native portability gate (debug and release)	2026-09-20T19:56:14.0822243Z    Compiling libc v0.2.186
linux-portability (ubuntu-24.04-arm)	Native portability gate (debug and release)	2026-09-20T19:56:14.0842353Z    Compiling unicode-ident v1.0.24
linux-portability (ubuntu-24.04-arm)	Native portability gate (debug and release)	2026-09-20T19:56:14.0867297Z    Compiling quote v1.0.45
linux-portability (ubuntu-24.04-arm)	Native portability gate (debug and release)	2026-09-20T19:56:14.1237547Z     Checking cfg-if v1.0.4
linux-portability (ubuntu-24.04-arm)	Native portability gate (debug and release)	2026-09-20T19:56:14.1457500Z    Compiling getrandom v0.4.2
linux-portability (ubuntu-24.04-arm)	Native portability gate (debug and release)	2026-09-20T19:56:14.2647696Z     Checking rand_core v0.10.1
linux-portability (ubuntu-24.04-arm)	Native portability gate (debug and release)	2026-09-20T19:56:14.2867151Z     Checking memchr v2.8.0
linux-portability (ubuntu-24.04-arm)	Native portability gate (debug and release)	2026-09-20T19:56:14.3217829Z    Compiling autocfg v1.5.0
linux-portability (ubuntu-24.04-arm)	Native portability gate (debug and release)	2026-09-20T19:56:14.5157196Z    Compiling rustix v1.1.4
linux-portability (ubuntu-24.04-arm)	Native portability gate (debug and release)	2026-09-20T19:56:14.5687299Z    Compiling num-traits v0.2.19
linux-portability (ubuntu-24.04-arm)	Native portability gate (debug and release)	2026-09-20T19:56:14.7787990Z    Compiling ucd-trie v0.1.7
linux-portability (ubuntu-24.04-arm)	Native portability gate (debug and release)	2026-09-20T19:56:14.7947152Z     Checking utf8parse v0.2.2
linux-portability (ubuntu-24.04-arm)	Native portability gate (debug and release)	2026-09-20T19:56:14.8277089Z    Compiling syn v2.0.117
linux-portability (ubuntu-24.04-arm)	Native portability gate (debug and release)	2026-09-20T19:56:14.9073125Z     Checking linux-raw-sys v0.12.1
linux-portability (ubuntu-24.04-arm)	Native portability gate (debug and release)	2026-09-20T19:56:14.9200989Z    Compiling getrandom v0.3.4
linux-portability (ubuntu-24.04-arm)	Native portability gate (debug and release)	2026-09-20T19:56:15.0917451Z    Compiling serde_core v1.0.228
linux-portability (ubuntu-24.04-arm)	Native portability gate (debug and release)	2026-09-20T19:56:15.1117873Z     Checking bitflags v2.11.1
linux-portability (ubuntu-24.04-arm)	Native portability gate (debug and release)	2026-09-20T19:56:15.1708229Z    Compiling pest v2.8.6
linux-portability (ubuntu-24.04-arm)	Native portability gate (debug and release)	2026-09-20T19:56:15.2807043Z     Checking anstyle-parse v1.0.0
linux-portability (ubuntu-24.04-arm)	Native portability gate (debug and release)	2026-09-20T19:56:15.3864445Z    Compiling serde v1.0.228
linux-portability (ubuntu-24.04-arm)	Native portability gate (debug and release)	2026-09-20T19:56:15.5773620Z     Checking anstyle-query v1.1.5
linux-portability (ubuntu-24.04-arm)	Native portability gate (debug and release)	2026-09-20T19:56:15.6047307Z     Checking is_terminal_polyfill v1.70.2
linux-portability (ubuntu-24.04-arm)	Native portability gate (debug and release)	2026-09-20T19:56:15.6226988Z     Checking fastrand v2.4.1
linux-portability (ubuntu-24.04-arm)	Native portability gate (debug and release)	2026-09-20T19:56:15.6997118Z     Checking once_cell v1.21.4
linux-portability (ubuntu-24.04-arm)	Native portability gate (debug and release)	2026-09-20T19:56:15.7767610Z     Checking regex-syntax v0.8.10
linux-portability (ubuntu-24.04-arm)	Native portability gate (debug and release)	2026-09-20T19:56:16.0217923Z     Checking colorchoice v1.0.5
linux-portability (ubuntu-24.04-arm)	Native portability gate (debug and release)	2026-09-20T19:56:16.0497233Z     Checking anstyle v1.0.14
linux-portability (ubuntu-24.04-arm)	Native portability gate (debug and release)	2026-09-20T19:56:16.0567217Z    Compiling thiserror v2.0.18
linux-portability (ubuntu-24.04-arm)	Native portability gate (debug and release)	2026-09-20T19:56:16.1337349Z     Checking anstream v1.0.0
linux-portability (ubuntu-24.04-arm)	Native portability gate (debug and release)	2026-09-20T19:56:16.2327061Z     Checking tempfile v3.27.0
linux-portability (ubuntu-24.04-arm)	Native portability gate (debug and release)	2026-09-20T19:56:16.2927380Z    Compiling pest_meta v2.8.6
linux-portability (ubuntu-24.04-arm)	Native portability gate (debug and release)	2026-09-20T19:56:16.8007492Z     Checking aho-corasick v1.1.4
linux-portability (ubuntu-24.04-arm)	Native portability gate (debug and release)	2026-09-20T19:56:17.2585046Z    Compiling zerocopy v0.8.48
linux-portability (ubuntu-24.04-arm)	Native portability gate (debug and release)	2026-09-20T19:56:17.5277199Z     Checking strsim v0.11.1
linux-portability (ubuntu-24.04-arm)	Native portability gate (debug and release)	2026-09-20T19:56:17.5777423Z    Compiling heck v0.5.0
linux-portability (ubuntu-24.04-arm)	Native portability gate (debug and release)	2026-09-20T19:56:17.5873319Z    Compiling serde_derive v1.0.228
linux-portability (ubuntu-24.04-arm)	Native portability gate (debug and release)	2026-09-20T19:56:17.6027465Z    Compiling thiserror-impl v2.0.18
linux-portability (ubuntu-24.04-arm)	Native portability gate (debug and release)	2026-09-20T19:56:17.7047250Z    Compiling anyhow v1.0.102
linux-portability (ubuntu-24.04-arm)	Native portability gate (debug and release)	2026-09-20T19:56:17.8981136Z     Checking clap_lex v1.1.0
linux-portability (ubuntu-24.04-arm)	Native portability gate (debug and release)	2026-09-20T19:56:17.9314985Z    Compiling clap_derive v4.6.1
linux-portability (ubuntu-24.04-arm)	Native portability gate (debug and release)	2026-09-20T19:56:17.9647905Z     Checking clap_builder v4.6.0
linux-portability (ubuntu-24.04-arm)	Native portability gate (debug and release)	2026-09-20T19:56:18.6177415Z     Checking regex-automata v0.4.14
linux-portability (ubuntu-24.04-arm)	Native portability gate (debug and release)	2026-09-20T19:56:18.9631335Z     Checking rand_core v0.9.5
linux-portability (ubuntu-24.04-arm)	Native portability gate (debug and release)	2026-09-20T19:56:19.0454528Z    Compiling pest_generator v2.8.6
linux-portability (ubuntu-24.04-arm)	Native portability gate (debug and release)	2026-09-20T19:56:19.2407480Z     Checking chacha20 v0.10.0
linux-portability (ubuntu-24.04-arm)	Native portability gate (debug and release)	2026-09-20T19:56:19.3756495Z     Checking iana-time-zone v0.1.65
linux-portability (ubuntu-24.04-arm)	Native portability gate (debug and release)	2026-09-20T19:56:19.4237283Z     Checking chrono v0.4.44
linux-portability (ubuntu-24.04-arm)	Native portability gate (debug and release)	2026-09-20T19:56:19.5057876Z    Compiling pest_derive v2.8.6
linux-portability (ubuntu-24.04-arm)	Native portability gate (debug and release)	2026-09-20T19:56:20.0097170Z     Checking rand v0.10.1
linux-portability (ubuntu-24.04-arm)	Native portability gate (debug and release)	2026-09-20T19:56:20.0739219Z     Checking quick-xml v0.39.2
linux-portability (ubuntu-24.04-arm)	Native portability gate (debug and release)	2026-09-20T19:56:20.0949476Z     Checking regex v1.12.3
linux-portability (ubuntu-24.04-arm)	Native portability gate (debug and release)	2026-09-20T19:56:20.2647929Z     Checking clap v4.6.1
linux-portability (ubuntu-24.04-arm)	Native portability gate (debug and release)	2026-09-20T19:56:20.3397692Z     Checking sprintf v0.4.3
linux-portability (ubuntu-24.04-arm)	Native portability gate (debug and release)	2026-09-20T19:56:20.5197167Z     Checking wait-timeout v0.2.1
linux-portability (ubuntu-24.04-arm)	Native portability gate (debug and release)	2026-09-20T19:56:20.5587112Z     Checking fnv v1.0.7
linux-portability (ubuntu-24.04-arm)	Native portability gate (debug and release)	2026-09-20T19:56:20.5816173Z     Checking bit-vec v0.8.0
linux-portability (ubuntu-24.04-arm)	Native portability gate (debug and release)	2026-09-20T19:56:20.5870352Z     Checking quick-error v1.2.3
linux-portability (ubuntu-24.04-arm)	Native portability gate (debug and release)	2026-09-20T19:56:20.6127181Z     Checking rusty-fork v0.3.1
linux-portability (ubuntu-24.04-arm)	Native portability gate (debug and release)	2026-09-20T19:56:20.6813456Z     Checking bit-set v0.8.0
linux-portability (ubuntu-24.04-arm)	Native portability gate (debug and release)	2026-09-20T19:56:20.6892143Z     Checking rand v0.9.4
linux-portability (ubuntu-24.04-arm)	Native portability gate (debug and release)	2026-09-20T19:56:20.7577437Z     Checking rand_xorshift v0.4.0
linux-portability (ubuntu-24.04-arm)	Native portability gate (debug and release)	2026-09-20T19:56:20.7907335Z     Checking unarray v0.1.4
linux-portability (ubuntu-24.04-arm)	Native portability gate (debug and release)	2026-09-20T19:56:20.8457540Z     Checking rawk v0.1.0 (/home/runner/work/rawk/rawk/rawk)
linux-portability (ubuntu-24.04-arm)	Native portability gate (debug and release)	2026-09-20T19:56:22.6569540Z     Checking ppv-lite86 v0.2.21
linux-portability (ubuntu-24.04-arm)	Native portability gate (debug and release)	2026-09-20T19:56:22.7701002Z     Checking rand_chacha v0.9.0
linux-portability (ubuntu-24.04-arm)	Native portability gate (debug and release)	2026-09-20T19:56:22.8440778Z     Checking proptest v1.11.0
linux-portability (ubuntu-24.04-arm)	Native portability gate (debug and release)	2026-09-20T19:56:25.5572985Z     Finished `dev` profile [unoptimized + debuginfo] target(s) in 12.39s
linux-portability (ubuntu-24.04-arm)	Native portability gate (debug and release)	2026-09-20T19:56:25.6677239Z    Compiling proc-macro2 v1.0.106
linux-portability (ubuntu-24.04-arm)	Native portability gate (debug and release)	2026-09-20T19:56:25.6677851Z    Compiling quote v1.0.45
linux-portability (ubuntu-24.04-arm)	Native portability gate (debug and release)	2026-09-20T19:56:25.6678573Z    Compiling unicode-ident v1.0.24
linux-portability (ubuntu-24.04-arm)	Native portability gate (debug and release)	2026-09-20T19:56:25.6688729Z    Compiling libc v0.2.186
linux-portability (ubuntu-24.04-arm)	Native portability gate (debug and release)	2026-09-20T19:56:25.7295048Z    Compiling memchr v2.8.0
linux-portability (ubuntu-24.04-arm)	Native portability gate (debug and release)	2026-09-20T19:56:25.8187293Z    Compiling ucd-trie v0.1.7
linux-portability (ubuntu-24.04-arm)	Native portability gate (debug and release)	2026-09-20T19:56:25.8712546Z    Compiling rand_core v0.10.1
linux-portability (ubuntu-24.04-arm)	Native portability gate (debug and release)	2026-09-20T19:56:25.9567065Z    Compiling autocfg v1.5.0
linux-portability (ubuntu-24.04-arm)	Native portability gate (debug and release)	2026-09-20T19:56:26.2532051Z    Compiling cfg-if v1.0.4
linux-portability (ubuntu-24.04-arm)	Native portability gate (debug and release)	2026-09-20T19:56:26.2715845Z    Compiling serde_core v1.0.228
linux-portability (ubuntu-24.04-arm)	Native portability gate (debug and release)	2026-09-20T19:56:26.2787297Z    Compiling utf8parse v0.2.2
linux-portability (ubuntu-24.04-arm)	Native portability gate (debug and release)	2026-09-20T19:56:26.3187263Z    Compiling getrandom v0.4.2
linux-portability (ubuntu-24.04-arm)	Native portability gate (debug and release)	2026-09-20T19:56:26.3527903Z    Compiling syn v2.0.117
linux-portability (ubuntu-24.04-arm)	Native portability gate (debug and release)	2026-09-20T19:56:26.4017340Z    Compiling anstyle-parse v1.0.0
linux-portability (ubuntu-24.04-arm)	Native portability gate (debug and release)	2026-09-20T19:56:26.4225546Z    Compiling num-traits v0.2.19
linux-portability (ubuntu-24.04-arm)	Native portability gate (debug and release)	2026-09-20T19:56:26.4298657Z    Compiling pest v2.8.6
linux-portability (ubuntu-24.04-arm)	Native portability gate (debug and release)	2026-09-20T19:56:26.5141524Z    Compiling colorchoice v1.0.5
linux-portability (ubuntu-24.04-arm)	Native portability gate (debug and release)	2026-09-20T19:56:26.5568103Z    Compiling anstyle-query v1.1.5
linux-portability (ubuntu-24.04-arm)	Native portability gate (debug and release)	2026-09-20T19:56:26.5907264Z    Compiling anstyle v1.0.14
linux-portability (ubuntu-24.04-arm)	Native portability gate (debug and release)	2026-09-20T19:56:26.7367919Z    Compiling serde v1.0.228
linux-portability (ubuntu-24.04-arm)	Native portability gate (debug and release)	2026-09-20T19:56:26.8797278Z    Compiling rustix v1.1.4
linux-portability (ubuntu-24.04-arm)	Native portability gate (debug and release)	2026-09-20T19:56:27.0512377Z    Compiling thiserror v2.0.18
linux-portability (ubuntu-24.04-arm)	Native portability gate (debug and release)	2026-09-20T19:56:27.1077446Z    Compiling is_terminal_polyfill v1.70.2
linux-portability (ubuntu-24.04-arm)	Native portability gate (debug and release)	2026-09-20T19:56:27.1367898Z    Compiling anstream v1.0.0
linux-portability (ubuntu-24.04-arm)	Native portability gate (debug and release)	2026-09-20T19:56:27.2487401Z    Compiling pest_meta v2.8.6
linux-portability (ubuntu-24.04-arm)	Native portability gate (debug and release)	2026-09-20T19:56:27.5502689Z    Compiling aho-corasick v1.1.4
linux-portability (ubuntu-24.04-arm)	Native portability gate (debug and release)	2026-09-20T19:56:28.4202903Z    Compiling anyhow v1.0.102
linux-portability (ubuntu-24.04-arm)	Native portability gate (debug and release)	2026-09-20T19:56:28.5629552Z    Compiling regex-syntax v0.8.10
linux-portability (ubuntu-24.04-arm)	Native portability gate (debug and release)	2026-09-20T19:56:29.0983047Z    Compiling thiserror-impl v2.0.18
linux-portability (ubuntu-24.04-arm)	Native portability gate (debug and release)	2026-09-20T19:56:29.1967370Z    Compiling serde_derive v1.0.228
linux-portability (ubuntu-24.04-arm)	Native portability gate (debug and release)	2026-09-20T19:56:30.0512641Z    Compiling strsim v0.11.1
linux-portability (ubuntu-24.04-arm)	Native portability gate (debug and release)	2026-09-20T19:56:30.6917975Z    Compiling bitflags v2.11.1
linux-portability (ubuntu-24.04-arm)	Native portability gate (debug and release)	2026-09-20T19:56:30.9197281Z    Compiling linux-raw-sys v0.12.1
linux-portability (ubuntu-24.04-arm)	Native portability gate (debug and release)	2026-09-20T19:56:31.1347442Z    Compiling clap_lex v1.1.0
linux-portability (ubuntu-24.04-arm)	Native portability gate (debug and release)	2026-09-20T19:56:31.1467033Z    Compiling heck v0.5.0
linux-portability (ubuntu-24.04-arm)	Native portability gate (debug and release)	2026-09-20T19:56:31.2690210Z    Compiling clap_derive v4.6.1
linux-portability (ubuntu-24.04-arm)	Native portability gate (debug and release)	2026-09-20T19:56:31.3586409Z    Compiling clap_builder v4.6.0
linux-portability (ubuntu-24.04-arm)	Native portability gate (debug and release)	2026-09-20T19:56:32.4807500Z    Compiling regex-automata v0.4.14
linux-portability (ubuntu-24.04-arm)	Native portability gate (debug and release)	2026-09-20T19:56:33.8307036Z    Compiling pest_generator v2.8.6
linux-portability (ubuntu-24.04-arm)	Native portability gate (debug and release)	2026-09-20T19:56:34.4406837Z    Compiling chacha20 v0.10.0
linux-portability (ubuntu-24.04-arm)	Native portability gate (debug and release)	2026-09-20T19:56:34.7787726Z    Compiling once_cell v1.21.4
linux-portability (ubuntu-24.04-arm)	Native portability gate (debug and release)	2026-09-20T19:56:34.9083228Z    Compiling iana-time-zone v0.1.65
linux-portability (ubuntu-24.04-arm)	Native portability gate (debug and release)	2026-09-20T19:56:34.9928670Z    Compiling fastrand v2.4.1
linux-portability (ubuntu-24.04-arm)	Native portability gate (debug and release)	2026-09-20T19:56:35.1505880Z    Compiling tempfile v3.27.0
linux-portability (ubuntu-24.04-arm)	Native portability gate (debug and release)	2026-09-20T19:56:35.2147397Z    Compiling chrono v0.4.44
linux-portability (ubuntu-24.04-arm)	Native portability gate (debug and release)	2026-09-20T19:56:35.8387184Z    Compiling regex v1.12.3
linux-portability (ubuntu-24.04-arm)	Native portability gate (debug and release)	2026-09-20T19:56:38.0697856Z    Compiling rand v0.10.1
linux-portability (ubuntu-24.04-arm)	Native portability gate (debug and release)	2026-09-20T19:56:38.2444349Z    Compiling pest_derive v2.8.6
linux-portability (ubuntu-24.04-arm)	Native portability gate (debug and release)	2026-09-20T19:56:38.5997239Z    Compiling clap v4.6.1
linux-portability (ubuntu-24.04-arm)	Native portability gate (debug and release)	2026-09-20T19:56:38.6227084Z    Compiling sprintf v0.4.3
linux-portability (ubuntu-24.04-arm)	Native portability gate (debug and release)	2026-09-20T19:56:38.9792931Z    Compiling quick-xml v0.39.2
linux-portability (ubuntu-24.04-arm)	Native portability gate (debug and release)	2026-09-20T19:56:41.6929841Z    Compiling rawk v0.1.0 (/home/runner/work/rawk/rawk/rawk)
linux-portability (ubuntu-24.04-arm)	Native portability gate (debug and release)	2026-09-20T19:56:50.7751649Z     Finished `release` profile [optimized] target(s) in 25.17s
linux-portability (ubuntu-24.04-arm)	Native portability gate (debug and release)	2026-09-20T19:56:50.8391691Z    Compiling cfg-if v1.0.4
linux-portability (ubuntu-24.04-arm)	Native portability gate (debug and release)	2026-09-20T19:56:50.8392368Z    Compiling libc v0.2.186
linux-portability (ubuntu-24.04-arm)	Native portability gate (debug and release)	2026-09-20T19:56:50.8393088Z    Compiling memchr v2.8.0
linux-portability (ubuntu-24.04-arm)	Native portability gate (debug and release)	2026-09-20T19:56:50.8425222Z    Compiling rand_core v0.10.1
linux-portability (ubuntu-24.04-arm)	Native portability gate (debug and release)	2026-09-20T19:56:50.8625070Z    Compiling utf8parse v0.2.2
linux-portability (ubuntu-24.04-arm)	Native portability gate (debug and release)	2026-09-20T19:56:50.8987134Z    Compiling ucd-trie v0.1.7
linux-portability (ubuntu-24.04-arm)	Native portability gate (debug and release)	2026-09-20T19:56:50.9137115Z    Compiling bitflags v2.11.1
linux-portability (ubuntu-24.04-arm)	Native portability gate (debug and release)	2026-09-20T19:56:51.0487262Z    Compiling linux-raw-sys v0.12.1
linux-portability (ubuntu-24.04-arm)	Native portability gate (debug and release)	2026-09-20T19:56:51.0988325Z    Compiling anstyle-parse v1.0.0
linux-portability (ubuntu-24.04-arm)	Native portability gate (debug and release)	2026-09-20T19:56:51.1867295Z    Compiling pest v2.8.6
linux-portability (ubuntu-24.04-arm)	Native portability gate (debug and release)	2026-09-20T19:56:51.2047388Z    Compiling regex-syntax v0.8.10
linux-portability (ubuntu-24.04-arm)	Native portability gate (debug and release)	2026-09-20T19:56:51.2597449Z    Compiling rustix v1.1.4
linux-portability (ubuntu-24.04-arm)	Native portability gate (debug and release)	2026-09-20T19:56:51.4499395Z    Compiling getrandom v0.4.2
linux-portability (ubuntu-24.04-arm)	Native portability gate (debug and release)	2026-09-20T19:56:51.5657365Z    Compiling once_cell v1.21.4
linux-portability (ubuntu-24.04-arm)	Native portability gate (debug and release)	2026-09-20T19:56:51.6747340Z    Compiling colorchoice v1.0.5
linux-portability (ubuntu-24.04-arm)	Native portability gate (debug and release)	2026-09-20T19:56:51.7097355Z    Compiling anstyle v1.0.14
linux-portability (ubuntu-24.04-arm)	Native portability gate (debug and release)	2026-09-20T19:56:51.8237036Z    Compiling fastrand v2.4.1
linux-portability (ubuntu-24.04-arm)	Native portability gate (debug and release)	2026-09-20T19:56:51.9517551Z    Compiling is_terminal_polyfill v1.70.2
linux-portability (ubuntu-24.04-arm)	Native portability gate (debug and release)	2026-09-20T19:56:51.9787162Z    Compiling anstyle-query v1.1.5
linux-portability (ubuntu-24.04-arm)	Native portability gate (debug and release)	2026-09-20T19:56:52.0087383Z    Compiling anstream v1.0.0
linux-portability (ubuntu-24.04-arm)	Native portability gate (debug and release)	2026-09-20T19:56:52.1747605Z    Compiling pest_meta v2.8.6
linux-portability (ubuntu-24.04-arm)	Native portability gate (debug and release)	2026-09-20T19:56:52.2316841Z    Compiling getrandom v0.3.4
linux-portability (ubuntu-24.04-arm)	Native portability gate (debug and release)	2026-09-20T19:56:52.3647359Z    Compiling tempfile v3.27.0
linux-portability (ubuntu-24.04-arm)	Native portability gate (debug and release)	2026-09-20T19:56:52.6847775Z    Compiling num-traits v0.2.19
linux-portability (ubuntu-24.04-arm)	Native portability gate (debug and release)	2026-09-20T19:56:52.7127743Z    Compiling aho-corasick v1.1.4
linux-portability (ubuntu-24.04-arm)	Native portability gate (debug and release)	2026-09-20T19:56:53.1101440Z    Compiling serde_core v1.0.228
linux-portability (ubuntu-24.04-arm)	Native portability gate (debug and release)	2026-09-20T19:56:53.5027363Z    Compiling clap_lex v1.1.0
linux-portability (ubuntu-24.04-arm)	Native portability gate (debug and release)	2026-09-20T19:56:53.5775785Z    Compiling strsim v0.11.1
linux-portability (ubuntu-24.04-arm)	Native portability gate (debug and release)	2026-09-20T19:56:53.6437311Z    Compiling thiserror v2.0.18
linux-portability (ubuntu-24.04-arm)	Native portability gate (debug and release)	2026-09-20T19:56:53.6895572Z    Compiling regex-automata v0.4.14
linux-portability (ubuntu-24.04-arm)	Native portability gate (debug and release)	2026-09-20T19:56:53.8697755Z    Compiling clap_builder v4.6.0
linux-portability (ubuntu-24.04-arm)	Native portability gate (debug and release)	2026-09-20T19:56:54.2617343Z    Compiling pest_generator v2.8.6
linux-portability (ubuntu-24.04-arm)	Native portability gate (debug and release)	2026-09-20T19:56:54.7177102Z    Compiling serde v1.0.228
linux-portability (ubuntu-24.04-arm)	Native portability gate (debug and release)	2026-09-20T19:56:54.7847351Z    Compiling rand_core v0.9.5
linux-portability (ubuntu-24.04-arm)	Native portability gate (debug and release)	2026-09-20T19:56:54.8954915Z    Compiling chacha20 v0.10.0
linux-portability (ubuntu-24.04-arm)	Native portability gate (debug and release)	2026-09-20T19:56:55.0217589Z    Compiling iana-time-zone v0.1.65
linux-portability (ubuntu-24.04-arm)	Native portability gate (debug and release)	2026-09-20T19:56:55.1137269Z    Compiling chrono v0.4.44
linux-portability (ubuntu-24.04-arm)	Native portability gate (debug and release)	2026-09-20T19:56:55.2007444Z    Compiling quick-xml v0.39.2
linux-portability (ubuntu-24.04-arm)	Native portability gate (debug and release)	2026-09-20T19:56:56.4827339Z    Compiling regex v1.12.3
linux-portability (ubuntu-24.04-arm)	Native portability gate (debug and release)	2026-09-20T19:56:56.5901330Z    Compiling clap v4.6.1
linux-portability (ubuntu-24.04-arm)	Native portability gate (debug and release)	2026-09-20T19:56:56.6137125Z    Compiling rand v0.10.1
linux-portability (ubuntu-24.04-arm)	Native portability gate (debug and release)	2026-09-20T19:56:56.8119368Z    Compiling pest_derive v2.8.6
linux-portability (ubuntu-24.04-arm)	Native portability gate (debug and release)	2026-09-20T19:56:57.0737815Z    Compiling sprintf v0.4.3
linux-portability (ubuntu-24.04-arm)	Native portability gate (debug and release)	2026-09-20T19:56:57.1417652Z    Compiling anyhow v1.0.102
linux-portability (ubuntu-24.04-arm)	Native portability gate (debug and release)	2026-09-20T19:56:57.2771480Z    Compiling zerocopy v0.8.48
linux-portability (ubuntu-24.04-arm)	Native portability gate (debug and release)	2026-09-20T19:56:57.2828623Z    Compiling wait-timeout v0.2.1
linux-portability (ubuntu-24.04-arm)	Native portability gate (debug and release)	2026-09-20T19:56:57.4278222Z    Compiling quick-error v1.2.3
linux-portability (ubuntu-24.04-arm)	Native portability gate (debug and release)	2026-09-20T19:56:57.4587542Z    Compiling fnv v1.0.7
linux-portability (ubuntu-24.04-arm)	Native portability gate (debug and release)	2026-09-20T19:56:57.4803568Z    Compiling bit-vec v0.8.0
linux-portability (ubuntu-24.04-arm)	Native portability gate (debug and release)	2026-09-20T19:56:57.4857002Z    Compiling rusty-fork v0.3.1
linux-portability (ubuntu-24.04-arm)	Native portability gate (debug and release)	2026-09-20T19:56:57.6108716Z    Compiling bit-set v0.8.0
linux-portability (ubuntu-24.04-arm)	Native portability gate (debug and release)	2026-09-20T19:56:57.6842371Z    Compiling rawk v0.1.0 (/home/runner/work/rawk/rawk/rawk)
linux-portability (ubuntu-24.04-arm)	Native portability gate (debug and release)	2026-09-20T19:56:57.7597205Z    Compiling rand v0.9.4
linux-portability (ubuntu-24.04-arm)	Native portability gate (debug and release)	2026-09-20T19:56:58.1140479Z    Compiling rand_xorshift v0.4.0
linux-portability (ubuntu-24.04-arm)	Native portability gate (debug and release)	2026-09-20T19:56:58.1868107Z    Compiling unarray v0.1.4
linux-portability (ubuntu-24.04-arm)	Native portability gate (debug and release)	2026-09-20T19:56:59.8068878Z    Compiling ppv-lite86 v0.2.21
linux-portability (ubuntu-24.04-arm)	Native portability gate (debug and release)	2026-09-20T19:56:59.9329598Z    Compiling rand_chacha v0.9.0
linux-portability (ubuntu-24.04-arm)	Native portability gate (debug and release)	2026-09-20T19:57:00.0151167Z    Compiling proptest v1.11.0
linux-portability (ubuntu-24.04-arm)	Native portability gate (debug and release)	2026-09-20T19:57:05.2827691Z     Finished `test` profile [unoptimized + debuginfo] target(s) in 14.49s
linux-portability (ubuntu-24.04-arm)	Native portability gate (debug and release)	2026-09-20T19:57:05.2888847Z      Running unittests src/lib.rs (target/debug/deps/rawk-cf2e1085fda57426)
linux-portability (ubuntu-24.04-arm)	Native portability gate (debug and release)	2026-09-20T19:57:05.2897862Z 
linux-portability (ubuntu-24.04-arm)	Native portability gate (debug and release)	2026-09-20T19:57:05.2898230Z running 0 tests
linux-portability (ubuntu-24.04-arm)	Native portability gate (debug and release)	2026-09-20T19:57:05.2898390Z 
linux-portability (ubuntu-24.04-arm)	Native portability gate (debug and release)	2026-09-20T19:57:05.2899011Z test result: ok. 0 passed; 0 failed; 0 ignored; 0 measured; 0 filtered out; finished in 0.00s
linux-portability (ubuntu-24.04-arm)	Native portability gate (debug and release)	2026-09-20T19:57:05.2899352Z 
linux-portability (ubuntu-24.04-arm)	Native portability gate (debug and release)	2026-09-20T19:57:05.2899653Z      Running unittests src/bin/diffrun.rs (target/debug/deps/diffrun-3b6e51535cd91098)
linux-portability (ubuntu-24.04-arm)	Native portability gate (debug and release)	2026-09-20T19:57:05.2905570Z 
linux-portability (ubuntu-24.04-arm)	Native portability gate (debug and release)	2026-09-20T19:57:05.2905715Z running 0 tests
linux-portability (ubuntu-24.04-arm)	Native portability gate (debug and release)	2026-09-20T19:57:05.2905908Z 
linux-portability (ubuntu-24.04-arm)	Native portability gate (debug and release)	2026-09-20T19:57:05.2906327Z test result: ok. 0 passed; 0 failed; 0 ignored; 0 measured; 0 filtered out; finished in 0.00s
linux-portability (ubuntu-24.04-arm)	Native portability gate (debug and release)	2026-09-20T19:57:05.2906877Z 
linux-portability (ubuntu-24.04-arm)	Native portability gate (debug and release)	2026-09-20T19:57:05.2907562Z      Running unittests src/main.rs (target/debug/deps/rawk-992d587babbada91)
linux-portability (ubuntu-24.04-arm)	Native portability gate (debug and release)	2026-09-20T19:57:05.2915875Z 
linux-portability (ubuntu-24.04-arm)	Native portability gate (debug and release)	2026-09-20T19:57:05.2976587Z running 6 tests
linux-portability (ubuntu-24.04-arm)	Native portability gate (debug and release)	2026-09-20T19:57:05.3052292Z test input::tests::separators_are_independent_of_read_boundaries ... ok
linux-portability (ubuntu-24.04-arm)	Native portability gate (debug and release)	2026-09-20T19:57:05.3054881Z test input::tests::long_records_compaction_and_separator_changes_share_one_cursor ... ok
linux-portability (ubuntu-24.04-arm)	Native portability gate (debug and release)	2026-09-20T19:57:05.3055733Z test unicode_ere::tests::encoding_preserves_offsets_and_invalid_bytes_without_sentinels ... ok
linux-portability (ubuntu-24.04-arm)	Native portability gate (debug and release)	2026-09-20T19:57:05.3140023Z test unicode_ere::tests::compiled_intervals_cover_only_the_requested_runes ... ok
linux-portability (ubuntu-24.04-arm)	Native portability gate (debug and release)	2026-09-20T19:57:05.3217724Z test input::tests::long_csv_keeps_quotes_crlf_and_eof_across_short_reads ... ok
linux-portability (ubuntu-24.04-arm)	Native portability gate (debug and release)	2026-09-20T19:57:05.3340094Z test ere::stream::tests::physical_short_reads_do_not_change_bwk_lookahead ... ok
linux-portability (ubuntu-24.04-arm)	Native portability gate (debug and release)	2026-09-20T19:57:05.3340726Z 
linux-portability (ubuntu-24.04-arm)	Native portability gate (debug and release)	2026-09-20T19:57:05.3340986Z test result: ok. 6 passed; 0 failed; 0 ignored; 0 measured; 0 filtered out; finished in 0.04s
linux-portability (ubuntu-24.04-arm)	Native portability gate (debug and release)	2026-09-20T19:57:05.3341349Z 
linux-portability (ubuntu-24.04-arm)	Native portability gate (debug and release)	2026-09-20T19:57:05.3341632Z      Running tests/bytes_array_keys.rs (target/debug/deps/bytes_array_keys-8912e42706625c48)
linux-portability (ubuntu-24.04-arm)	Native portability gate (debug and release)	2026-09-20T19:57:05.3350112Z 
linux-portability (ubuntu-24.04-arm)	Native portability gate (debug and release)	2026-09-20T19:57:05.3350618Z running 3 tests
linux-portability (ubuntu-24.04-arm)	Native portability gate (debug and release)	2026-09-20T19:57:05.3506337Z test nul_embedded_key_round_trips ... ok
linux-portability (ubuntu-24.04-arm)	Native portability gate (debug and release)	2026-09-20T19:57:05.3507978Z test for_in_returns_all_distinct_byte_keys ... ok
linux-portability (ubuntu-24.04-arm)	Native portability gate (debug and release)	2026-09-20T19:57:05.3508621Z test distinct_high_byte_keys_do_not_collide ... ok
linux-portability (ubuntu-24.04-arm)	Native portability gate (debug and release)	2026-09-20T19:57:05.3508853Z 
linux-portability (ubuntu-24.04-arm)	Native portability gate (debug and release)	2026-09-20T19:57:05.3509107Z test result: ok. 3 passed; 0 failed; 0 ignored; 0 measured; 0 filtered out; finished in 0.02s
linux-portability (ubuntu-24.04-arm)	Native portability gate (debug and release)	2026-09-20T19:57:05.3509476Z 
linux-portability (ubuntu-24.04-arm)	Native portability gate (debug and release)	2026-09-20T19:57:05.3509779Z      Running tests/bytes_printf.rs (target/debug/deps/bytes_printf-d8adb88f194b5935)
linux-portability (ubuntu-24.04-arm)	Native portability gate (debug and release)	2026-09-20T19:57:05.3517782Z 
linux-portability (ubuntu-24.04-arm)	Native portability gate (debug and release)	2026-09-20T19:57:05.3518434Z running 6 tests
linux-portability (ubuntu-24.04-arm)	Native portability gate (debug and release)	2026-09-20T19:57:05.3583690Z test printf_c_emits_first_byte_raw ... ok
linux-portability (ubuntu-24.04-arm)	Native portability gate (debug and release)	2026-09-20T19:57:05.3585301Z test field_split_with_high_byte_fs ... ok
linux-portability (ubuntu-24.04-arm)	Native portability gate (debug and release)	2026-09-20T19:57:05.3597300Z test print_with_high_byte_ofs ... ok
linux-portability (ubuntu-24.04-arm)	Native portability gate (debug and release)	2026-09-20T19:57:05.3606825Z test printf_format_string_with_high_bytes ... ok
linux-portability (ubuntu-24.04-arm)	Native portability gate (debug and release)	2026-09-20T19:57:05.3646486Z test printf_s_preserves_high_byte ... ok
linux-portability (ubuntu-24.04-arm)	Native portability gate (debug and release)	2026-09-20T19:57:05.3646890Z test sprintf_high_byte_round_trip ... ok
linux-portability (ubuntu-24.04-arm)	Native portability gate (debug and release)	2026-09-20T19:57:05.3647259Z 
linux-portability (ubuntu-24.04-arm)	Native portability gate (debug and release)	2026-09-20T19:57:05.3647502Z test result: ok. 6 passed; 0 failed; 0 ignored; 0 measured; 0 filtered out; finished in 0.01s
linux-portability (ubuntu-24.04-arm)	Native portability gate (debug and release)	2026-09-20T19:57:05.3647862Z 
linux-portability (ubuntu-24.04-arm)	Native portability gate (debug and release)	2026-09-20T19:57:05.3648127Z      Running tests/bytes_regex_match.rs (target/debug/deps/bytes_regex_match-42c23aa5e737afa6)
linux-portability (ubuntu-24.04-arm)	Native portability gate (debug and release)	2026-09-20T19:57:05.3655384Z 
linux-portability (ubuntu-24.04-arm)	Native portability gate (debug and release)	2026-09-20T19:57:05.3656095Z running 6 tests
linux-portability (ubuntu-24.04-arm)	Native portability gate (debug and release)	2026-09-20T19:57:05.3723499Z test gsub_ampersand_includes_whole_match ... ok
linux-portability (ubuntu-24.04-arm)	Native portability gate (debug and release)	2026-09-20T19:57:05.3735914Z test match_distinguishes_high_bytes ... ok
linux-portability (ubuntu-24.04-arm)	Native portability gate (debug and release)	2026-09-20T19:57:05.3737209Z test nul_inside_subject_with_rs_regex ... ok
linux-portability (ubuntu-24.04-arm)	Native portability gate (debug and release)	2026-09-20T19:57:05.3737559Z test match_builtin_high_byte_pattern_position ... ok
linux-portability (ubuntu-24.04-arm)	Native portability gate (debug and release)	2026-09-20T19:57:05.3786802Z test rs_regex_high_byte_separator_splits_correctly ... ok
linux-portability (ubuntu-24.04-arm)	Native portability gate (debug and release)	2026-09-20T19:57:05.3795925Z test sub_replaces_high_byte_run ... ok
linux-portability (ubuntu-24.04-arm)	Native portability gate (debug and release)	2026-09-20T19:57:05.3796579Z 
linux-portability (ubuntu-24.04-arm)	Native portability gate (debug and release)	2026-09-20T19:57:05.3796994Z test result: ok. 6 passed; 0 failed; 0 ignored; 0 measured; 0 filtered out; finished in 0.01s
linux-portability (ubuntu-24.04-arm)	Native portability gate (debug and release)	2026-09-20T19:57:05.3797348Z 
linux-portability (ubuntu-24.04-arm)	Native portability gate (debug and release)	2026-09-20T19:57:05.3798332Z      Running tests/data_contract.rs (target/debug/deps/data_contract-65cc91f870523ded)
linux-portability (ubuntu-24.04-arm)	Native portability gate (debug and release)	2026-09-20T19:57:05.3806062Z 
linux-portability (ubuntu-24.04-arm)	Native portability gate (debug and release)	2026-09-20T19:57:05.3806327Z running 9 tests
linux-portability (ubuntu-24.04-arm)	Native portability gate (debug and release)	2026-09-20T19:57:05.3874833Z test regex_uses_leftmost_longest ... ok
linux-portability (ubuntu-24.04-arm)	Native portability gate (debug and release)	2026-09-20T19:57:05.3875822Z test csv_handles_quoted_delimiters_newlines_and_escaped_quotes ... ok
linux-portability (ubuntu-24.04-arm)	Native portability gate (debug and release)	2026-09-20T19:57:05.3884521Z test invalid_regex_is_reported ... ok
linux-portability (ubuntu-24.04-arm)	Native portability gate (debug and release)	2026-09-20T19:57:05.3885166Z test fields_accept_regex_separator ... ok
linux-portability (ubuntu-24.04-arm)	Native portability gate (debug and release)	2026-09-20T19:57:05.3936125Z test split_preserves_empty_fields_and_clears_array ... ok
linux-portability (ubuntu-24.04-arm)	Native portability gate (debug and release)	2026-09-20T19:57:05.3954444Z test substitutions_report_count_not_changed_text ... ok
linux-portability (ubuntu-24.04-arm)	Native portability gate (debug and release)	2026-09-20T19:57:05.3957965Z test reused_whitespace_fields_preserve_nul_bytes ... ok
linux-portability (ubuntu-24.04-arm)	Native portability gate (debug and release)	2026-09-20T19:57:05.4021655Z test successive_whitespace_records_preserve_values_and_numeric_types ... ok
linux-portability (ubuntu-24.04-arm)	Native portability gate (debug and release)	2026-09-20T19:57:05.4179523Z test whitespace_reuse_handles_resplit_getline_and_separator_changes ... ok
linux-portability (ubuntu-24.04-arm)	Native portability gate (debug and release)	2026-09-20T19:57:05.4179931Z 
linux-portability (ubuntu-24.04-arm)	Native portability gate (debug and release)	2026-09-20T19:57:05.4180175Z test result: ok. 9 passed; 0 failed; 0 ignored; 0 measured; 0 filtered out; finished in 0.04s
linux-portability (ubuntu-24.04-arm)	Native portability gate (debug and release)	2026-09-20T19:57:05.4180693Z 
linux-portability (ubuntu-24.04-arm)	Native portability gate (debug and release)	2026-09-20T19:57:05.4181711Z      Running tests/driver_regressions.rs (target/debug/deps/driver_regressions-7b3f66b843422112)
linux-portability (ubuntu-24.04-arm)	Native portability gate (debug and release)	2026-09-20T19:57:05.4190317Z 
linux-portability (ubuntu-24.04-arm)	Native portability gate (debug and release)	2026-09-20T19:57:05.4190575Z running 8 tests
linux-portability (ubuntu-24.04-arm)	Native portability gate (debug and release)	2026-09-20T19:57:05.4272381Z test field_index_beyond_reference_integer_range_is_an_error ... ok
linux-portability (ubuntu-24.04-arm)	Native portability gate (debug and release)	2026-09-20T19:57:05.4272903Z test getline_comparison_is_not_part_of_filename ... ok
linux-portability (ubuntu-24.04-arm)	Native portability gate (debug and release)	2026-09-20T19:57:05.4344748Z test multifile_syntax_error_names_offending_source ... ok
linux-portability (ubuntu-24.04-arm)	Native portability gate (debug and release)	2026-09-20T19:57:05.4438809Z test invalid_function_parameters_are_errors_before_execution ... ok
linux-portability (ubuntu-24.04-arm)	Native portability gate (debug and release)	2026-09-20T19:57:05.4590697Z test redirected_stdin_shares_buffer_with_main_input ... ok
linux-portability (ubuntu-24.04-arm)	Native portability gate (debug and release)	2026-09-20T19:57:05.4798096Z test stdin_program_and_empty_statements ... ok
linux-portability (ubuntu-24.04-arm)	Native portability gate (debug and release)	2026-09-20T19:57:05.5732086Z test standard_output_aliases_share_streams_and_lifecycle ... ok
linux-portability (ubuntu-24.04-arm)	Native portability gate (debug and release)	2026-09-20T19:57:05.6941972Z test checked_math_matches_native_oracle ... ok
linux-portability (ubuntu-24.04-arm)	Native portability gate (debug and release)	2026-09-20T19:57:05.6942326Z 
linux-portability (ubuntu-24.04-arm)	Native portability gate (debug and release)	2026-09-20T19:57:05.6942725Z test result: ok. 8 passed; 0 failed; 0 ignored; 0 measured; 0 filtered out; finished in 0.28s
linux-portability (ubuntu-24.04-arm)	Native portability gate (debug and release)	2026-09-20T19:57:05.6943135Z 
linux-portability (ubuntu-24.04-arm)	Native portability gate (debug and release)	2026-09-20T19:57:05.6943686Z      Running tests/dynamic_format.rs (target/debug/deps/dynamic_format-da660803ed5b773d)
linux-portability (ubuntu-24.04-arm)	Native portability gate (debug and release)	2026-09-20T19:57:05.6951555Z 
linux-portability (ubuntu-24.04-arm)	Native portability gate (debug and release)	2026-09-20T19:57:05.6951944Z running 8 tests
linux-portability (ubuntu-24.04-arm)	Native portability gate (debug and release)	2026-09-20T19:57:05.7086691Z test missing_star_arguments_are_errors ... ok
linux-portability (ubuntu-24.04-arm)	Native portability gate (debug and release)	2026-09-20T19:57:05.7153968Z test negative_precision_keeps_binary_and_multibyte_paths ... ok
linux-portability (ubuntu-24.04-arm)	Native portability gate (debug and release)	2026-09-20T19:57:05.7229601Z test string_and_literal_range_errors_do_not_discard_arithmetic_subnormals ... ok
linux-portability (ubuntu-24.04-arm)	Native portability gate (debug and release)	2026-09-20T19:57:05.8660787Z test unsigned_conversion_matches_native_oracle ... ok
linux-portability (ubuntu-24.04-arm)	Native portability gate (debug and release)	2026-09-20T19:57:05.8904319Z test zero_padded_strings_match_native_oracle ... ok
linux-portability (ubuntu-24.04-arm)	Native portability gate (debug and release)	2026-09-20T19:57:06.3459268Z test dynamic_width_precision_and_consumption ... ok
linux-portability (ubuntu-24.04-arm)	Native portability gate (debug and release)	2026-09-20T19:57:07.6572479Z test integer_flags_precision_and_signs ... ok
linux-portability (ubuntu-24.04-arm)	Native portability gate (debug and release)	2026-09-20T19:57:08.2429735Z test negative_dynamic_precision_preserves_flags_and_argument_consumption ... ok
linux-portability (ubuntu-24.04-arm)	Native portability gate (debug and release)	2026-09-20T19:57:08.2430346Z 
linux-portability (ubuntu-24.04-arm)	Native portability gate (debug and release)	2026-09-20T19:57:08.2430640Z test result: ok. 8 passed; 0 failed; 0 ignored; 0 measured; 0 filtered out; finished in 2.55s
linux-portability (ubuntu-24.04-arm)	Native portability gate (debug and release)	2026-09-20T19:57:08.2430987Z 
linux-portability (ubuntu-24.04-arm)	Native portability gate (debug and release)	2026-09-20T19:57:08.2431211Z      Running tests/harness.rs (target/debug/deps/harness-3a6b5b406c659a96)
linux-portability (ubuntu-24.04-arm)	Native portability gate (debug and release)	2026-09-20T19:57:08.2439025Z 
linux-portability (ubuntu-24.04-arm)	Native portability gate (debug and release)	2026-09-20T19:57:08.2439568Z running 5 tests
linux-portability (ubuntu-24.04-arm)	Native portability gate (debug and release)	2026-09-20T19:57:08.2452571Z test annotation_does_not_accept_new_failures ... ok
linux-portability (ubuntu-24.04-arm)	Native portability gate (debug and release)	2026-09-20T19:57:08.2503986Z test preserves_bytes_whitespace_and_status ... ok
linux-portability (ubuntu-24.04-arm)	Native portability gate (debug and release)	2026-09-20T19:57:08.2504619Z test aggregate_gate_reports_an_intermediate_failure ... ok
linux-portability (ubuntu-24.04-arm)	Native portability gate (debug and release)	2026-09-20T19:57:08.2566138Z test each_run_has_a_fresh_directory ... ok
linux-portability (ubuntu-24.04-arm)	Native portability gate (debug and release)	2026-09-20T19:57:08.6779725Z test timeout_kills_descendants ... ok
linux-portability (ubuntu-24.04-arm)	Native portability gate (debug and release)	2026-09-20T19:57:08.6780452Z 
linux-portability (ubuntu-24.04-arm)	Native portability gate (debug and release)	2026-09-20T19:57:08.6780828Z test result: ok. 5 passed; 0 failed; 0 ignored; 0 measured; 0 filtered out; finished in 0.43s
linux-portability (ubuntu-24.04-arm)	Native portability gate (debug and release)	2026-09-20T19:57:08.6781170Z 
linux-portability (ubuntu-24.04-arm)	Native portability gate (debug and release)	2026-09-20T19:57:08.6781639Z      Running tests/input_contract.rs (target/debug/deps/input_contract-ead71b1d543e31fb)
linux-portability (ubuntu-24.04-arm)	Native portability gate (debug and release)	2026-09-20T19:57:08.6790656Z 
linux-portability (ubuntu-24.04-arm)	Native portability gate (debug and release)	2026-09-20T19:57:08.6791711Z running 7 tests
linux-portability (ubuntu-24.04-arm)	Native portability gate (debug and release)	2026-09-20T19:57:08.6854386Z test file_getline_and_interleaved_assignments ... ok
linux-portability (ubuntu-24.04-arm)	Native portability gate (debug and release)	2026-09-20T19:57:08.6873377Z test getline_uses_main_stream_and_counts_every_read ... ok
linux-portability (ubuntu-24.04-arm)	Native portability gate (debug and release)	2026-09-20T19:57:08.6924313Z test missing_getline_file_is_an_error_not_eof ... ok
linux-portability (ubuntu-24.04-arm)	Native portability gate (debug and release)	2026-09-20T19:57:08.6949376Z test rewriting_record_does_not_count_a_read ... ok
linux-portability (ubuntu-24.04-arm)	Native portability gate (debug and release)	2026-09-20T19:57:08.6949797Z test large_csv_records_match_c ... ok
linux-portability (ubuntu-24.04-arm)	Native portability gate (debug and release)	2026-09-20T19:57:08.6984930Z test rs_changes_apply_to_unconsumed_input ... ok
linux-portability (ubuntu-24.04-arm)	Native portability gate (debug and release)	2026-09-20T19:57:08.7046421Z test large_records_getline_and_rs_changes_match_c ... ok
linux-portability (ubuntu-24.04-arm)	Native portability gate (debug and release)	2026-09-20T19:57:08.7046752Z 
linux-portability (ubuntu-24.04-arm)	Native portability gate (debug and release)	2026-09-20T19:57:08.7046995Z test result: ok. 7 passed; 0 failed; 0 ignored; 0 measured; 0 filtered out; finished in 0.03s
linux-portability (ubuntu-24.04-arm)	Native portability gate (debug and release)	2026-09-20T19:57:08.7047508Z 
linux-portability (ubuntu-24.04-arm)	Native portability gate (debug and release)	2026-09-20T19:57:08.7049418Z      Running tests/language_contract.rs (target/debug/deps/language_contract-f9cbf1434eb43d63)
linux-portability (ubuntu-24.04-arm)	Native portability gate (debug and release)	2026-09-20T19:57:08.7055495Z 
linux-portability (ubuntu-24.04-arm)	Native portability gate (debug and release)	2026-09-20T19:57:08.7056034Z running 7 tests
linux-portability (ubuntu-24.04-arm)	Native portability gate (debug and release)	2026-09-20T19:57:08.7136570Z test convfmt_is_used_for_comparisons_fields_and_keys ... ok
linux-portability (ubuntu-24.04-arm)	Native portability gate (debug and release)	2026-09-20T19:57:08.7137235Z test array_reads_create_entries ... ok
linux-portability (ubuntu-24.04-arm)	Native portability gate (debug and release)	2026-09-20T19:57:08.7147422Z test array_parameters_are_references ... ok
linux-portability (ubuntu-24.04-arm)	Native portability gate (debug and release)	2026-09-20T19:57:08.7148382Z test expressions_and_escapes ... ok
linux-portability (ubuntu-24.04-arm)	Native portability gate (debug and release)	2026-09-20T19:57:08.7205070Z test numeric_and_string_values_keep_their_types ... ok
linux-portability (ubuntu-24.04-arm)	Native portability gate (debug and release)	2026-09-20T19:57:08.7214396Z test lvalue_indices_are_evaluated_once ... ok
linux-portability (ubuntu-24.04-arm)	Native portability gate (debug and release)	2026-09-20T19:57:08.7214807Z test range_patterns_and_empty_actions ... ok
linux-portability (ubuntu-24.04-arm)	Native portability gate (debug and release)	2026-09-20T19:57:08.7215005Z 
linux-portability (ubuntu-24.04-arm)	Native portability gate (debug and release)	2026-09-20T19:57:08.7215256Z test result: ok. 7 passed; 0 failed; 0 ignored; 0 measured; 0 filtered out; finished in 0.02s
linux-portability (ubuntu-24.04-arm)	Native portability gate (debug and release)	2026-09-20T19:57:08.7215646Z 
linux-portability (ubuntu-24.04-arm)	Native portability gate (debug and release)	2026-09-20T19:57:08.7216544Z      Running tests/legacy_locale.rs (target/debug/deps/legacy_locale-973d0649f6bb55b6)
linux-portability (ubuntu-24.04-arm)	Native portability gate (debug and release)	2026-09-20T19:57:08.7222974Z 
linux-portability (ubuntu-24.04-arm)	Native portability gate (debug and release)	2026-09-20T19:57:08.7223179Z running 6 tests
linux-portability (ubuntu-24.04-arm)	Native portability gate (debug and release)	2026-09-20T19:57:08.7582811Z test every_nonzero_byte_case_conversion_matches_c ... ok
linux-portability (ubuntu-24.04-arm)	Native portability gate (debug and release)	2026-09-20T19:57:08.7698709Z test byte_positions_ranges_splits_and_substitution_match_c ... ok
linux-portability (ubuntu-24.04-arm)	Native portability gate (debug and release)	2026-09-20T19:57:08.7705453Z test nul_preservation_remains_an_explicit_rust_extension ... ok
linux-portability (ubuntu-24.04-arm)	Native portability gate (debug and release)	2026-09-20T19:57:08.7722086Z test legacy_locale_selection_obeys_precedence_and_is_fixed_at_startup ... ok
linux-portability (ubuntu-24.04-arm)	Native portability gate (debug and release)	2026-09-20T19:57:08.8044358Z test required_single_byte_locales_are_active ... ok
linux-portability (ubuntu-24.04-arm)	Native portability gate (debug and release)	2026-09-20T19:57:09.3057201Z test every_nonzero_byte_in_each_posix_class_matches_c ... ok
linux-portability (ubuntu-24.04-arm)	Native portability gate (debug and release)	2026-09-20T19:57:09.3057570Z 
linux-portability (ubuntu-24.04-arm)	Native portability gate (debug and release)	2026-09-20T19:57:09.3057815Z test result: ok. 6 passed; 0 failed; 0 ignored; 0 measured; 0 filtered out; finished in 0.58s
linux-portability (ubuntu-24.04-arm)	Native portability gate (debug and release)	2026-09-20T19:57:09.3058777Z 
linux-portability (ubuntu-24.04-arm)	Native portability gate (debug and release)	2026-09-20T19:57:09.3059071Z      Running tests/runtime_contract.rs (target/debug/deps/runtime_contract-aae3b40f5cf0db99)
linux-portability (ubuntu-24.04-arm)	Native portability gate (debug and release)	2026-09-20T19:57:09.3066721Z 
linux-portability (ubuntu-24.04-arm)	Native portability gate (debug and release)	2026-09-20T19:57:09.3066942Z running 3 tests
linux-portability (ubuntu-24.04-arm)	Native portability gate (debug and release)	2026-09-20T19:57:09.3131567Z test exit_executes_end_and_interrupts_expressions ... ok
linux-portability (ubuntu-24.04-arm)	Native portability gate (debug and release)	2026-09-20T19:57:09.3132023Z test return_escapes_all_loop_forms ... ok
linux-portability (ubuntu-24.04-arm)	Native portability gate (debug and release)	2026-09-20T19:57:09.3132475Z test short_circuit_preserves_side_effects ... ok
linux-portability (ubuntu-24.04-arm)	Native portability gate (debug and release)	2026-09-20T19:57:09.3132692Z 
linux-portability (ubuntu-24.04-arm)	Native portability gate (debug and release)	2026-09-20T19:57:09.3132947Z test result: ok. 3 passed; 0 failed; 0 ignored; 0 measured; 0 filtered out; finished in 0.01s
linux-portability (ubuntu-24.04-arm)	Native portability gate (debug and release)	2026-09-20T19:57:09.3133283Z 
linux-portability (ubuntu-24.04-arm)	Native portability gate (debug and release)	2026-09-20T19:57:09.3133532Z      Running tests/shift_jis.rs (target/debug/deps/shift_jis-6789f430a1f4bd93)
linux-portability (ubuntu-24.04-arm)	Native portability gate (debug and release)	2026-09-20T19:57:09.3140737Z 
linux-portability (ubuntu-24.04-arm)	Native portability gate (debug and release)	2026-09-20T19:57:09.3140911Z running 12 tests
linux-portability (ubuntu-24.04-arm)	Native portability gate (debug and release)	2026-09-20T19:57:09.3268173Z test conversion_failure_preserves_atomic_print_contract ... ok
linux-portability (ubuntu-24.04-arm)	Native portability gate (debug and release)	2026-09-20T19:57:09.3288057Z test embedded_nul_preserves_the_rust_binary_extension ... ok
linux-portability (ubuntu-24.04-arm)	Native portability gate (debug and release)	2026-09-20T19:57:09.3420686Z test decoded_character_with_unencodable_case_mapping_matches_c ... ok
linux-portability (ubuntu-24.04-arm)	Native portability gate (debug and release)	2026-09-20T19:57:09.3620926Z test regex_rs_with_three_or_four_byte_structural_units_matches_c ... ok
linux-portability (ubuntu-24.04-arm)	Native portability gate (debug and release)	2026-09-20T19:57:09.3767975Z test required_sjis_locale_has_observable_case_mapping ... ok
linux-portability (ubuntu-24.04-arm)	Native portability gate (debug and release)	2026-09-20T19:57:09.4398542Z test record_separators_and_locale_precedence_match_c ... ok
linux-portability (ubuntu-24.04-arm)	Native portability gate (debug and release)	2026-09-20T19:57:09.4534549Z test streaming_rs_keeps_binary_data_distinct_from_eof ... ok
linux-portability (ubuntu-24.04-arm)	Native portability gate (debug and release)	2026-09-20T19:57:09.6990988Z test regex_rs_sjis_refill_across_input_buffers_and_getline_matches_c ... ok
linux-portability (ubuntu-24.04-arm)	Native portability gate (debug and release)	2026-09-20T19:57:09.8254188Z test valid_case_conversion_and_truncated_suffixes_match_c ... ok
linux-portability (ubuntu-24.04-arm)	Native portability gate (debug and release)	2026-09-20T19:57:09.9113212Z test structural_units_regex_fields_and_formatting_match_c ... ok
linux-portability (ubuntu-24.04-arm)	Native portability gate (debug and release)	2026-09-20T19:57:12.5577770Z test regex_rs_refill_restart_longest_and_anchors_match_c ... ok
linux-portability (ubuntu-24.04-arm)	Native portability gate (debug and release)	2026-09-20T19:57:18.3459397Z test single_bytes_and_lead_trail_boundaries_match_c ... ok
linux-portability (ubuntu-24.04-arm)	Native portability gate (debug and release)	2026-09-20T19:57:18.3459935Z 
linux-portability (ubuntu-24.04-arm)	Native portability gate (debug and release)	2026-09-20T19:57:18.3460228Z test result: ok. 12 passed; 0 failed; 0 ignored; 0 measured; 0 filtered out; finished in 9.03s
linux-portability (ubuntu-24.04-arm)	Native portability gate (debug and release)	2026-09-20T19:57:18.3460588Z 
linux-portability (ubuntu-24.04-arm)	Native portability gate (debug and release)	2026-09-20T19:57:18.3463594Z      Running tests/unicode_contract.rs (target/debug/deps/unicode_contract-7b87809897e07017)
linux-portability (ubuntu-24.04-arm)	Native portability gate (debug and release)	2026-09-20T19:57:18.3470069Z 
linux-portability (ubuntu-24.04-arm)	Native portability gate (debug and release)	2026-09-20T19:57:18.3470727Z running 12 tests
linux-portability (ubuntu-24.04-arm)	Native portability gate (debug and release)	2026-09-20T19:57:18.3603573Z test binary_nul_extension_and_case_conversion_errors ... ok
linux-portability (ubuntu-24.04-arm)	Native portability gate (debug and release)	2026-09-20T19:57:18.3904854Z test match_rhs_literals_and_dynamic_patterns_keep_their_distinct_evaluation ... ok
linux-portability (ubuntu-24.04-arm)	Native portability gate (debug and release)	2026-09-20T19:57:18.4429190Z test repeated_matches_and_index_inside_a_multibyte_unit ... ok
linux-portability (ubuntu-24.04-arm)	Native portability gate (debug and release)	2026-09-20T19:57:18.4452898Z test locale_precedence_and_character_operations ... ok
linux-portability (ubuntu-24.04-arm)	Native portability gate (debug and release)	2026-09-20T19:57:18.4739908Z test required_locales_are_active_in_both_interpreters ... ok
linux-portability (ubuntu-24.04-arm)	Native portability gate (debug and release)	2026-09-20T19:57:18.5200953Z test substitution_expansion_preserves_prefixes_escapes_and_empty_matches ... ok
linux-portability (ubuntu-24.04-arm)	Native portability gate (debug and release)	2026-09-20T19:57:18.5403327Z test unicode_formatting_and_source_escapes ... ok
linux-portability (ubuntu-24.04-arm)	Native portability gate (debug and release)	2026-09-20T19:57:18.5787419Z test boolean_regex_search_preserves_rune_alignment_and_empty_matches ... ok
linux-portability (ubuntu-24.04-arm)	Native portability gate (debug and release)	2026-09-20T19:57:18.5972475Z test utf8_record_separators_across_buffers ... ok
linux-portability (ubuntu-24.04-arm)	Native portability gate (debug and release)	2026-09-20T19:57:18.6444384Z test utf8_regex_empty_matches_and_mixed_bytes ... ok
linux-portability (ubuntu-24.04-arm)	Native portability gate (debug and release)	2026-09-20T19:57:18.6472435Z test unicode_classes_ranges_and_anchors ... ok
linux-portability (ubuntu-24.04-arm)	Native portability gate (debug and release)	2026-09-20T19:57:21.3882790Z test original_utf8_drivers ... ok
linux-portability (ubuntu-24.04-arm)	Native portability gate (debug and release)	2026-09-20T19:57:21.3883128Z 
linux-portability (ubuntu-24.04-arm)	Native portability gate (debug and release)	2026-09-20T19:57:21.3883395Z test result: ok. 12 passed; 0 failed; 0 ignored; 0 measured; 0 filtered out; finished in 3.04s
linux-portability (ubuntu-24.04-arm)	Native portability gate (debug and release)	2026-09-20T19:57:21.3883904Z 
linux-portability (ubuntu-24.04-arm)	Native portability gate (debug and release)	2026-09-20T19:57:21.4472048Z    Compiling num-traits v0.2.19
linux-portability (ubuntu-24.04-arm)	Native portability gate (debug and release)	2026-09-20T19:57:21.4472667Z    Compiling getrandom v0.3.4
linux-portability (ubuntu-24.04-arm)	Native portability gate (debug and release)	2026-09-20T19:57:21.4505548Z    Compiling zerocopy v0.8.48
linux-portability (ubuntu-24.04-arm)	Native portability gate (debug and release)	2026-09-20T19:57:21.4510763Z    Compiling wait-timeout v0.2.1
linux-portability (ubuntu-24.04-arm)	Native portability gate (debug and release)	2026-09-20T19:57:21.7504570Z    Compiling rand_core v0.9.5
linux-portability (ubuntu-24.04-arm)	Native portability gate (debug and release)	2026-09-20T19:57:21.7651460Z    Compiling fnv v1.0.7
linux-portability (ubuntu-24.04-arm)	Native portability gate (debug and release)	2026-09-20T19:57:21.7943214Z    Compiling quick-error v1.2.3
linux-portability (ubuntu-24.04-arm)	Native portability gate (debug and release)	2026-09-20T19:57:21.8328704Z    Compiling bit-vec v0.8.0
linux-portability (ubuntu-24.04-arm)	Native portability gate (debug and release)	2026-09-20T19:57:21.9007766Z    Compiling rand_xorshift v0.4.0
linux-portability (ubuntu-24.04-arm)	Native portability gate (debug and release)	2026-09-20T19:57:21.9747268Z    Compiling rand v0.9.4
linux-portability (ubuntu-24.04-arm)	Native portability gate (debug and release)	2026-09-20T19:57:22.0267552Z    Compiling chrono v0.4.44
linux-portability (ubuntu-24.04-arm)	Native portability gate (debug and release)	2026-09-20T19:57:22.1227584Z    Compiling bit-set v0.8.0
linux-portability (ubuntu-24.04-arm)	Native portability gate (debug and release)	2026-09-20T19:57:22.2117462Z    Compiling rusty-fork v0.3.1
linux-portability (ubuntu-24.04-arm)	Native portability gate (debug and release)	2026-09-20T19:57:22.3904724Z    Compiling unarray v0.1.4
linux-portability (ubuntu-24.04-arm)	Native portability gate (debug and release)	2026-09-20T19:57:22.8617719Z    Compiling rawk v0.1.0 (/home/runner/work/rawk/rawk/rawk)
linux-portability (ubuntu-24.04-arm)	Native portability gate (debug and release)	2026-09-20T19:57:24.3296266Z    Compiling ppv-lite86 v0.2.21
linux-portability (ubuntu-24.04-arm)	Native portability gate (debug and release)	2026-09-20T19:57:24.4640460Z    Compiling rand_chacha v0.9.0
linux-portability (ubuntu-24.04-arm)	Native portability gate (debug and release)	2026-09-20T19:57:25.3722212Z    Compiling proptest v1.11.0
linux-portability (ubuntu-24.04-arm)	Native portability gate (debug and release)	2026-09-20T19:57:34.9214627Z     Finished `release` profile [optimized] target(s) in 13.52s
linux-portability (ubuntu-24.04-arm)	Native portability gate (debug and release)	2026-09-20T19:57:34.9280782Z      Running unittests src/lib.rs (target/release/deps/rawk-f01313c0880b44e3)
linux-portability (ubuntu-24.04-arm)	Native portability gate (debug and release)	2026-09-20T19:57:34.9290068Z 
linux-portability (ubuntu-24.04-arm)	Native portability gate (debug and release)	2026-09-20T19:57:34.9290413Z running 0 tests
linux-portability (ubuntu-24.04-arm)	Native portability gate (debug and release)	2026-09-20T19:57:34.9290599Z 
linux-portability (ubuntu-24.04-arm)	Native portability gate (debug and release)	2026-09-20T19:57:34.9290880Z test result: ok. 0 passed; 0 failed; 0 ignored; 0 measured; 0 filtered out; finished in 0.00s
linux-portability (ubuntu-24.04-arm)	Native portability gate (debug and release)	2026-09-20T19:57:34.9291224Z 
linux-portability (ubuntu-24.04-arm)	Native portability gate (debug and release)	2026-09-20T19:57:34.9292103Z      Running unittests src/bin/diffrun.rs (target/release/deps/diffrun-f69a7b3d0e0963fc)
linux-portability (ubuntu-24.04-arm)	Native portability gate (debug and release)	2026-09-20T19:57:34.9298656Z 
linux-portability (ubuntu-24.04-arm)	Native portability gate (debug and release)	2026-09-20T19:57:34.9299168Z running 0 tests
linux-portability (ubuntu-24.04-arm)	Native portability gate (debug and release)	2026-09-20T19:57:34.9299344Z 
linux-portability (ubuntu-24.04-arm)	Native portability gate (debug and release)	2026-09-20T19:57:34.9299589Z test result: ok. 0 passed; 0 failed; 0 ignored; 0 measured; 0 filtered out; finished in 0.00s
linux-portability (ubuntu-24.04-arm)	Native portability gate (debug and release)	2026-09-20T19:57:34.9299946Z 
linux-portability (ubuntu-24.04-arm)	Native portability gate (debug and release)	2026-09-20T19:57:34.9300647Z      Running unittests src/main.rs (target/release/deps/rawk-481f660a10639138)
linux-portability (ubuntu-24.04-arm)	Native portability gate (debug and release)	2026-09-20T19:57:34.9308636Z 
linux-portability (ubuntu-24.04-arm)	Native portability gate (debug and release)	2026-09-20T19:57:34.9308807Z running 6 tests
linux-portability (ubuntu-24.04-arm)	Native portability gate (debug and release)	2026-09-20T19:57:34.9336992Z test input::tests::separators_are_independent_of_read_boundaries ... ok
linux-portability (ubuntu-24.04-arm)	Native portability gate (debug and release)	2026-09-20T19:57:34.9338149Z test input::tests::long_records_compaction_and_separator_changes_share_one_cursor ... ok
linux-portability (ubuntu-24.04-arm)	Native portability gate (debug and release)	2026-09-20T19:57:34.9341960Z test ere::stream::tests::physical_short_reads_do_not_change_bwk_lookahead ... ok
linux-portability (ubuntu-24.04-arm)	Native portability gate (debug and release)	2026-09-20T19:57:34.9342679Z test unicode_ere::tests::compiled_intervals_cover_only_the_requested_runes ... ok
linux-portability (ubuntu-24.04-arm)	Native portability gate (debug and release)	2026-09-20T19:57:34.9343283Z test unicode_ere::tests::encoding_preserves_offsets_and_invalid_bytes_without_sentinels ... ok
linux-portability (ubuntu-24.04-arm)	Native portability gate (debug and release)	2026-09-20T19:57:34.9346233Z test input::tests::long_csv_keeps_quotes_crlf_and_eof_across_short_reads ... ok
linux-portability (ubuntu-24.04-arm)	Native portability gate (debug and release)	2026-09-20T19:57:34.9346611Z 
linux-portability (ubuntu-24.04-arm)	Native portability gate (debug and release)	2026-09-20T19:57:34.9346866Z test result: ok. 6 passed; 0 failed; 0 ignored; 0 measured; 0 filtered out; finished in 0.00s
linux-portability (ubuntu-24.04-arm)	Native portability gate (debug and release)	2026-09-20T19:57:34.9347225Z 
linux-portability (ubuntu-24.04-arm)	Native portability gate (debug and release)	2026-09-20T19:57:34.9348952Z      Running tests/bytes_array_keys.rs (target/release/deps/bytes_array_keys-d155b0d8da843dda)
linux-portability (ubuntu-24.04-arm)	Native portability gate (debug and release)	2026-09-20T19:57:34.9356408Z 
linux-portability (ubuntu-24.04-arm)	Native portability gate (debug and release)	2026-09-20T19:57:34.9356675Z running 3 tests
linux-portability (ubuntu-24.04-arm)	Native portability gate (debug and release)	2026-09-20T19:57:34.9422415Z test for_in_returns_all_distinct_byte_keys ... ok
linux-portability (ubuntu-24.04-arm)	Native portability gate (debug and release)	2026-09-20T19:57:34.9424023Z test nul_embedded_key_round_trips ... ok
linux-portability (ubuntu-24.04-arm)	Native portability gate (debug and release)	2026-09-20T19:57:34.9425692Z test distinct_high_byte_keys_do_not_collide ... ok
linux-portability (ubuntu-24.04-arm)	Native portability gate (debug and release)	2026-09-20T19:57:34.9426363Z 
linux-portability (ubuntu-24.04-arm)	Native portability gate (debug and release)	2026-09-20T19:57:34.9426647Z test result: ok. 3 passed; 0 failed; 0 ignored; 0 measured; 0 filtered out; finished in 0.01s
linux-portability (ubuntu-24.04-arm)	Native portability gate (debug and release)	2026-09-20T19:57:34.9427079Z 
linux-portability (ubuntu-24.04-arm)	Native portability gate (debug and release)	2026-09-20T19:57:34.9427321Z      Running tests/bytes_printf.rs (target/release/deps/bytes_printf-6c7eea9fe464e227)
linux-portability (ubuntu-24.04-arm)	Native portability gate (debug and release)	2026-09-20T19:57:34.9433855Z 
linux-portability (ubuntu-24.04-arm)	Native portability gate (debug and release)	2026-09-20T19:57:34.9434271Z running 6 tests
linux-portability (ubuntu-24.04-arm)	Native portability gate (debug and release)	2026-09-20T19:57:34.9500517Z test printf_c_emits_first_byte_raw ... ok
linux-portability (ubuntu-24.04-arm)	Native portability gate (debug and release)	2026-09-20T19:57:34.9503225Z test field_split_with_high_byte_fs ... ok
linux-portability (ubuntu-24.04-arm)	Native portability gate (debug and release)	2026-09-20T19:57:34.9503688Z test print_with_high_byte_ofs ... ok
linux-portability (ubuntu-24.04-arm)	Native portability gate (debug and release)	2026-09-20T19:57:34.9517679Z test printf_format_string_with_high_bytes ... ok
linux-portability (ubuntu-24.04-arm)	Native portability gate (debug and release)	2026-09-20T19:57:34.9520380Z test printf_s_preserves_high_byte ... ok
linux-portability (ubuntu-24.04-arm)	Native portability gate (debug and release)	2026-09-20T19:57:34.9566945Z test sprintf_high_byte_round_trip ... ok
linux-portability (ubuntu-24.04-arm)	Native portability gate (debug and release)	2026-09-20T19:57:34.9567178Z 
linux-portability (ubuntu-24.04-arm)	Native portability gate (debug and release)	2026-09-20T19:57:34.9567459Z test result: ok. 6 passed; 0 failed; 0 ignored; 0 measured; 0 filtered out; finished in 0.01s
linux-portability (ubuntu-24.04-arm)	Native portability gate (debug and release)	2026-09-20T19:57:34.9568005Z 
linux-portability (ubuntu-24.04-arm)	Native portability gate (debug and release)	2026-09-20T19:57:34.9569415Z      Running tests/bytes_regex_match.rs (target/release/deps/bytes_regex_match-310b2dc819533d4b)
linux-portability (ubuntu-24.04-arm)	Native portability gate (debug and release)	2026-09-20T19:57:34.9577163Z 
linux-portability (ubuntu-24.04-arm)	Native portability gate (debug and release)	2026-09-20T19:57:34.9577640Z running 6 tests
linux-portability (ubuntu-24.04-arm)	Native portability gate (debug and release)	2026-09-20T19:57:34.9646862Z test nul_inside_subject_with_rs_regex ... ok
linux-portability (ubuntu-24.04-arm)	Native portability gate (debug and release)	2026-09-20T19:57:34.9647972Z test gsub_ampersand_includes_whole_match ... ok
linux-portability (ubuntu-24.04-arm)	Native portability gate (debug and release)	2026-09-20T19:57:34.9648521Z test match_builtin_high_byte_pattern_position ... ok
linux-portability (ubuntu-24.04-arm)	Native portability gate (debug and release)	2026-09-20T19:57:34.9657870Z test match_distinguishes_high_bytes ... ok
linux-portability (ubuntu-24.04-arm)	Native portability gate (debug and release)	2026-09-20T19:57:34.9708268Z test rs_regex_high_byte_separator_splits_correctly ... ok
linux-portability (ubuntu-24.04-arm)	Native portability gate (debug and release)	2026-09-20T19:57:34.9715438Z test sub_replaces_high_byte_run ... ok
linux-portability (ubuntu-24.04-arm)	Native portability gate (debug and release)	2026-09-20T19:57:34.9715690Z 
linux-portability (ubuntu-24.04-arm)	Native portability gate (debug and release)	2026-09-20T19:57:34.9716209Z test result: ok. 6 passed; 0 failed; 0 ignored; 0 measured; 0 filtered out; finished in 0.01s
linux-portability (ubuntu-24.04-arm)	Native portability gate (debug and release)	2026-09-20T19:57:34.9716577Z 
linux-portability (ubuntu-24.04-arm)	Native portability gate (debug and release)	2026-09-20T19:57:34.9718258Z      Running tests/data_contract.rs (target/release/deps/data_contract-777ee05770f2a4c8)
linux-portability (ubuntu-24.04-arm)	Native portability gate (debug and release)	2026-09-20T19:57:34.9725798Z 
linux-portability (ubuntu-24.04-arm)	Native portability gate (debug and release)	2026-09-20T19:57:34.9726608Z running 9 tests
linux-portability (ubuntu-24.04-arm)	Native portability gate (debug and release)	2026-09-20T19:57:34.9801245Z test csv_handles_quoted_delimiters_newlines_and_escaped_quotes ... ok
linux-portability (ubuntu-24.04-arm)	Native portability gate (debug and release)	2026-09-20T19:57:34.9807595Z test invalid_regex_is_reported ... ok
linux-portability (ubuntu-24.04-arm)	Native portability gate (debug and release)	2026-09-20T19:57:34.9807989Z test fields_accept_regex_separator ... ok
linux-portability (ubuntu-24.04-arm)	Native portability gate (debug and release)	2026-09-20T19:57:34.9809931Z test regex_uses_leftmost_longest ... ok
linux-portability (ubuntu-24.04-arm)	Native portability gate (debug and release)	2026-09-20T19:57:34.9861457Z test split_preserves_empty_fields_and_clears_array ... ok
linux-portability (ubuntu-24.04-arm)	Native portability gate (debug and release)	2026-09-20T19:57:34.9862901Z test substitutions_report_count_not_changed_text ... ok
linux-portability (ubuntu-24.04-arm)	Native portability gate (debug and release)	2026-09-20T19:57:34.9864762Z test reused_whitespace_fields_preserve_nul_bytes ... ok
linux-portability (ubuntu-24.04-arm)	Native portability gate (debug and release)	2026-09-20T19:57:34.9933105Z test successive_whitespace_records_preserve_values_and_numeric_types ... ok
linux-portability (ubuntu-24.04-arm)	Native portability gate (debug and release)	2026-09-20T19:57:35.0113879Z test whitespace_reuse_handles_resplit_getline_and_separator_changes ... ok
linux-portability (ubuntu-24.04-arm)	Native portability gate (debug and release)	2026-09-20T19:57:35.0114465Z 
linux-portability (ubuntu-24.04-arm)	Native portability gate (debug and release)	2026-09-20T19:57:35.0114751Z test result: ok. 9 passed; 0 failed; 0 ignored; 0 measured; 0 filtered out; finished in 0.04s
linux-portability (ubuntu-24.04-arm)	Native portability gate (debug and release)	2026-09-20T19:57:35.0115463Z 
linux-portability (ubuntu-24.04-arm)	Native portability gate (debug and release)	2026-09-20T19:57:35.0115806Z      Running tests/driver_regressions.rs (target/release/deps/driver_regressions-fff89f77cc57c407)
linux-portability (ubuntu-24.04-arm)	Native portability gate (debug and release)	2026-09-20T19:57:35.0124322Z 
linux-portability (ubuntu-24.04-arm)	Native portability gate (debug and release)	2026-09-20T19:57:35.0124946Z running 8 tests
linux-portability (ubuntu-24.04-arm)	Native portability gate (debug and release)	2026-09-20T19:57:35.0253662Z test getline_comparison_is_not_part_of_filename ... ok
linux-portability (ubuntu-24.04-arm)	Native portability gate (debug and release)	2026-09-20T19:57:35.0262042Z test field_index_beyond_reference_integer_range_is_an_error ... ok
linux-portability (ubuntu-24.04-arm)	Native portability gate (debug and release)	2026-09-20T19:57:35.0314533Z test multifile_syntax_error_names_offending_source ... ok
linux-portability (ubuntu-24.04-arm)	Native portability gate (debug and release)	2026-09-20T19:57:35.0373277Z test invalid_function_parameters_are_errors_before_execution ... ok
linux-portability (ubuntu-24.04-arm)	Native portability gate (debug and release)	2026-09-20T19:57:35.0579611Z test redirected_stdin_shares_buffer_with_main_input ... ok
linux-portability (ubuntu-24.04-arm)	Native portability gate (debug and release)	2026-09-20T19:57:35.0745553Z test stdin_program_and_empty_statements ... ok
linux-portability (ubuntu-24.04-arm)	Native portability gate (debug and release)	2026-09-20T19:57:35.1786674Z test standard_output_aliases_share_streams_and_lifecycle ... ok
linux-portability (ubuntu-24.04-arm)	Native portability gate (debug and release)	2026-09-20T19:57:35.2872518Z test checked_math_matches_native_oracle ... ok
linux-portability (ubuntu-24.04-arm)	Native portability gate (debug and release)	2026-09-20T19:57:35.2872860Z 
linux-portability (ubuntu-24.04-arm)	Native portability gate (debug and release)	2026-09-20T19:57:35.2873177Z test result: ok. 8 passed; 0 failed; 0 ignored; 0 measured; 0 filtered out; finished in 0.27s
linux-portability (ubuntu-24.04-arm)	Native portability gate (debug and release)	2026-09-20T19:57:35.2873519Z 
linux-portability (ubuntu-24.04-arm)	Native portability gate (debug and release)	2026-09-20T19:57:35.2874063Z      Running tests/dynamic_format.rs (target/release/deps/dynamic_format-5b49c33678791dab)
linux-portability (ubuntu-24.04-arm)	Native portability gate (debug and release)	2026-09-20T19:57:35.2881807Z 
linux-portability (ubuntu-24.04-arm)	Native portability gate (debug and release)	2026-09-20T19:57:35.2882335Z running 8 tests
linux-portability (ubuntu-24.04-arm)	Native portability gate (debug and release)	2026-09-20T19:57:35.3007370Z test missing_star_arguments_are_errors ... ok
linux-portability (ubuntu-24.04-arm)	Native portability gate (debug and release)	2026-09-20T19:57:35.3068050Z test negative_precision_keeps_binary_and_multibyte_paths ... ok
linux-portability (ubuntu-24.04-arm)	Native portability gate (debug and release)	2026-09-20T19:57:35.3191611Z test string_and_literal_range_errors_do_not_discard_arithmetic_subnormals ... ok
linux-portability (ubuntu-24.04-arm)	Native portability gate (debug and release)	2026-09-20T19:57:35.4625925Z test unsigned_conversion_matches_native_oracle ... ok
linux-portability (ubuntu-24.04-arm)	Native portability gate (debug and release)	2026-09-20T19:57:35.4868127Z test zero_padded_strings_match_native_oracle ... ok
linux-portability (ubuntu-24.04-arm)	Native portability gate (debug and release)	2026-09-20T19:57:35.9430618Z test dynamic_width_precision_and_consumption ... ok
linux-portability (ubuntu-24.04-arm)	Native portability gate (debug and release)	2026-09-20T19:57:37.2705014Z test integer_flags_precision_and_signs ... ok
linux-portability (ubuntu-24.04-arm)	Native portability gate (debug and release)	2026-09-20T19:57:37.8546573Z test negative_dynamic_precision_preserves_flags_and_argument_consumption ... ok
linux-portability (ubuntu-24.04-arm)	Native portability gate (debug and release)	2026-09-20T19:57:37.8547070Z 
linux-portability (ubuntu-24.04-arm)	Native portability gate (debug and release)	2026-09-20T19:57:37.8547337Z test result: ok. 8 passed; 0 failed; 0 ignored; 0 measured; 0 filtered out; finished in 2.57s
linux-portability (ubuntu-24.04-arm)	Native portability gate (debug and release)	2026-09-20T19:57:37.8547695Z 
linux-portability (ubuntu-24.04-arm)	Native portability gate (debug and release)	2026-09-20T19:57:37.8550119Z      Running tests/harness.rs (target/release/deps/harness-d2eb8f676666579c)
linux-portability (ubuntu-24.04-arm)	Native portability gate (debug and release)	2026-09-20T19:57:37.8555688Z 
linux-portability (ubuntu-24.04-arm)	Native portability gate (debug and release)	2026-09-20T19:57:37.8555843Z running 5 tests
linux-portability (ubuntu-24.04-arm)	Native portability gate (debug and release)	2026-09-20T19:57:37.8572608Z test annotation_does_not_accept_new_failures ... ok
linux-portability (ubuntu-24.04-arm)	Native portability gate (debug and release)	2026-09-20T19:57:37.8579468Z test preserves_bytes_whitespace_and_status ... ok
linux-portability (ubuntu-24.04-arm)	Native portability gate (debug and release)	2026-09-20T19:57:37.8620543Z test aggregate_gate_reports_an_intermediate_failure ... ok
linux-portability (ubuntu-24.04-arm)	Native portability gate (debug and release)	2026-09-20T19:57:37.8681064Z test each_run_has_a_fresh_directory ... ok
linux-portability (ubuntu-24.04-arm)	Native portability gate (debug and release)	2026-09-20T19:57:38.2889689Z test timeout_kills_descendants ... ok
linux-portability (ubuntu-24.04-arm)	Native portability gate (debug and release)	2026-09-20T19:57:38.2890043Z 
linux-portability (ubuntu-24.04-arm)	Native portability gate (debug and release)	2026-09-20T19:57:38.2890497Z test result: ok. 5 passed; 0 failed; 0 ignored; 0 measured; 0 filtered out; finished in 0.43s
linux-portability (ubuntu-24.04-arm)	Native portability gate (debug and release)	2026-09-20T19:57:38.2890865Z 
linux-portability (ubuntu-24.04-arm)	Native portability gate (debug and release)	2026-09-20T19:57:38.2891224Z      Running tests/input_contract.rs (target/release/deps/input_contract-7af55302e2598d8a)
linux-portability (ubuntu-24.04-arm)	Native portability gate (debug and release)	2026-09-20T19:57:38.2900452Z 
linux-portability (ubuntu-24.04-arm)	Native portability gate (debug and release)	2026-09-20T19:57:38.2900641Z running 7 tests
linux-portability (ubuntu-24.04-arm)	Native portability gate (debug and release)	2026-09-20T19:57:38.2965621Z test file_getline_and_interleaved_assignments ... ok
linux-portability (ubuntu-24.04-arm)	Native portability gate (debug and release)	2026-09-20T19:57:38.2976943Z test getline_uses_main_stream_and_counts_every_read ... ok
linux-portability (ubuntu-24.04-arm)	Native portability gate (debug and release)	2026-09-20T19:57:38.2988549Z test rewriting_record_does_not_count_a_read ... ok
linux-portability (ubuntu-24.04-arm)	Native portability gate (debug and release)	2026-09-20T19:57:38.3006792Z test large_csv_records_match_c ... ok
linux-portability (ubuntu-24.04-arm)	Native portability gate (debug and release)	2026-09-20T19:57:38.3025657Z test missing_getline_file_is_an_error_not_eof ... ok
linux-portability (ubuntu-24.04-arm)	Native portability gate (debug and release)	2026-09-20T19:57:38.3054395Z test rs_changes_apply_to_unconsumed_input ... ok
linux-portability (ubuntu-24.04-arm)	Native portability gate (debug and release)	2026-09-20T19:57:38.3065325Z test large_records_getline_and_rs_changes_match_c ... ok
linux-portability (ubuntu-24.04-arm)	Native portability gate (debug and release)	2026-09-20T19:57:38.3065651Z 
linux-portability (ubuntu-24.04-arm)	Native portability gate (debug and release)	2026-09-20T19:57:38.3065891Z test result: ok. 7 passed; 0 failed; 0 ignored; 0 measured; 0 filtered out; finished in 0.02s
linux-portability (ubuntu-24.04-arm)	Native portability gate (debug and release)	2026-09-20T19:57:38.3066464Z 
linux-portability (ubuntu-24.04-arm)	Native portability gate (debug and release)	2026-09-20T19:57:38.3067812Z      Running tests/language_contract.rs (target/release/deps/language_contract-3857c07be8374753)
linux-portability (ubuntu-24.04-arm)	Native portability gate (debug and release)	2026-09-20T19:57:38.3074738Z 
linux-portability (ubuntu-24.04-arm)	Native portability gate (debug and release)	2026-09-20T19:57:38.3075202Z running 7 tests
linux-portability (ubuntu-24.04-arm)	Native portability gate (debug and release)	2026-09-20T19:57:38.3098364Z test array_parameters_are_references ... ok
linux-portability (ubuntu-24.04-arm)	Native portability gate (debug and release)	2026-09-20T19:57:38.3098921Z test array_reads_create_entries ... ok
linux-portability (ubuntu-24.04-arm)	Native portability gate (debug and release)	2026-09-20T19:57:38.3142423Z test convfmt_is_used_for_comparisons_fields_and_keys ... ok
linux-portability (ubuntu-24.04-arm)	Native portability gate (debug and release)	2026-09-20T19:57:38.3142869Z test expressions_and_escapes ... ok
linux-portability (ubuntu-24.04-arm)	Native portability gate (debug and release)	2026-09-20T19:57:38.3160058Z test numeric_and_string_values_keep_their_types ... ok
linux-portability (ubuntu-24.04-arm)	Native portability gate (debug and release)	2026-09-20T19:57:38.3160675Z test lvalue_indices_are_evaluated_once ... ok
linux-portability (ubuntu-24.04-arm)	Native portability gate (debug and release)	2026-09-20T19:57:38.3204106Z test range_patterns_and_empty_actions ... ok
linux-portability (ubuntu-24.04-arm)	Native portability gate (debug and release)	2026-09-20T19:57:38.3204400Z 
linux-portability (ubuntu-24.04-arm)	Native portability gate (debug and release)	2026-09-20T19:57:38.3204786Z test result: ok. 7 passed; 0 failed; 0 ignored; 0 measured; 0 filtered out; finished in 0.01s
linux-portability (ubuntu-24.04-arm)	Native portability gate (debug and release)	2026-09-20T19:57:38.3205136Z 
linux-portability (ubuntu-24.04-arm)	Native portability gate (debug and release)	2026-09-20T19:57:38.3206185Z      Running tests/legacy_locale.rs (target/release/deps/legacy_locale-8b632052e75975eb)
linux-portability (ubuntu-24.04-arm)	Native portability gate (debug and release)	2026-09-20T19:57:38.3213789Z 
linux-portability (ubuntu-24.04-arm)	Native portability gate (debug and release)	2026-09-20T19:57:38.3213987Z running 6 tests
linux-portability (ubuntu-24.04-arm)	Native portability gate (debug and release)	2026-09-20T19:57:38.3423554Z test byte_positions_ranges_splits_and_substitution_match_c ... ok
linux-portability (ubuntu-24.04-arm)	Native portability gate (debug and release)	2026-09-20T19:57:38.3464603Z test every_nonzero_byte_case_conversion_matches_c ... ok
linux-portability (ubuntu-24.04-arm)	Native portability gate (debug and release)	2026-09-20T19:57:38.3544877Z test nul_preservation_remains_an_explicit_rust_extension ... ok
linux-portability (ubuntu-24.04-arm)	Native portability gate (debug and release)	2026-09-20T19:57:38.3657334Z test legacy_locale_selection_obeys_precedence_and_is_fixed_at_startup ... ok
linux-portability (ubuntu-24.04-arm)	Native portability gate (debug and release)	2026-09-20T19:57:38.3711577Z test required_single_byte_locales_are_active ... ok
linux-portability (ubuntu-24.04-arm)	Native portability gate (debug and release)	2026-09-20T19:57:38.6104769Z test every_nonzero_byte_in_each_posix_class_matches_c ... ok
linux-portability (ubuntu-24.04-arm)	Native portability gate (debug and release)	2026-09-20T19:57:38.6105146Z 
linux-portability (ubuntu-24.04-arm)	Native portability gate (debug and release)	2026-09-20T19:57:38.6105567Z test result: ok. 6 passed; 0 failed; 0 ignored; 0 measured; 0 filtered out; finished in 0.29s
linux-portability (ubuntu-24.04-arm)	Native portability gate (debug and release)	2026-09-20T19:57:38.6106119Z 
linux-portability (ubuntu-24.04-arm)	Native portability gate (debug and release)	2026-09-20T19:57:38.6106421Z      Running tests/runtime_contract.rs (target/release/deps/runtime_contract-ac624beca28deeec)
linux-portability (ubuntu-24.04-arm)	Native portability gate (debug and release)	2026-09-20T19:57:38.6113874Z 
linux-portability (ubuntu-24.04-arm)	Native portability gate (debug and release)	2026-09-20T19:57:38.6114251Z running 3 tests
linux-portability (ubuntu-24.04-arm)	Native portability gate (debug and release)	2026-09-20T19:57:38.6137828Z test return_escapes_all_loop_forms ... ok
linux-portability (ubuntu-24.04-arm)	Native portability gate (debug and release)	2026-09-20T19:57:38.6178434Z test short_circuit_preserves_side_effects ... ok
linux-portability (ubuntu-24.04-arm)	Native portability gate (debug and release)	2026-09-20T19:57:38.6180036Z test exit_executes_end_and_interrupts_expressions ... ok
linux-portability (ubuntu-24.04-arm)	Native portability gate (debug and release)	2026-09-20T19:57:38.6180374Z 
linux-portability (ubuntu-24.04-arm)	Native portability gate (debug and release)	2026-09-20T19:57:38.6180620Z test result: ok. 3 passed; 0 failed; 0 ignored; 0 measured; 0 filtered out; finished in 0.01s
linux-portability (ubuntu-24.04-arm)	Native portability gate (debug and release)	2026-09-20T19:57:38.6180973Z 
linux-portability (ubuntu-24.04-arm)	Native portability gate (debug and release)	2026-09-20T19:57:38.6181361Z      Running tests/shift_jis.rs (target/release/deps/shift_jis-23910551a52ee09f)
linux-portability (ubuntu-24.04-arm)	Native portability gate (debug and release)	2026-09-20T19:57:38.6187487Z 
linux-portability (ubuntu-24.04-arm)	Native portability gate (debug and release)	2026-09-20T19:57:38.6188531Z running 12 tests
linux-portability (ubuntu-24.04-arm)	Native portability gate (debug and release)	2026-09-20T19:57:38.6313042Z test conversion_failure_preserves_atomic_print_contract ... ok
linux-portability (ubuntu-24.04-arm)	Native portability gate (debug and release)	2026-09-20T19:57:38.6320905Z test embedded_nul_preserves_the_rust_binary_extension ... ok
linux-portability (ubuntu-24.04-arm)	Native portability gate (debug and release)	2026-09-20T19:57:38.6392362Z test decoded_character_with_unencodable_case_mapping_matches_c ... ok
linux-portability (ubuntu-24.04-arm)	Native portability gate (debug and release)	2026-09-20T19:57:38.6514541Z test regex_rs_with_three_or_four_byte_structural_units_matches_c ... ok
linux-portability (ubuntu-24.04-arm)	Native portability gate (debug and release)	2026-09-20T19:57:38.6589752Z test required_sjis_locale_has_observable_case_mapping ... ok
linux-portability (ubuntu-24.04-arm)	Native portability gate (debug and release)	2026-09-20T19:57:38.6982905Z test record_separators_and_locale_precedence_match_c ... ok
linux-portability (ubuntu-24.04-arm)	Native portability gate (debug and release)	2026-09-20T19:57:38.7102730Z test streaming_rs_keeps_binary_data_distinct_from_eof ... ok
linux-portability (ubuntu-24.04-arm)	Native portability gate (debug and release)	2026-09-20T19:57:38.7953733Z test regex_rs_sjis_refill_across_input_buffers_and_getline_matches_c ... ok
linux-portability (ubuntu-24.04-arm)	Native portability gate (debug and release)	2026-09-20T19:57:38.8898914Z test structural_units_regex_fields_and_formatting_match_c ... ok
linux-portability (ubuntu-24.04-arm)	Native portability gate (debug and release)	2026-09-20T19:57:38.9273205Z test valid_case_conversion_and_truncated_suffixes_match_c ... ok
linux-portability (ubuntu-24.04-arm)	Native portability gate (debug and release)	2026-09-20T19:57:40.8439285Z test regex_rs_refill_restart_longest_and_anchors_match_c ... ok
linux-portability (ubuntu-24.04-arm)	Native portability gate (debug and release)	2026-09-20T19:57:47.7001669Z test single_bytes_and_lead_trail_boundaries_match_c ... ok
linux-portability (ubuntu-24.04-arm)	Native portability gate (debug and release)	2026-09-20T19:57:47.7002570Z 
linux-portability (ubuntu-24.04-arm)	Native portability gate (debug and release)	2026-09-20T19:57:47.7002855Z test result: ok. 12 passed; 0 failed; 0 ignored; 0 measured; 0 filtered out; finished in 9.08s
linux-portability (ubuntu-24.04-arm)	Native portability gate (debug and release)	2026-09-20T19:57:47.7003227Z 
linux-portability (ubuntu-24.04-arm)	Native portability gate (debug and release)	2026-09-20T19:57:47.7004449Z      Running tests/unicode_contract.rs (target/release/deps/unicode_contract-ed05e2a14edbe220)
linux-portability (ubuntu-24.04-arm)	Native portability gate (debug and release)	2026-09-20T19:57:47.7011449Z 
linux-portability (ubuntu-24.04-arm)	Native portability gate (debug and release)	2026-09-20T19:57:47.7011764Z running 12 tests
linux-portability (ubuntu-24.04-arm)	Native portability gate (debug and release)	2026-09-20T19:57:47.7141303Z test binary_nul_extension_and_case_conversion_errors ... ok
linux-portability (ubuntu-24.04-arm)	Native portability gate (debug and release)	2026-09-20T19:57:47.7262579Z test match_rhs_literals_and_dynamic_patterns_keep_their_distinct_evaluation ... ok
linux-portability (ubuntu-24.04-arm)	Native portability gate (debug and release)	2026-09-20T19:57:47.7556936Z test repeated_matches_and_index_inside_a_multibyte_unit ... ok
linux-portability (ubuntu-24.04-arm)	Native portability gate (debug and release)	2026-09-20T19:57:47.7873575Z test required_locales_are_active_in_both_interpreters ... ok
linux-portability (ubuntu-24.04-arm)	Native portability gate (debug and release)	2026-09-20T19:57:47.7961492Z test locale_precedence_and_character_operations ... ok
linux-portability (ubuntu-24.04-arm)	Native portability gate (debug and release)	2026-09-20T19:57:47.8184380Z test boolean_regex_search_preserves_rune_alignment_and_empty_matches ... ok
linux-portability (ubuntu-24.04-arm)	Native portability gate (debug and release)	2026-09-20T19:57:47.8437205Z test substitution_expansion_preserves_prefixes_escapes_and_empty_matches ... ok
linux-portability (ubuntu-24.04-arm)	Native portability gate (debug and release)	2026-09-20T19:57:47.8440171Z test unicode_formatting_and_source_escapes ... ok
linux-portability (ubuntu-24.04-arm)	Native portability gate (debug and release)	2026-09-20T19:57:47.8926406Z test utf8_record_separators_across_buffers ... ok
linux-portability (ubuntu-24.04-arm)	Native portability gate (debug and release)	2026-09-20T19:57:47.8996648Z test utf8_regex_empty_matches_and_mixed_bytes ... ok
linux-portability (ubuntu-24.04-arm)	Native portability gate (debug and release)	2026-09-20T19:57:47.9309168Z test unicode_classes_ranges_and_anchors ... ok
linux-portability (ubuntu-24.04-arm)	Native portability gate (debug and release)	2026-09-20T19:57:49.3554979Z test original_utf8_drivers ... ok
linux-portability (ubuntu-24.04-arm)	Native portability gate (debug and release)	2026-09-20T19:57:49.3555306Z 
linux-portability (ubuntu-24.04-arm)	Native portability gate (debug and release)	2026-09-20T19:57:49.3555592Z test result: ok. 12 passed; 0 failed; 0 ignored; 0 measured; 0 filtered out; finished in 1.65s
linux-portability (ubuntu-24.04-arm)	Native portability gate (debug and release)	2026-09-20T19:57:49.3556222Z 
linux-portability (ubuntu-24.04-arm)	Compare all native libc-valid Shift-JIS pairs	﻿2026-09-20T19:57:49.3634652Z ##[group]Run python3 scripts/shift_jis_platform_probe.py --output diary/shift-jis-platform-ci.json
linux-portability (ubuntu-24.04-arm)	Compare all native libc-valid Shift-JIS pairs	2026-09-20T19:57:49.3635529Z [36;1mpython3 scripts/shift_jis_platform_probe.py --output diary/shift-jis-platform-ci.json[0m
linux-portability (ubuntu-24.04-arm)	Compare all native libc-valid Shift-JIS pairs	2026-09-20T19:57:49.3670212Z shell: /usr/bin/bash -e {0}
linux-portability (ubuntu-24.04-arm)	Compare all native libc-valid Shift-JIS pairs	2026-09-20T19:57:49.3670567Z env:
linux-portability (ubuntu-24.04-arm)	Compare all native libc-valid Shift-JIS pairs	2026-09-20T19:57:49.3670937Z   LC_ALL: C
linux-portability (ubuntu-24.04-arm)	Compare all native libc-valid Shift-JIS pairs	2026-09-20T19:57:49.3671155Z   CARGO_INCREMENTAL: 0
linux-portability (ubuntu-24.04-arm)	Compare all native libc-valid Shift-JIS pairs	2026-09-20T19:57:49.3671463Z   RUSTUP_TOOLCHAIN: 1.96.0
linux-portability (ubuntu-24.04-arm)	Compare all native libc-valid Shift-JIS pairs	2026-09-20T19:57:49.3671745Z ##[endgroup]
linux-portability (ubuntu-24.04-arm)	Compare all native libc-valid Shift-JIS pairs	2026-09-20T19:57:49.5168131Z 6879 libc-valid double-byte pairs: upper/lower MATCH
linux-portability (ubuntu-24.04-arm)	Inventory original drivers on this platform	﻿2026-09-20T19:57:49.5381602Z ##[group]Run python3 scripts/full_driver_audit.py --output diary/linux-driver-results-ci.json
linux-portability (ubuntu-24.04-arm)	Inventory original drivers on this platform	2026-09-20T19:57:49.5382282Z [36;1mpython3 scripts/full_driver_audit.py --output diary/linux-driver-results-ci.json[0m
linux-portability (ubuntu-24.04-arm)	Inventory original drivers on this platform	2026-09-20T19:57:49.5417253Z shell: /usr/bin/bash -e {0}
linux-portability (ubuntu-24.04-arm)	Inventory original drivers on this platform	2026-09-20T19:57:49.5417478Z env:
linux-portability (ubuntu-24.04-arm)	Inventory original drivers on this platform	2026-09-20T19:57:49.5417630Z   LC_ALL: C
linux-portability (ubuntu-24.04-arm)	Inventory original drivers on this platform	2026-09-20T19:57:49.5417789Z   CARGO_INCREMENTAL: 0
linux-portability (ubuntu-24.04-arm)	Inventory original drivers on this platform	2026-09-20T19:57:49.5417977Z   RUSTUP_TOOLCHAIN: 1.96.0
linux-portability (ubuntu-24.04-arm)	Inventory original drivers on this platform	2026-09-20T19:57:49.5418169Z ##[endgroup]
linux-portability (ubuntu-24.04-arm)	Inventory original drivers on this platform	2026-09-20T19:57:49.7378629Z T.-f-f pass 
linux-portability (ubuntu-24.04-arm)	Inventory original drivers on this platform	2026-09-20T19:57:49.9201410Z T.argv pass 
linux-portability (ubuntu-24.04-arm)	Inventory original drivers on this platform	2026-09-20T19:57:50.2076658Z T.arnold pass 
linux-portability (ubuntu-24.04-arm)	Inventory original drivers on this platform	2026-09-20T19:57:50.7241572Z T.beebe pass 
linux-portability (ubuntu-24.04-arm)	Inventory original drivers on this platform	2026-09-20T19:57:50.8873893Z T.builtin open BAD: T.builtin (rand)
linux-portability (ubuntu-24.04-arm)	Inventory original drivers on this platform	2026-09-20T19:57:51.0983629Z T.chem pass 
linux-portability (ubuntu-24.04-arm)	Inventory original drivers on this platform	2026-09-20T19:57:51.3807579Z T.close pass 
linux-portability (ubuntu-24.04-arm)	Inventory original drivers on this platform	2026-09-20T19:57:51.5965691Z T.clv pass 
linux-portability (ubuntu-24.04-arm)	Inventory original drivers on this platform	2026-09-20T19:57:51.7266932Z T.csconcat pass 
linux-portability (ubuntu-24.04-arm)	Inventory original drivers on this platform	2026-09-20T19:57:51.9778333Z T.csv pass 
linux-portability (ubuntu-24.04-arm)	Inventory original drivers on this platform	2026-09-20T19:57:52.1084799Z T.delete pass 
linux-portability (ubuntu-24.04-arm)	Inventory original drivers on this platform	2026-09-20T19:57:52.4084116Z T.errmsg reference-failure BAD: illegal primary in regular expression failed BAD: illegal break, continue, next or nextfile from BEGIN failed BAD: illegal break, continue, next or nextfile from END failed BAD: nextfile is illegal inside a function failed BAD: nonterminated character class failed BAD: nonterminated character class failed BAD: nonterminated character cl
linux-portability (ubuntu-24.04-arm)	Inventory original drivers on this platform	2026-09-20T19:57:53.1612938Z T.expr pass 
linux-portability (ubuntu-24.04-arm)	Inventory original drivers on this platform	2026-09-20T19:57:53.2922165Z T.exprconv pass 
linux-portability (ubuntu-24.04-arm)	Inventory original drivers on this platform	2026-09-20T19:57:53.4358712Z T.flags open T.flags: bad no program T.flags: bad can.t open program T.flags: bad can.t open program 2 T.flags: bad missing field separator
linux-portability (ubuntu-24.04-arm)	Inventory original drivers on this platform	2026-09-20T19:57:53.7373358Z T.func pass 
linux-portability (ubuntu-24.04-arm)	Inventory original drivers on this platform	2026-09-20T19:57:54.6454865Z T.gawk pass 
linux-portability (ubuntu-24.04-arm)	Inventory original drivers on this platform	2026-09-20T19:57:54.8103523Z T.getline pass 
linux-portability (ubuntu-24.04-arm)	Inventory original drivers on this platform	2026-09-20T19:57:54.9466337Z T.int-expr pass 
linux-portability (ubuntu-24.04-arm)	Inventory original drivers on this platform	2026-09-20T19:57:55.0949144Z T.latin1 pass 
linux-portability (ubuntu-24.04-arm)	Inventory original drivers on this platform	2026-09-20T19:57:55.8877775Z T.lilly pass 
linux-portability (ubuntu-24.04-arm)	Inventory original drivers on this platform	2026-09-20T19:57:56.0294131Z T.main pass 
linux-portability (ubuntu-24.04-arm)	Inventory original drivers on this platform	2026-09-20T19:57:56.3801490Z T.misc open BAD: T.misc split error BAD: T.misc hello error BAD: T.misc pile error BAD: T.misc gsub banana error BAD: T.misc sub banana error BAD: T.misc lineno BAD: T.misc can't open BAD: T.misc continuation line number BAD: T.misc syntax error line number �BAD: T.misc escape sequences in strings mishandled BAD: T.misc fcn args BAD: T.misc undefine
linux-portability (ubuntu-24.04-arm)	Inventory original drivers on this platform	2026-09-20T19:57:56.6570424Z T.nextfile pass 
linux-portability (ubuntu-24.04-arm)	Inventory original drivers on this platform	2026-09-20T19:57:57.1055575Z T.overflow pass 
linux-portability (ubuntu-24.04-arm)	Inventory original drivers on this platform	2026-09-20T19:57:58.1243615Z T.re pass 
linux-portability (ubuntu-24.04-arm)	Inventory original drivers on this platform	2026-09-20T19:57:58.2579738Z T.recache pass 
linux-portability (ubuntu-24.04-arm)	Inventory original drivers on this platform	2026-09-20T19:57:58.4140299Z T.redir pass 
linux-portability (ubuntu-24.04-arm)	Inventory original drivers on this platform	2026-09-20T19:57:58.5932705Z T.split pass 
linux-portability (ubuntu-24.04-arm)	Inventory original drivers on this platform	2026-09-20T19:57:59.1557212Z T.sub pass 
linux-portability (ubuntu-24.04-arm)	Inventory original drivers on this platform	2026-09-20T19:57:59.2864526Z T.system pass 
linux-portability (ubuntu-24.04-arm)	Inventory original drivers on this platform	2026-09-20T19:57:59.9603563Z T.utf reference-failure test 1.3 failed test 1.4 failed test 1.5 failed test 1.6 failed test 1.7 failed test 1.8 failed test 1.9 failed test 1.10 failed test 1.11 failed test 1.12 failed test 1.13 failed test 1.14 failed test 1.15 failed test 1.16 failed test 1.17 failed test 1.18 failed test 1.19 failed test 1.20 failed test 1.21 fail
linux-portability (ubuntu-24.04-arm)	Inventory original drivers on this platform	2026-09-20T19:58:00.6657200Z T.utfre reference-failure 43 fails ^λ.$ ~ λλ 51 fails ^.해 ~ め해 52 fails ^.해 ~ め해해 64 fails 해* ~  68 fails 해* ~ めめめめ 69 fails 해해* ~ 해 71 fails 해해* ~ め해 84 fails xθ+y ~ xθθy 85 fails xθ+y ~ xθθθθθθy 89 fails xθ?y ~ xy 92 fails θ?b?の? ~  93 fails θ?b?の? ~ x 106 fails [Α-Ω] !~ β 108 fails [^Α-Ω] ~ δ 119 fails [Α-ΔΦ-Ω] !~ Π 120 fails [Α-ΔΦ-Ω] !~ Σ
linux-portability (ubuntu-24.04-arm)	Check original driver contracts and standard streams (debug and release)	﻿2026-09-20T19:58:00.6768225Z ##[group]Run python3 scripts/test_closure_contracts.py
linux-portability (ubuntu-24.04-arm)	Check original driver contracts and standard streams (debug and release)	2026-09-20T19:58:00.6768659Z [36;1mpython3 scripts/test_closure_contracts.py[0m
linux-portability (ubuntu-24.04-arm)	Check original driver contracts and standard streams (debug and release)	2026-09-20T19:58:00.6768950Z [36;1mfor profile in debug release; do[0m
linux-portability (ubuntu-24.04-arm)	Check original driver contracts and standard streams (debug and release)	2026-09-20T19:58:00.6769555Z [36;1m  python3 scripts/full_driver_audit.py --rawk "target/$profile/rawk" --verified --check --output "diary/linux-drivers-verified-$profile-ci.json"[0m
linux-portability (ubuntu-24.04-arm)	Check original driver contracts and standard streams (debug and release)	2026-09-20T19:58:00.6770493Z [36;1m  python3 scripts/linux_driver_probe.py --rawk "target/$profile/rawk" --check --output "diary/linux-driver-probe-$profile-ci.json"[0m
linux-portability (ubuntu-24.04-arm)	Check original driver contracts and standard streams (debug and release)	2026-09-20T19:58:00.6771033Z [36;1mdone[0m
linux-portability (ubuntu-24.04-arm)	Check original driver contracts and standard streams (debug and release)	2026-09-20T19:58:00.6807422Z shell: /usr/bin/bash -e {0}
linux-portability (ubuntu-24.04-arm)	Check original driver contracts and standard streams (debug and release)	2026-09-20T19:58:00.6807644Z env:
linux-portability (ubuntu-24.04-arm)	Check original driver contracts and standard streams (debug and release)	2026-09-20T19:58:00.6807797Z   LC_ALL: C
linux-portability (ubuntu-24.04-arm)	Check original driver contracts and standard streams (debug and release)	2026-09-20T19:58:00.6807955Z   CARGO_INCREMENTAL: 0
linux-portability (ubuntu-24.04-arm)	Check original driver contracts and standard streams (debug and release)	2026-09-20T19:58:00.6808151Z   RUSTUP_TOOLCHAIN: 1.96.0
linux-portability (ubuntu-24.04-arm)	Check original driver contracts and standard streams (debug and release)	2026-09-20T19:58:00.6808349Z ##[endgroup]
linux-portability (ubuntu-24.04-arm)	Check original driver contracts and standard streams (debug and release)	2026-09-20T19:58:00.7617280Z ..
linux-portability (ubuntu-24.04-arm)	Check original driver contracts and standard streams (debug and release)	2026-09-20T19:58:00.7617637Z ----------------------------------------------------------------------
linux-portability (ubuntu-24.04-arm)	Check original driver contracts and standard streams (debug and release)	2026-09-20T19:58:00.7618115Z Ran 2 tests in 0.012s
linux-portability (ubuntu-24.04-arm)	Check original driver contracts and standard streams (debug and release)	2026-09-20T19:58:00.7618234Z 
linux-portability (ubuntu-24.04-arm)	Check original driver contracts and standard streams (debug and release)	2026-09-20T19:58:00.7618298Z OK
linux-portability (ubuntu-24.04-arm)	Check original driver contracts and standard streams (debug and release)	2026-09-20T19:58:00.9727836Z T.-f-f pass 
linux-portability (ubuntu-24.04-arm)	Check original driver contracts and standard streams (debug and release)	2026-09-20T19:58:01.1874388Z T.argv pass 
linux-portability (ubuntu-24.04-arm)	Check original driver contracts and standard streams (debug and release)	2026-09-20T19:58:01.4848513Z T.arnold pass 
linux-portability (ubuntu-24.04-arm)	Check original driver contracts and standard streams (debug and release)	2026-09-20T19:58:02.4753496Z T.beebe pass 
linux-portability (ubuntu-24.04-arm)	Check original driver contracts and standard streams (debug and release)	2026-09-20T19:58:03.2832631Z T.chem pass 
linux-portability (ubuntu-24.04-arm)	Check original driver contracts and standard streams (debug and release)	2026-09-20T19:58:03.5214823Z T.close pass 
linux-portability (ubuntu-24.04-arm)	Check original driver contracts and standard streams (debug and release)	2026-09-20T19:58:03.7726672Z T.clv pass 
linux-portability (ubuntu-24.04-arm)	Check original driver contracts and standard streams (debug and release)	2026-09-20T19:58:03.9139027Z T.csconcat pass 
linux-portability (ubuntu-24.04-arm)	Check original driver contracts and standard streams (debug and release)	2026-09-20T19:58:04.2276540Z T.csv pass 
linux-portability (ubuntu-24.04-arm)	Check original driver contracts and standard streams (debug and release)	2026-09-20T19:58:04.3670268Z T.delete pass 
linux-portability (ubuntu-24.04-arm)	Check original driver contracts and standard streams (debug and release)	2026-09-20T19:58:05.2573705Z T.expr pass 
linux-portability (ubuntu-24.04-arm)	Check original driver contracts and standard streams (debug and release)	2026-09-20T19:58:05.3980698Z T.exprconv pass 
linux-portability (ubuntu-24.04-arm)	Check original driver contracts and standard streams (debug and release)	2026-09-20T19:58:06.4849274Z T.func pass 
linux-portability (ubuntu-24.04-arm)	Check original driver contracts and standard streams (debug and release)	2026-09-20T19:58:10.7514034Z T.gawk pass 
linux-portability (ubuntu-24.04-arm)	Check original driver contracts and standard streams (debug and release)	2026-09-20T19:58:10.9391057Z T.getline pass 
linux-portability (ubuntu-24.04-arm)	Check original driver contracts and standard streams (debug and release)	2026-09-20T19:58:11.0971848Z T.int-expr pass 
linux-portability (ubuntu-24.04-arm)	Check original driver contracts and standard streams (debug and release)	2026-09-20T19:58:11.2684561Z T.latin1 pass 
linux-portability (ubuntu-24.04-arm)	Check original driver contracts and standard streams (debug and release)	2026-09-20T19:58:12.2879539Z T.lilly pass 
linux-portability (ubuntu-24.04-arm)	Check original driver contracts and standard streams (debug and release)	2026-09-20T19:58:12.4420058Z T.main pass 
linux-portability (ubuntu-24.04-arm)	Check original driver contracts and standard streams (debug and release)	2026-09-20T19:58:12.7505244Z T.nextfile pass 
linux-portability (ubuntu-24.04-arm)	Check original driver contracts and standard streams (debug and release)	2026-09-20T19:58:14.3184999Z T.overflow pass 
linux-portability (ubuntu-24.04-arm)	Check original driver contracts and standard streams (debug and release)	2026-09-20T19:58:15.9237120Z T.re pass 
linux-portability (ubuntu-24.04-arm)	Check original driver contracts and standard streams (debug and release)	2026-09-20T19:58:16.0682648Z T.recache pass 
linux-portability (ubuntu-24.04-arm)	Check original driver contracts and standard streams (debug and release)	2026-09-20T19:58:16.2384471Z T.redir pass 
linux-portability (ubuntu-24.04-arm)	Check original driver contracts and standard streams (debug and release)	2026-09-20T19:58:16.4813015Z T.split pass 
linux-portability (ubuntu-24.04-arm)	Check original driver contracts and standard streams (debug and release)	2026-09-20T19:58:17.6201718Z T.sub pass 
linux-portability (ubuntu-24.04-arm)	Check original driver contracts and standard streams (debug and release)	2026-09-20T19:58:17.7604130Z T.system pass 
linux-portability (ubuntu-24.04-arm)	Check original driver contracts and standard streams (debug and release)	2026-09-20T19:58:19.0320065Z Darwin contract mismatches: ['T.errmsg/49', 'T.errmsg/50']
linux-portability (ubuntu-24.04-arm)	Check original driver contracts and standard streams (debug and release)	2026-09-20T19:58:19.0320820Z Native contract mismatches: []
linux-portability (ubuntu-24.04-arm)	Check original driver contracts and standard streams (debug and release)	2026-09-20T19:58:19.2240650Z T.-f-f pass 
linux-portability (ubuntu-24.04-arm)	Check original driver contracts and standard streams (debug and release)	2026-09-20T19:58:19.3917081Z T.argv pass 
linux-portability (ubuntu-24.04-arm)	Check original driver contracts and standard streams (debug and release)	2026-09-20T19:58:19.6474315Z T.arnold pass 
linux-portability (ubuntu-24.04-arm)	Check original driver contracts and standard streams (debug and release)	2026-09-20T19:58:20.1341073Z T.beebe pass 
linux-portability (ubuntu-24.04-arm)	Check original driver contracts and standard streams (debug and release)	2026-09-20T19:58:20.3340817Z T.chem pass 
linux-portability (ubuntu-24.04-arm)	Check original driver contracts and standard streams (debug and release)	2026-09-20T19:58:20.5584857Z T.close pass 
linux-portability (ubuntu-24.04-arm)	Check original driver contracts and standard streams (debug and release)	2026-09-20T19:58:20.7649564Z T.clv pass 
linux-portability (ubuntu-24.04-arm)	Check original driver contracts and standard streams (debug and release)	2026-09-20T19:58:20.8938482Z T.csconcat pass 
linux-portability (ubuntu-24.04-arm)	Check original driver contracts and standard streams (debug and release)	2026-09-20T19:58:21.1363269Z T.csv pass 
linux-portability (ubuntu-24.04-arm)	Check original driver contracts and standard streams (debug and release)	2026-09-20T19:58:21.2635168Z T.delete pass 
linux-portability (ubuntu-24.04-arm)	Check original driver contracts and standard streams (debug and release)	2026-09-20T19:58:21.9432933Z T.expr pass 
linux-portability (ubuntu-24.04-arm)	Check original driver contracts and standard streams (debug and release)	2026-09-20T19:58:22.0728385Z T.exprconv pass 
linux-portability (ubuntu-24.04-arm)	Check original driver contracts and standard streams (debug and release)	2026-09-20T19:58:22.3721239Z T.func pass 
linux-portability (ubuntu-24.04-arm)	Check original driver contracts and standard streams (debug and release)	2026-09-20T19:58:23.2748092Z T.gawk pass 
linux-portability (ubuntu-24.04-arm)	Check original driver contracts and standard streams (debug and release)	2026-09-20T19:58:23.4370762Z T.getline pass 
linux-portability (ubuntu-24.04-arm)	Check original driver contracts and standard streams (debug and release)	2026-09-20T19:58:23.5701806Z T.int-expr pass 
linux-portability (ubuntu-24.04-arm)	Check original driver contracts and standard streams (debug and release)	2026-09-20T19:58:23.7156193Z T.latin1 pass 
linux-portability (ubuntu-24.04-arm)	Check original driver contracts and standard streams (debug and release)	2026-09-20T19:58:24.4810161Z T.lilly pass 
linux-portability (ubuntu-24.04-arm)	Check original driver contracts and standard streams (debug and release)	2026-09-20T19:58:24.6200528Z T.main pass 
linux-portability (ubuntu-24.04-arm)	Check original driver contracts and standard streams (debug and release)	2026-09-20T19:58:24.8948225Z T.nextfile pass 
linux-portability (ubuntu-24.04-arm)	Check original driver contracts and standard streams (debug and release)	2026-09-20T19:58:25.3319482Z T.overflow pass 
linux-portability (ubuntu-24.04-arm)	Check original driver contracts and standard streams (debug and release)	2026-09-20T19:58:26.3303836Z T.re pass 
linux-portability (ubuntu-24.04-arm)	Check original driver contracts and standard streams (debug and release)	2026-09-20T19:58:26.4606493Z T.recache pass 
linux-portability (ubuntu-24.04-arm)	Check original driver contracts and standard streams (debug and release)	2026-09-20T19:58:26.6149801Z T.redir pass 
linux-portability (ubuntu-24.04-arm)	Check original driver contracts and standard streams (debug and release)	2026-09-20T19:58:26.7953681Z T.split pass 
linux-portability (ubuntu-24.04-arm)	Check original driver contracts and standard streams (debug and release)	2026-09-20T19:58:27.3478561Z T.sub pass 
linux-portability (ubuntu-24.04-arm)	Check original driver contracts and standard streams (debug and release)	2026-09-20T19:58:27.4744663Z T.system pass 
linux-portability (ubuntu-24.04-arm)	Check original driver contracts and standard streams (debug and release)	2026-09-20T19:58:28.3199941Z Darwin contract mismatches: ['T.errmsg/49', 'T.errmsg/50']
linux-portability (ubuntu-24.04-arm)	Check original driver contracts and standard streams (debug and release)	2026-09-20T19:58:28.3200346Z Native contract mismatches: []
linux-portability (ubuntu-24.04-arm)	Retain platform evidence	﻿2026-09-20T19:58:28.3358750Z Node 20 is being deprecated. This workflow is running with Node 24 by default. If you need to temporarily use Node 20, you can set the ACTIONS_ALLOW_USE_UNSECURE_NODE_VERSION=true environment variable. For more information see: https://github.blog/changelog/2025-09-19-deprecation-of-node-20-on-github-actions-runners/
linux-portability (ubuntu-24.04-arm)	Retain platform evidence	2026-09-20T19:58:28.3360716Z ##[group]Run actions/upload-artifact@ea165f8d65b6e75b540449e92b4886f43607fa02
linux-portability (ubuntu-24.04-arm)	Retain platform evidence	2026-09-20T19:58:28.3361083Z with:
linux-portability (ubuntu-24.04-arm)	Retain platform evidence	2026-09-20T19:58:28.3361266Z   name: portability-ubuntu-24.04-arm
linux-portability (ubuntu-24.04-arm)	Retain platform evidence	2026-09-20T19:58:28.3362284Z   path: rawk/diary/shift-jis-platform-ci.json
linux-portability (ubuntu-24.04-arm)	Retain platform evidence	rawk/diary/shift-jis-locale-ci.log
linux-portability (ubuntu-24.04-arm)	Retain platform evidence	rawk/diary/format-platform-ci.json
linux-portability (ubuntu-24.04-arm)	Retain platform evidence	rawk/diary/portability-ci.log
linux-portability (ubuntu-24.04-arm)	Retain platform evidence	rawk/diary/linux-driver-results-ci.json
linux-portability (ubuntu-24.04-arm)	Retain platform evidence	rawk/diary/linux-driver-probe-*-ci.json
linux-portability (ubuntu-24.04-arm)	Retain platform evidence	rawk/diary/linux-drivers-verified-*-ci.json
linux-portability (ubuntu-24.04-arm)	Retain platform evidence	
linux-portability (ubuntu-24.04-arm)	Retain platform evidence	2026-09-20T19:58:28.3363345Z   if-no-files-found: error
linux-portability (ubuntu-24.04-arm)	Retain platform evidence	2026-09-20T19:58:28.3363549Z   compression-level: 6
linux-portability (ubuntu-24.04-arm)	Retain platform evidence	2026-09-20T19:58:28.3363736Z   overwrite: false
linux-portability (ubuntu-24.04-arm)	Retain platform evidence	2026-09-20T19:58:28.3363919Z   include-hidden-files: false
linux-portability (ubuntu-24.04-arm)	Retain platform evidence	2026-09-20T19:58:28.3364151Z env:
linux-portability (ubuntu-24.04-arm)	Retain platform evidence	2026-09-20T19:58:28.3364294Z   LC_ALL: C
linux-portability (ubuntu-24.04-arm)	Retain platform evidence	2026-09-20T19:58:28.3364453Z   CARGO_INCREMENTAL: 0
linux-portability (ubuntu-24.04-arm)	Retain platform evidence	2026-09-20T19:58:28.3364642Z   RUSTUP_TOOLCHAIN: 1.96.0
linux-portability (ubuntu-24.04-arm)	Retain platform evidence	2026-09-20T19:58:28.3364832Z ##[endgroup]
linux-portability (ubuntu-24.04-arm)	Retain platform evidence	2026-09-20T19:58:28.4747016Z (node:50640) [DEP0040] DeprecationWarning: The `punycode` module is deprecated. Please use a userland alternative instead.
linux-portability (ubuntu-24.04-arm)	Retain platform evidence	2026-09-20T19:58:28.4747713Z (Use `node --trace-deprecation ...` to show where the warning was created)
linux-portability (ubuntu-24.04-arm)	Retain platform evidence	2026-09-20T19:58:28.4890410Z With the provided path, there will be 9 files uploaded
linux-portability (ubuntu-24.04-arm)	Retain platform evidence	2026-09-20T19:58:28.4890917Z Artifact name is valid!
linux-portability (ubuntu-24.04-arm)	Retain platform evidence	2026-09-20T19:58:28.4891160Z Root directory input is valid!
linux-portability (ubuntu-24.04-arm)	Retain platform evidence	2026-09-20T19:58:28.6788510Z Beginning upload of artifact content to blob storage
linux-portability (ubuntu-24.04-arm)	Retain platform evidence	2026-09-20T19:58:28.7150745Z (node:50640) [DEP0169] DeprecationWarning: `url.parse()` behavior is not standardized and prone to errors that have security implications. Use the WHATWG URL API instead. CVEs are not issued for `url.parse()` vulnerabilities.
linux-portability (ubuntu-24.04-arm)	Retain platform evidence	2026-09-20T19:58:28.7528826Z Uploaded bytes 99271
linux-portability (ubuntu-24.04-arm)	Retain platform evidence	2026-09-20T19:58:28.7683366Z Finished uploading artifact content to blob storage!
linux-portability (ubuntu-24.04-arm)	Retain platform evidence	2026-09-20T19:58:28.7684095Z SHA256 digest of uploaded artifact zip is 0423b1837ae59147af0bcde36db1b6a3256ce721550473aada21769496dbb9d6
linux-portability (ubuntu-24.04-arm)	Retain platform evidence	2026-09-20T19:58:28.7685407Z Finalizing artifact upload
linux-portability (ubuntu-24.04-arm)	Retain platform evidence	2026-09-20T19:58:28.9884890Z Artifact portability-ubuntu-24.04-arm.zip successfully finalized. Artifact ID 10611498624
linux-portability (ubuntu-24.04-arm)	Retain platform evidence	2026-09-20T19:58:28.9885777Z Artifact portability-ubuntu-24.04-arm has been successfully uploaded! Final size is 99271 bytes. Artifact ID is 10611498624
linux-portability (ubuntu-24.04-arm)	Retain platform evidence	2026-09-20T19:58:28.9888291Z Artifact download URL: https://github.com/francescotinti/rawk/actions/runs/35533876697/artifacts/10611498624
linux-portability (ubuntu-24.04-arm)	Post Run actions/checkout@11bd71901bbe5b1630ceea73d27597364c9af683	﻿2026-09-20T19:58:29.0097276Z Node 20 is being deprecated. This workflow is running with Node 24 by default. If you need to temporarily use Node 20, you can set the ACTIONS_ALLOW_USE_UNSECURE_NODE_VERSION=true environment variable. For more information see: https://github.blog/changelog/2025-09-19-deprecation-of-node-20-on-github-actions-runners/
linux-portability (ubuntu-24.04-arm)	Post Run actions/checkout@11bd71901bbe5b1630ceea73d27597364c9af683	2026-09-20T19:58:29.0098535Z Post job cleanup.
linux-portability (ubuntu-24.04-arm)	Post Run actions/checkout@11bd71901bbe5b1630ceea73d27597364c9af683	2026-09-20T19:58:29.0809198Z [command]/usr/bin/git version
linux-portability (ubuntu-24.04-arm)	Post Run actions/checkout@11bd71901bbe5b1630ceea73d27597364c9af683	2026-09-20T19:58:29.0844796Z git version 2.55.0
linux-portability (ubuntu-24.04-arm)	Post Run actions/checkout@11bd71901bbe5b1630ceea73d27597364c9af683	2026-09-20T19:58:29.0878515Z Temporarily overriding HOME='/home/runner/work/_temp/3acfcaa2-0026-4361-ab5b-92edfaa23bbd' before making global git config changes
linux-portability (ubuntu-24.04-arm)	Post Run actions/checkout@11bd71901bbe5b1630ceea73d27597364c9af683	2026-09-20T19:58:29.0879246Z Adding repository directory to the temporary git global config as a safe directory
linux-portability (ubuntu-24.04-arm)	Post Run actions/checkout@11bd71901bbe5b1630ceea73d27597364c9af683	2026-09-20T19:58:29.0883199Z [command]/usr/bin/git config --global --add safe.directory /home/runner/work/rawk/rawk/rawk
linux-portability (ubuntu-24.04-arm)	Post Run actions/checkout@11bd71901bbe5b1630ceea73d27597364c9af683	2026-09-20T19:58:29.0916070Z [command]/usr/bin/git config --local --name-only --get-regexp core\.sshCommand
linux-portability (ubuntu-24.04-arm)	Post Run actions/checkout@11bd71901bbe5b1630ceea73d27597364c9af683	2026-09-20T19:58:29.0949935Z [command]/usr/bin/git submodule foreach --recursive sh -c "git config --local --name-only --get-regexp 'core\.sshCommand' && git config --local --unset-all 'core.sshCommand' || :"
linux-portability (ubuntu-24.04-arm)	Post Run actions/checkout@11bd71901bbe5b1630ceea73d27597364c9af683	2026-09-20T19:58:29.1104957Z [command]/usr/bin/git config --local --name-only --get-regexp http\.https\:\/\/github\.com\/\.extraheader
linux-portability (ubuntu-24.04-arm)	Post Run actions/checkout@11bd71901bbe5b1630ceea73d27597364c9af683	2026-09-20T19:58:29.1124594Z http.https://github.com/.extraheader
linux-portability (ubuntu-24.04-arm)	Post Run actions/checkout@11bd71901bbe5b1630ceea73d27597364c9af683	2026-09-20T19:58:29.1141686Z [command]/usr/bin/git config --local --unset-all http.https://github.com/.extraheader
linux-portability (ubuntu-24.04-arm)	Post Run actions/checkout@11bd71901bbe5b1630ceea73d27597364c9af683	2026-09-20T19:58:29.1197163Z [command]/usr/bin/git submodule foreach --recursive sh -c "git config --local --name-only --get-regexp 'http\.https\:\/\/github\.com\/\.extraheader' && git config --local --unset-all 'http.https://github.com/.extraheader' || :"
linux-portability (ubuntu-24.04-arm)	Complete job	﻿2026-09-20T19:58:29.1482579Z Cleaning up orphan processes
linux-portability (ubuntu-24.04-arm)	Complete job	2026-09-20T19:58:29.2007081Z ##[warning]Node.js 20 is deprecated. The following actions target Node.js 20 but are being forced to run on Node.js 24: actions/checkout@11bd71901bbe5b1630ceea73d27597364c9af683, actions/upload-artifact@ea165f8d65b6e75b540449e92b4886f43607fa02. For more information see: https://github.blog/changelog/2025-09-19-deprecation-of-node-20-on-github-actions-runners/
compatibility (macos-15, arm64)	Set up job	﻿2026-09-20T19:55:42.9019890Z Current runner version: '2.337.0'
compatibility (macos-15, arm64)	Set up job	2026-09-20T19:55:42.9039030Z ##[group]Runner Image Provisioner
compatibility (macos-15, arm64)	Set up job	2026-09-20T19:55:42.9039650Z Hosted Compute Agent
compatibility (macos-15, arm64)	Set up job	2026-09-20T19:55:42.9040030Z Version: 20260828.587
compatibility (macos-15, arm64)	Set up job	2026-09-20T19:55:42.9040460Z Commit: abac92662cab4cc7352de4f9f9d2e2419aad9c29
compatibility (macos-15, arm64)	Set up job	2026-09-20T19:55:42.9040940Z Build Date: 2026-08-28T16:44:25Z
compatibility (macos-15, arm64)	Set up job	2026-09-20T19:55:42.9041400Z Worker ID: {410cda41-a24a-49a2-9d43-f421338c5108}
compatibility (macos-15, arm64)	Set up job	2026-09-20T19:55:42.9041860Z Azure Region: westus
compatibility (macos-15, arm64)	Set up job	2026-09-20T19:55:42.9042260Z ##[endgroup]
compatibility (macos-15, arm64)	Set up job	2026-09-20T19:55:42.9043190Z ##[group]Operating System
compatibility (macos-15, arm64)	Set up job	2026-09-20T19:55:42.9043600Z macOS
compatibility (macos-15, arm64)	Set up job	2026-09-20T19:55:42.9043940Z 15.7.9
compatibility (macos-15, arm64)	Set up job	2026-09-20T19:55:42.9044280Z 24G830
compatibility (macos-15, arm64)	Set up job	2026-09-20T19:55:42.9044620Z ##[endgroup]
compatibility (macos-15, arm64)	Set up job	2026-09-20T19:55:42.9044990Z ##[group]Runner Image
compatibility (macos-15, arm64)	Set up job	2026-09-20T19:55:42.9045390Z Image: macos-15-arm64
compatibility (macos-15, arm64)	Set up job	2026-09-20T19:55:42.9045760Z Version: 20260907.0337.1
compatibility (macos-15, arm64)	Set up job	2026-09-20T19:55:42.9046520Z Included Software: https://github.com/actions/runner-images/blob/macos-15-arm64/20260907.0337/images/macos/macos-15-arm64-Readme.md
compatibility (macos-15, arm64)	Set up job	2026-09-20T19:55:42.9047690Z Image Release: https://github.com/actions/runner-images/releases/tag/macos-15-arm64%2F20260907.0337
compatibility (macos-15, arm64)	Set up job	2026-09-20T19:55:42.9048370Z ##[endgroup]
compatibility (macos-15, arm64)	Set up job	2026-09-20T19:55:42.9049130Z ##[group]GITHUB_TOKEN Permissions
compatibility (macos-15, arm64)	Set up job	2026-09-20T19:55:42.9050380Z Contents: read
compatibility (macos-15, arm64)	Set up job	2026-09-20T19:55:42.9050750Z Metadata: read
compatibility (macos-15, arm64)	Set up job	2026-09-20T19:55:42.9051120Z ##[endgroup]
compatibility (macos-15, arm64)	Set up job	2026-09-20T19:55:42.9052610Z Secret source: Actions
compatibility (macos-15, arm64)	Set up job	2026-09-20T19:55:42.9053400Z Cache mode: write
compatibility (macos-15, arm64)	Set up job	2026-09-20T19:55:42.9053910Z Prepare workflow directory
compatibility (macos-15, arm64)	Set up job	2026-09-20T19:55:42.9513780Z Prepare all required actions
compatibility (macos-15, arm64)	Set up job	2026-09-20T19:55:42.9558500Z Getting action download info
compatibility (macos-15, arm64)	Set up job	2026-09-20T19:55:43.3926930Z Download action repository 'actions/checkout@11bd71901bbe5b1630ceea73d27597364c9af683' (SHA:11bd71901bbe5b1630ceea73d27597364c9af683)
compatibility (macos-15, arm64)	Set up job	2026-09-20T19:55:43.6683790Z Download action repository 'actions/upload-artifact@ea165f8d65b6e75b540449e92b4886f43607fa02' (SHA:ea165f8d65b6e75b540449e92b4886f43607fa02)
compatibility (macos-15, arm64)	Set up job	2026-09-20T19:55:43.8882950Z Complete job name: compatibility (macos-15, arm64)
compatibility (macos-15, arm64)	Run actions/checkout@11bd71901bbe5b1630ceea73d27597364c9af683	﻿2026-09-20T19:55:43.9386540Z Node 20 is being deprecated. This workflow is running with Node 24 by default. If you need to temporarily use Node 20, you can set the ACTIONS_ALLOW_USE_UNSECURE_NODE_VERSION=true environment variable. For more information see: https://github.blog/changelog/2025-09-19-deprecation-of-node-20-on-github-actions-runners/
compatibility (macos-15, arm64)	Run actions/checkout@11bd71901bbe5b1630ceea73d27597364c9af683	2026-09-20T19:55:43.9393920Z ##[group]Run actions/checkout@11bd71901bbe5b1630ceea73d27597364c9af683
compatibility (macos-15, arm64)	Run actions/checkout@11bd71901bbe5b1630ceea73d27597364c9af683	2026-09-20T19:55:43.9394590Z with:
compatibility (macos-15, arm64)	Run actions/checkout@11bd71901bbe5b1630ceea73d27597364c9af683	2026-09-20T19:55:43.9394910Z   path: rawk
compatibility (macos-15, arm64)	Run actions/checkout@11bd71901bbe5b1630ceea73d27597364c9af683	2026-09-20T19:55:43.9395250Z   repository: francescotinti/rawk
compatibility (macos-15, arm64)	Run actions/checkout@11bd71901bbe5b1630ceea73d27597364c9af683	2026-09-20T19:55:43.9397920Z   token: ***
compatibility (macos-15, arm64)	Run actions/checkout@11bd71901bbe5b1630ceea73d27597364c9af683	2026-09-20T19:55:43.9398310Z   ssh-strict: true
compatibility (macos-15, arm64)	Run actions/checkout@11bd71901bbe5b1630ceea73d27597364c9af683	2026-09-20T19:55:43.9398710Z   ssh-user: git
compatibility (macos-15, arm64)	Run actions/checkout@11bd71901bbe5b1630ceea73d27597364c9af683	2026-09-20T19:55:43.9399060Z   persist-credentials: true
compatibility (macos-15, arm64)	Run actions/checkout@11bd71901bbe5b1630ceea73d27597364c9af683	2026-09-20T19:55:43.9399420Z   clean: true
compatibility (macos-15, arm64)	Run actions/checkout@11bd71901bbe5b1630ceea73d27597364c9af683	2026-09-20T19:55:43.9399760Z   sparse-checkout-cone-mode: true
compatibility (macos-15, arm64)	Run actions/checkout@11bd71901bbe5b1630ceea73d27597364c9af683	2026-09-20T19:55:43.9400150Z   fetch-depth: 1
compatibility (macos-15, arm64)	Run actions/checkout@11bd71901bbe5b1630ceea73d27597364c9af683	2026-09-20T19:55:43.9400510Z   fetch-tags: false
compatibility (macos-15, arm64)	Run actions/checkout@11bd71901bbe5b1630ceea73d27597364c9af683	2026-09-20T19:55:43.9400910Z   show-progress: true
compatibility (macos-15, arm64)	Run actions/checkout@11bd71901bbe5b1630ceea73d27597364c9af683	2026-09-20T19:55:43.9401260Z   lfs: false
compatibility (macos-15, arm64)	Run actions/checkout@11bd71901bbe5b1630ceea73d27597364c9af683	2026-09-20T19:55:43.9401570Z   submodules: false
compatibility (macos-15, arm64)	Run actions/checkout@11bd71901bbe5b1630ceea73d27597364c9af683	2026-09-20T19:55:43.9401900Z   set-safe-directory: true
compatibility (macos-15, arm64)	Run actions/checkout@11bd71901bbe5b1630ceea73d27597364c9af683	2026-09-20T19:55:43.9402360Z env:
compatibility (macos-15, arm64)	Run actions/checkout@11bd71901bbe5b1630ceea73d27597364c9af683	2026-09-20T19:55:43.9402660Z   LC_ALL: C
compatibility (macos-15, arm64)	Run actions/checkout@11bd71901bbe5b1630ceea73d27597364c9af683	2026-09-20T19:55:43.9402960Z   CARGO_INCREMENTAL: 0
compatibility (macos-15, arm64)	Run actions/checkout@11bd71901bbe5b1630ceea73d27597364c9af683	2026-09-20T19:55:43.9403300Z   RUSTUP_TOOLCHAIN: 1.96.0
compatibility (macos-15, arm64)	Run actions/checkout@11bd71901bbe5b1630ceea73d27597364c9af683	2026-09-20T19:55:43.9403640Z ##[endgroup]
compatibility (macos-15, arm64)	Run actions/checkout@11bd71901bbe5b1630ceea73d27597364c9af683	2026-09-20T19:55:44.3477500Z Syncing repository: francescotinti/rawk
compatibility (macos-15, arm64)	Run actions/checkout@11bd71901bbe5b1630ceea73d27597364c9af683	2026-09-20T19:55:44.3479570Z ##[group]Getting Git version info
compatibility (macos-15, arm64)	Run actions/checkout@11bd71901bbe5b1630ceea73d27597364c9af683	2026-09-20T19:55:44.3480230Z Working directory is '/Users/runner/work/rawk/rawk/rawk'
compatibility (macos-15, arm64)	Run actions/checkout@11bd71901bbe5b1630ceea73d27597364c9af683	2026-09-20T19:55:44.3481780Z [command]/opt/homebrew/bin/git version
compatibility (macos-15, arm64)	Run actions/checkout@11bd71901bbe5b1630ceea73d27597364c9af683	2026-09-20T19:55:44.3966080Z git version 2.55.0
compatibility (macos-15, arm64)	Run actions/checkout@11bd71901bbe5b1630ceea73d27597364c9af683	2026-09-20T19:55:44.3977970Z ##[endgroup]
compatibility (macos-15, arm64)	Run actions/checkout@11bd71901bbe5b1630ceea73d27597364c9af683	2026-09-20T19:55:44.3986180Z Copying '/Users/runner/.gitconfig' to '/Users/runner/work/_temp/46df5f5e-de1e-4905-80d7-d8ff9ec4901b/.gitconfig'
compatibility (macos-15, arm64)	Run actions/checkout@11bd71901bbe5b1630ceea73d27597364c9af683	2026-09-20T19:55:44.3994070Z Temporarily overriding HOME='/Users/runner/work/_temp/46df5f5e-de1e-4905-80d7-d8ff9ec4901b' before making global git config changes
compatibility (macos-15, arm64)	Run actions/checkout@11bd71901bbe5b1630ceea73d27597364c9af683	2026-09-20T19:55:44.3996280Z Adding repository directory to the temporary git global config as a safe directory
compatibility (macos-15, arm64)	Run actions/checkout@11bd71901bbe5b1630ceea73d27597364c9af683	2026-09-20T19:55:44.3997540Z [command]/opt/homebrew/bin/git config --global --add safe.directory /Users/runner/work/rawk/rawk/rawk
compatibility (macos-15, arm64)	Run actions/checkout@11bd71901bbe5b1630ceea73d27597364c9af683	2026-09-20T19:55:44.4101570Z ##[group]Initializing the repository
compatibility (macos-15, arm64)	Run actions/checkout@11bd71901bbe5b1630ceea73d27597364c9af683	2026-09-20T19:55:44.4107540Z [command]/opt/homebrew/bin/git init /Users/runner/work/rawk/rawk/rawk
compatibility (macos-15, arm64)	Run actions/checkout@11bd71901bbe5b1630ceea73d27597364c9af683	2026-09-20T19:55:44.4319840Z hint: Using 'master' as the name for the initial branch. This default branch name
compatibility (macos-15, arm64)	Run actions/checkout@11bd71901bbe5b1630ceea73d27597364c9af683	2026-09-20T19:55:44.4320910Z hint: will change to "main" in Git 3.0. To configure the initial branch name
compatibility (macos-15, arm64)	Run actions/checkout@11bd71901bbe5b1630ceea73d27597364c9af683	2026-09-20T19:55:44.4321700Z hint: to use in all of your new repositories, which will suppress this warning,
compatibility (macos-15, arm64)	Run actions/checkout@11bd71901bbe5b1630ceea73d27597364c9af683	2026-09-20T19:55:44.4322370Z hint: call:
compatibility (macos-15, arm64)	Run actions/checkout@11bd71901bbe5b1630ceea73d27597364c9af683	2026-09-20T19:55:44.4322740Z hint:
compatibility (macos-15, arm64)	Run actions/checkout@11bd71901bbe5b1630ceea73d27597364c9af683	2026-09-20T19:55:44.4323200Z hint: 	git config --global init.defaultBranch <name>
compatibility (macos-15, arm64)	Run actions/checkout@11bd71901bbe5b1630ceea73d27597364c9af683	2026-09-20T19:55:44.4323750Z hint:
compatibility (macos-15, arm64)	Run actions/checkout@11bd71901bbe5b1630ceea73d27597364c9af683	2026-09-20T19:55:44.4324300Z hint: Names commonly chosen instead of 'master' are 'main', 'trunk' and
compatibility (macos-15, arm64)	Run actions/checkout@11bd71901bbe5b1630ceea73d27597364c9af683	2026-09-20T19:55:44.4325130Z hint: 'development'. The just-created branch can be renamed via this command:
compatibility (macos-15, arm64)	Run actions/checkout@11bd71901bbe5b1630ceea73d27597364c9af683	2026-09-20T19:55:44.4326170Z hint:
compatibility (macos-15, arm64)	Run actions/checkout@11bd71901bbe5b1630ceea73d27597364c9af683	2026-09-20T19:55:44.4326530Z hint: 	git branch -m <name>
compatibility (macos-15, arm64)	Run actions/checkout@11bd71901bbe5b1630ceea73d27597364c9af683	2026-09-20T19:55:44.4326940Z hint:
compatibility (macos-15, arm64)	Run actions/checkout@11bd71901bbe5b1630ceea73d27597364c9af683	2026-09-20T19:55:44.4327450Z hint: Disable this message with "git config set advice.defaultBranchName false"
compatibility (macos-15, arm64)	Run actions/checkout@11bd71901bbe5b1630ceea73d27597364c9af683	2026-09-20T19:55:44.4328230Z Initialized empty Git repository in /Users/runner/work/rawk/rawk/rawk/.git/
compatibility (macos-15, arm64)	Run actions/checkout@11bd71901bbe5b1630ceea73d27597364c9af683	2026-09-20T19:55:44.4331550Z [command]/opt/homebrew/bin/git remote add origin https://github.com/francescotinti/rawk
compatibility (macos-15, arm64)	Run actions/checkout@11bd71901bbe5b1630ceea73d27597364c9af683	2026-09-20T19:55:44.4408350Z ##[endgroup]
compatibility (macos-15, arm64)	Run actions/checkout@11bd71901bbe5b1630ceea73d27597364c9af683	2026-09-20T19:55:44.4409260Z ##[group]Disabling automatic garbage collection
compatibility (macos-15, arm64)	Run actions/checkout@11bd71901bbe5b1630ceea73d27597364c9af683	2026-09-20T19:55:44.4410190Z [command]/opt/homebrew/bin/git config --local gc.auto 0
compatibility (macos-15, arm64)	Run actions/checkout@11bd71901bbe5b1630ceea73d27597364c9af683	2026-09-20T19:55:44.4472270Z ##[endgroup]
compatibility (macos-15, arm64)	Run actions/checkout@11bd71901bbe5b1630ceea73d27597364c9af683	2026-09-20T19:55:44.4473070Z ##[group]Setting up auth
compatibility (macos-15, arm64)	Run actions/checkout@11bd71901bbe5b1630ceea73d27597364c9af683	2026-09-20T19:55:44.4477970Z [command]/opt/homebrew/bin/git config --local --name-only --get-regexp core\.sshCommand
compatibility (macos-15, arm64)	Run actions/checkout@11bd71901bbe5b1630ceea73d27597364c9af683	2026-09-20T19:55:44.4552990Z [command]/opt/homebrew/bin/git submodule foreach --recursive sh -c "git config --local --name-only --get-regexp 'core\.sshCommand' && git config --local --unset-all 'core.sshCommand' || :"
compatibility (macos-15, arm64)	Run actions/checkout@11bd71901bbe5b1630ceea73d27597364c9af683	2026-09-20T19:55:44.5824210Z [command]/opt/homebrew/bin/git config --local --name-only --get-regexp http\.https\:\/\/github\.com\/\.extraheader
compatibility (macos-15, arm64)	Run actions/checkout@11bd71901bbe5b1630ceea73d27597364c9af683	2026-09-20T19:55:44.5882860Z [command]/opt/homebrew/bin/git submodule foreach --recursive sh -c "git config --local --name-only --get-regexp 'http\.https\:\/\/github\.com\/\.extraheader' && git config --local --unset-all 'http.https://github.com/.extraheader' || :"
compatibility (macos-15, arm64)	Run actions/checkout@11bd71901bbe5b1630ceea73d27597364c9af683	2026-09-20T19:55:44.6786200Z [command]/opt/homebrew/bin/git config --local http.https://github.com/.extraheader AUTHORIZATION: basic ***
compatibility (macos-15, arm64)	Run actions/checkout@11bd71901bbe5b1630ceea73d27597364c9af683	2026-09-20T19:55:44.6874490Z ##[endgroup]
compatibility (macos-15, arm64)	Run actions/checkout@11bd71901bbe5b1630ceea73d27597364c9af683	2026-09-20T19:55:44.6875420Z ##[group]Fetching the repository
compatibility (macos-15, arm64)	Run actions/checkout@11bd71901bbe5b1630ceea73d27597364c9af683	2026-09-20T19:55:44.6881260Z [command]/opt/homebrew/bin/git -c protocol.version=2 fetch --no-tags --prune --no-recurse-submodules --depth=1 origin +0ed769d1b18e0b076d52cb8e926ce30d136e5ff6:refs/remotes/origin/master
compatibility (macos-15, arm64)	Run actions/checkout@11bd71901bbe5b1630ceea73d27597364c9af683	2026-09-20T19:55:45.3793900Z From https://github.com/francescotinti/rawk
compatibility (macos-15, arm64)	Run actions/checkout@11bd71901bbe5b1630ceea73d27597364c9af683	2026-09-20T19:55:45.3795230Z  * [new ref]         0ed769d1b18e0b076d52cb8e926ce30d136e5ff6 -> origin/master
compatibility (macos-15, arm64)	Run actions/checkout@11bd71901bbe5b1630ceea73d27597364c9af683	2026-09-20T19:55:45.3797860Z ##[endgroup]
compatibility (macos-15, arm64)	Run actions/checkout@11bd71901bbe5b1630ceea73d27597364c9af683	2026-09-20T19:55:45.3798830Z ##[group]Determining the checkout info
compatibility (macos-15, arm64)	Run actions/checkout@11bd71901bbe5b1630ceea73d27597364c9af683	2026-09-20T19:55:45.3799860Z ##[endgroup]
compatibility (macos-15, arm64)	Run actions/checkout@11bd71901bbe5b1630ceea73d27597364c9af683	2026-09-20T19:55:45.3802880Z [command]/opt/homebrew/bin/git sparse-checkout disable
compatibility (macos-15, arm64)	Run actions/checkout@11bd71901bbe5b1630ceea73d27597364c9af683	2026-09-20T19:55:45.3890890Z [command]/opt/homebrew/bin/git config --local --unset-all extensions.worktreeConfig
compatibility (macos-15, arm64)	Run actions/checkout@11bd71901bbe5b1630ceea73d27597364c9af683	2026-09-20T19:55:45.3972710Z ##[group]Checking out the ref
compatibility (macos-15, arm64)	Run actions/checkout@11bd71901bbe5b1630ceea73d27597364c9af683	2026-09-20T19:55:45.3976510Z [command]/opt/homebrew/bin/git checkout --progress --force -B master refs/remotes/origin/master
compatibility (macos-15, arm64)	Run actions/checkout@11bd71901bbe5b1630ceea73d27597364c9af683	2026-09-20T19:55:45.5951340Z Reset branch 'master'
compatibility (macos-15, arm64)	Run actions/checkout@11bd71901bbe5b1630ceea73d27597364c9af683	2026-09-20T19:55:45.5987040Z branch 'master' set up to track 'origin/master'.
compatibility (macos-15, arm64)	Run actions/checkout@11bd71901bbe5b1630ceea73d27597364c9af683	2026-09-20T19:55:45.6016420Z ##[endgroup]
compatibility (macos-15, arm64)	Run actions/checkout@11bd71901bbe5b1630ceea73d27597364c9af683	2026-09-20T19:55:45.6357070Z [command]/opt/homebrew/bin/git log -1 --format=%H
compatibility (macos-15, arm64)	Run actions/checkout@11bd71901bbe5b1630ceea73d27597364c9af683	2026-09-20T19:55:45.6432680Z 0ed769d1b18e0b076d52cb8e926ce30d136e5ff6
compatibility (macos-15, arm64)	Install pinned Rust toolchain	﻿2026-09-20T19:55:45.7273090Z ##[group]Run rustup toolchain install 1.96.0 --profile minimal --component rustfmt --component clippy
compatibility (macos-15, arm64)	Install pinned Rust toolchain	2026-09-20T19:55:45.7276880Z [36;1mrustup toolchain install 1.96.0 --profile minimal --component rustfmt --component clippy[0m
compatibility (macos-15, arm64)	Install pinned Rust toolchain	2026-09-20T19:55:45.7340150Z shell: /bin/bash -e {0}
compatibility (macos-15, arm64)	Install pinned Rust toolchain	2026-09-20T19:55:45.7342110Z env:
compatibility (macos-15, arm64)	Install pinned Rust toolchain	2026-09-20T19:55:45.7343160Z   LC_ALL: C
compatibility (macos-15, arm64)	Install pinned Rust toolchain	2026-09-20T19:55:45.7343900Z   CARGO_INCREMENTAL: 0
compatibility (macos-15, arm64)	Install pinned Rust toolchain	2026-09-20T19:55:45.7344810Z   RUSTUP_TOOLCHAIN: 1.96.0
compatibility (macos-15, arm64)	Install pinned Rust toolchain	2026-09-20T19:55:45.7345660Z ##[endgroup]
compatibility (macos-15, arm64)	Install pinned Rust toolchain	2026-09-20T19:55:45.8576020Z info: syncing channel updates for 1.96.0-aarch64-apple-darwin
compatibility (macos-15, arm64)	Install pinned Rust toolchain	2026-09-20T19:55:46.1553860Z info: latest update on 2026-05-28 for version 1.96.0 (ac68faa20 2026-05-25)
compatibility (macos-15, arm64)	Install pinned Rust toolchain	2026-09-20T19:55:46.1561120Z info: downloading 5 components
compatibility (macos-15, arm64)	Install pinned Rust toolchain	2026-09-20T19:55:54.2973670Z 
compatibility (macos-15, arm64)	Install pinned Rust toolchain	2026-09-20T19:55:54.6205040Z   1.96.0-aarch64-apple-darwin installed - rustc 1.96.0 (ac68faa20 2026-05-25)
compatibility (macos-15, arm64)	Install pinned Rust toolchain	2026-09-20T19:55:54.6209490Z info: self-update is disabled for this build of rustup
compatibility (macos-15, arm64)	Install pinned Rust toolchain	2026-09-20T19:55:54.6210280Z 
compatibility (macos-15, arm64)	Install pinned Rust toolchain	2026-09-20T19:55:54.6213050Z info: any updates to rustup will need to be fetched with your system package manager
compatibility (macos-15, arm64)	Build pinned original C oracle	﻿2026-09-20T19:55:54.6496000Z ##[group]Run git init ../c_awk
compatibility (macos-15, arm64)	Build pinned original C oracle	2026-09-20T19:55:54.6496380Z [36;1mgit init ../c_awk[0m
compatibility (macos-15, arm64)	Build pinned original C oracle	2026-09-20T19:55:54.6496930Z [36;1mgit -C ../c_awk remote add origin https://github.com/onetrueawk/awk.git[0m
compatibility (macos-15, arm64)	Build pinned original C oracle	2026-09-20T19:55:54.6497470Z [36;1mgit -C ../c_awk fetch --depth 1 origin 5739fd79bcfc75ba7526773d0cf634521f8aca3c[0m
compatibility (macos-15, arm64)	Build pinned original C oracle	2026-09-20T19:55:54.6498320Z [36;1mgit -C ../c_awk checkout --detach FETCH_HEAD[0m
compatibility (macos-15, arm64)	Build pinned original C oracle	2026-09-20T19:55:54.6498740Z [36;1mmake -C ../c_awk[0m
compatibility (macos-15, arm64)	Build pinned original C oracle	2026-09-20T19:55:54.6499070Z [36;1m../c_awk/a.out --version[0m
compatibility (macos-15, arm64)	Build pinned original C oracle	2026-09-20T19:55:54.6559000Z shell: /bin/bash -e {0}
compatibility (macos-15, arm64)	Build pinned original C oracle	2026-09-20T19:55:54.6559440Z env:
compatibility (macos-15, arm64)	Build pinned original C oracle	2026-09-20T19:55:54.6559760Z   LC_ALL: C
compatibility (macos-15, arm64)	Build pinned original C oracle	2026-09-20T19:55:54.6559970Z   CARGO_INCREMENTAL: 0
compatibility (macos-15, arm64)	Build pinned original C oracle	2026-09-20T19:55:54.6560300Z   RUSTUP_TOOLCHAIN: 1.96.0
compatibility (macos-15, arm64)	Build pinned original C oracle	2026-09-20T19:55:54.6560570Z ##[endgroup]
compatibility (macos-15, arm64)	Build pinned original C oracle	2026-09-20T19:55:54.7458500Z hint: Using 'master' as the name for the initial branch. This default branch name
compatibility (macos-15, arm64)	Build pinned original C oracle	2026-09-20T19:55:54.7487270Z hint: will change to "main" in Git 3.0. To configure the initial branch name
compatibility (macos-15, arm64)	Build pinned original C oracle	2026-09-20T19:55:54.7489250Z Initialized empty Git repository in /Users/runner/work/rawk/rawk/c_awk/.git/
compatibility (macos-15, arm64)	Build pinned original C oracle	2026-09-20T19:55:54.7493060Z hint: to use in all of your new repositories, which will suppress this warning,
compatibility (macos-15, arm64)	Build pinned original C oracle	2026-09-20T19:55:54.7495000Z hint: call:
compatibility (macos-15, arm64)	Build pinned original C oracle	2026-09-20T19:55:54.7495850Z hint:
compatibility (macos-15, arm64)	Build pinned original C oracle	2026-09-20T19:55:54.7496410Z hint: 	git config --global init.defaultBranch <name>
compatibility (macos-15, arm64)	Build pinned original C oracle	2026-09-20T19:55:54.7496950Z hint:
compatibility (macos-15, arm64)	Build pinned original C oracle	2026-09-20T19:55:54.7497600Z hint: Names commonly chosen instead of 'master' are 'main', 'trunk' and
compatibility (macos-15, arm64)	Build pinned original C oracle	2026-09-20T19:55:54.7498590Z hint: 'development'. The just-created branch can be renamed via this command:
compatibility (macos-15, arm64)	Build pinned original C oracle	2026-09-20T19:55:54.7499400Z hint:
compatibility (macos-15, arm64)	Build pinned original C oracle	2026-09-20T19:55:54.7499830Z hint: 	git branch -m <name>
compatibility (macos-15, arm64)	Build pinned original C oracle	2026-09-20T19:55:54.7500360Z hint:
compatibility (macos-15, arm64)	Build pinned original C oracle	2026-09-20T19:55:54.7500920Z hint: Disable this message with "git config set advice.defaultBranchName false"
compatibility (macos-15, arm64)	Build pinned original C oracle	2026-09-20T19:55:55.6079970Z From https://github.com/onetrueawk/awk
compatibility (macos-15, arm64)	Build pinned original C oracle	2026-09-20T19:55:55.6182200Z  * branch            5739fd79bcfc75ba7526773d0cf634521f8aca3c -> FETCH_HEAD
compatibility (macos-15, arm64)	Build pinned original C oracle	2026-09-20T19:55:55.7086240Z HEAD is now at 5739fd7 updated.
compatibility (macos-15, arm64)	Build pinned original C oracle	2026-09-20T19:55:57.1351230Z bison -d  awkgram.y
compatibility (macos-15, arm64)	Build pinned original C oracle	2026-09-20T19:55:57.7107630Z awkgram.y: conflicts: 44 shift/reduce, 85 reduce/reduce
compatibility (macos-15, arm64)	Build pinned original C oracle	2026-09-20T19:55:57.7748740Z cc -g -Wall -pedantic -Wcast-qual   -O2   -c -o awkgram.tab.o awkgram.tab.c
compatibility (macos-15, arm64)	Build pinned original C oracle	2026-09-20T19:55:59.2523730Z cc -g -Wall -pedantic -Wcast-qual   -O2   -c -o b.o b.c
compatibility (macos-15, arm64)	Build pinned original C oracle	2026-09-20T19:55:59.5566540Z cc -g -Wall -pedantic -Wcast-qual   -O2   -c -o main.o main.c
compatibility (macos-15, arm64)	Build pinned original C oracle	2026-09-20T19:55:59.6349890Z cc -g -Wall -pedantic -Wcast-qual   -O2   -c -o parse.o parse.c
compatibility (macos-15, arm64)	Build pinned original C oracle	2026-09-20T19:55:59.7216580Z cc -g -Wall -pedantic -Wcast-qual -O2 maketab.c -o maketab
compatibility (macos-15, arm64)	Build pinned original C oracle	2026-09-20T19:56:00.3077420Z ./maketab awkgram.tab.h >proctab.c
compatibility (macos-15, arm64)	Build pinned original C oracle	2026-09-20T19:56:00.3220900Z cc -g -Wall -pedantic -Wcast-qual   -O2   -c -o proctab.o proctab.c
compatibility (macos-15, arm64)	Build pinned original C oracle	2026-09-20T19:56:00.3802680Z cc -g -Wall -pedantic -Wcast-qual   -O2   -c -o tran.o tran.c
compatibility (macos-15, arm64)	Build pinned original C oracle	2026-09-20T19:56:00.5669660Z cc -g -Wall -pedantic -Wcast-qual   -O2   -c -o lib.o lib.c
compatibility (macos-15, arm64)	Build pinned original C oracle	2026-09-20T19:56:00.6586200Z lib.c:758:11: warning: a function declaration without a prototype is deprecated in all versions of C [-Wstrict-prototypes]
compatibility (macos-15, arm64)	Build pinned original C oracle	2026-09-20T19:56:00.6587320Z   758 | void error()
compatibility (macos-15, arm64)	Build pinned original C oracle	2026-09-20T19:56:00.6590590Z       |           ^
compatibility (macos-15, arm64)	Build pinned original C oracle	2026-09-20T19:56:00.6591120Z       |            void
compatibility (macos-15, arm64)	Build pinned original C oracle	2026-09-20T19:56:00.8571390Z 1 warning generated.
compatibility (macos-15, arm64)	Build pinned original C oracle	2026-09-20T19:56:00.8592620Z cc -g -Wall -pedantic -Wcast-qual   -O2   -c -o run.o run.c
compatibility (macos-15, arm64)	Build pinned original C oracle	2026-09-20T19:56:00.9860150Z run.c:1981:6: warning: variable 'unused' set but not used [-Wunused-but-set-variable]
compatibility (macos-15, arm64)	Build pinned original C oracle	2026-09-20T19:56:00.9865890Z  1981 |         int unused;
compatibility (macos-15, arm64)	Build pinned original C oracle	2026-09-20T19:56:00.9867550Z       |             ^
compatibility (macos-15, arm64)	Build pinned original C oracle	2026-09-20T19:56:01.5072320Z 1 warning generated.
compatibility (macos-15, arm64)	Build pinned original C oracle	2026-09-20T19:56:01.5175340Z cc -g -Wall -pedantic -Wcast-qual   -O2   -c -o lex.o lex.c
compatibility (macos-15, arm64)	Build pinned original C oracle	2026-09-20T19:56:01.7331110Z cc -g -Wall -pedantic -Wcast-qual   -O2 awkgram.tab.o b.o main.o parse.o proctab.o tran.o lib.o run.o lex.o   -lm
compatibility (macos-15, arm64)	Build pinned original C oracle	2026-09-20T19:56:01.8107440Z awk version 20260426
compatibility (macos-15, arm64)	Verify and record native Darwin environment	﻿2026-09-20T19:56:01.8283360Z ##[group]Run set -o pipefail
compatibility (macos-15, arm64)	Verify and record native Darwin environment	2026-09-20T19:56:01.8284400Z [36;1mset -o pipefail[0m
compatibility (macos-15, arm64)	Verify and record native Darwin environment	2026-09-20T19:56:01.8285710Z [36;1mbash scripts/darwin_native_environment.sh "arm64" 2>&1 | tee diary/darwin-environment-ci.log[0m
compatibility (macos-15, arm64)	Verify and record native Darwin environment	2026-09-20T19:56:01.8287450Z [36;1mpython3 scripts/format_platform_probe.py --output diary/format-platform-ci.json[0m
compatibility (macos-15, arm64)	Verify and record native Darwin environment	2026-09-20T19:56:01.8356540Z shell: /bin/bash -e {0}
compatibility (macos-15, arm64)	Verify and record native Darwin environment	2026-09-20T19:56:01.8356920Z env:
compatibility (macos-15, arm64)	Verify and record native Darwin environment	2026-09-20T19:56:01.8357280Z   LC_ALL: C
compatibility (macos-15, arm64)	Verify and record native Darwin environment	2026-09-20T19:56:01.8357600Z   CARGO_INCREMENTAL: 0
compatibility (macos-15, arm64)	Verify and record native Darwin environment	2026-09-20T19:56:01.8358030Z   RUSTUP_TOOLCHAIN: 1.96.0
compatibility (macos-15, arm64)	Verify and record native Darwin environment	2026-09-20T19:56:01.8358360Z ##[endgroup]
compatibility (macos-15, arm64)	Verify and record native Darwin environment	2026-09-20T19:56:01.9418960Z Darwin sjc22-bm207-5507f29b-6db8-4289-8984-2354d7bdaa79-A27D92418838.local 24.6.0 Darwin Kernel Version 24.6.0: Tue Jul 21 20:51:34 PDT 2026; root:xnu-11417.140.69.711.44~1/RELEASE_ARM64_VMAPPLE arm64
compatibility (macos-15, arm64)	Verify and record native Darwin environment	2026-09-20T19:56:01.9740180Z arm64ProductName:		macOS
compatibility (macos-15, arm64)	Verify and record native Darwin environment	2026-09-20T19:56:01.9778790Z ProductVersion:		15.7.9
compatibility (macos-15, arm64)	Verify and record native Darwin environment	2026-09-20T19:56:01.9779640Z BuildVersion:		24G830
compatibility (macos-15, arm64)	Verify and record native Darwin environment	2026-09-20T19:56:01.9780580Z sysctl.proc_translated=0
compatibility (macos-15, arm64)	Verify and record native Darwin environment	2026-09-20T19:56:01.9794780Z machdep.cpu.brand_string: Apple M1 (Virtual)
compatibility (macos-15, arm64)	Verify and record native Darwin environment	2026-09-20T19:56:01.9798800Z ImageOS=macos15 ImageVersion=20260907.0337.1
compatibility (macos-15, arm64)	Verify and record native Darwin environment	2026-09-20T19:56:02.0251250Z rustc 1.96.0 (ac68faa20 2026-05-25)
compatibility (macos-15, arm64)	Verify and record native Darwin environment	2026-09-20T19:56:02.0255030Z binary: rustc
compatibility (macos-15, arm64)	Verify and record native Darwin environment	2026-09-20T19:56:02.0255820Z commit-hash: ac68faa20c58cbccd01ee7208bf3b6e93a7d7f96
compatibility (macos-15, arm64)	Verify and record native Darwin environment	2026-09-20T19:56:02.0256860Z commit-date: 2026-05-25
compatibility (macos-15, arm64)	Verify and record native Darwin environment	2026-09-20T19:56:02.0257660Z host: aarch64-apple-darwin
compatibility (macos-15, arm64)	Verify and record native Darwin environment	2026-09-20T19:56:02.0258070Z release: 1.96.0
compatibility (macos-15, arm64)	Verify and record native Darwin environment	2026-09-20T19:56:02.0381960Z LLVM version: 22.1.2
compatibility (macos-15, arm64)	Verify and record native Darwin environment	2026-09-20T19:56:02.1512230Z cargo 1.96.0 (30a34c682 2026-05-25)
compatibility (macos-15, arm64)	Verify and record native Darwin environment	2026-09-20T19:56:02.1767190Z Apple clang version 17.0.0 (clang-1700.0.13.5)
compatibility (macos-15, arm64)	Verify and record native Darwin environment	2026-09-20T19:56:02.1767630Z Target: arm64-apple-darwin24.6.0
compatibility (macos-15, arm64)	Verify and record native Darwin environment	2026-09-20T19:56:02.1767990Z Thread model: posix
compatibility (macos-15, arm64)	Verify and record native Darwin environment	2026-09-20T19:56:02.1768490Z InstalledDir: /Applications/Xcode_16.4.app/Contents/Developer/Toolchains/XcodeDefault.xctoolchain/usr/bin
compatibility (macos-15, arm64)	Verify and record native Darwin environment	2026-09-20T19:56:02.2625490Z Python 3.14.7
compatibility (macos-15, arm64)	Verify and record native Darwin environment	2026-09-20T19:56:02.2708300Z fa_IR
compatibility (macos-15, arm64)	Verify and record native Darwin environment	2026-09-20T19:56:02.2712380Z ca_AD.UTF-8
compatibility (macos-15, arm64)	Verify and record native Darwin environment	2026-09-20T19:56:02.2716760Z en_NZ
compatibility (macos-15, arm64)	Verify and record native Darwin environment	2026-09-20T19:56:02.2727460Z en_SG.ISO8859-1
compatibility (macos-15, arm64)	Verify and record native Darwin environment	2026-09-20T19:56:02.2735790Z nl_NL.UTF-8
compatibility (macos-15, arm64)	Verify and record native Darwin environment	2026-09-20T19:56:02.2739690Z lv_LV.UTF-8
compatibility (macos-15, arm64)	Verify and record native Darwin environment	2026-09-20T19:56:02.2745710Z pt_BR.UTF-8
compatibility (macos-15, arm64)	Verify and record native Darwin environment	2026-09-20T19:56:02.2749920Z ca_FR.ISO8859-15
compatibility (macos-15, arm64)	Verify and record native Darwin environment	2026-09-20T19:56:02.2753390Z fr_CH.ISO8859-15
compatibility (macos-15, arm64)	Verify and record native Darwin environment	2026-09-20T19:56:02.2757230Z eu_ES.ISO8859-15
compatibility (macos-15, arm64)	Verify and record native Darwin environment	2026-09-20T19:56:02.2759110Z en_US.US-ASCII
compatibility (macos-15, arm64)	Verify and record native Darwin environment	2026-09-20T19:56:02.2759760Z af_ZA
compatibility (macos-15, arm64)	Verify and record native Darwin environment	2026-09-20T19:56:02.2762480Z bg_BG
compatibility (macos-15, arm64)	Verify and record native Darwin environment	2026-09-20T19:56:02.2764010Z en_IE.ISO8859-1
compatibility (macos-15, arm64)	Verify and record native Darwin environment	2026-09-20T19:56:02.2769640Z en_HK
compatibility (macos-15, arm64)	Verify and record native Darwin environment	2026-09-20T19:56:02.2772410Z es_MX.UTF-8
compatibility (macos-15, arm64)	Verify and record native Darwin environment	2026-09-20T19:56:02.2778260Z cs_CZ.UTF-8
compatibility (macos-15, arm64)	Verify and record native Darwin environment	2026-09-20T19:56:02.2779630Z fi_FI
compatibility (macos-15, arm64)	Verify and record native Darwin environment	2026-09-20T19:56:02.2787390Z zh_CN.UTF-8
compatibility (macos-15, arm64)	Verify and record native Darwin environment	2026-09-20T19:56:02.2789240Z eu_ES
compatibility (macos-15, arm64)	Verify and record native Darwin environment	2026-09-20T19:56:02.2794920Z sk_SK.ISO8859-2
compatibility (macos-15, arm64)	Verify and record native Darwin environment	2026-09-20T19:56:02.2799690Z nl_BE
compatibility (macos-15, arm64)	Verify and record native Darwin environment	2026-09-20T19:56:02.2801670Z fr_BE
compatibility (macos-15, arm64)	Verify and record native Darwin environment	2026-09-20T19:56:02.2805970Z sv_FI.UTF-8
compatibility (macos-15, arm64)	Verify and record native Darwin environment	2026-09-20T19:56:02.2806850Z sk_SK
compatibility (macos-15, arm64)	Verify and record native Darwin environment	2026-09-20T19:56:02.2811950Z se_NO.UTF-8
compatibility (macos-15, arm64)	Verify and record native Darwin environment	2026-09-20T19:56:02.2812490Z en_US.UTF-8
compatibility (macos-15, arm64)	Verify and record native Darwin environment	2026-09-20T19:56:02.2814810Z nb_NO.ISO8859-15
compatibility (macos-15, arm64)	Verify and record native Darwin environment	2026-09-20T19:56:02.2815410Z en_NZ.ISO8859-1
compatibility (macos-15, arm64)	Verify and record native Darwin environment	2026-09-20T19:56:02.2824130Z de_CH
compatibility (macos-15, arm64)	Verify and record native Darwin environment	2026-09-20T19:56:02.2827890Z sk_SK.UTF-8
compatibility (macos-15, arm64)	Verify and record native Darwin environment	2026-09-20T19:56:02.2901250Z de_DE.UTF-8
compatibility (macos-15, arm64)	Verify and record native Darwin environment	2026-09-20T19:56:02.2906960Z am_ET.UTF-8
compatibility (macos-15, arm64)	Verify and record native Darwin environment	2026-09-20T19:56:02.2908430Z zh_HK
compatibility (macos-15, arm64)	Verify and record native Darwin environment	2026-09-20T19:56:02.2915930Z be_BY.UTF-8
compatibility (macos-15, arm64)	Verify and record native Darwin environment	2026-09-20T19:56:02.2916310Z uk_UA
compatibility (macos-15, arm64)	Verify and record native Darwin environment	2026-09-20T19:56:02.2916620Z pt_PT.ISO8859-1
compatibility (macos-15, arm64)	Verify and record native Darwin environment	2026-09-20T19:56:02.2916970Z en_AU.US-ASCII
compatibility (macos-15, arm64)	Verify and record native Darwin environment	2026-09-20T19:56:02.2917300Z kk_KZ.PT154
compatibility (macos-15, arm64)	Verify and record native Darwin environment	2026-09-20T19:56:02.2917640Z en_US
compatibility (macos-15, arm64)	Verify and record native Darwin environment	2026-09-20T19:56:02.2917860Z en_ZA.UTF-8
compatibility (macos-15, arm64)	Verify and record native Darwin environment	2026-09-20T19:56:02.2918880Z ca_IT
compatibility (macos-15, arm64)	Verify and record native Darwin environment	2026-09-20T19:56:02.2919520Z nl_BE.ISO8859-15
compatibility (macos-15, arm64)	Verify and record native Darwin environment	2026-09-20T19:56:02.2920320Z fa_IR.UTF-8
compatibility (macos-15, arm64)	Verify and record native Darwin environment	2026-09-20T19:56:02.2920810Z de_AT.ISO8859-1
compatibility (macos-15, arm64)	Verify and record native Darwin environment	2026-09-20T19:56:02.2921530Z hr_HR.ISO8859-2
compatibility (macos-15, arm64)	Verify and record native Darwin environment	2026-09-20T19:56:02.2922080Z fr_FR.ISO8859-1
compatibility (macos-15, arm64)	Verify and record native Darwin environment	2026-09-20T19:56:02.2922900Z af_ZA.UTF-8
compatibility (macos-15, arm64)	Verify and record native Darwin environment	2026-09-20T19:56:02.2923420Z am_ET
compatibility (macos-15, arm64)	Verify and record native Darwin environment	2026-09-20T19:56:02.2924120Z sv_FI.ISO8859-1
compatibility (macos-15, arm64)	Verify and record native Darwin environment	2026-09-20T19:56:02.2924800Z fi_FI.ISO8859-1
compatibility (macos-15, arm64)	Verify and record native Darwin environment	2026-09-20T19:56:02.2926580Z ro_RO.UTF-8
compatibility (macos-15, arm64)	Verify and record native Darwin environment	2026-09-20T19:56:02.2926860Z ar_AE
compatibility (macos-15, arm64)	Verify and record native Darwin environment	2026-09-20T19:56:02.2927080Z af_ZA.ISO8859-15
compatibility (macos-15, arm64)	Verify and record native Darwin environment	2026-09-20T19:56:02.2927250Z en_NZ.UTF-8
compatibility (macos-15, arm64)	Verify and record native Darwin environment	2026-09-20T19:56:02.2927500Z fi_FI.UTF-8
compatibility (macos-15, arm64)	Verify and record native Darwin environment	2026-09-20T19:56:02.2927830Z hi_IN.UTF-8
compatibility (macos-15, arm64)	Verify and record native Darwin environment	2026-09-20T19:56:02.2928040Z C.UTF-8
compatibility (macos-15, arm64)	Verify and record native Darwin environment	2026-09-20T19:56:02.2928340Z hr_HR.UTF-8
compatibility (macos-15, arm64)	Verify and record native Darwin environment	2026-09-20T19:56:02.2928540Z da_DK.UTF-8
compatibility (macos-15, arm64)	Verify and record native Darwin environment	2026-09-20T19:56:02.2928810Z ca_ES.ISO8859-1
compatibility (macos-15, arm64)	Verify and record native Darwin environment	2026-09-20T19:56:02.2929040Z en_AU.ISO8859-15
compatibility (macos-15, arm64)	Verify and record native Darwin environment	2026-09-20T19:56:02.2929310Z ro_RO.ISO8859-2
compatibility (macos-15, arm64)	Verify and record native Darwin environment	2026-09-20T19:56:02.2929610Z de_AT.UTF-8
compatibility (macos-15, arm64)	Verify and record native Darwin environment	2026-09-20T19:56:02.2929780Z pt_PT.ISO8859-15
compatibility (macos-15, arm64)	Verify and record native Darwin environment	2026-09-20T19:56:02.2930090Z sv_SE
compatibility (macos-15, arm64)	Verify and record native Darwin environment	2026-09-20T19:56:02.2930290Z fr_CA.ISO8859-1
compatibility (macos-15, arm64)	Verify and record native Darwin environment	2026-09-20T19:56:02.2930480Z fr_BE.ISO8859-1
compatibility (macos-15, arm64)	Verify and record native Darwin environment	2026-09-20T19:56:02.2930650Z en_US.ISO8859-15
compatibility (macos-15, arm64)	Verify and record native Darwin environment	2026-09-20T19:56:02.2931270Z it_CH.ISO8859-1
compatibility (macos-15, arm64)	Verify and record native Darwin environment	2026-09-20T19:56:02.2931770Z en_NZ.ISO8859-15
compatibility (macos-15, arm64)	Verify and record native Darwin environment	2026-09-20T19:56:02.2932350Z en_AU.UTF-8
compatibility (macos-15, arm64)	Verify and record native Darwin environment	2026-09-20T19:56:02.2936680Z ar_MA
compatibility (macos-15, arm64)	Verify and record native Darwin environment	2026-09-20T19:56:02.2936890Z lv_LV.ISO8859-13
compatibility (macos-15, arm64)	Verify and record native Darwin environment	2026-09-20T19:56:02.2937610Z de_AT.ISO8859-15
compatibility (macos-15, arm64)	Verify and record native Darwin environment	2026-09-20T19:56:02.2938190Z af_ZA.ISO8859-1
compatibility (macos-15, arm64)	Verify and record native Darwin environment	2026-09-20T19:56:02.2940790Z hu_HU.UTF-8
compatibility (macos-15, arm64)	Verify and record native Darwin environment	2026-09-20T19:56:02.2942380Z ca_AD.ISO8859-1
compatibility (macos-15, arm64)	Verify and record native Darwin environment	2026-09-20T19:56:02.2945260Z et_EE.UTF-8
compatibility (macos-15, arm64)	Verify and record native Darwin environment	2026-09-20T19:56:02.2947130Z es_AR.ISO8859-1
compatibility (macos-15, arm64)	Verify and record native Darwin environment	2026-09-20T19:56:02.2955930Z he_IL.UTF-8
compatibility (macos-15, arm64)	Verify and record native Darwin environment	2026-09-20T19:56:02.2960310Z uk_UA.KOI8-U
compatibility (macos-15, arm64)	Verify and record native Darwin environment	2026-09-20T19:56:02.2961820Z uk_UA.CP1251
compatibility (macos-15, arm64)	Verify and record native Darwin environment	2026-09-20T19:56:02.2963390Z be_BY
compatibility (macos-15, arm64)	Verify and record native Darwin environment	2026-09-20T19:56:02.2963830Z kk_KZ
compatibility (macos-15, arm64)	Verify and record native Darwin environment	2026-09-20T19:56:02.2964350Z hu_HU.ISO8859-2
compatibility (macos-15, arm64)	Verify and record native Darwin environment	2026-09-20T19:56:02.2964830Z it_CH
compatibility (macos-15, arm64)	Verify and record native Darwin environment	2026-09-20T19:56:02.2965350Z pt_BR
compatibility (macos-15, arm64)	Verify and record native Darwin environment	2026-09-20T19:56:02.2966760Z ko_KR
compatibility (macos-15, arm64)	Verify and record native Darwin environment	2026-09-20T19:56:02.2967990Z it_IT
compatibility (macos-15, arm64)	Verify and record native Darwin environment	2026-09-20T19:56:02.2969670Z fr_BE.UTF-8
compatibility (macos-15, arm64)	Verify and record native Darwin environment	2026-09-20T19:56:02.2971360Z ru_RU.ISO8859-5
compatibility (macos-15, arm64)	Verify and record native Darwin environment	2026-09-20T19:56:02.2974810Z et_EE.ISO8859-1
compatibility (macos-15, arm64)	Verify and record native Darwin environment	2026-09-20T19:56:02.2975800Z se_FI.UTF-8
compatibility (macos-15, arm64)	Verify and record native Darwin environment	2026-09-20T19:56:02.2976700Z zh_TW
compatibility (macos-15, arm64)	Verify and record native Darwin environment	2026-09-20T19:56:02.2977170Z es_CR
compatibility (macos-15, arm64)	Verify and record native Darwin environment	2026-09-20T19:56:02.2977800Z sr_RS
compatibility (macos-15, arm64)	Verify and record native Darwin environment	2026-09-20T19:56:02.2978620Z nb_NO
compatibility (macos-15, arm64)	Verify and record native Darwin environment	2026-09-20T19:56:02.2982830Z zh_CN.GB2312
compatibility (macos-15, arm64)	Verify and record native Darwin environment	2026-09-20T19:56:02.2985540Z no_NO.ISO8859-15
compatibility (macos-15, arm64)	Verify and record native Darwin environment	2026-09-20T19:56:02.2987720Z ar_JO
compatibility (macos-15, arm64)	Verify and record native Darwin environment	2026-09-20T19:56:02.2988350Z sv_FI.ISO8859-15
compatibility (macos-15, arm64)	Verify and record native Darwin environment	2026-09-20T19:56:02.2988980Z ca_AD
compatibility (macos-15, arm64)	Verify and record native Darwin environment	2026-09-20T19:56:02.2989440Z de_DE.ISO8859-15
compatibility (macos-15, arm64)	Verify and record native Darwin environment	2026-09-20T19:56:02.2990120Z en_IN.UTF-8
compatibility (macos-15, arm64)	Verify and record native Darwin environment	2026-09-20T19:56:02.2991300Z en_CA
compatibility (macos-15, arm64)	Verify and record native Darwin environment	2026-09-20T19:56:02.2993470Z fr_CH.UTF-8
compatibility (macos-15, arm64)	Verify and record native Darwin environment	2026-09-20T19:56:02.2995220Z sl_SI.UTF-8
compatibility (macos-15, arm64)	Verify and record native Darwin environment	2026-09-20T19:56:02.2997310Z uk_UA.ISO8859-5
compatibility (macos-15, arm64)	Verify and record native Darwin environment	2026-09-20T19:56:02.3005460Z pt_PT
compatibility (macos-15, arm64)	Verify and record native Darwin environment	2026-09-20T19:56:02.3008390Z hr_HR
compatibility (macos-15, arm64)	Verify and record native Darwin environment	2026-09-20T19:56:02.3009260Z cs_CZ
compatibility (macos-15, arm64)	Verify and record native Darwin environment	2026-09-20T19:56:02.3017250Z ca_FR.UTF-8
compatibility (macos-15, arm64)	Verify and record native Darwin environment	2026-09-20T19:56:02.3019360Z fr_CH
compatibility (macos-15, arm64)	Verify and record native Darwin environment	2026-09-20T19:56:02.3025320Z he_IL
compatibility (macos-15, arm64)	Verify and record native Darwin environment	2026-09-20T19:56:02.3026210Z en_HK.ISO8859-1
compatibility (macos-15, arm64)	Verify and record native Darwin environment	2026-09-20T19:56:02.3027140Z zh_CN.GBK
compatibility (macos-15, arm64)	Verify and record native Darwin environment	2026-09-20T19:56:02.3029970Z zh_CN.GB18030
compatibility (macos-15, arm64)	Verify and record native Darwin environment	2026-09-20T19:56:02.3032650Z fr_CA
compatibility (macos-15, arm64)	Verify and record native Darwin environment	2026-09-20T19:56:02.3035840Z en_IE.ISO8859-15
compatibility (macos-15, arm64)	Verify and record native Darwin environment	2026-09-20T19:56:02.3038730Z pl_PL.UTF-8
compatibility (macos-15, arm64)	Verify and record native Darwin environment	2026-09-20T19:56:02.3041680Z ja_JP.SJIS
compatibility (macos-15, arm64)	Verify and record native Darwin environment	2026-09-20T19:56:02.3044110Z hi_IN
compatibility (macos-15, arm64)	Verify and record native Darwin environment	2026-09-20T19:56:02.3044390Z sr_YU.ISO8859-5
compatibility (macos-15, arm64)	Verify and record native Darwin environment	2026-09-20T19:56:02.3047460Z be_BY.CP1251
compatibility (macos-15, arm64)	Verify and record native Darwin environment	2026-09-20T19:56:02.3049820Z sr_YU.ISO8859-2
compatibility (macos-15, arm64)	Verify and record native Darwin environment	2026-09-20T19:56:02.3050160Z sv_SE.UTF-8
compatibility (macos-15, arm64)	Verify and record native Darwin environment	2026-09-20T19:56:02.3050440Z se_NO
compatibility (macos-15, arm64)	Verify and record native Darwin environment	2026-09-20T19:56:02.3050700Z sr_YU.UTF-8
compatibility (macos-15, arm64)	Verify and record native Darwin environment	2026-09-20T19:56:02.3055650Z de_CH.UTF-8
compatibility (macos-15, arm64)	Verify and record native Darwin environment	2026-09-20T19:56:02.3059450Z sl_SI
compatibility (macos-15, arm64)	Verify and record native Darwin environment	2026-09-20T19:56:02.3059780Z ar_QA
compatibility (macos-15, arm64)	Verify and record native Darwin environment	2026-09-20T19:56:02.3060070Z en_IN
compatibility (macos-15, arm64)	Verify and record native Darwin environment	2026-09-20T19:56:02.3060460Z pt_PT.UTF-8
compatibility (macos-15, arm64)	Verify and record native Darwin environment	2026-09-20T19:56:02.3067570Z ro_RO
compatibility (macos-15, arm64)	Verify and record native Darwin environment	2026-09-20T19:56:02.3067900Z en_NZ.US-ASCII
compatibility (macos-15, arm64)	Verify and record native Darwin environment	2026-09-20T19:56:02.3068180Z ja_JP
compatibility (macos-15, arm64)	Verify and record native Darwin environment	2026-09-20T19:56:02.3068430Z zh_CN
compatibility (macos-15, arm64)	Verify and record native Darwin environment	2026-09-20T19:56:02.3068680Z fr_CH.ISO8859-1
compatibility (macos-15, arm64)	Verify and record native Darwin environment	2026-09-20T19:56:02.3068960Z ko_KR.eucKR
compatibility (macos-15, arm64)	Verify and record native Darwin environment	2026-09-20T19:56:02.3072020Z nn_NO.ISO8859-1
compatibility (macos-15, arm64)	Verify and record native Darwin environment	2026-09-20T19:56:02.3072310Z be_BY.ISO8859-5
compatibility (macos-15, arm64)	Verify and record native Darwin environment	2026-09-20T19:56:02.3086150Z nl_NL.ISO8859-15
compatibility (macos-15, arm64)	Verify and record native Darwin environment	2026-09-20T19:56:02.3088640Z en_GB.ISO8859-1
compatibility (macos-15, arm64)	Verify and record native Darwin environment	2026-09-20T19:56:02.3089150Z en_CA.US-ASCII
compatibility (macos-15, arm64)	Verify and record native Darwin environment	2026-09-20T19:56:02.3089300Z nb_NO.UTF-8
compatibility (macos-15, arm64)	Verify and record native Darwin environment	2026-09-20T19:56:02.3089460Z ca_FR.ISO8859-1
compatibility (macos-15, arm64)	Verify and record native Darwin environment	2026-09-20T19:56:02.3089600Z is_IS.ISO8859-1
compatibility (macos-15, arm64)	Verify and record native Darwin environment	2026-09-20T19:56:02.3089740Z ru_RU.CP866
compatibility (macos-15, arm64)	Verify and record native Darwin environment	2026-09-20T19:56:02.3090010Z nl_NL
compatibility (macos-15, arm64)	Verify and record native Darwin environment	2026-09-20T19:56:02.3090160Z ca_IT.ISO8859-15
compatibility (macos-15, arm64)	Verify and record native Darwin environment	2026-09-20T19:56:02.3090610Z se_FI
compatibility (macos-15, arm64)	Verify and record native Darwin environment	2026-09-20T19:56:02.3090730Z fr_CA.ISO8859-15
compatibility (macos-15, arm64)	Verify and record native Darwin environment	2026-09-20T19:56:02.3090910Z sv_SE.ISO8859-15
compatibility (macos-15, arm64)	Verify and record native Darwin environment	2026-09-20T19:56:02.3091070Z hy_AM
compatibility (macos-15, arm64)	Verify and record native Darwin environment	2026-09-20T19:56:02.3091200Z es_MX.ISO8859-1
compatibility (macos-15, arm64)	Verify and record native Darwin environment	2026-09-20T19:56:02.3091360Z ar_JO.UTF-8
compatibility (macos-15, arm64)	Verify and record native Darwin environment	2026-09-20T19:56:02.3091520Z en_CA.ISO8859-15
compatibility (macos-15, arm64)	Verify and record native Darwin environment	2026-09-20T19:56:02.3091680Z en_US.ISO8859-1
compatibility (macos-15, arm64)	Verify and record native Darwin environment	2026-09-20T19:56:02.3091830Z zh_TW.Big5
compatibility (macos-15, arm64)	Verify and record native Darwin environment	2026-09-20T19:56:02.3092000Z ca_ES.UTF-8
compatibility (macos-15, arm64)	Verify and record native Darwin environment	2026-09-20T19:56:02.3092140Z ru_RU.CP1251
compatibility (macos-15, arm64)	Verify and record native Darwin environment	2026-09-20T19:56:02.3092290Z en_GB.UTF-8
compatibility (macos-15, arm64)	Verify and record native Darwin environment	2026-09-20T19:56:02.3092450Z ar_AE.UTF-8
compatibility (macos-15, arm64)	Verify and record native Darwin environment	2026-09-20T19:56:02.3092600Z sr_RS.ISO8859-5
compatibility (macos-15, arm64)	Verify and record native Darwin environment	2026-09-20T19:56:02.3092830Z en_GB.US-ASCII
compatibility (macos-15, arm64)	Verify and record native Darwin environment	2026-09-20T19:56:02.3093010Z ru_RU.UTF-8
compatibility (macos-15, arm64)	Verify and record native Darwin environment	2026-09-20T19:56:02.3093180Z sr_RS.UTF-8
compatibility (macos-15, arm64)	Verify and record native Darwin environment	2026-09-20T19:56:02.3093360Z eu_ES.UTF-8
compatibility (macos-15, arm64)	Verify and record native Darwin environment	2026-09-20T19:56:02.3093520Z es_ES.ISO8859-1
compatibility (macos-15, arm64)	Verify and record native Darwin environment	2026-09-20T19:56:02.3093670Z hu_HU
compatibility (macos-15, arm64)	Verify and record native Darwin environment	2026-09-20T19:56:02.3093800Z el_GR.ISO8859-7
compatibility (macos-15, arm64)	Verify and record native Darwin environment	2026-09-20T19:56:02.3093970Z en_AU
compatibility (macos-15, arm64)	Verify and record native Darwin environment	2026-09-20T19:56:02.3094160Z ar_SA
compatibility (macos-15, arm64)	Verify and record native Darwin environment	2026-09-20T19:56:02.3094330Z it_CH.UTF-8
compatibility (macos-15, arm64)	Verify and record native Darwin environment	2026-09-20T19:56:02.3094460Z en_GB
compatibility (macos-15, arm64)	Verify and record native Darwin environment	2026-09-20T19:56:02.3094590Z sl_SI.ISO8859-2
compatibility (macos-15, arm64)	Verify and record native Darwin environment	2026-09-20T19:56:02.3094740Z ru_RU.KOI8-R
compatibility (macos-15, arm64)	Verify and record native Darwin environment	2026-09-20T19:56:02.3094890Z ga_IE.UTF-8
compatibility (macos-15, arm64)	Verify and record native Darwin environment	2026-09-20T19:56:02.3095050Z ga_IE
compatibility (macos-15, arm64)	Verify and record native Darwin environment	2026-09-20T19:56:02.3095180Z nl_BE.UTF-8
compatibility (macos-15, arm64)	Verify and record native Darwin environment	2026-09-20T19:56:02.3095330Z et_EE
compatibility (macos-15, arm64)	Verify and record native Darwin environment	2026-09-20T19:56:02.3095470Z fr_FR.ISO8859-15
compatibility (macos-15, arm64)	Verify and record native Darwin environment	2026-09-20T19:56:02.3095690Z cs_CZ.ISO8859-2
compatibility (macos-15, arm64)	Verify and record native Darwin environment	2026-09-20T19:56:02.3095860Z es_MX
compatibility (macos-15, arm64)	Verify and record native Darwin environment	2026-09-20T19:56:02.3096350Z lt_LT.UTF-8
compatibility (macos-15, arm64)	Verify and record native Darwin environment	2026-09-20T19:56:02.3097890Z en_ZA
compatibility (macos-15, arm64)	Verify and record native Darwin environment	2026-09-20T19:56:02.3102980Z pl_PL.ISO8859-2
compatibility (macos-15, arm64)	Verify and record native Darwin environment	2026-09-20T19:56:02.3104930Z fr_BE.ISO8859-15
compatibility (macos-15, arm64)	Verify and record native Darwin environment	2026-09-20T19:56:02.3109130Z is_IS.UTF-8
compatibility (macos-15, arm64)	Verify and record native Darwin environment	2026-09-20T19:56:02.3111350Z tr_TR.ISO8859-9
compatibility (macos-15, arm64)	Verify and record native Darwin environment	2026-09-20T19:56:02.3115590Z da_DK.ISO8859-1
compatibility (macos-15, arm64)	Verify and record native Darwin environment	2026-09-20T19:56:02.3117920Z en_HK.UTF-8
compatibility (macos-15, arm64)	Verify and record native Darwin environment	2026-09-20T19:56:02.3119520Z en_ZA.ISO8859-1
compatibility (macos-15, arm64)	Verify and record native Darwin environment	2026-09-20T19:56:02.3121120Z lt_LT.ISO8859-4
compatibility (macos-15, arm64)	Verify and record native Darwin environment	2026-09-20T19:56:02.3122370Z lt_LT.ISO8859-13
compatibility (macos-15, arm64)	Verify and record native Darwin environment	2026-09-20T19:56:02.3122830Z en_SG
compatibility (macos-15, arm64)	Verify and record native Darwin environment	2026-09-20T19:56:02.3129200Z zh_TW.UTF-8
compatibility (macos-15, arm64)	Verify and record native Darwin environment	2026-09-20T19:56:02.3130100Z bg_BG.CP1251
compatibility (macos-15, arm64)	Verify and record native Darwin environment	2026-09-20T19:56:02.3132790Z el_GR.UTF-8
compatibility (macos-15, arm64)	Verify and record native Darwin environment	2026-09-20T19:56:02.3135220Z en_PH
compatibility (macos-15, arm64)	Verify and record native Darwin environment	2026-09-20T19:56:02.3135710Z be_BY.CP1131
compatibility (macos-15, arm64)	Verify and record native Darwin environment	2026-09-20T19:56:02.3136160Z ar_MA.UTF-8
compatibility (macos-15, arm64)	Verify and record native Darwin environment	2026-09-20T19:56:02.3136410Z da_DK.ISO8859-15
compatibility (macos-15, arm64)	Verify and record native Darwin environment	2026-09-20T19:56:02.3136680Z is_IS.ISO8859-15
compatibility (macos-15, arm64)	Verify and record native Darwin environment	2026-09-20T19:56:02.3136940Z no_NO.ISO8859-1
compatibility (macos-15, arm64)	Verify and record native Darwin environment	2026-09-20T19:56:02.3137430Z nl_NL.ISO8859-1
compatibility (macos-15, arm64)	Verify and record native Darwin environment	2026-09-20T19:56:02.3138120Z nl_BE.ISO8859-1
compatibility (macos-15, arm64)	Verify and record native Darwin environment	2026-09-20T19:56:02.3138610Z sv_SE.ISO8859-1
compatibility (macos-15, arm64)	Verify and record native Darwin environment	2026-09-20T19:56:02.3139130Z lv_LV
compatibility (macos-15, arm64)	Verify and record native Darwin environment	2026-09-20T19:56:02.3139350Z pt_BR.ISO8859-1
compatibility (macos-15, arm64)	Verify and record native Darwin environment	2026-09-20T19:56:02.3140170Z es_AR
compatibility (macos-15, arm64)	Verify and record native Darwin environment	2026-09-20T19:56:02.3141350Z zh_CN.eucCN
compatibility (macos-15, arm64)	Verify and record native Darwin environment	2026-09-20T19:56:02.3141800Z it_IT.UTF-8
compatibility (macos-15, arm64)	Verify and record native Darwin environment	2026-09-20T19:56:02.3142510Z en_CA.UTF-8
compatibility (macos-15, arm64)	Verify and record native Darwin environment	2026-09-20T19:56:02.3145430Z uk_UA.UTF-8
compatibility (macos-15, arm64)	Verify and record native Darwin environment	2026-09-20T19:56:02.3145800Z nn_NO.ISO8859-15
compatibility (macos-15, arm64)	Verify and record native Darwin environment	2026-09-20T19:56:02.3146400Z de_CH.ISO8859-15
compatibility (macos-15, arm64)	Verify and record native Darwin environment	2026-09-20T19:56:02.3146570Z ca_FR
compatibility (macos-15, arm64)	Verify and record native Darwin environment	2026-09-20T19:56:02.3147380Z de_DE.ISO8859-1
compatibility (macos-15, arm64)	Verify and record native Darwin environment	2026-09-20T19:56:02.3148540Z ca_ES
compatibility (macos-15, arm64)	Verify and record native Darwin environment	2026-09-20T19:56:02.3148890Z sr_YU
compatibility (macos-15, arm64)	Verify and record native Darwin environment	2026-09-20T19:56:02.3149280Z hy_AM.ARMSCII-8
compatibility (macos-15, arm64)	Verify and record native Darwin environment	2026-09-20T19:56:02.3149670Z ru_RU
compatibility (macos-15, arm64)	Verify and record native Darwin environment	2026-09-20T19:56:02.3150040Z zh_HK.UTF-8
compatibility (macos-15, arm64)	Verify and record native Darwin environment	2026-09-20T19:56:02.3150410Z eu_ES.ISO8859-1
compatibility (macos-15, arm64)	Verify and record native Darwin environment	2026-09-20T19:56:02.3152680Z is_IS
compatibility (macos-15, arm64)	Verify and record native Darwin environment	2026-09-20T19:56:02.3154040Z bg_BG.UTF-8
compatibility (macos-15, arm64)	Verify and record native Darwin environment	2026-09-20T19:56:02.3159090Z ja_JP.UTF-8
compatibility (macos-15, arm64)	Verify and record native Darwin environment	2026-09-20T19:56:02.3161230Z ar_EG
compatibility (macos-15, arm64)	Verify and record native Darwin environment	2026-09-20T19:56:02.3162610Z it_CH.ISO8859-15
compatibility (macos-15, arm64)	Verify and record native Darwin environment	2026-09-20T19:56:02.3163120Z fr_FR.UTF-8
compatibility (macos-15, arm64)	Verify and record native Darwin environment	2026-09-20T19:56:02.3166970Z mn_MN.UTF-8
compatibility (macos-15, arm64)	Verify and record native Darwin environment	2026-09-20T19:56:02.3168570Z mn_MN
compatibility (macos-15, arm64)	Verify and record native Darwin environment	2026-09-20T19:56:02.3169300Z ko_KR.UTF-8
compatibility (macos-15, arm64)	Verify and record native Darwin environment	2026-09-20T19:56:02.3171070Z et_EE.ISO8859-15
compatibility (macos-15, arm64)	Verify and record native Darwin environment	2026-09-20T19:56:02.3171800Z ar_QA.UTF-8
compatibility (macos-15, arm64)	Verify and record native Darwin environment	2026-09-20T19:56:02.3174690Z es_AR.UTF-8
compatibility (macos-15, arm64)	Verify and record native Darwin environment	2026-09-20T19:56:02.3175220Z nn_NO
compatibility (macos-15, arm64)	Verify and record native Darwin environment	2026-09-20T19:56:02.3175590Z en_ZA.ISO8859-15
compatibility (macos-15, arm64)	Verify and record native Darwin environment	2026-09-20T19:56:02.3176540Z kk_KZ.UTF-8
compatibility (macos-15, arm64)	Verify and record native Darwin environment	2026-09-20T19:56:02.3177440Z ca_ES.ISO8859-15
compatibility (macos-15, arm64)	Verify and record native Darwin environment	2026-09-20T19:56:02.3178710Z en_IE.UTF-8
compatibility (macos-15, arm64)	Verify and record native Darwin environment	2026-09-20T19:56:02.3179470Z ca_AD.ISO8859-15
compatibility (macos-15, arm64)	Verify and record native Darwin environment	2026-09-20T19:56:02.3181000Z es_ES
compatibility (macos-15, arm64)	Verify and record native Darwin environment	2026-09-20T19:56:02.3181730Z de_CH.ISO8859-1
compatibility (macos-15, arm64)	Verify and record native Darwin environment	2026-09-20T19:56:02.3182360Z nb_NO.ISO8859-1
compatibility (macos-15, arm64)	Verify and record native Darwin environment	2026-09-20T19:56:02.3183220Z en_ZA.US-ASCII
compatibility (macos-15, arm64)	Verify and record native Darwin environment	2026-09-20T19:56:02.3183830Z en_CA.ISO8859-1
compatibility (macos-15, arm64)	Verify and record native Darwin environment	2026-09-20T19:56:02.3184740Z es_ES.ISO8859-15
compatibility (macos-15, arm64)	Verify and record native Darwin environment	2026-09-20T19:56:02.3185580Z en_AU.ISO8859-1
compatibility (macos-15, arm64)	Verify and record native Darwin environment	2026-09-20T19:56:02.3186400Z el_GR
compatibility (macos-15, arm64)	Verify and record native Darwin environment	2026-09-20T19:56:02.3187080Z da_DK
compatibility (macos-15, arm64)	Verify and record native Darwin environment	2026-09-20T19:56:02.3190890Z no_NO
compatibility (macos-15, arm64)	Verify and record native Darwin environment	2026-09-20T19:56:02.3191390Z ar_EG.UTF-8
compatibility (macos-15, arm64)	Verify and record native Darwin environment	2026-09-20T19:56:02.3191930Z ca_IT.UTF-8
compatibility (macos-15, arm64)	Verify and record native Darwin environment	2026-09-20T19:56:02.3192760Z it_IT.ISO8859-1
compatibility (macos-15, arm64)	Verify and record native Darwin environment	2026-09-20T19:56:02.3193900Z en_IE
compatibility (macos-15, arm64)	Verify and record native Darwin environment	2026-09-20T19:56:02.3194430Z zh_HK.Big5HKSCS
compatibility (macos-15, arm64)	Verify and record native Darwin environment	2026-09-20T19:56:02.3195050Z hi_IN.ISCII-DEV
compatibility (macos-15, arm64)	Verify and record native Darwin environment	2026-09-20T19:56:02.3198100Z ja_JP.eucJP
compatibility (macos-15, arm64)	Verify and record native Darwin environment	2026-09-20T19:56:02.3198760Z it_IT.ISO8859-15
compatibility (macos-15, arm64)	Verify and record native Darwin environment	2026-09-20T19:56:02.3200020Z pl_PL
compatibility (macos-15, arm64)	Verify and record native Darwin environment	2026-09-20T19:56:02.3201240Z ko_KR.CP949
compatibility (macos-15, arm64)	Verify and record native Darwin environment	2026-09-20T19:56:02.3201670Z en_PH.UTF-8
compatibility (macos-15, arm64)	Verify and record native Darwin environment	2026-09-20T19:56:02.3202220Z fr_CA.UTF-8
compatibility (macos-15, arm64)	Verify and record native Darwin environment	2026-09-20T19:56:02.3202970Z fi_FI.ISO8859-15
compatibility (macos-15, arm64)	Verify and record native Darwin environment	2026-09-20T19:56:02.3203660Z en_GB.ISO8859-15
compatibility (macos-15, arm64)	Verify and record native Darwin environment	2026-09-20T19:56:02.3204500Z fr_FR
compatibility (macos-15, arm64)	Verify and record native Darwin environment	2026-09-20T19:56:02.3205210Z hy_AM.UTF-8
compatibility (macos-15, arm64)	Verify and record native Darwin environment	2026-09-20T19:56:02.3205930Z no_NO.UTF-8
compatibility (macos-15, arm64)	Verify and record native Darwin environment	2026-09-20T19:56:02.3206970Z nn_NO.UTF-8
compatibility (macos-15, arm64)	Verify and record native Darwin environment	2026-09-20T19:56:02.3207550Z ca_IT.ISO8859-1
compatibility (macos-15, arm64)	Verify and record native Darwin environment	2026-09-20T19:56:02.3208910Z es_ES.UTF-8
compatibility (macos-15, arm64)	Verify and record native Darwin environment	2026-09-20T19:56:02.3209420Z en_SG.UTF-8
compatibility (macos-15, arm64)	Verify and record native Darwin environment	2026-09-20T19:56:02.3284740Z de_AT
compatibility (macos-15, arm64)	Verify and record native Darwin environment	2026-09-20T19:56:02.3286120Z sv_FI
compatibility (macos-15, arm64)	Verify and record native Darwin environment	2026-09-20T19:56:02.3287190Z tr_TR.UTF-8
compatibility (macos-15, arm64)	Verify and record native Darwin environment	2026-09-20T19:56:02.3287350Z fa_AF
compatibility (macos-15, arm64)	Verify and record native Darwin environment	2026-09-20T19:56:02.3287570Z de_DE
compatibility (macos-15, arm64)	Verify and record native Darwin environment	2026-09-20T19:56:02.3287690Z ar_SA.UTF-8
compatibility (macos-15, arm64)	Verify and record native Darwin environment	2026-09-20T19:56:02.3287890Z lt_LT
compatibility (macos-15, arm64)	Verify and record native Darwin environment	2026-09-20T19:56:02.3288010Z es_CR.UTF-8
compatibility (macos-15, arm64)	Verify and record native Darwin environment	2026-09-20T19:56:02.3288140Z fa_AF.UTF-8
compatibility (macos-15, arm64)	Verify and record native Darwin environment	2026-09-20T19:56:02.3288260Z tr_TR
compatibility (macos-15, arm64)	Verify and record native Darwin environment	2026-09-20T19:56:02.3288370Z sr_RS.UTF-8@latin
compatibility (macos-15, arm64)	Verify and record native Darwin environment	2026-09-20T19:56:02.3288520Z C
compatibility (macos-15, arm64)	Verify and record native Darwin environment	2026-09-20T19:56:02.3288630Z POSIX
compatibility (macos-15, arm64)	Verify and record native Darwin environment	2026-09-20T19:56:02.4355580Z active locale: C codeset: US-ASCII
compatibility (macos-15, arm64)	Verify and record native Darwin environment	2026-09-20T19:56:02.4386320Z active locale: en_US.UTF-8 codeset: UTF-8
compatibility (macos-15, arm64)	Verify and record native Darwin environment	2026-09-20T19:56:02.4394520Z active locale: tr_TR.UTF-8 codeset: UTF-8
compatibility (macos-15, arm64)	Verify and record native Darwin environment	2026-09-20T19:56:02.4408110Z active locale: en_US.ISO8859-1 codeset: ISO8859-1
compatibility (macos-15, arm64)	Verify and record native Darwin environment	2026-09-20T19:56:02.4413190Z active locale: tr_TR.ISO8859-9 codeset: ISO8859-9
compatibility (macos-15, arm64)	Verify and record native Darwin environment	2026-09-20T19:56:02.4417990Z active locale: ja_JP.SJIS codeset: SJIS
compatibility (macos-15, arm64)	Verify and record native Darwin environment	2026-09-20T19:56:02.4553640Z 0ed769d1b18e0b076d52cb8e926ce30d136e5ff6
compatibility (macos-15, arm64)	Verify and record native Darwin environment	2026-09-20T19:56:02.4643240Z 5739fd79bcfc75ba7526773d0cf634521f8aca3c
compatibility (macos-15, arm64)	Verify and record native Darwin environment	2026-09-20T19:56:02.4779530Z ../c_awk/a.out: Mach-O 64-bit executable arm64
compatibility (macos-15, arm64)	Verify and record native Darwin environment	2026-09-20T19:56:04.2645230Z ../c_awk/a.out:
compatibility (macos-15, arm64)	Verify and record native Darwin environment	2026-09-20T19:56:04.2653810Z 	/usr/lib/libSystem.B.dylib (compatibility version 1.0.0, current version 1351.0.0)
compatibility (macos-15, arm64)	Verify and record native Darwin environment	2026-09-20T19:56:05.3055360Z Recorded 220 native oracle cases in diary/format-platform-ci.json
compatibility (macos-15, arm64)	Complete correctness gate (debug)	﻿2026-09-20T19:56:05.3176200Z ##[group]Run set -o pipefail
compatibility (macos-15, arm64)	Complete correctness gate (debug)	2026-09-20T19:56:05.3176510Z [36;1mset -o pipefail[0m
compatibility (macos-15, arm64)	Complete correctness gate (debug)	2026-09-20T19:56:05.3176780Z [36;1mbash scripts/checks.sh 2>&1 | tee diary/darwin-debug-ci.log[0m
compatibility (macos-15, arm64)	Complete correctness gate (debug)	2026-09-20T19:56:05.3221080Z shell: /bin/bash -e {0}
compatibility (macos-15, arm64)	Complete correctness gate (debug)	2026-09-20T19:56:05.3221270Z env:
compatibility (macos-15, arm64)	Complete correctness gate (debug)	2026-09-20T19:56:05.3221410Z   LC_ALL: C
compatibility (macos-15, arm64)	Complete correctness gate (debug)	2026-09-20T19:56:05.3221570Z   CARGO_INCREMENTAL: 0
compatibility (macos-15, arm64)	Complete correctness gate (debug)	2026-09-20T19:56:05.3221740Z   RUSTUP_TOOLCHAIN: 1.96.0
compatibility (macos-15, arm64)	Complete correctness gate (debug)	2026-09-20T19:56:05.3222480Z ##[endgroup]
compatibility (macos-15, arm64)	Complete correctness gate (debug)	2026-09-20T19:56:31.8842920Z check_clippy                   OK
compatibility (macos-15, arm64)	Complete correctness gate (debug)	2026-09-20T19:56:32.2241430Z check_diffrun_no_unexpected       Compiling proc-macro2 v1.0.106
compatibility (macos-15, arm64)	Complete correctness gate (debug)	2026-09-20T19:56:32.2253670Z    Compiling unicode-ident v1.0.24
compatibility (macos-15, arm64)	Complete correctness gate (debug)	2026-09-20T19:56:32.2254260Z    Compiling quote v1.0.45
compatibility (macos-15, arm64)	Complete correctness gate (debug)	2026-09-20T19:56:32.3360880Z    Compiling libc v0.2.186
compatibility (macos-15, arm64)	Complete correctness gate (debug)	2026-09-20T19:56:32.7568430Z    Compiling memchr v2.8.0
compatibility (macos-15, arm64)	Complete correctness gate (debug)	2026-09-20T19:56:33.5191770Z    Compiling autocfg v1.5.0
compatibility (macos-15, arm64)	Complete correctness gate (debug)	2026-09-20T19:56:33.7119750Z    Compiling syn v2.0.117
compatibility (macos-15, arm64)	Complete correctness gate (debug)	2026-09-20T19:56:33.8545730Z    Compiling utf8parse v0.2.2
compatibility (macos-15, arm64)	Complete correctness gate (debug)	2026-09-20T19:56:33.8927540Z    Compiling serde_core v1.0.228
compatibility (macos-15, arm64)	Complete correctness gate (debug)	2026-09-20T19:56:33.9025040Z    Compiling ucd-trie v0.1.7
compatibility (macos-15, arm64)	Complete correctness gate (debug)	2026-09-20T19:56:34.0960320Z    Compiling getrandom v0.4.2
compatibility (macos-15, arm64)	Complete correctness gate (debug)	2026-09-20T19:56:34.1270150Z    Compiling rand_core v0.10.1
compatibility (macos-15, arm64)	Complete correctness gate (debug)	2026-09-20T19:56:34.2391730Z    Compiling cfg-if v1.0.4
compatibility (macos-15, arm64)	Complete correctness gate (debug)	2026-09-20T19:56:34.3634540Z    Compiling anstyle-parse v1.0.0
compatibility (macos-15, arm64)	Complete correctness gate (debug)	2026-09-20T19:56:34.5357470Z    Compiling num-traits v0.2.19
compatibility (macos-15, arm64)	Complete correctness gate (debug)	2026-09-20T19:56:34.7015810Z    Compiling pest v2.8.6
compatibility (macos-15, arm64)	Complete correctness gate (debug)	2026-09-20T19:56:34.7327930Z    Compiling anstyle v1.0.14
compatibility (macos-15, arm64)	Complete correctness gate (debug)	2026-09-20T19:56:34.9581460Z    Compiling anstyle-query v1.1.5
compatibility (macos-15, arm64)	Complete correctness gate (debug)	2026-09-20T19:56:35.0129860Z    Compiling rustix v1.1.4
compatibility (macos-15, arm64)	Complete correctness gate (debug)	2026-09-20T19:56:35.2637090Z    Compiling colorchoice v1.0.5
compatibility (macos-15, arm64)	Complete correctness gate (debug)	2026-09-20T19:56:35.3128620Z    Compiling thiserror v2.0.18
compatibility (macos-15, arm64)	Complete correctness gate (debug)	2026-09-20T19:56:35.6379850Z    Compiling serde v1.0.228
compatibility (macos-15, arm64)	Complete correctness gate (debug)	2026-09-20T19:56:35.9533610Z    Compiling is_terminal_polyfill v1.70.2
compatibility (macos-15, arm64)	Complete correctness gate (debug)	2026-09-20T19:56:36.0029290Z    Compiling anstream v1.0.0
compatibility (macos-15, arm64)	Complete correctness gate (debug)	2026-09-20T19:56:36.0594390Z    Compiling pest_meta v2.8.6
compatibility (macos-15, arm64)	Complete correctness gate (debug)	2026-09-20T19:56:37.3556490Z    Compiling serde_derive v1.0.228
compatibility (macos-15, arm64)	Complete correctness gate (debug)	2026-09-20T19:56:37.5910950Z    Compiling thiserror-impl v2.0.18
compatibility (macos-15, arm64)	Complete correctness gate (debug)	2026-09-20T19:56:38.9042240Z    Compiling errno v0.3.14
compatibility (macos-15, arm64)	Complete correctness gate (debug)	2026-09-20T19:56:39.0279690Z    Compiling aho-corasick v1.1.4
compatibility (macos-15, arm64)	Complete correctness gate (debug)	2026-09-20T19:56:39.7205220Z    Compiling anyhow v1.0.102
compatibility (macos-15, arm64)	Complete correctness gate (debug)	2026-09-20T19:56:39.9882980Z    Compiling regex-syntax v0.8.10
compatibility (macos-15, arm64)	Complete correctness gate (debug)	2026-09-20T19:56:40.1957200Z    Compiling clap_lex v1.1.0
compatibility (macos-15, arm64)	Complete correctness gate (debug)	2026-09-20T19:56:40.5300000Z    Compiling strsim v0.11.1
compatibility (macos-15, arm64)	Complete correctness gate (debug)	2026-09-20T19:56:41.5019600Z    Compiling heck v0.5.0
compatibility (macos-15, arm64)	Complete correctness gate (debug)	2026-09-20T19:56:41.6671920Z    Compiling bitflags v2.11.1
compatibility (macos-15, arm64)	Complete correctness gate (debug)	2026-09-20T19:56:42.0303190Z    Compiling core-foundation-sys v0.8.7
compatibility (macos-15, arm64)	Complete correctness gate (debug)	2026-09-20T19:56:42.2347640Z    Compiling iana-time-zone v0.1.65
compatibility (macos-15, arm64)	Complete correctness gate (debug)	2026-09-20T19:56:42.3659260Z    Compiling regex-automata v0.4.14
compatibility (macos-15, arm64)	Complete correctness gate (debug)	2026-09-20T19:56:47.1862990Z    Compiling clap_derive v4.6.1
compatibility (macos-15, arm64)	Complete correctness gate (debug)	2026-09-20T19:56:49.6063420Z    Compiling clap_builder v4.6.0
compatibility (macos-15, arm64)	Complete correctness gate (debug)	2026-09-20T19:56:51.9920080Z    Compiling pest_generator v2.8.6
compatibility (macos-15, arm64)	Complete correctness gate (debug)	2026-09-20T19:56:52.6517190Z    Compiling chacha20 v0.10.0
compatibility (macos-15, arm64)	Complete correctness gate (debug)	2026-09-20T19:56:52.8608510Z    Compiling once_cell v1.21.4
compatibility (macos-15, arm64)	Complete correctness gate (debug)	2026-09-20T19:56:53.0798140Z    Compiling fastrand v2.4.1
compatibility (macos-15, arm64)	Complete correctness gate (debug)	2026-09-20T19:56:55.6967200Z    Compiling tempfile v3.27.0
compatibility (macos-15, arm64)	Complete correctness gate (debug)	2026-09-20T19:56:56.6904380Z    Compiling rand v0.10.1
compatibility (macos-15, arm64)	Complete correctness gate (debug)	2026-09-20T19:56:57.6395270Z    Compiling pest_derive v2.8.6
compatibility (macos-15, arm64)	Complete correctness gate (debug)	2026-09-20T19:56:58.0235770Z    Compiling clap v4.6.1
compatibility (macos-15, arm64)	Complete correctness gate (debug)	2026-09-20T19:56:58.0681240Z    Compiling chrono v0.4.44
compatibility (macos-15, arm64)	Complete correctness gate (debug)	2026-09-20T19:57:03.1805690Z    Compiling sprintf v0.4.3
compatibility (macos-15, arm64)	Complete correctness gate (debug)	2026-09-20T19:57:04.7838820Z    Compiling quick-xml v0.39.2
compatibility (macos-15, arm64)	Complete correctness gate (debug)	2026-09-20T19:57:05.0285370Z    Compiling regex v1.12.3
compatibility (macos-15, arm64)	Complete correctness gate (debug)	2026-09-20T19:57:06.6467450Z    Compiling rawk v0.1.0 (/Users/runner/work/rawk/rawk/rawk)
compatibility (macos-15, arm64)	Complete correctness gate (debug)	2026-09-20T19:57:23.7304710Z     Finished `release` profile [optimized] target(s) in 51.80s
compatibility (macos-15, arm64)	Complete correctness gate (debug)	2026-09-20T19:57:23.8168000Z Reference awk: /Users/runner/work/rawk/rawk/c_awk/a.out
compatibility (macos-15, arm64)	Complete correctness gate (debug)	2026-09-20T19:57:23.8169930Z Total testcase: 109
compatibility (macos-15, arm64)	Complete correctness gate (debug)	2026-09-20T19:57:29.6817900Z   MATCH: 97
compatibility (macos-15, arm64)	Complete correctness gate (debug)	2026-09-20T19:57:29.6819570Z   EXPECTED-DIVERGE: 12
compatibility (macos-15, arm64)	Complete correctness gate (debug)	2026-09-20T19:57:29.6820500Z   UNEXPECTED-DIVERGE: 0
compatibility (macos-15, arm64)	Complete correctness gate (debug)	2026-09-20T19:57:29.6824410Z   SKIPPED: 0
compatibility (macos-15, arm64)	Complete correctness gate (debug)	2026-09-20T19:57:29.6825130Z OK
compatibility (macos-15, arm64)	Complete correctness gate (debug)	2026-09-20T19:57:29.8853280Z check_fmt                      OK
compatibility (macos-15, arm64)	Complete correctness gate (debug)	2026-09-20T19:57:29.8976770Z check_no_exit_outside_main     OK
compatibility (macos-15, arm64)	Complete correctness gate (debug)	2026-09-20T19:57:29.9248960Z check_no_macos_forks           OK
compatibility (macos-15, arm64)	Complete correctness gate (debug)	2026-09-20T19:57:29.9250290Z check_no_scratch_root          OK
compatibility (macos-15, arm64)	Complete correctness gate (debug)	2026-09-20T19:57:29.9352280Z check_runner_split             OK
compatibility (macos-15, arm64)	Complete correctness gate (debug)	2026-09-20T19:57:30.1689510Z check_tests                       Compiling libc v0.2.186
compatibility (macos-15, arm64)	Complete correctness gate (debug)	2026-09-20T19:57:30.1690160Z    Compiling cfg-if v1.0.4
compatibility (macos-15, arm64)	Complete correctness gate (debug)	2026-09-20T19:57:30.1707070Z    Compiling memchr v2.8.0
compatibility (macos-15, arm64)	Complete correctness gate (debug)	2026-09-20T19:57:30.2286880Z    Compiling rand_core v0.10.1
compatibility (macos-15, arm64)	Complete correctness gate (debug)	2026-09-20T19:57:30.4058520Z    Compiling ucd-trie v0.1.7
compatibility (macos-15, arm64)	Complete correctness gate (debug)	2026-09-20T19:57:30.7033870Z    Compiling errno v0.3.14
compatibility (macos-15, arm64)	Complete correctness gate (debug)	2026-09-20T19:57:30.7208960Z    Compiling getrandom v0.4.2
compatibility (macos-15, arm64)	Complete correctness gate (debug)	2026-09-20T19:57:30.7341210Z    Compiling utf8parse v0.2.2
compatibility (macos-15, arm64)	Complete correctness gate (debug)	2026-09-20T19:57:30.7757240Z    Compiling bitflags v2.11.1
compatibility (macos-15, arm64)	Complete correctness gate (debug)	2026-09-20T19:57:30.7817540Z    Compiling anstyle-parse v1.0.0
compatibility (macos-15, arm64)	Complete correctness gate (debug)	2026-09-20T19:57:30.8557100Z    Compiling pest v2.8.6
compatibility (macos-15, arm64)	Complete correctness gate (debug)	2026-09-20T19:57:30.9084210Z    Compiling rustix v1.1.4
compatibility (macos-15, arm64)	Complete correctness gate (debug)	2026-09-20T19:57:30.9813640Z    Compiling once_cell v1.21.4
compatibility (macos-15, arm64)	Complete correctness gate (debug)	2026-09-20T19:57:31.1574970Z    Compiling regex-syntax v0.8.10
compatibility (macos-15, arm64)	Complete correctness gate (debug)	2026-09-20T19:57:32.4837360Z    Compiling anstyle-query v1.1.5
compatibility (macos-15, arm64)	Complete correctness gate (debug)	2026-09-20T19:57:32.4869670Z    Compiling is_terminal_polyfill v1.70.2
compatibility (macos-15, arm64)	Complete correctness gate (debug)	2026-09-20T19:57:32.5333010Z    Compiling colorchoice v1.0.5
compatibility (macos-15, arm64)	Complete correctness gate (debug)	2026-09-20T19:57:32.5481270Z    Compiling fastrand v2.4.1
compatibility (macos-15, arm64)	Complete correctness gate (debug)	2026-09-20T19:57:32.5997750Z    Compiling anstyle v1.0.14
compatibility (macos-15, arm64)	Complete correctness gate (debug)	2026-09-20T19:57:32.8136610Z    Compiling anstream v1.0.0
compatibility (macos-15, arm64)	Complete correctness gate (debug)	2026-09-20T19:57:32.8137420Z    Compiling tempfile v3.27.0
compatibility (macos-15, arm64)	Complete correctness gate (debug)	2026-09-20T19:57:33.1381480Z    Compiling pest_meta v2.8.6
compatibility (macos-15, arm64)	Complete correctness gate (debug)	2026-09-20T19:57:33.2716140Z    Compiling num-traits v0.2.19
compatibility (macos-15, arm64)	Complete correctness gate (debug)	2026-09-20T19:57:33.8306810Z    Compiling getrandom v0.3.4
compatibility (macos-15, arm64)	Complete correctness gate (debug)	2026-09-20T19:57:33.9515120Z    Compiling serde_core v1.0.228
compatibility (macos-15, arm64)	Complete correctness gate (debug)	2026-09-20T19:57:34.6234800Z    Compiling aho-corasick v1.1.4
compatibility (macos-15, arm64)	Complete correctness gate (debug)	2026-09-20T19:57:34.7644980Z    Compiling strsim v0.11.1
compatibility (macos-15, arm64)	Complete correctness gate (debug)	2026-09-20T19:57:35.1846210Z    Compiling core-foundation-sys v0.8.7
compatibility (macos-15, arm64)	Complete correctness gate (debug)	2026-09-20T19:57:35.3593360Z    Compiling clap_lex v1.1.0
compatibility (macos-15, arm64)	Complete correctness gate (debug)	2026-09-20T19:57:35.5669380Z    Compiling regex-automata v0.4.14
compatibility (macos-15, arm64)	Complete correctness gate (debug)	2026-09-20T19:57:36.1979290Z    Compiling serde v1.0.228
compatibility (macos-15, arm64)	Complete correctness gate (debug)	2026-09-20T19:57:36.7063330Z    Compiling clap_builder v4.6.0
compatibility (macos-15, arm64)	Complete correctness gate (debug)	2026-09-20T19:57:36.7483950Z    Compiling iana-time-zone v0.1.65
compatibility (macos-15, arm64)	Complete correctness gate (debug)	2026-09-20T19:57:36.8547140Z    Compiling thiserror v2.0.18
compatibility (macos-15, arm64)	Complete correctness gate (debug)	2026-09-20T19:57:36.9230890Z    Compiling rand_core v0.9.5
compatibility (macos-15, arm64)	Complete correctness gate (debug)	2026-09-20T19:57:37.0937000Z    Compiling pest_generator v2.8.6
compatibility (macos-15, arm64)	Complete correctness gate (debug)	2026-09-20T19:57:38.1607210Z    Compiling chacha20 v0.10.0
compatibility (macos-15, arm64)	Complete correctness gate (debug)	2026-09-20T19:57:38.5032650Z    Compiling rand v0.10.1
compatibility (macos-15, arm64)	Complete correctness gate (debug)	2026-09-20T19:57:39.4453010Z    Compiling regex v1.12.3
compatibility (macos-15, arm64)	Complete correctness gate (debug)	2026-09-20T19:57:39.9845450Z    Compiling clap v4.6.1
compatibility (macos-15, arm64)	Complete correctness gate (debug)	2026-09-20T19:57:40.0299470Z    Compiling pest_derive v2.8.6
compatibility (macos-15, arm64)	Complete correctness gate (debug)	2026-09-20T19:57:40.3084420Z    Compiling sprintf v0.4.3
compatibility (macos-15, arm64)	Complete correctness gate (debug)	2026-09-20T19:57:40.6029920Z    Compiling zerocopy v0.8.48
compatibility (macos-15, arm64)	Complete correctness gate (debug)	2026-09-20T19:57:42.4545360Z    Compiling chrono v0.4.44
compatibility (macos-15, arm64)	Complete correctness gate (debug)	2026-09-20T19:57:43.4466420Z    Compiling anyhow v1.0.102
compatibility (macos-15, arm64)	Complete correctness gate (debug)	2026-09-20T19:57:43.7706790Z    Compiling quick-xml v0.39.2
compatibility (macos-15, arm64)	Complete correctness gate (debug)	2026-09-20T19:57:44.7737110Z    Compiling wait-timeout v0.2.1
compatibility (macos-15, arm64)	Complete correctness gate (debug)	2026-09-20T19:57:45.1064450Z    Compiling quick-error v1.2.3
compatibility (macos-15, arm64)	Complete correctness gate (debug)	2026-09-20T19:57:45.3414710Z    Compiling ppv-lite86 v0.2.21
compatibility (macos-15, arm64)	Complete correctness gate (debug)	2026-09-20T19:57:45.4187470Z    Compiling fnv v1.0.7
compatibility (macos-15, arm64)	Complete correctness gate (debug)	2026-09-20T19:57:45.6384840Z    Compiling bit-vec v0.8.0
compatibility (macos-15, arm64)	Complete correctness gate (debug)	2026-09-20T19:57:45.7757950Z    Compiling rawk v0.1.0 (/Users/runner/work/rawk/rawk/rawk)
compatibility (macos-15, arm64)	Complete correctness gate (debug)	2026-09-20T19:57:45.8665170Z    Compiling bit-set v0.8.0
compatibility (macos-15, arm64)	Complete correctness gate (debug)	2026-09-20T19:57:46.0250770Z    Compiling rand_chacha v0.9.0
compatibility (macos-15, arm64)	Complete correctness gate (debug)	2026-09-20T19:57:46.4057150Z    Compiling rusty-fork v0.3.1
compatibility (macos-15, arm64)	Complete correctness gate (debug)	2026-09-20T19:57:46.4790510Z    Compiling rand v0.9.4
compatibility (macos-15, arm64)	Complete correctness gate (debug)	2026-09-20T19:57:46.7969020Z    Compiling rand_xorshift v0.4.0
compatibility (macos-15, arm64)	Complete correctness gate (debug)	2026-09-20T19:57:46.8273350Z    Compiling unarray v0.1.4
compatibility (macos-15, arm64)	Complete correctness gate (debug)	2026-09-20T19:57:47.1580020Z    Compiling proptest v1.11.0
compatibility (macos-15, arm64)	Complete correctness gate (debug)	2026-09-20T19:57:58.1708170Z     Finished `test` profile [unoptimized + debuginfo] target(s) in 28.20s
compatibility (macos-15, arm64)	Complete correctness gate (debug)	2026-09-20T19:57:58.1825820Z      Running unittests src/lib.rs (target/debug/deps/rawk-9dbe7698d42ed002)
compatibility (macos-15, arm64)	Complete correctness gate (debug)	2026-09-20T19:57:58.1866290Z 
compatibility (macos-15, arm64)	Complete correctness gate (debug)	2026-09-20T19:57:58.1868330Z running 0 tests
compatibility (macos-15, arm64)	Complete correctness gate (debug)	2026-09-20T19:57:58.1868830Z 
compatibility (macos-15, arm64)	Complete correctness gate (debug)	2026-09-20T19:57:58.1869570Z test result: ok. 0 passed; 0 failed; 0 ignored; 0 measured; 0 filtered out; finished in 0.00s
compatibility (macos-15, arm64)	Complete correctness gate (debug)	2026-09-20T19:57:58.1870320Z 
compatibility (macos-15, arm64)	Complete correctness gate (debug)	2026-09-20T19:57:58.1870760Z      Running unittests src/bin/diffrun.rs (target/debug/deps/diffrun-8286b0db4d8fbf11)
compatibility (macos-15, arm64)	Complete correctness gate (debug)	2026-09-20T19:57:58.1909430Z 
compatibility (macos-15, arm64)	Complete correctness gate (debug)	2026-09-20T19:57:58.1910470Z running 0 tests
compatibility (macos-15, arm64)	Complete correctness gate (debug)	2026-09-20T19:57:58.1910930Z 
compatibility (macos-15, arm64)	Complete correctness gate (debug)	2026-09-20T19:57:58.1911470Z test result: ok. 0 passed; 0 failed; 0 ignored; 0 measured; 0 filtered out; finished in 0.00s
compatibility (macos-15, arm64)	Complete correctness gate (debug)	2026-09-20T19:57:58.1912310Z 
compatibility (macos-15, arm64)	Complete correctness gate (debug)	2026-09-20T19:57:58.1912820Z      Running unittests src/main.rs (target/debug/deps/rawk-2bc2f632572d6b98)
compatibility (macos-15, arm64)	Complete correctness gate (debug)	2026-09-20T19:57:58.1976000Z 
compatibility (macos-15, arm64)	Complete correctness gate (debug)	2026-09-20T19:57:58.1976800Z running 6 tests
compatibility (macos-15, arm64)	Complete correctness gate (debug)	2026-09-20T19:57:58.2326980Z test input::tests::long_records_compaction_and_separator_changes_share_one_cursor ... ok
compatibility (macos-15, arm64)	Complete correctness gate (debug)	2026-09-20T19:57:58.2328170Z test input::tests::long_csv_keeps_quotes_crlf_and_eof_across_short_reads ... ok
compatibility (macos-15, arm64)	Complete correctness gate (debug)	2026-09-20T19:57:58.2429540Z test unicode_ere::tests::compiled_intervals_cover_only_the_requested_runes ... ok
compatibility (macos-15, arm64)	Complete correctness gate (debug)	2026-09-20T19:57:58.2538650Z test unicode_ere::tests::encoding_preserves_offsets_and_invalid_bytes_without_sentinels ... ok
compatibility (macos-15, arm64)	Complete correctness gate (debug)	2026-09-20T19:57:58.2550660Z test input::tests::separators_are_independent_of_read_boundaries ... ok
compatibility (macos-15, arm64)	Complete correctness gate (debug)	2026-09-20T19:57:58.2551520Z test ere::stream::tests::physical_short_reads_do_not_change_bwk_lookahead ... ok
compatibility (macos-15, arm64)	Complete correctness gate (debug)	2026-09-20T19:57:58.2552030Z 
compatibility (macos-15, arm64)	Complete correctness gate (debug)	2026-09-20T19:57:58.2552380Z test result: ok. 6 passed; 0 failed; 0 ignored; 0 measured; 0 filtered out; finished in 0.05s
compatibility (macos-15, arm64)	Complete correctness gate (debug)	2026-09-20T19:57:58.2552790Z 
compatibility (macos-15, arm64)	Complete correctness gate (debug)	2026-09-20T19:57:58.2553160Z      Running tests/builtins_sanity.rs (target/debug/deps/builtins_sanity-2a45869b271f02d7)
compatibility (macos-15, arm64)	Complete correctness gate (debug)	2026-09-20T19:57:58.2621940Z 
compatibility (macos-15, arm64)	Complete correctness gate (debug)	2026-09-20T19:57:58.2627360Z running 5 tests
compatibility (macos-15, arm64)	Complete correctness gate (debug)	2026-09-20T19:57:58.3453110Z test length_string ... ok
compatibility (macos-15, arm64)	Complete correctness gate (debug)	2026-09-20T19:57:58.3454380Z test split_basic ... ok
compatibility (macos-15, arm64)	Complete correctness gate (debug)	2026-09-20T19:57:58.3626310Z test substr_basic ... ok
compatibility (macos-15, arm64)	Complete correctness gate (debug)	2026-09-20T19:57:58.3649580Z test sprintf_int ... ok
compatibility (macos-15, arm64)	Complete correctness gate (debug)	2026-09-20T19:57:58.3815140Z test match_basic ... ok
compatibility (macos-15, arm64)	Complete correctness gate (debug)	2026-09-20T19:57:58.3815730Z 
compatibility (macos-15, arm64)	Complete correctness gate (debug)	2026-09-20T19:57:58.3816990Z test result: ok. 5 passed; 0 failed; 0 ignored; 0 measured; 0 filtered out; finished in 0.12s
compatibility (macos-15, arm64)	Complete correctness gate (debug)	2026-09-20T19:57:58.3818080Z 
compatibility (macos-15, arm64)	Complete correctness gate (debug)	2026-09-20T19:57:58.3818990Z      Running tests/bytes_array_keys.rs (target/debug/deps/bytes_array_keys-5870b8ef60de3eae)
compatibility (macos-15, arm64)	Complete correctness gate (debug)	2026-09-20T19:57:58.3889200Z 
compatibility (macos-15, arm64)	Complete correctness gate (debug)	2026-09-20T19:57:58.3906190Z running 3 tests
compatibility (macos-15, arm64)	Complete correctness gate (debug)	2026-09-20T19:57:58.4048330Z test nul_embedded_key_round_trips ... ok
compatibility (macos-15, arm64)	Complete correctness gate (debug)	2026-09-20T19:57:58.4135080Z test for_in_returns_all_distinct_byte_keys ... ok
compatibility (macos-15, arm64)	Complete correctness gate (debug)	2026-09-20T19:57:58.4279580Z test distinct_high_byte_keys_do_not_collide ... ok
compatibility (macos-15, arm64)	Complete correctness gate (debug)	2026-09-20T19:57:58.4280030Z 
compatibility (macos-15, arm64)	Complete correctness gate (debug)	2026-09-20T19:57:58.4280290Z test result: ok. 3 passed; 0 failed; 0 ignored; 0 measured; 0 filtered out; finished in 0.04s
compatibility (macos-15, arm64)	Complete correctness gate (debug)	2026-09-20T19:57:58.4280640Z 
compatibility (macos-15, arm64)	Complete correctness gate (debug)	2026-09-20T19:57:58.4280910Z      Running tests/bytes_printf.rs (target/debug/deps/bytes_printf-0921065dadc2b1b7)
compatibility (macos-15, arm64)	Complete correctness gate (debug)	2026-09-20T19:57:58.4316760Z 
compatibility (macos-15, arm64)	Complete correctness gate (debug)	2026-09-20T19:57:58.4317530Z running 6 tests
compatibility (macos-15, arm64)	Complete correctness gate (debug)	2026-09-20T19:57:58.4491220Z test printf_c_emits_first_byte_raw ... ok
compatibility (macos-15, arm64)	Complete correctness gate (debug)	2026-09-20T19:57:58.4734340Z test print_with_high_byte_ofs ... ok
compatibility (macos-15, arm64)	Complete correctness gate (debug)	2026-09-20T19:57:58.4805390Z test field_split_with_high_byte_fs ... ok
compatibility (macos-15, arm64)	Complete correctness gate (debug)	2026-09-20T19:57:58.4874980Z test printf_format_string_with_high_bytes ... ok
compatibility (macos-15, arm64)	Complete correctness gate (debug)	2026-09-20T19:57:58.5092640Z test sprintf_high_byte_round_trip ... ok
compatibility (macos-15, arm64)	Complete correctness gate (debug)	2026-09-20T19:57:58.5272000Z test printf_s_preserves_high_byte ... ok
compatibility (macos-15, arm64)	Complete correctness gate (debug)	2026-09-20T19:57:58.5272230Z 
compatibility (macos-15, arm64)	Complete correctness gate (debug)	2026-09-20T19:57:58.5272510Z test result: ok. 6 passed; 0 failed; 0 ignored; 0 measured; 0 filtered out; finished in 0.10s
compatibility (macos-15, arm64)	Complete correctness gate (debug)	2026-09-20T19:57:58.5272860Z 
compatibility (macos-15, arm64)	Complete correctness gate (debug)	2026-09-20T19:57:58.5275430Z      Running tests/bytes_regex_match.rs (target/debug/deps/bytes_regex_match-feaf9f241fc4d15b)
compatibility (macos-15, arm64)	Complete correctness gate (debug)	2026-09-20T19:57:58.5342200Z 
compatibility (macos-15, arm64)	Complete correctness gate (debug)	2026-09-20T19:57:58.5345580Z running 6 tests
compatibility (macos-15, arm64)	Complete correctness gate (debug)	2026-09-20T19:57:58.5535980Z test match_distinguishes_high_bytes ... ok
compatibility (macos-15, arm64)	Complete correctness gate (debug)	2026-09-20T19:57:58.5633070Z test match_builtin_high_byte_pattern_position ... ok
compatibility (macos-15, arm64)	Complete correctness gate (debug)	2026-09-20T19:57:58.5695250Z test gsub_ampersand_includes_whole_match ... ok
compatibility (macos-15, arm64)	Complete correctness gate (debug)	2026-09-20T19:57:58.5845720Z test rs_regex_high_byte_separator_splits_correctly ... ok
compatibility (macos-15, arm64)	Complete correctness gate (debug)	2026-09-20T19:57:58.5846850Z test nul_inside_subject_with_rs_regex ... ok
compatibility (macos-15, arm64)	Complete correctness gate (debug)	2026-09-20T19:57:58.6226680Z test sub_replaces_high_byte_run ... ok
compatibility (macos-15, arm64)	Complete correctness gate (debug)	2026-09-20T19:57:58.6227430Z 
compatibility (macos-15, arm64)	Complete correctness gate (debug)	2026-09-20T19:57:58.6229670Z test result: ok. 6 passed; 0 failed; 0 ignored; 0 measured; 0 filtered out; finished in 0.09s
compatibility (macos-15, arm64)	Complete correctness gate (debug)	2026-09-20T19:57:58.6230580Z 
compatibility (macos-15, arm64)	Complete correctness gate (debug)	2026-09-20T19:57:58.6231240Z      Running tests/cli_contract.rs (target/debug/deps/cli_contract-c2a8f5582d9448e4)
compatibility (macos-15, arm64)	Complete correctness gate (debug)	2026-09-20T19:57:58.6266500Z 
compatibility (macos-15, arm64)	Complete correctness gate (debug)	2026-09-20T19:57:58.6267540Z running 5 tests
compatibility (macos-15, arm64)	Complete correctness gate (debug)	2026-09-20T19:57:58.6800950Z test file_program_keeps_all_input_files ... ok
compatibility (macos-15, arm64)	Complete correctness gate (debug)	2026-09-20T19:57:58.7372830Z test arrays_and_scalars_cannot_be_interchanged ... ok
compatibility (macos-15, arm64)	Complete correctness gate (debug)	2026-09-20T19:57:58.7497280Z test invalid_builtin_arity_is_a_language_error ... ok
compatibility (macos-15, arm64)	Complete correctness gate (debug)	2026-09-20T19:57:58.8574070Z test malformed_formats_and_invalid_runtime_arguments_do_not_panic ... ok
compatibility (macos-15, arm64)	Complete correctness gate (debug)	2026-09-20T19:57:58.9164770Z test safe_mode_rejects_even_unexecuted_forbidden_operations ... ok
compatibility (macos-15, arm64)	Complete correctness gate (debug)	2026-09-20T19:57:58.9165420Z 
compatibility (macos-15, arm64)	Complete correctness gate (debug)	2026-09-20T19:57:58.9166920Z test result: ok. 5 passed; 0 failed; 0 ignored; 0 measured; 0 filtered out; finished in 0.29s
compatibility (macos-15, arm64)	Complete correctness gate (debug)	2026-09-20T19:57:58.9169180Z 
compatibility (macos-15, arm64)	Complete correctness gate (debug)	2026-09-20T19:57:58.9169960Z      Running tests/compatibility.rs (target/debug/deps/compatibility-1b1275e14835aeb4)
compatibility (macos-15, arm64)	Complete correctness gate (debug)	2026-09-20T19:57:58.9234750Z 
compatibility (macos-15, arm64)	Complete correctness gate (debug)	2026-09-20T19:57:58.9273590Z running 8 tests
compatibility (macos-15, arm64)	Complete correctness gate (debug)	2026-09-20T19:57:59.0220610Z test braces_in_bracket_expressions_are_not_repetitions ... ok
compatibility (macos-15, arm64)	Complete correctness gate (debug)	2026-09-20T19:57:59.2797300Z test arrays_forwarding_recursion_and_local_parameters ... ok
compatibility (macos-15, arm64)	Complete correctness gate (debug)	2026-09-20T19:57:59.2943260Z test composed_input_and_control_flow ... ok
compatibility (macos-15, arm64)	Complete correctness gate (debug)	2026-09-20T19:57:59.6610640Z test numeric_conversion_matches_original_buffer_limit ... ok
compatibility (macos-15, arm64)	Complete correctness gate (debug)	2026-09-20T19:58:02.5193470Z test regex_compositions_match_original ... ok
compatibility (macos-15, arm64)	Complete correctness gate (debug)	2026-09-20T19:58:02.5953850Z test tuple_membership_uses_current_subsep_between_components ... ok
compatibility (macos-15, arm64)	Complete correctness gate (debug)	2026-09-20T19:58:03.7288260Z test generated_record_array_function_programs ... ok
compatibility (macos-15, arm64)	Complete correctness gate (debug)	2026-09-20T19:58:06.3380510Z test hex_floats_precision_flags_and_boundaries ... ok
compatibility (macos-15, arm64)	Complete correctness gate (debug)	2026-09-20T19:58:06.3382150Z 
compatibility (macos-15, arm64)	Complete correctness gate (debug)	2026-09-20T19:58:06.3383270Z test result: ok. 8 passed; 0 failed; 0 ignored; 0 measured; 0 filtered out; finished in 7.42s
compatibility (macos-15, arm64)	Complete correctness gate (debug)	2026-09-20T19:58:06.3384510Z 
compatibility (macos-15, arm64)	Complete correctness gate (debug)	2026-09-20T19:58:06.3387680Z      Running tests/corpus.rs (target/debug/deps/corpus-e61ffb70b04a8df8)
compatibility (macos-15, arm64)	Complete correctness gate (debug)	2026-09-20T19:58:06.3430830Z 
compatibility (macos-15, arm64)	Complete correctness gate (debug)	2026-09-20T19:58:06.3431840Z running 1 test
compatibility (macos-15, arm64)	Complete correctness gate (debug)	2026-09-20T19:58:23.2326020Z test original_small_programs ... ok
compatibility (macos-15, arm64)	Complete correctness gate (debug)	2026-09-20T19:58:23.2328680Z 
compatibility (macos-15, arm64)	Complete correctness gate (debug)	2026-09-20T19:58:23.2330950Z test result: ok. 1 passed; 0 failed; 0 ignored; 0 measured; 0 filtered out; finished in 16.89s
compatibility (macos-15, arm64)	Complete correctness gate (debug)	2026-09-20T19:58:23.2332150Z 
compatibility (macos-15, arm64)	Complete correctness gate (debug)	2026-09-20T19:58:23.2333340Z      Running tests/corpus_contracts.rs (target/debug/deps/corpus_contracts-a0f22865482f63b5)
compatibility (macos-15, arm64)	Complete correctness gate (debug)	2026-09-20T19:58:23.2403360Z 
compatibility (macos-15, arm64)	Complete correctness gate (debug)	2026-09-20T19:58:23.2418680Z running 3 tests
compatibility (macos-15, arm64)	Complete correctness gate (debug)	2026-09-20T19:58:23.3636680Z test rng_is_bounded_repeatable_and_srand_returns_previous_seed ... ok
compatibility (macos-15, arm64)	Complete correctness gate (debug)	2026-09-20T19:58:24.1064550Z test contracts_reject_new_differences ... ok
compatibility (macos-15, arm64)	Complete correctness gate (debug)	2026-09-20T19:58:30.4770880Z test entire_small_corpus_obeys_explicit_contracts ... ok
compatibility (macos-15, arm64)	Complete correctness gate (debug)	2026-09-20T19:58:30.4804560Z 
compatibility (macos-15, arm64)	Complete correctness gate (debug)	2026-09-20T19:58:30.4805260Z test result: ok. 3 passed; 0 failed; 0 ignored; 0 measured; 0 filtered out; finished in 7.24s
compatibility (macos-15, arm64)	Complete correctness gate (debug)	2026-09-20T19:58:30.4806340Z 
compatibility (macos-15, arm64)	Complete correctness gate (debug)	2026-09-20T19:58:30.4806950Z      Running tests/data_contract.rs (target/debug/deps/data_contract-a0619d1bf76e7467)
compatibility (macos-15, arm64)	Complete correctness gate (debug)	2026-09-20T19:58:30.5865840Z 
compatibility (macos-15, arm64)	Complete correctness gate (debug)	2026-09-20T19:58:30.6094050Z running 9 tests
compatibility (macos-15, arm64)	Complete correctness gate (debug)	2026-09-20T19:58:30.7118140Z test csv_handles_quoted_delimiters_newlines_and_escaped_quotes ... ok
compatibility (macos-15, arm64)	Complete correctness gate (debug)	2026-09-20T19:58:30.7332640Z test invalid_regex_is_reported ... ok
compatibility (macos-15, arm64)	Complete correctness gate (debug)	2026-09-20T19:58:30.7515880Z test fields_accept_regex_separator ... ok
compatibility (macos-15, arm64)	Complete correctness gate (debug)	2026-09-20T19:58:30.7922370Z test regex_uses_leftmost_longest ... ok
compatibility (macos-15, arm64)	Complete correctness gate (debug)	2026-09-20T19:58:30.7933100Z test split_preserves_empty_fields_and_clears_array ... ok
compatibility (macos-15, arm64)	Complete correctness gate (debug)	2026-09-20T19:58:30.8004110Z test reused_whitespace_fields_preserve_nul_bytes ... ok
compatibility (macos-15, arm64)	Complete correctness gate (debug)	2026-09-20T19:58:30.8474360Z test substitutions_report_count_not_changed_text ... ok
compatibility (macos-15, arm64)	Complete correctness gate (debug)	2026-09-20T19:58:30.8608760Z test successive_whitespace_records_preserve_values_and_numeric_types ... ok
compatibility (macos-15, arm64)	Complete correctness gate (debug)	2026-09-20T19:58:30.9236860Z test whitespace_reuse_handles_resplit_getline_and_separator_changes ... ok
compatibility (macos-15, arm64)	Complete correctness gate (debug)	2026-09-20T19:58:30.9237870Z 
compatibility (macos-15, arm64)	Complete correctness gate (debug)	2026-09-20T19:58:30.9241740Z test result: ok. 9 passed; 0 failed; 0 ignored; 0 measured; 0 filtered out; finished in 0.35s
compatibility (macos-15, arm64)	Complete correctness gate (debug)	2026-09-20T19:58:30.9242290Z 
compatibility (macos-15, arm64)	Complete correctness gate (debug)	2026-09-20T19:58:30.9243540Z      Running tests/diffrun_buckets.rs (target/debug/deps/diffrun_buckets-c0ae24e50169eaf7)
compatibility (macos-15, arm64)	Complete correctness gate (debug)	2026-09-20T19:58:30.9305490Z 
compatibility (macos-15, arm64)	Complete correctness gate (debug)	2026-09-20T19:58:30.9308670Z running 3 tests
compatibility (macos-15, arm64)	Complete correctness gate (debug)	2026-09-20T19:58:38.1554960Z test diffrun_emits_four_bucket_summary ... ok
compatibility (macos-15, arm64)	Complete correctness gate (debug)	2026-09-20T19:58:38.3812020Z test diffrun_exits_nonzero_when_unexpected_divergences_present ... ok
compatibility (macos-15, arm64)	Complete correctness gate (debug)	2026-09-20T19:58:38.5098030Z test diffrun_step23_target_counts ... ok
compatibility (macos-15, arm64)	Complete correctness gate (debug)	2026-09-20T19:58:38.5098510Z 
compatibility (macos-15, arm64)	Complete correctness gate (debug)	2026-09-20T19:58:38.5098820Z test result: ok. 3 passed; 0 failed; 0 ignored; 0 measured; 0 filtered out; finished in 7.58s
compatibility (macos-15, arm64)	Complete correctness gate (debug)	2026-09-20T19:58:38.5099110Z 
compatibility (macos-15, arm64)	Complete correctness gate (debug)	2026-09-20T19:58:38.5110920Z      Running tests/driver_regressions.rs (target/debug/deps/driver_regressions-5f1e2d53ab8fb804)
compatibility (macos-15, arm64)	Complete correctness gate (debug)	2026-09-20T19:58:38.5227860Z 
compatibility (macos-15, arm64)	Complete correctness gate (debug)	2026-09-20T19:58:38.5228640Z running 8 tests
compatibility (macos-15, arm64)	Complete correctness gate (debug)	2026-09-20T19:58:38.5883530Z test field_index_beyond_reference_integer_range_is_an_error ... ok
compatibility (macos-15, arm64)	Complete correctness gate (debug)	2026-09-20T19:58:38.6367260Z test getline_comparison_is_not_part_of_filename ... ok
compatibility (macos-15, arm64)	Complete correctness gate (debug)	2026-09-20T19:58:38.6601020Z test multifile_syntax_error_names_offending_source ... ok
compatibility (macos-15, arm64)	Complete correctness gate (debug)	2026-09-20T19:58:38.7254630Z test invalid_function_parameters_are_errors_before_execution ... ok
compatibility (macos-15, arm64)	Complete correctness gate (debug)	2026-09-20T19:58:38.9046490Z test redirected_stdin_shares_buffer_with_main_input ... ok
compatibility (macos-15, arm64)	Complete correctness gate (debug)	2026-09-20T19:58:39.1481830Z test stdin_program_and_empty_statements ... ok
compatibility (macos-15, arm64)	Complete correctness gate (debug)	2026-09-20T19:58:39.5283540Z test standard_output_aliases_share_streams_and_lifecycle ... ok
compatibility (macos-15, arm64)	Complete correctness gate (debug)	2026-09-20T19:58:39.9153610Z test checked_math_matches_native_oracle ... ok
compatibility (macos-15, arm64)	Complete correctness gate (debug)	2026-09-20T19:58:39.9163550Z 
compatibility (macos-15, arm64)	Complete correctness gate (debug)	2026-09-20T19:58:39.9163850Z test result: ok. 8 passed; 0 failed; 0 ignored; 0 measured; 0 filtered out; finished in 1.39s
compatibility (macos-15, arm64)	Complete correctness gate (debug)	2026-09-20T19:58:39.9164210Z 
compatibility (macos-15, arm64)	Complete correctness gate (debug)	2026-09-20T19:58:39.9164460Z      Running tests/dynamic_format.rs (target/debug/deps/dynamic_format-dc2803db40b3264c)
compatibility (macos-15, arm64)	Complete correctness gate (debug)	2026-09-20T19:58:39.9309310Z 
compatibility (macos-15, arm64)	Complete correctness gate (debug)	2026-09-20T19:58:39.9310590Z running 8 tests
compatibility (macos-15, arm64)	Complete correctness gate (debug)	2026-09-20T19:58:39.9992510Z test missing_star_arguments_are_errors ... ok
compatibility (macos-15, arm64)	Complete correctness gate (debug)	2026-09-20T19:58:43.4845130Z test dynamic_width_precision_and_consumption ... ok
compatibility (macos-15, arm64)	Complete correctness gate (debug)	2026-09-20T19:58:43.5024000Z test negative_precision_keeps_binary_and_multibyte_paths ... ok
compatibility (macos-15, arm64)	Complete correctness gate (debug)	2026-09-20T19:58:43.5695100Z test string_and_literal_range_errors_do_not_discard_arithmetic_subnormals ... ok
compatibility (macos-15, arm64)	Complete correctness gate (debug)	2026-09-20T19:58:44.2902050Z test unsigned_conversion_matches_native_oracle ... ok
compatibility (macos-15, arm64)	Complete correctness gate (debug)	2026-09-20T19:58:44.4472640Z test zero_padded_strings_match_native_oracle ... ok
compatibility (macos-15, arm64)	Complete correctness gate (debug)	2026-09-20T19:58:49.7822690Z test integer_flags_precision_and_signs ... ok
compatibility (macos-15, arm64)	Complete correctness gate (debug)	2026-09-20T19:58:53.1747540Z test negative_dynamic_precision_preserves_flags_and_argument_consumption ... ok
compatibility (macos-15, arm64)	Complete correctness gate (debug)	2026-09-20T19:58:53.1749610Z 
compatibility (macos-15, arm64)	Complete correctness gate (debug)	2026-09-20T19:58:53.1751200Z test result: ok. 8 passed; 0 failed; 0 ignored; 0 measured; 0 filtered out; finished in 13.24s
compatibility (macos-15, arm64)	Complete correctness gate (debug)	2026-09-20T19:58:53.1752520Z 
compatibility (macos-15, arm64)	Complete correctness gate (debug)	2026-09-20T19:58:53.1771620Z      Running tests/error_messages.rs (target/debug/deps/error_messages-e64895121661739b)
compatibility (macos-15, arm64)	Complete correctness gate (debug)	2026-09-20T19:58:53.1899650Z 
compatibility (macos-15, arm64)	Complete correctness gate (debug)	2026-09-20T19:58:53.1900850Z running 2 tests
compatibility (macos-15, arm64)	Complete correctness gate (debug)	2026-09-20T19:58:53.1960010Z test missing_program_file_mentions_filename ... ok
compatibility (macos-15, arm64)	Complete correctness gate (debug)	2026-09-20T19:58:53.1995100Z test output_to_unwritable_path_mentions_filename ... ok
compatibility (macos-15, arm64)	Complete correctness gate (debug)	2026-09-20T19:58:53.1995870Z 
compatibility (macos-15, arm64)	Complete correctness gate (debug)	2026-09-20T19:58:53.1996570Z test result: ok. 2 passed; 0 failed; 0 ignored; 0 measured; 0 filtered out; finished in 0.01s
compatibility (macos-15, arm64)	Complete correctness gate (debug)	2026-09-20T19:58:53.1997440Z 
compatibility (macos-15, arm64)	Complete correctness gate (debug)	2026-09-20T19:58:53.1998050Z      Running tests/exit_codes.rs (target/debug/deps/exit_codes-012261b8652a4c67)
compatibility (macos-15, arm64)	Complete correctness gate (debug)	2026-09-20T19:58:53.2133410Z 
compatibility (macos-15, arm64)	Complete correctness gate (debug)	2026-09-20T19:58:53.2135800Z running 4 tests
compatibility (macos-15, arm64)	Complete correctness gate (debug)	2026-09-20T19:58:53.2217430Z test exit_from_end_block ... ok
compatibility (macos-15, arm64)	Complete correctness gate (debug)	2026-09-20T19:58:53.2230560Z test exit_with_value ... ok
compatibility (macos-15, arm64)	Complete correctness gate (debug)	2026-09-20T19:58:53.2231120Z test exit_zero_default ... ok
compatibility (macos-15, arm64)	Complete correctness gate (debug)	2026-09-20T19:58:53.2287240Z test syntax_error_nonzero ... ok
compatibility (macos-15, arm64)	Complete correctness gate (debug)	2026-09-20T19:58:53.2312310Z 
compatibility (macos-15, arm64)	Complete correctness gate (debug)	2026-09-20T19:58:53.2312900Z test result: ok. 4 passed; 0 failed; 0 ignored; 0 measured; 0 filtered out; finished in 0.02s
compatibility (macos-15, arm64)	Complete correctness gate (debug)	2026-09-20T19:58:53.2313320Z 
compatibility (macos-15, arm64)	Complete correctness gate (debug)	2026-09-20T19:58:53.2313550Z      Running tests/harness.rs (target/debug/deps/harness-77036443891c6712)
compatibility (macos-15, arm64)	Complete correctness gate (debug)	2026-09-20T19:58:53.2416880Z 
compatibility (macos-15, arm64)	Complete correctness gate (debug)	2026-09-20T19:58:53.2417580Z running 5 tests
compatibility (macos-15, arm64)	Complete correctness gate (debug)	2026-09-20T19:58:53.2449220Z test annotation_does_not_accept_new_failures ... ok
compatibility (macos-15, arm64)	Complete correctness gate (debug)	2026-09-20T19:58:53.2679760Z test aggregate_gate_reports_an_intermediate_failure ... ok
compatibility (macos-15, arm64)	Complete correctness gate (debug)	2026-09-20T19:58:53.2971220Z test preserves_bytes_whitespace_and_status ... ok
compatibility (macos-15, arm64)	Complete correctness gate (debug)	2026-09-20T19:58:53.3184950Z test each_run_has_a_fresh_directory ... ok
compatibility (macos-15, arm64)	Complete correctness gate (debug)	2026-09-20T19:58:53.8484170Z test timeout_kills_descendants ... ok
compatibility (macos-15, arm64)	Complete correctness gate (debug)	2026-09-20T19:58:53.8528050Z 
compatibility (macos-15, arm64)	Complete correctness gate (debug)	2026-09-20T19:58:53.8528970Z test result: ok. 5 passed; 0 failed; 0 ignored; 0 measured; 0 filtered out; finished in 0.60s
compatibility (macos-15, arm64)	Complete correctness gate (debug)	2026-09-20T19:58:53.8529670Z 
compatibility (macos-15, arm64)	Complete correctness gate (debug)	2026-09-20T19:58:53.8530130Z      Running tests/historical.rs (target/debug/deps/historical-d2aa7e6e2d02f6e9)
compatibility (macos-15, arm64)	Complete correctness gate (debug)	2026-09-20T19:58:53.8590410Z 
compatibility (macos-15, arm64)	Complete correctness gate (debug)	2026-09-20T19:58:53.8590800Z running 2 tests
compatibility (macos-15, arm64)	Complete correctness gate (debug)	2026-09-20T19:58:54.1798700Z test original_invalid_programs_are_rejected_without_panicking ... ok
compatibility (macos-15, arm64)	Complete correctness gate (debug)	2026-09-20T19:58:56.4678000Z test original_positive_regressions ... ok
compatibility (macos-15, arm64)	Complete correctness gate (debug)	2026-09-20T19:58:56.4680230Z 
compatibility (macos-15, arm64)	Complete correctness gate (debug)	2026-09-20T19:58:56.4681930Z test result: ok. 2 passed; 0 failed; 0 ignored; 0 measured; 0 filtered out; finished in 2.61s
compatibility (macos-15, arm64)	Complete correctness gate (debug)	2026-09-20T19:58:56.4682910Z 
compatibility (macos-15, arm64)	Complete correctness gate (debug)	2026-09-20T19:58:56.4684500Z      Running tests/input_contract.rs (target/debug/deps/input_contract-d3a16d22dd2df171)
compatibility (macos-15, arm64)	Complete correctness gate (debug)	2026-09-20T19:58:56.5398360Z 
compatibility (macos-15, arm64)	Complete correctness gate (debug)	2026-09-20T19:58:56.5398920Z running 7 tests
compatibility (macos-15, arm64)	Complete correctness gate (debug)	2026-09-20T19:58:56.5874700Z test file_getline_and_interleaved_assignments ... ok
compatibility (macos-15, arm64)	Complete correctness gate (debug)	2026-09-20T19:58:56.6004970Z test getline_uses_main_stream_and_counts_every_read ... ok
compatibility (macos-15, arm64)	Complete correctness gate (debug)	2026-09-20T19:58:56.6349720Z test missing_getline_file_is_an_error_not_eof ... ok
compatibility (macos-15, arm64)	Complete correctness gate (debug)	2026-09-20T19:58:56.6611710Z test large_csv_records_match_c ... ok
compatibility (macos-15, arm64)	Complete correctness gate (debug)	2026-09-20T19:58:56.6767730Z test rewriting_record_does_not_count_a_read ... ok
compatibility (macos-15, arm64)	Complete correctness gate (debug)	2026-09-20T19:58:56.7232450Z test rs_changes_apply_to_unconsumed_input ... ok
compatibility (macos-15, arm64)	Complete correctness gate (debug)	2026-09-20T19:58:56.7458690Z test large_records_getline_and_rs_changes_match_c ... ok
compatibility (macos-15, arm64)	Complete correctness gate (debug)	2026-09-20T19:58:56.7459050Z 
compatibility (macos-15, arm64)	Complete correctness gate (debug)	2026-09-20T19:58:56.7459450Z test result: ok. 7 passed; 0 failed; 0 ignored; 0 measured; 0 filtered out; finished in 0.21s
compatibility (macos-15, arm64)	Complete correctness gate (debug)	2026-09-20T19:58:56.7459840Z 
compatibility (macos-15, arm64)	Complete correctness gate (debug)	2026-09-20T19:58:56.7463730Z      Running tests/language_contract.rs (target/debug/deps/language_contract-cde8066e1d7c2b70)
compatibility (macos-15, arm64)	Complete correctness gate (debug)	2026-09-20T19:58:56.8725090Z 
compatibility (macos-15, arm64)	Complete correctness gate (debug)	2026-09-20T19:58:56.8726230Z running 7 tests
compatibility (macos-15, arm64)	Complete correctness gate (debug)	2026-09-20T19:58:56.9074180Z test array_parameters_are_references ... ok
compatibility (macos-15, arm64)	Complete correctness gate (debug)	2026-09-20T19:58:56.9080340Z test convfmt_is_used_for_comparisons_fields_and_keys ... ok
compatibility (macos-15, arm64)	Complete correctness gate (debug)	2026-09-20T19:58:56.9371920Z test array_reads_create_entries ... ok
compatibility (macos-15, arm64)	Complete correctness gate (debug)	2026-09-20T19:58:56.9373410Z test expressions_and_escapes ... ok
compatibility (macos-15, arm64)	Complete correctness gate (debug)	2026-09-20T19:58:56.9377180Z test lvalue_indices_are_evaluated_once ... ok
compatibility (macos-15, arm64)	Complete correctness gate (debug)	2026-09-20T19:58:56.9746980Z test range_patterns_and_empty_actions ... ok
compatibility (macos-15, arm64)	Complete correctness gate (debug)	2026-09-20T19:58:56.9950980Z test numeric_and_string_values_keep_their_types ... ok
compatibility (macos-15, arm64)	Complete correctness gate (debug)	2026-09-20T19:58:57.0059080Z 
compatibility (macos-15, arm64)	Complete correctness gate (debug)	2026-09-20T19:58:57.0134510Z test result: ok. 7 passed; 0 failed; 0 ignored; 0 measured; 0 filtered out; finished in 0.11s
compatibility (macos-15, arm64)	Complete correctness gate (debug)	2026-09-20T19:58:57.0137110Z 
compatibility (macos-15, arm64)	Complete correctness gate (debug)	2026-09-20T19:58:57.0142250Z      Running tests/legacy_locale.rs (target/debug/deps/legacy_locale-8bcee91200be312f)
compatibility (macos-15, arm64)	Complete correctness gate (debug)	2026-09-20T19:58:57.0277140Z 
compatibility (macos-15, arm64)	Complete correctness gate (debug)	2026-09-20T19:58:57.0378790Z running 6 tests
compatibility (macos-15, arm64)	Complete correctness gate (debug)	2026-09-20T19:58:57.1997620Z test every_nonzero_byte_case_conversion_matches_c ... ok
compatibility (macos-15, arm64)	Complete correctness gate (debug)	2026-09-20T19:58:57.2138460Z test byte_positions_ranges_splits_and_substitution_match_c ... ok
compatibility (macos-15, arm64)	Complete correctness gate (debug)	2026-09-20T19:58:57.2891860Z test nul_preservation_remains_an_explicit_rust_extension ... ok
compatibility (macos-15, arm64)	Complete correctness gate (debug)	2026-09-20T19:58:57.4694270Z test required_single_byte_locales_are_active ... ok
compatibility (macos-15, arm64)	Complete correctness gate (debug)	2026-09-20T19:58:57.4695720Z test legacy_locale_selection_obeys_precedence_and_is_fixed_at_startup ... ok
compatibility (macos-15, arm64)	Complete correctness gate (debug)	2026-09-20T19:58:59.0678770Z test every_nonzero_byte_in_each_posix_class_matches_c ... ok
compatibility (macos-15, arm64)	Complete correctness gate (debug)	2026-09-20T19:58:59.0679590Z 
compatibility (macos-15, arm64)	Complete correctness gate (debug)	2026-09-20T19:58:59.0680170Z test result: ok. 6 passed; 0 failed; 0 ignored; 0 measured; 0 filtered out; finished in 2.05s
compatibility (macos-15, arm64)	Complete correctness gate (debug)	2026-09-20T19:58:59.0681020Z 
compatibility (macos-15, arm64)	Complete correctness gate (debug)	2026-09-20T19:58:59.0681630Z      Running tests/phase7_closure.rs (target/debug/deps/phase7_closure-34ec5d4b37cf044e)
compatibility (macos-15, arm64)	Complete correctness gate (debug)	2026-09-20T19:58:59.0830350Z 
compatibility (macos-15, arm64)	Complete correctness gate (debug)	2026-09-20T19:58:59.0891750Z running 7 tests
compatibility (macos-15, arm64)	Complete correctness gate (debug)	2026-09-20T19:58:59.1972570Z test closed_output_pipe_reports_language_error ... ok
compatibility (macos-15, arm64)	Complete correctness gate (debug)	2026-09-20T19:58:59.2698670Z test contracts_reject_mutations ... ok
compatibility (macos-15, arm64)	Complete correctness gate (debug)	2026-09-20T19:59:00.0382070Z test generated_octal_regex_atoms_and_literal_operators ... ok
compatibility (macos-15, arm64)	Complete correctness gate (debug)	2026-09-20T19:59:00.1187790Z test keyword_prefixes_and_integral_precision ... ok
compatibility (macos-15, arm64)	Complete correctness gate (debug)	2026-09-20T19:59:00.3135010Z test raw_source_bytes_survive_inline_file_and_stdin ... ok
compatibility (macos-15, arm64)	Complete correctness gate (debug)	2026-09-20T19:59:00.6421460Z test separators_keep_string_and_regex_semantics ... ok
compatibility (macos-15, arm64)	Complete correctness gate (debug)	2026-09-20T19:59:04.1716950Z test individual_driver_contracts ... ok
compatibility (macos-15, arm64)	Complete correctness gate (debug)	2026-09-20T19:59:04.1717520Z 
compatibility (macos-15, arm64)	Complete correctness gate (debug)	2026-09-20T19:59:04.1718870Z test result: ok. 7 passed; 0 failed; 0 ignored; 0 measured; 0 filtered out; finished in 5.09s
compatibility (macos-15, arm64)	Complete correctness gate (debug)	2026-09-20T19:59:04.1719430Z 
compatibility (macos-15, arm64)	Complete correctness gate (debug)	2026-09-20T19:59:04.1730960Z      Running tests/printf_sanity.rs (target/debug/deps/printf_sanity-7136c99a55f18e88)
compatibility (macos-15, arm64)	Complete correctness gate (debug)	2026-09-20T19:59:04.1945600Z 
compatibility (macos-15, arm64)	Complete correctness gate (debug)	2026-09-20T19:59:04.1947120Z running 5 tests
compatibility (macos-15, arm64)	Complete correctness gate (debug)	2026-09-20T19:59:04.2141400Z test d_padding ... ok
compatibility (macos-15, arm64)	Complete correctness gate (debug)	2026-09-20T19:59:04.2283140Z test e_scientific ... ok
compatibility (macos-15, arm64)	Complete correctness gate (debug)	2026-09-20T19:59:04.2464580Z test f_precision ... ok
compatibility (macos-15, arm64)	Complete correctness gate (debug)	2026-09-20T19:59:04.2608990Z test x_hex ... ok
compatibility (macos-15, arm64)	Complete correctness gate (debug)	2026-09-20T19:59:04.2634850Z test s_truncate ... ok
compatibility (macos-15, arm64)	Complete correctness gate (debug)	2026-09-20T19:59:04.2635190Z 
compatibility (macos-15, arm64)	Complete correctness gate (debug)	2026-09-20T19:59:04.2635960Z test result: ok. 5 passed; 0 failed; 0 ignored; 0 measured; 0 filtered out; finished in 0.07s
compatibility (macos-15, arm64)	Complete correctness gate (debug)	2026-09-20T19:59:04.2636320Z 
compatibility (macos-15, arm64)	Complete correctness gate (debug)	2026-09-20T19:59:04.2636760Z      Running tests/proptest_diff.rs (target/debug/deps/proptest_diff-e5009bf092758d21)
compatibility (macos-15, arm64)	Complete correctness gate (debug)	2026-09-20T19:59:04.2790710Z 
compatibility (macos-15, arm64)	Complete correctness gate (debug)	2026-09-20T19:59:04.2791440Z running 6 tests
compatibility (macos-15, arm64)	Complete correctness gate (debug)	2026-09-20T19:59:08.2216590Z test template_multiply ... ok
compatibility (macos-15, arm64)	Complete correctness gate (debug)	2026-09-20T19:59:08.2224160Z test template_concat_string ... ok
compatibility (macos-15, arm64)	Complete correctness gate (debug)	2026-09-20T19:59:08.3116720Z test template_add ... ok
compatibility (macos-15, arm64)	Complete correctness gate (debug)	2026-09-20T19:59:10.5243370Z test template_scientific_no_orphan_dot ... ok
compatibility (macos-15, arm64)	Complete correctness gate (debug)	2026-09-20T19:59:12.1654730Z test template_printf_float ... ok
compatibility (macos-15, arm64)	Complete correctness gate (debug)	2026-09-20T19:59:12.3457040Z test template_printf_int ... ok
compatibility (macos-15, arm64)	Complete correctness gate (debug)	2026-09-20T19:59:12.3457710Z 
compatibility (macos-15, arm64)	Complete correctness gate (debug)	2026-09-20T19:59:12.3458270Z test result: ok. 6 passed; 0 failed; 0 ignored; 0 measured; 0 filtered out; finished in 8.07s
compatibility (macos-15, arm64)	Complete correctness gate (debug)	2026-09-20T19:59:12.3459200Z 
compatibility (macos-15, arm64)	Complete correctness gate (debug)	2026-09-20T19:59:12.3461640Z      Running tests/remaining_contract.rs (target/debug/deps/remaining_contract-7a9f8e2e6bedf0e8)
compatibility (macos-15, arm64)	Complete correctness gate (debug)	2026-09-20T19:59:12.3608920Z 
compatibility (macos-15, arm64)	Complete correctness gate (debug)	2026-09-20T19:59:12.3614750Z running 7 tests
compatibility (macos-15, arm64)	Complete correctness gate (debug)	2026-09-20T19:59:12.4045500Z test bracket_normalization_preserves_the_binary_profile ... ok
compatibility (macos-15, arm64)	Complete correctness gate (debug)	2026-09-20T19:59:12.4778030Z test character_format_distinguishes_numeric_fields_from_literal_strings ... ok
compatibility (macos-15, arm64)	Complete correctness gate (debug)	2026-09-20T19:59:12.5161470Z test missing_fields_are_empty_strings_not_uninitialized_variables ... ok
compatibility (macos-15, arm64)	Complete correctness gate (debug)	2026-09-20T19:59:13.1759700Z test descending_bracket_ranges_follow_original_c ... ok
compatibility (macos-15, arm64)	Complete correctness gate (debug)	2026-09-20T19:59:16.4722550Z test generated_rational_values_and_float_formats ... ok
compatibility (macos-15, arm64)	Complete correctness gate (debug)	2026-09-20T19:59:19.1729130Z test replacement_escapes_have_separate_lexical_and_runtime_stages ... ok
compatibility (macos-15, arm64)	Complete correctness gate (debug)	2026-09-20T19:59:20.1791760Z test numeric_rounding_uses_the_exact_binary_value ... ok
compatibility (macos-15, arm64)	Complete correctness gate (debug)	2026-09-20T19:59:20.1792530Z 
compatibility (macos-15, arm64)	Complete correctness gate (debug)	2026-09-20T19:59:20.1793860Z test result: ok. 7 passed; 0 failed; 0 ignored; 0 measured; 0 filtered out; finished in 7.82s
compatibility (macos-15, arm64)	Complete correctness gate (debug)	2026-09-20T19:59:20.1794470Z 
compatibility (macos-15, arm64)	Complete correctness gate (debug)	2026-09-20T19:59:20.1802910Z      Running tests/runtime_contract.rs (target/debug/deps/runtime_contract-d65bacc50385039a)
compatibility (macos-15, arm64)	Complete correctness gate (debug)	2026-09-20T19:59:20.1966130Z 
compatibility (macos-15, arm64)	Complete correctness gate (debug)	2026-09-20T19:59:20.1966580Z running 3 tests
compatibility (macos-15, arm64)	Complete correctness gate (debug)	2026-09-20T19:59:20.2486920Z test exit_executes_end_and_interrupts_expressions ... ok
compatibility (macos-15, arm64)	Complete correctness gate (debug)	2026-09-20T19:59:20.2535440Z test return_escapes_all_loop_forms ... ok
compatibility (macos-15, arm64)	Complete correctness gate (debug)	2026-09-20T19:59:20.2689490Z test short_circuit_preserves_side_effects ... ok
compatibility (macos-15, arm64)	Complete correctness gate (debug)	2026-09-20T19:59:20.2775680Z 
compatibility (macos-15, arm64)	Complete correctness gate (debug)	2026-09-20T19:59:20.2776390Z test result: ok. 3 passed; 0 failed; 0 ignored; 0 measured; 0 filtered out; finished in 0.07s
compatibility (macos-15, arm64)	Complete correctness gate (debug)	2026-09-20T19:59:20.2777250Z 
compatibility (macos-15, arm64)	Complete correctness gate (debug)	2026-09-20T19:59:20.2777920Z      Running tests/shell_drivers.rs (target/debug/deps/shell_drivers-b33b16bb97343606)
compatibility (macos-15, arm64)	Complete correctness gate (debug)	2026-09-20T19:59:20.2870480Z 
compatibility (macos-15, arm64)	Complete correctness gate (debug)	2026-09-20T19:59:20.2871140Z running 3 tests
compatibility (macos-15, arm64)	Complete correctness gate (debug)	2026-09-20T19:59:22.1120640Z test shell_driver_gate_rejects_missing_interpreter_output ... ok
compatibility (macos-15, arm64)	Complete correctness gate (debug)	2026-09-20T19:59:23.6486500Z test original_cli_and_array_shell_drivers ... ok
compatibility (macos-15, arm64)	Complete correctness gate (debug)	2026-09-20T20:00:18.9221110Z test admitted_original_shell_drivers ... ok
compatibility (macos-15, arm64)	Complete correctness gate (debug)	2026-09-20T20:00:18.9500000Z 
compatibility (macos-15, arm64)	Complete correctness gate (debug)	2026-09-20T20:00:18.9601030Z test result: ok. 3 passed; 0 failed; 0 ignored; 0 measured; 0 filtered out; finished in 58.63s
compatibility (macos-15, arm64)	Complete correctness gate (debug)	2026-09-20T20:00:18.9705000Z 
compatibility (macos-15, arm64)	Complete correctness gate (debug)	2026-09-20T20:00:18.9791690Z      Running tests/shift_jis.rs (target/debug/deps/shift_jis-1c1b9bb11ce40504)
compatibility (macos-15, arm64)	Complete correctness gate (debug)	2026-09-20T20:00:18.9809360Z 
compatibility (macos-15, arm64)	Complete correctness gate (debug)	2026-09-20T20:00:18.9809700Z running 12 tests
compatibility (macos-15, arm64)	Complete correctness gate (debug)	2026-09-20T20:00:19.0331870Z test conversion_failure_preserves_atomic_print_contract ... ok
compatibility (macos-15, arm64)	Complete correctness gate (debug)	2026-09-20T20:00:19.0652540Z test embedded_nul_preserves_the_rust_binary_extension ... ok
compatibility (macos-15, arm64)	Complete correctness gate (debug)	2026-09-20T20:00:19.0843210Z test decoded_character_with_unencodable_case_mapping_matches_c ... ok
compatibility (macos-15, arm64)	Complete correctness gate (debug)	2026-09-20T20:00:19.6104560Z test record_separators_and_locale_precedence_match_c ... ok
compatibility (macos-15, arm64)	Complete correctness gate (debug)	2026-09-20T20:00:19.6808520Z test regex_rs_with_three_or_four_byte_structural_units_matches_c ... ok
compatibility (macos-15, arm64)	Complete correctness gate (debug)	2026-09-20T20:00:19.7302170Z test required_sjis_locale_has_observable_case_mapping ... ok
compatibility (macos-15, arm64)	Complete correctness gate (debug)	2026-09-20T20:00:20.1348320Z test regex_rs_sjis_refill_across_input_buffers_and_getline_matches_c ... ok
compatibility (macos-15, arm64)	Complete correctness gate (debug)	2026-09-20T20:00:20.2126170Z test streaming_rs_keeps_binary_data_distinct_from_eof ... ok
compatibility (macos-15, arm64)	Complete correctness gate (debug)	2026-09-20T20:00:21.4616710Z test structural_units_regex_fields_and_formatting_match_c ... ok
compatibility (macos-15, arm64)	Complete correctness gate (debug)	2026-09-20T20:00:22.2130860Z test valid_case_conversion_and_truncated_suffixes_match_c ... ok
compatibility (macos-15, arm64)	Complete correctness gate (debug)	2026-09-20T20:00:31.2433990Z test regex_rs_refill_restart_longest_and_anchors_match_c ... ok
compatibility (macos-15, arm64)	Complete correctness gate (debug)	2026-09-20T20:01:05.2898420Z test single_bytes_and_lead_trail_boundaries_match_c ... ok
compatibility (macos-15, arm64)	Complete correctness gate (debug)	2026-09-20T20:01:05.2900550Z 
compatibility (macos-15, arm64)	Complete correctness gate (debug)	2026-09-20T20:01:05.2901470Z test result: ok. 12 passed; 0 failed; 0 ignored; 0 measured; 0 filtered out; finished in 46.33s
compatibility (macos-15, arm64)	Complete correctness gate (debug)	2026-09-20T20:01:05.2902260Z 
compatibility (macos-15, arm64)	Complete correctness gate (debug)	2026-09-20T20:01:05.2902940Z      Running tests/unicode_contract.rs (target/debug/deps/unicode_contract-ff53360e0ff39268)
compatibility (macos-15, arm64)	Complete correctness gate (debug)	2026-09-20T20:01:05.3026090Z 
compatibility (macos-15, arm64)	Complete correctness gate (debug)	2026-09-20T20:01:05.3027320Z running 12 tests
compatibility (macos-15, arm64)	Complete correctness gate (debug)	2026-09-20T20:01:05.3620480Z test binary_nul_extension_and_case_conversion_errors ... ok
compatibility (macos-15, arm64)	Complete correctness gate (debug)	2026-09-20T20:01:05.5049220Z test match_rhs_literals_and_dynamic_patterns_keep_their_distinct_evaluation ... ok
compatibility (macos-15, arm64)	Complete correctness gate (debug)	2026-09-20T20:01:05.9355980Z test locale_precedence_and_character_operations ... ok
compatibility (macos-15, arm64)	Complete correctness gate (debug)	2026-09-20T20:01:06.0924020Z test boolean_regex_search_preserves_rune_alignment_and_empty_matches ... ok
compatibility (macos-15, arm64)	Complete correctness gate (debug)	2026-09-20T20:01:06.1079880Z test repeated_matches_and_index_inside_a_multibyte_unit ... ok
compatibility (macos-15, arm64)	Complete correctness gate (debug)	2026-09-20T20:01:06.3108860Z test required_locales_are_active_in_both_interpreters ... ok
compatibility (macos-15, arm64)	Complete correctness gate (debug)	2026-09-20T20:01:06.5101240Z test substitution_expansion_preserves_prefixes_escapes_and_empty_matches ... ok
compatibility (macos-15, arm64)	Complete correctness gate (debug)	2026-09-20T20:01:06.6661840Z test unicode_formatting_and_source_escapes ... ok
compatibility (macos-15, arm64)	Complete correctness gate (debug)	2026-09-20T20:01:07.0586070Z test utf8_record_separators_across_buffers ... ok
compatibility (macos-15, arm64)	Complete correctness gate (debug)	2026-09-20T20:01:07.4319710Z test unicode_classes_ranges_and_anchors ... ok
compatibility (macos-15, arm64)	Complete correctness gate (debug)	2026-09-20T20:01:07.5164630Z test utf8_regex_empty_matches_and_mixed_bytes ... ok
compatibility (macos-15, arm64)	Complete correctness gate (debug)	2026-09-20T20:01:16.1832050Z test original_utf8_drivers ... ok
compatibility (macos-15, arm64)	Complete correctness gate (debug)	2026-09-20T20:01:16.1832420Z 
compatibility (macos-15, arm64)	Complete correctness gate (debug)	2026-09-20T20:01:16.1839510Z test result: ok. 12 passed; 0 failed; 0 ignored; 0 measured; 0 filtered out; finished in 10.88s
compatibility (macos-15, arm64)	Complete correctness gate (debug)	2026-09-20T20:01:16.1840490Z 
compatibility (macos-15, arm64)	Complete correctness gate (debug)	2026-09-20T20:01:16.1841020Z      Running tests/xml_runner_test.rs (target/debug/deps/xml_runner_test-bbb04a9a34486b5f)
compatibility (macos-15, arm64)	Complete correctness gate (debug)	2026-09-20T20:01:16.1990820Z 
compatibility (macos-15, arm64)	Complete correctness gate (debug)	2026-09-20T20:01:16.1991740Z running 1 test
compatibility (macos-15, arm64)	Complete correctness gate (debug)	2026-09-20T20:01:19.1613210Z test run_xml_testsuite ... ok
compatibility (macos-15, arm64)	Complete correctness gate (debug)	2026-09-20T20:01:19.1613520Z 
compatibility (macos-15, arm64)	Complete correctness gate (debug)	2026-09-20T20:01:19.1613820Z test result: ok. 1 passed; 0 failed; 0 ignored; 0 measured; 0 filtered out; finished in 2.96s
compatibility (macos-15, arm64)	Complete correctness gate (debug)	2026-09-20T20:01:19.1623170Z 
compatibility (macos-15, arm64)	Complete correctness gate (debug)	2026-09-20T20:01:19.1623310Z    Doc-tests rawk
compatibility (macos-15, arm64)	Complete correctness gate (debug)	2026-09-20T20:01:19.8770280Z 
compatibility (macos-15, arm64)	Complete correctness gate (debug)	2026-09-20T20:01:19.8770950Z running 0 tests
compatibility (macos-15, arm64)	Complete correctness gate (debug)	2026-09-20T20:01:19.8771390Z 
compatibility (macos-15, arm64)	Complete correctness gate (debug)	2026-09-20T20:01:19.8771740Z test result: ok. 0 passed; 0 failed; 0 ignored; 0 measured; 0 filtered out; finished in 0.00s
compatibility (macos-15, arm64)	Complete correctness gate (debug)	2026-09-20T20:01:19.8783100Z 
compatibility (macos-15, arm64)	Complete correctness gate (debug)	2026-09-20T20:01:19.8915890Z OK
compatibility (macos-15, arm64)	Complete release test suite	﻿2026-09-20T20:01:19.9270250Z ##[group]Run set -o pipefail
compatibility (macos-15, arm64)	Complete release test suite	2026-09-20T20:01:19.9270910Z [36;1mset -o pipefail[0m
compatibility (macos-15, arm64)	Complete release test suite	2026-09-20T20:01:19.9271640Z [36;1mcargo test --locked --release 2>&1 | tee diary/darwin-release-ci.log[0m
compatibility (macos-15, arm64)	Complete release test suite	2026-09-20T20:01:19.9721260Z shell: /bin/bash -e {0}
compatibility (macos-15, arm64)	Complete release test suite	2026-09-20T20:01:19.9743340Z env:
compatibility (macos-15, arm64)	Complete release test suite	2026-09-20T20:01:19.9743730Z   LC_ALL: C
compatibility (macos-15, arm64)	Complete release test suite	2026-09-20T20:01:19.9743950Z   CARGO_INCREMENTAL: 0
compatibility (macos-15, arm64)	Complete release test suite	2026-09-20T20:01:19.9744240Z   RUSTUP_TOOLCHAIN: 1.96.0
compatibility (macos-15, arm64)	Complete release test suite	2026-09-20T20:01:19.9744420Z ##[endgroup]
compatibility (macos-15, arm64)	Complete release test suite	2026-09-20T20:01:20.5202660Z    Compiling num-traits v0.2.19
compatibility (macos-15, arm64)	Complete release test suite	2026-09-20T20:01:20.5217140Z    Compiling getrandom v0.3.4
compatibility (macos-15, arm64)	Complete release test suite	2026-09-20T20:01:20.5269480Z    Compiling zerocopy v0.8.48
compatibility (macos-15, arm64)	Complete release test suite	2026-09-20T20:01:21.6823220Z    Compiling rand_core v0.9.5
compatibility (macos-15, arm64)	Complete release test suite	2026-09-20T20:01:22.0639310Z    Compiling wait-timeout v0.2.1
compatibility (macos-15, arm64)	Complete release test suite	2026-09-20T20:01:22.5310150Z    Compiling chrono v0.4.44
compatibility (macos-15, arm64)	Complete release test suite	2026-09-20T20:01:22.7383910Z    Compiling fnv v1.0.7
compatibility (macos-15, arm64)	Complete release test suite	2026-09-20T20:01:22.7975600Z    Compiling bit-vec v0.8.0
compatibility (macos-15, arm64)	Complete release test suite	2026-09-20T20:01:23.0792830Z    Compiling quick-error v1.2.3
compatibility (macos-15, arm64)	Complete release test suite	2026-09-20T20:01:23.1225120Z    Compiling rusty-fork v0.3.1
compatibility (macos-15, arm64)	Complete release test suite	2026-09-20T20:01:24.2745870Z    Compiling rawk v0.1.0 (/Users/runner/work/rawk/rawk/rawk)
compatibility (macos-15, arm64)	Complete release test suite	2026-09-20T20:01:25.8520800Z    Compiling ppv-lite86 v0.2.21
compatibility (macos-15, arm64)	Complete release test suite	2026-09-20T20:01:26.0916710Z    Compiling rand_chacha v0.9.0
compatibility (macos-15, arm64)	Complete release test suite	2026-09-20T20:01:27.1261590Z    Compiling bit-set v0.8.0
compatibility (macos-15, arm64)	Complete release test suite	2026-09-20T20:01:27.3079410Z    Compiling rand v0.9.4
compatibility (macos-15, arm64)	Complete release test suite	2026-09-20T20:01:27.9908620Z    Compiling rand_xorshift v0.4.0
compatibility (macos-15, arm64)	Complete release test suite	2026-09-20T20:01:28.1333330Z    Compiling unarray v0.1.4
compatibility (macos-15, arm64)	Complete release test suite	2026-09-20T20:01:28.2716060Z    Compiling proptest v1.11.0
compatibility (macos-15, arm64)	Complete release test suite	2026-09-20T20:01:55.6664120Z     Finished `release` profile [optimized] target(s) in 35.51s
compatibility (macos-15, arm64)	Complete release test suite	2026-09-20T20:01:55.6873100Z      Running unittests src/lib.rs (target/release/deps/rawk-3ccd0689277f799b)
compatibility (macos-15, arm64)	Complete release test suite	2026-09-20T20:01:55.6925450Z 
compatibility (macos-15, arm64)	Complete release test suite	2026-09-20T20:01:55.6926870Z running 0 tests
compatibility (macos-15, arm64)	Complete release test suite	2026-09-20T20:01:55.6927580Z 
compatibility (macos-15, arm64)	Complete release test suite	2026-09-20T20:01:55.6928760Z test result: ok. 0 passed; 0 failed; 0 ignored; 0 measured; 0 filtered out; finished in 0.00s
compatibility (macos-15, arm64)	Complete release test suite	2026-09-20T20:01:55.6930140Z 
compatibility (macos-15, arm64)	Complete release test suite	2026-09-20T20:01:55.6930840Z      Running unittests src/bin/diffrun.rs (target/release/deps/diffrun-142b6f48c10c4a44)
compatibility (macos-15, arm64)	Complete release test suite	2026-09-20T20:01:55.6976210Z 
compatibility (macos-15, arm64)	Complete release test suite	2026-09-20T20:01:55.6976880Z running 0 tests
compatibility (macos-15, arm64)	Complete release test suite	2026-09-20T20:01:55.6977370Z 
compatibility (macos-15, arm64)	Complete release test suite	2026-09-20T20:01:55.6978040Z test result: ok. 0 passed; 0 failed; 0 ignored; 0 measured; 0 filtered out; finished in 0.00s
compatibility (macos-15, arm64)	Complete release test suite	2026-09-20T20:01:55.6979210Z 
compatibility (macos-15, arm64)	Complete release test suite	2026-09-20T20:01:55.6980940Z      Running unittests src/main.rs (target/release/deps/rawk-2ad8a412f6048831)
compatibility (macos-15, arm64)	Complete release test suite	2026-09-20T20:01:55.7067420Z 
compatibility (macos-15, arm64)	Complete release test suite	2026-09-20T20:01:55.7069350Z running 6 tests
compatibility (macos-15, arm64)	Complete release test suite	2026-09-20T20:01:55.7129130Z test ere::stream::tests::physical_short_reads_do_not_change_bwk_lookahead ... ok
compatibility (macos-15, arm64)	Complete release test suite	2026-09-20T20:01:55.7130910Z test input::tests::separators_are_independent_of_read_boundaries ... ok
compatibility (macos-15, arm64)	Complete release test suite	2026-09-20T20:01:55.7132360Z test unicode_ere::tests::compiled_intervals_cover_only_the_requested_runes ... ok
compatibility (macos-15, arm64)	Complete release test suite	2026-09-20T20:01:55.7133920Z test unicode_ere::tests::encoding_preserves_offsets_and_invalid_bytes_without_sentinels ... ok
compatibility (macos-15, arm64)	Complete release test suite	2026-09-20T20:01:55.7189890Z test input::tests::long_records_compaction_and_separator_changes_share_one_cursor ... ok
compatibility (macos-15, arm64)	Complete release test suite	2026-09-20T20:01:55.7192300Z test input::tests::long_csv_keeps_quotes_crlf_and_eof_across_short_reads ... ok
compatibility (macos-15, arm64)	Complete release test suite	2026-09-20T20:01:55.7192990Z 
compatibility (macos-15, arm64)	Complete release test suite	2026-09-20T20:01:55.7194570Z test result: ok. 6 passed; 0 failed; 0 ignored; 0 measured; 0 filtered out; finished in 0.01s
compatibility (macos-15, arm64)	Complete release test suite	2026-09-20T20:01:55.7197080Z 
compatibility (macos-15, arm64)	Complete release test suite	2026-09-20T20:01:55.7197570Z      Running tests/builtins_sanity.rs (target/release/deps/builtins_sanity-6c1a7fe91a28b473)
compatibility (macos-15, arm64)	Complete release test suite	2026-09-20T20:01:55.7258410Z 
compatibility (macos-15, arm64)	Complete release test suite	2026-09-20T20:01:55.7258830Z running 5 tests
compatibility (macos-15, arm64)	Complete release test suite	2026-09-20T20:01:55.7639700Z test length_string ... ok
compatibility (macos-15, arm64)	Complete release test suite	2026-09-20T20:01:55.7648850Z test match_basic ... ok
compatibility (macos-15, arm64)	Complete release test suite	2026-09-20T20:01:55.7653380Z test split_basic ... ok
compatibility (macos-15, arm64)	Complete release test suite	2026-09-20T20:01:55.7973510Z test substr_basic ... ok
compatibility (macos-15, arm64)	Complete release test suite	2026-09-20T20:01:55.8014540Z test sprintf_int ... ok
compatibility (macos-15, arm64)	Complete release test suite	2026-09-20T20:01:55.8015000Z 
compatibility (macos-15, arm64)	Complete release test suite	2026-09-20T20:01:55.8016280Z test result: ok. 5 passed; 0 failed; 0 ignored; 0 measured; 0 filtered out; finished in 0.08s
compatibility (macos-15, arm64)	Complete release test suite	2026-09-20T20:01:55.8028390Z 
compatibility (macos-15, arm64)	Complete release test suite	2026-09-20T20:01:55.8029530Z      Running tests/bytes_array_keys.rs (target/release/deps/bytes_array_keys-9f32a3e60baaafe5)
compatibility (macos-15, arm64)	Complete release test suite	2026-09-20T20:01:55.8091950Z 
compatibility (macos-15, arm64)	Complete release test suite	2026-09-20T20:01:55.8096060Z running 3 tests
compatibility (macos-15, arm64)	Complete release test suite	2026-09-20T20:01:55.8262460Z test nul_embedded_key_round_trips ... ok
compatibility (macos-15, arm64)	Complete release test suite	2026-09-20T20:01:55.8339800Z test distinct_high_byte_keys_do_not_collide ... ok
compatibility (macos-15, arm64)	Complete release test suite	2026-09-20T20:01:55.8471550Z test for_in_returns_all_distinct_byte_keys ... ok
compatibility (macos-15, arm64)	Complete release test suite	2026-09-20T20:01:55.8472080Z 
compatibility (macos-15, arm64)	Complete release test suite	2026-09-20T20:01:55.8472900Z test result: ok. 3 passed; 0 failed; 0 ignored; 0 measured; 0 filtered out; finished in 0.04s
compatibility (macos-15, arm64)	Complete release test suite	2026-09-20T20:01:55.8473420Z 
compatibility (macos-15, arm64)	Complete release test suite	2026-09-20T20:01:55.8475590Z      Running tests/bytes_printf.rs (target/release/deps/bytes_printf-d6999bf0176baf10)
compatibility (macos-15, arm64)	Complete release test suite	2026-09-20T20:01:55.8551760Z 
compatibility (macos-15, arm64)	Complete release test suite	2026-09-20T20:01:55.8554080Z running 6 tests
compatibility (macos-15, arm64)	Complete release test suite	2026-09-20T20:01:55.9083540Z test print_with_high_byte_ofs ... ok
compatibility (macos-15, arm64)	Complete release test suite	2026-09-20T20:01:55.9088140Z test printf_c_emits_first_byte_raw ... ok
compatibility (macos-15, arm64)	Complete release test suite	2026-09-20T20:01:55.9094320Z test field_split_with_high_byte_fs ... ok
compatibility (macos-15, arm64)	Complete release test suite	2026-09-20T20:01:55.9404980Z test sprintf_high_byte_round_trip ... ok
compatibility (macos-15, arm64)	Complete release test suite	2026-09-20T20:01:55.9406190Z test printf_format_string_with_high_bytes ... ok
compatibility (macos-15, arm64)	Complete release test suite	2026-09-20T20:01:55.9592800Z test printf_s_preserves_high_byte ... ok
compatibility (macos-15, arm64)	Complete release test suite	2026-09-20T20:01:55.9593570Z 
compatibility (macos-15, arm64)	Complete release test suite	2026-09-20T20:01:55.9594680Z test result: ok. 6 passed; 0 failed; 0 ignored; 0 measured; 0 filtered out; finished in 0.10s
compatibility (macos-15, arm64)	Complete release test suite	2026-09-20T20:01:55.9595480Z 
compatibility (macos-15, arm64)	Complete release test suite	2026-09-20T20:01:55.9599110Z      Running tests/bytes_regex_match.rs (target/release/deps/bytes_regex_match-1c2f5ba02cfa5f6d)
compatibility (macos-15, arm64)	Complete release test suite	2026-09-20T20:01:55.9649240Z 
compatibility (macos-15, arm64)	Complete release test suite	2026-09-20T20:01:55.9666250Z running 6 tests
compatibility (macos-15, arm64)	Complete release test suite	2026-09-20T20:01:55.9806710Z test match_builtin_high_byte_pattern_position ... ok
compatibility (macos-15, arm64)	Complete release test suite	2026-09-20T20:01:55.9964680Z test gsub_ampersand_includes_whole_match ... ok
compatibility (macos-15, arm64)	Complete release test suite	2026-09-20T20:01:56.0163480Z test match_distinguishes_high_bytes ... ok
compatibility (macos-15, arm64)	Complete release test suite	2026-09-20T20:01:56.0306090Z test nul_inside_subject_with_rs_regex ... ok
compatibility (macos-15, arm64)	Complete release test suite	2026-09-20T20:01:56.0484880Z test rs_regex_high_byte_separator_splits_correctly ... ok
compatibility (macos-15, arm64)	Complete release test suite	2026-09-20T20:01:56.0973810Z test sub_replaces_high_byte_run ... ok
compatibility (macos-15, arm64)	Complete release test suite	2026-09-20T20:01:56.0976300Z 
compatibility (macos-15, arm64)	Complete release test suite	2026-09-20T20:01:56.0984330Z test result: ok. 6 passed; 0 failed; 0 ignored; 0 measured; 0 filtered out; finished in 0.11s
compatibility (macos-15, arm64)	Complete release test suite	2026-09-20T20:01:56.0988310Z 
compatibility (macos-15, arm64)	Complete release test suite	2026-09-20T20:01:56.0990180Z      Running tests/cli_contract.rs (target/release/deps/cli_contract-8df7fd9c7c36effd)
compatibility (macos-15, arm64)	Complete release test suite	2026-09-20T20:01:56.1036870Z 
compatibility (macos-15, arm64)	Complete release test suite	2026-09-20T20:01:56.1037430Z running 5 tests
compatibility (macos-15, arm64)	Complete release test suite	2026-09-20T20:01:56.1182400Z test file_program_keeps_all_input_files ... ok
compatibility (macos-15, arm64)	Complete release test suite	2026-09-20T20:01:56.1815040Z test arrays_and_scalars_cannot_be_interchanged ... ok
compatibility (macos-15, arm64)	Complete release test suite	2026-09-20T20:01:56.2263970Z test invalid_builtin_arity_is_a_language_error ... ok
compatibility (macos-15, arm64)	Complete release test suite	2026-09-20T20:01:56.2824680Z test malformed_formats_and_invalid_runtime_arguments_do_not_panic ... ok
compatibility (macos-15, arm64)	Complete release test suite	2026-09-20T20:01:56.3596900Z test safe_mode_rejects_even_unexecuted_forbidden_operations ... ok
compatibility (macos-15, arm64)	Complete release test suite	2026-09-20T20:01:56.3597810Z 
compatibility (macos-15, arm64)	Complete release test suite	2026-09-20T20:01:56.3598470Z test result: ok. 5 passed; 0 failed; 0 ignored; 0 measured; 0 filtered out; finished in 0.28s
compatibility (macos-15, arm64)	Complete release test suite	2026-09-20T20:01:56.3599290Z 
compatibility (macos-15, arm64)	Complete release test suite	2026-09-20T20:01:56.3601430Z      Running tests/compatibility.rs (target/release/deps/compatibility-44111260cdcb9155)
compatibility (macos-15, arm64)	Complete release test suite	2026-09-20T20:01:56.3669720Z 
compatibility (macos-15, arm64)	Complete release test suite	2026-09-20T20:01:56.3678140Z running 8 tests
compatibility (macos-15, arm64)	Complete release test suite	2026-09-20T20:01:56.4065950Z test braces_in_bracket_expressions_are_not_repetitions ... ok
compatibility (macos-15, arm64)	Complete release test suite	2026-09-20T20:01:56.7049760Z test composed_input_and_control_flow ... ok
compatibility (macos-15, arm64)	Complete release test suite	2026-09-20T20:01:56.7394260Z test arrays_forwarding_recursion_and_local_parameters ... ok
compatibility (macos-15, arm64)	Complete release test suite	2026-09-20T20:01:57.1330450Z test numeric_conversion_matches_original_buffer_limit ... ok
compatibility (macos-15, arm64)	Complete release test suite	2026-09-20T20:01:59.9400490Z test regex_compositions_match_original ... ok
compatibility (macos-15, arm64)	Complete release test suite	2026-09-20T20:02:00.1161840Z test tuple_membership_uses_current_subsep_between_components ... ok
compatibility (macos-15, arm64)	Complete release test suite	2026-09-20T20:02:00.7153870Z test generated_record_array_function_programs ... ok
compatibility (macos-15, arm64)	Complete release test suite	2026-09-20T20:02:03.2040060Z test hex_floats_precision_flags_and_boundaries ... ok
compatibility (macos-15, arm64)	Complete release test suite	2026-09-20T20:02:03.2041420Z 
compatibility (macos-15, arm64)	Complete release test suite	2026-09-20T20:02:03.2042390Z test result: ok. 8 passed; 0 failed; 0 ignored; 0 measured; 0 filtered out; finished in 6.84s
compatibility (macos-15, arm64)	Complete release test suite	2026-09-20T20:02:03.2049560Z 
compatibility (macos-15, arm64)	Complete release test suite	2026-09-20T20:02:03.2050430Z      Running tests/corpus.rs (target/release/deps/corpus-5d8a8cd83e27520b)
compatibility (macos-15, arm64)	Complete release test suite	2026-09-20T20:02:03.2092400Z 
compatibility (macos-15, arm64)	Complete release test suite	2026-09-20T20:02:03.2093020Z running 1 test
compatibility (macos-15, arm64)	Complete release test suite	2026-09-20T20:02:17.2520880Z test original_small_programs ... ok
compatibility (macos-15, arm64)	Complete release test suite	2026-09-20T20:02:17.2523060Z 
compatibility (macos-15, arm64)	Complete release test suite	2026-09-20T20:02:17.2524050Z test result: ok. 1 passed; 0 failed; 0 ignored; 0 measured; 0 filtered out; finished in 14.04s
compatibility (macos-15, arm64)	Complete release test suite	2026-09-20T20:02:17.2525150Z 
compatibility (macos-15, arm64)	Complete release test suite	2026-09-20T20:02:17.2537080Z      Running tests/corpus_contracts.rs (target/release/deps/corpus_contracts-4b6d8a80e54e3691)
compatibility (macos-15, arm64)	Complete release test suite	2026-09-20T20:02:17.2613360Z 
compatibility (macos-15, arm64)	Complete release test suite	2026-09-20T20:02:17.2615840Z running 3 tests
compatibility (macos-15, arm64)	Complete release test suite	2026-09-20T20:02:17.2782600Z test rng_is_bounded_repeatable_and_srand_returns_previous_seed ... ok
compatibility (macos-15, arm64)	Complete release test suite	2026-09-20T20:02:17.6234370Z test contracts_reject_new_differences ... ok
compatibility (macos-15, arm64)	Complete release test suite	2026-09-20T20:02:21.2455490Z test entire_small_corpus_obeys_explicit_contracts ... ok
compatibility (macos-15, arm64)	Complete release test suite	2026-09-20T20:02:21.2456070Z 
compatibility (macos-15, arm64)	Complete release test suite	2026-09-20T20:02:21.2456720Z test result: ok. 3 passed; 0 failed; 0 ignored; 0 measured; 0 filtered out; finished in 3.99s
compatibility (macos-15, arm64)	Complete release test suite	2026-09-20T20:02:21.2457950Z 
compatibility (macos-15, arm64)	Complete release test suite	2026-09-20T20:02:21.2458420Z      Running tests/data_contract.rs (target/release/deps/data_contract-38b330102d1621fe)
compatibility (macos-15, arm64)	Complete release test suite	2026-09-20T20:02:21.2496460Z 
compatibility (macos-15, arm64)	Complete release test suite	2026-09-20T20:02:21.2507870Z running 9 tests
compatibility (macos-15, arm64)	Complete release test suite	2026-09-20T20:02:21.2665470Z test csv_handles_quoted_delimiters_newlines_and_escaped_quotes ... ok
compatibility (macos-15, arm64)	Complete release test suite	2026-09-20T20:02:21.2669410Z test invalid_regex_is_reported ... ok
compatibility (macos-15, arm64)	Complete release test suite	2026-09-20T20:02:21.2714520Z test fields_accept_regex_separator ... ok
compatibility (macos-15, arm64)	Complete release test suite	2026-09-20T20:02:21.2845370Z test reused_whitespace_fields_preserve_nul_bytes ... ok
compatibility (macos-15, arm64)	Complete release test suite	2026-09-20T20:02:21.2849140Z test regex_uses_leftmost_longest ... ok
compatibility (macos-15, arm64)	Complete release test suite	2026-09-20T20:02:21.2991260Z test split_preserves_empty_fields_and_clears_array ... ok
compatibility (macos-15, arm64)	Complete release test suite	2026-09-20T20:02:21.3067160Z test substitutions_report_count_not_changed_text ... ok
compatibility (macos-15, arm64)	Complete release test suite	2026-09-20T20:02:21.3388880Z test successive_whitespace_records_preserve_values_and_numeric_types ... ok
compatibility (macos-15, arm64)	Complete release test suite	2026-09-20T20:02:21.3984280Z test whitespace_reuse_handles_resplit_getline_and_separator_changes ... ok
compatibility (macos-15, arm64)	Complete release test suite	2026-09-20T20:02:21.3984730Z 
compatibility (macos-15, arm64)	Complete release test suite	2026-09-20T20:02:21.3985050Z test result: ok. 9 passed; 0 failed; 0 ignored; 0 measured; 0 filtered out; finished in 0.15s
compatibility (macos-15, arm64)	Complete release test suite	2026-09-20T20:02:21.3985420Z 
compatibility (macos-15, arm64)	Complete release test suite	2026-09-20T20:02:21.3988200Z      Running tests/diffrun_buckets.rs (target/release/deps/diffrun_buckets-f6bc278430dc8636)
compatibility (macos-15, arm64)	Complete release test suite	2026-09-20T20:02:21.4029850Z 
compatibility (macos-15, arm64)	Complete release test suite	2026-09-20T20:02:21.4030650Z running 3 tests
compatibility (macos-15, arm64)	Complete release test suite	2026-09-20T20:02:28.2839600Z test diffrun_step23_target_counts ... ok
compatibility (macos-15, arm64)	Complete release test suite	2026-09-20T20:02:28.3895680Z test diffrun_exits_nonzero_when_unexpected_divergences_present ... ok
compatibility (macos-15, arm64)	Complete release test suite	2026-09-20T20:02:28.5165690Z test diffrun_emits_four_bucket_summary ... ok
compatibility (macos-15, arm64)	Complete release test suite	2026-09-20T20:02:28.5165970Z 
compatibility (macos-15, arm64)	Complete release test suite	2026-09-20T20:02:28.5166270Z test result: ok. 3 passed; 0 failed; 0 ignored; 0 measured; 0 filtered out; finished in 7.11s
compatibility (macos-15, arm64)	Complete release test suite	2026-09-20T20:02:28.5166670Z 
compatibility (macos-15, arm64)	Complete release test suite	2026-09-20T20:02:28.5177410Z      Running tests/driver_regressions.rs (target/release/deps/driver_regressions-2394f81f90f542d1)
compatibility (macos-15, arm64)	Complete release test suite	2026-09-20T20:02:28.5224810Z 
compatibility (macos-15, arm64)	Complete release test suite	2026-09-20T20:02:28.5227100Z running 8 tests
compatibility (macos-15, arm64)	Complete release test suite	2026-09-20T20:02:28.5821410Z test getline_comparison_is_not_part_of_filename ... ok
compatibility (macos-15, arm64)	Complete release test suite	2026-09-20T20:02:28.5870770Z test field_index_beyond_reference_integer_range_is_an_error ... ok
compatibility (macos-15, arm64)	Complete release test suite	2026-09-20T20:02:28.6142770Z test multifile_syntax_error_names_offending_source ... ok
compatibility (macos-15, arm64)	Complete release test suite	2026-09-20T20:02:28.7116650Z test invalid_function_parameters_are_errors_before_execution ... ok
compatibility (macos-15, arm64)	Complete release test suite	2026-09-20T20:02:28.7924890Z test redirected_stdin_shares_buffer_with_main_input ... ok
compatibility (macos-15, arm64)	Complete release test suite	2026-09-20T20:02:28.9811290Z test stdin_program_and_empty_statements ... ok
compatibility (macos-15, arm64)	Complete release test suite	2026-09-20T20:02:29.5879910Z test standard_output_aliases_share_streams_and_lifecycle ... ok
compatibility (macos-15, arm64)	Complete release test suite	2026-09-20T20:02:29.9392300Z test checked_math_matches_native_oracle ... ok
compatibility (macos-15, arm64)	Complete release test suite	2026-09-20T20:02:29.9393640Z 
compatibility (macos-15, arm64)	Complete release test suite	2026-09-20T20:02:29.9394600Z test result: ok. 8 passed; 0 failed; 0 ignored; 0 measured; 0 filtered out; finished in 1.42s
compatibility (macos-15, arm64)	Complete release test suite	2026-09-20T20:02:29.9395790Z 
compatibility (macos-15, arm64)	Complete release test suite	2026-09-20T20:02:29.9396990Z      Running tests/dynamic_format.rs (target/release/deps/dynamic_format-1225d35b53ea860a)
compatibility (macos-15, arm64)	Complete release test suite	2026-09-20T20:02:29.9431700Z 
compatibility (macos-15, arm64)	Complete release test suite	2026-09-20T20:02:29.9432840Z running 8 tests
compatibility (macos-15, arm64)	Complete release test suite	2026-09-20T20:02:29.9932740Z test missing_star_arguments_are_errors ... ok
compatibility (macos-15, arm64)	Complete release test suite	2026-09-20T20:02:33.7063210Z test dynamic_width_precision_and_consumption ... ok
compatibility (macos-15, arm64)	Complete release test suite	2026-09-20T20:02:33.7253210Z test negative_precision_keeps_binary_and_multibyte_paths ... ok
compatibility (macos-15, arm64)	Complete release test suite	2026-09-20T20:02:33.8113970Z test string_and_literal_range_errors_do_not_discard_arithmetic_subnormals ... ok
compatibility (macos-15, arm64)	Complete release test suite	2026-09-20T20:02:34.6252070Z test unsigned_conversion_matches_native_oracle ... ok
compatibility (macos-15, arm64)	Complete release test suite	2026-09-20T20:02:34.7562480Z test zero_padded_strings_match_native_oracle ... ok
compatibility (macos-15, arm64)	Complete release test suite	2026-09-20T20:02:40.4388760Z test integer_flags_precision_and_signs ... ok
compatibility (macos-15, arm64)	Complete release test suite	2026-09-20T20:02:43.4181720Z test negative_dynamic_precision_preserves_flags_and_argument_consumption ... ok
compatibility (macos-15, arm64)	Complete release test suite	2026-09-20T20:02:43.4182790Z 
compatibility (macos-15, arm64)	Complete release test suite	2026-09-20T20:02:43.4183750Z test result: ok. 8 passed; 0 failed; 0 ignored; 0 measured; 0 filtered out; finished in 13.48s
compatibility (macos-15, arm64)	Complete release test suite	2026-09-20T20:02:43.4184230Z 
compatibility (macos-15, arm64)	Complete release test suite	2026-09-20T20:02:43.4193160Z      Running tests/error_messages.rs (target/release/deps/error_messages-ac93bbbea37947a8)
compatibility (macos-15, arm64)	Complete release test suite	2026-09-20T20:02:43.4226700Z 
compatibility (macos-15, arm64)	Complete release test suite	2026-09-20T20:02:43.4231040Z running 2 tests
compatibility (macos-15, arm64)	Complete release test suite	2026-09-20T20:02:43.4286900Z test missing_program_file_mentions_filename ... ok
compatibility (macos-15, arm64)	Complete release test suite	2026-09-20T20:02:43.4295850Z test output_to_unwritable_path_mentions_filename ... ok
compatibility (macos-15, arm64)	Complete release test suite	2026-09-20T20:02:43.4296340Z 
compatibility (macos-15, arm64)	Complete release test suite	2026-09-20T20:02:43.4297410Z test result: ok. 2 passed; 0 failed; 0 ignored; 0 measured; 0 filtered out; finished in 0.01s
compatibility (macos-15, arm64)	Complete release test suite	2026-09-20T20:02:43.4298260Z 
compatibility (macos-15, arm64)	Complete release test suite	2026-09-20T20:02:43.4301690Z      Running tests/exit_codes.rs (target/release/deps/exit_codes-b64ab401782fd6d1)
compatibility (macos-15, arm64)	Complete release test suite	2026-09-20T20:02:43.4348870Z 
compatibility (macos-15, arm64)	Complete release test suite	2026-09-20T20:02:43.4349310Z running 4 tests
compatibility (macos-15, arm64)	Complete release test suite	2026-09-20T20:02:43.4441320Z test exit_with_value ... ok
compatibility (macos-15, arm64)	Complete release test suite	2026-09-20T20:02:43.4444640Z test exit_zero_default ... ok
compatibility (macos-15, arm64)	Complete release test suite	2026-09-20T20:02:43.4462100Z test exit_from_end_block ... ok
compatibility (macos-15, arm64)	Complete release test suite	2026-09-20T20:02:43.4511690Z test syntax_error_nonzero ... ok
compatibility (macos-15, arm64)	Complete release test suite	2026-09-20T20:02:43.4512380Z 
compatibility (macos-15, arm64)	Complete release test suite	2026-09-20T20:02:43.4513250Z test result: ok. 4 passed; 0 failed; 0 ignored; 0 measured; 0 filtered out; finished in 0.02s
compatibility (macos-15, arm64)	Complete release test suite	2026-09-20T20:02:43.4514650Z 
compatibility (macos-15, arm64)	Complete release test suite	2026-09-20T20:02:43.4518420Z      Running tests/harness.rs (target/release/deps/harness-d9607519d11f85d6)
compatibility (macos-15, arm64)	Complete release test suite	2026-09-20T20:02:43.4560210Z 
compatibility (macos-15, arm64)	Complete release test suite	2026-09-20T20:02:43.4563880Z running 5 tests
compatibility (macos-15, arm64)	Complete release test suite	2026-09-20T20:02:43.4565340Z test annotation_does_not_accept_new_failures ... ok
compatibility (macos-15, arm64)	Complete release test suite	2026-09-20T20:02:43.4773660Z test preserves_bytes_whitespace_and_status ... ok
compatibility (macos-15, arm64)	Complete release test suite	2026-09-20T20:02:43.4846400Z test aggregate_gate_reports_an_intermediate_failure ... ok
compatibility (macos-15, arm64)	Complete release test suite	2026-09-20T20:02:43.4996290Z test each_run_has_a_fresh_directory ... ok
compatibility (macos-15, arm64)	Complete release test suite	2026-09-20T20:02:43.9796240Z test timeout_kills_descendants ... ok
compatibility (macos-15, arm64)	Complete release test suite	2026-09-20T20:02:43.9897210Z 
compatibility (macos-15, arm64)	Complete release test suite	2026-09-20T20:02:43.9999330Z test result: ok. 5 passed; 0 failed; 0 ignored; 0 measured; 0 filtered out; finished in 0.52s
compatibility (macos-15, arm64)	Complete release test suite	2026-09-20T20:02:44.0100390Z 
compatibility (macos-15, arm64)	Complete release test suite	2026-09-20T20:02:44.0183550Z      Running tests/historical.rs (target/release/deps/historical-ef52dab35f9df312)
compatibility (macos-15, arm64)	Complete release test suite	2026-09-20T20:02:44.0187030Z 
compatibility (macos-15, arm64)	Complete release test suite	2026-09-20T20:02:44.0187640Z running 2 tests
compatibility (macos-15, arm64)	Complete release test suite	2026-09-20T20:02:44.3762390Z test original_invalid_programs_are_rejected_without_panicking ... ok
compatibility (macos-15, arm64)	Complete release test suite	2026-09-20T20:02:45.9154750Z test original_positive_regressions ... ok
compatibility (macos-15, arm64)	Complete release test suite	2026-09-20T20:02:45.9155140Z 
compatibility (macos-15, arm64)	Complete release test suite	2026-09-20T20:02:45.9155430Z test result: ok. 2 passed; 0 failed; 0 ignored; 0 measured; 0 filtered out; finished in 1.93s
compatibility (macos-15, arm64)	Complete release test suite	2026-09-20T20:02:45.9155720Z 
compatibility (macos-15, arm64)	Complete release test suite	2026-09-20T20:02:45.9158710Z      Running tests/input_contract.rs (target/release/deps/input_contract-5dbc6cd8ac435535)
compatibility (macos-15, arm64)	Complete release test suite	2026-09-20T20:02:45.9220490Z 
compatibility (macos-15, arm64)	Complete release test suite	2026-09-20T20:02:45.9226500Z running 7 tests
compatibility (macos-15, arm64)	Complete release test suite	2026-09-20T20:02:45.9456400Z test getline_uses_main_stream_and_counts_every_read ... ok
compatibility (macos-15, arm64)	Complete release test suite	2026-09-20T20:02:45.9613710Z test file_getline_and_interleaved_assignments ... ok
compatibility (macos-15, arm64)	Complete release test suite	2026-09-20T20:02:46.0079440Z test missing_getline_file_is_an_error_not_eof ... ok
compatibility (macos-15, arm64)	Complete release test suite	2026-09-20T20:02:46.0211230Z test large_csv_records_match_c ... ok
compatibility (macos-15, arm64)	Complete release test suite	2026-09-20T20:02:46.0252510Z test large_records_getline_and_rs_changes_match_c ... ok
compatibility (macos-15, arm64)	Complete release test suite	2026-09-20T20:02:46.0459450Z test rewriting_record_does_not_count_a_read ... ok
compatibility (macos-15, arm64)	Complete release test suite	2026-09-20T20:02:46.0587740Z test rs_changes_apply_to_unconsumed_input ... ok
compatibility (macos-15, arm64)	Complete release test suite	2026-09-20T20:02:46.0589860Z 
compatibility (macos-15, arm64)	Complete release test suite	2026-09-20T20:02:46.0590120Z test result: ok. 7 passed; 0 failed; 0 ignored; 0 measured; 0 filtered out; finished in 0.14s
compatibility (macos-15, arm64)	Complete release test suite	2026-09-20T20:02:46.0590440Z 
compatibility (macos-15, arm64)	Complete release test suite	2026-09-20T20:02:46.0590700Z      Running tests/language_contract.rs (target/release/deps/language_contract-3ced7d5ff1088bce)
compatibility (macos-15, arm64)	Complete release test suite	2026-09-20T20:02:46.0634990Z 
compatibility (macos-15, arm64)	Complete release test suite	2026-09-20T20:02:46.0639820Z running 7 tests
compatibility (macos-15, arm64)	Complete release test suite	2026-09-20T20:02:46.1034070Z test array_parameters_are_references ... ok
compatibility (macos-15, arm64)	Complete release test suite	2026-09-20T20:02:46.1103480Z test convfmt_is_used_for_comparisons_fields_and_keys ... ok
compatibility (macos-15, arm64)	Complete release test suite	2026-09-20T20:02:46.1142980Z test array_reads_create_entries ... ok
compatibility (macos-15, arm64)	Complete release test suite	2026-09-20T20:02:46.1166520Z test expressions_and_escapes ... ok
compatibility (macos-15, arm64)	Complete release test suite	2026-09-20T20:02:46.1659520Z test lvalue_indices_are_evaluated_once ... ok
compatibility (macos-15, arm64)	Complete release test suite	2026-09-20T20:02:46.1660150Z test numeric_and_string_values_keep_their_types ... ok
compatibility (macos-15, arm64)	Complete release test suite	2026-09-20T20:02:46.1677150Z test range_patterns_and_empty_actions ... ok
compatibility (macos-15, arm64)	Complete release test suite	2026-09-20T20:02:46.1678340Z 
compatibility (macos-15, arm64)	Complete release test suite	2026-09-20T20:02:46.1678780Z test result: ok. 7 passed; 0 failed; 0 ignored; 0 measured; 0 filtered out; finished in 0.10s
compatibility (macos-15, arm64)	Complete release test suite	2026-09-20T20:02:46.1679350Z 
compatibility (macos-15, arm64)	Complete release test suite	2026-09-20T20:02:46.1680790Z      Running tests/legacy_locale.rs (target/release/deps/legacy_locale-38cdaef36ac58a46)
compatibility (macos-15, arm64)	Complete release test suite	2026-09-20T20:02:46.1719690Z 
compatibility (macos-15, arm64)	Complete release test suite	2026-09-20T20:02:46.1725880Z running 6 tests
compatibility (macos-15, arm64)	Complete release test suite	2026-09-20T20:02:46.2865050Z test byte_positions_ranges_splits_and_substitution_match_c ... ok
compatibility (macos-15, arm64)	Complete release test suite	2026-09-20T20:02:46.3358200Z test every_nonzero_byte_case_conversion_matches_c ... ok
compatibility (macos-15, arm64)	Complete release test suite	2026-09-20T20:02:46.3857380Z test nul_preservation_remains_an_explicit_rust_extension ... ok
compatibility (macos-15, arm64)	Complete release test suite	2026-09-20T20:02:46.4619800Z test required_single_byte_locales_are_active ... ok
compatibility (macos-15, arm64)	Complete release test suite	2026-09-20T20:02:46.5554980Z test legacy_locale_selection_obeys_precedence_and_is_fixed_at_startup ... ok
compatibility (macos-15, arm64)	Complete release test suite	2026-09-20T20:02:47.7459990Z test every_nonzero_byte_in_each_posix_class_matches_c ... ok
compatibility (macos-15, arm64)	Complete release test suite	2026-09-20T20:02:47.7461000Z 
compatibility (macos-15, arm64)	Complete release test suite	2026-09-20T20:02:47.7461700Z test result: ok. 6 passed; 0 failed; 0 ignored; 0 measured; 0 filtered out; finished in 1.57s
compatibility (macos-15, arm64)	Complete release test suite	2026-09-20T20:02:47.7462550Z 
compatibility (macos-15, arm64)	Complete release test suite	2026-09-20T20:02:47.7463130Z      Running tests/phase7_closure.rs (target/release/deps/phase7_closure-beb75fe18a711996)
compatibility (macos-15, arm64)	Complete release test suite	2026-09-20T20:02:47.7528850Z 
compatibility (macos-15, arm64)	Complete release test suite	2026-09-20T20:02:47.7531360Z running 7 tests
compatibility (macos-15, arm64)	Complete release test suite	2026-09-20T20:02:47.8663860Z test closed_output_pipe_reports_language_error ... ok
compatibility (macos-15, arm64)	Complete release test suite	2026-09-20T20:02:47.9468650Z test contracts_reject_mutations ... ok
compatibility (macos-15, arm64)	Complete release test suite	2026-09-20T20:02:48.2608130Z test generated_octal_regex_atoms_and_literal_operators ... ok
compatibility (macos-15, arm64)	Complete release test suite	2026-09-20T20:02:48.4128380Z test raw_source_bytes_survive_inline_file_and_stdin ... ok
compatibility (macos-15, arm64)	Complete release test suite	2026-09-20T20:02:48.4802520Z test keyword_prefixes_and_integral_precision ... ok
compatibility (macos-15, arm64)	Complete release test suite	2026-09-20T20:02:48.8604880Z test separators_keep_string_and_regex_semantics ... ok
compatibility (macos-15, arm64)	Complete release test suite	2026-09-20T20:02:52.0868000Z test individual_driver_contracts ... ok
compatibility (macos-15, arm64)	Complete release test suite	2026-09-20T20:02:52.0868860Z 
compatibility (macos-15, arm64)	Complete release test suite	2026-09-20T20:02:52.0869590Z test result: ok. 7 passed; 0 failed; 0 ignored; 0 measured; 0 filtered out; finished in 4.33s
compatibility (macos-15, arm64)	Complete release test suite	2026-09-20T20:02:52.0869990Z 
compatibility (macos-15, arm64)	Complete release test suite	2026-09-20T20:02:52.0870750Z      Running tests/printf_sanity.rs (target/release/deps/printf_sanity-e0ee0e84b1d2669f)
compatibility (macos-15, arm64)	Complete release test suite	2026-09-20T20:02:52.0911690Z 
compatibility (macos-15, arm64)	Complete release test suite	2026-09-20T20:02:52.0917410Z running 5 tests
compatibility (macos-15, arm64)	Complete release test suite	2026-09-20T20:02:52.1089820Z test f_precision ... ok
compatibility (macos-15, arm64)	Complete release test suite	2026-09-20T20:02:52.1169080Z test d_padding ... ok
compatibility (macos-15, arm64)	Complete release test suite	2026-09-20T20:02:52.1278140Z test e_scientific ... ok
compatibility (macos-15, arm64)	Complete release test suite	2026-09-20T20:02:52.1452260Z test x_hex ... ok
compatibility (macos-15, arm64)	Complete release test suite	2026-09-20T20:02:52.1465340Z test s_truncate ... ok
compatibility (macos-15, arm64)	Complete release test suite	2026-09-20T20:02:52.1465880Z 
compatibility (macos-15, arm64)	Complete release test suite	2026-09-20T20:02:52.1466490Z test result: ok. 5 passed; 0 failed; 0 ignored; 0 measured; 0 filtered out; finished in 0.06s
compatibility (macos-15, arm64)	Complete release test suite	2026-09-20T20:02:52.1467310Z 
compatibility (macos-15, arm64)	Complete release test suite	2026-09-20T20:02:52.1467810Z      Running tests/proptest_diff.rs (target/release/deps/proptest_diff-22a5f0682886d9f3)
compatibility (macos-15, arm64)	Complete release test suite	2026-09-20T20:02:52.1506080Z 
compatibility (macos-15, arm64)	Complete release test suite	2026-09-20T20:02:52.1507340Z running 6 tests
compatibility (macos-15, arm64)	Complete release test suite	2026-09-20T20:02:56.1923220Z test template_concat_string ... ok
compatibility (macos-15, arm64)	Complete release test suite	2026-09-20T20:02:56.2127250Z test template_multiply ... ok
compatibility (macos-15, arm64)	Complete release test suite	2026-09-20T20:02:56.2434880Z test template_add ... ok
compatibility (macos-15, arm64)	Complete release test suite	2026-09-20T20:02:58.2118890Z test template_scientific_no_orphan_dot ... ok
compatibility (macos-15, arm64)	Complete release test suite	2026-09-20T20:03:00.0271740Z test template_printf_int ... ok
compatibility (macos-15, arm64)	Complete release test suite	2026-09-20T20:03:00.1570800Z test template_printf_float ... ok
compatibility (macos-15, arm64)	Complete release test suite	2026-09-20T20:03:00.1571570Z 
compatibility (macos-15, arm64)	Complete release test suite	2026-09-20T20:03:00.1572330Z test result: ok. 6 passed; 0 failed; 0 ignored; 0 measured; 0 filtered out; finished in 8.01s
compatibility (macos-15, arm64)	Complete release test suite	2026-09-20T20:03:00.1573630Z 
compatibility (macos-15, arm64)	Complete release test suite	2026-09-20T20:03:00.1578470Z      Running tests/remaining_contract.rs (target/release/deps/remaining_contract-e2d4c1de3982ed18)
compatibility (macos-15, arm64)	Complete release test suite	2026-09-20T20:03:00.1644730Z 
compatibility (macos-15, arm64)	Complete release test suite	2026-09-20T20:03:00.1649190Z running 7 tests
compatibility (macos-15, arm64)	Complete release test suite	2026-09-20T20:03:00.2009670Z test bracket_normalization_preserves_the_binary_profile ... ok
compatibility (macos-15, arm64)	Complete release test suite	2026-09-20T20:03:00.2845460Z test character_format_distinguishes_numeric_fields_from_literal_strings ... ok
compatibility (macos-15, arm64)	Complete release test suite	2026-09-20T20:03:00.3531260Z test missing_fields_are_empty_strings_not_uninitialized_variables ... ok
compatibility (macos-15, arm64)	Complete release test suite	2026-09-20T20:03:00.9761060Z test descending_bracket_ranges_follow_original_c ... ok
compatibility (macos-15, arm64)	Complete release test suite	2026-09-20T20:03:04.5351430Z test generated_rational_values_and_float_formats ... ok
compatibility (macos-15, arm64)	Complete release test suite	2026-09-20T20:03:06.9229370Z test replacement_escapes_have_separate_lexical_and_runtime_stages ... ok
compatibility (macos-15, arm64)	Complete release test suite	2026-09-20T20:03:08.0421350Z test numeric_rounding_uses_the_exact_binary_value ... ok
compatibility (macos-15, arm64)	Complete release test suite	2026-09-20T20:03:08.0422100Z 
compatibility (macos-15, arm64)	Complete release test suite	2026-09-20T20:03:08.0422430Z test result: ok. 7 passed; 0 failed; 0 ignored; 0 measured; 0 filtered out; finished in 7.88s
compatibility (macos-15, arm64)	Complete release test suite	2026-09-20T20:03:08.0422710Z 
compatibility (macos-15, arm64)	Complete release test suite	2026-09-20T20:03:08.0424190Z      Running tests/runtime_contract.rs (target/release/deps/runtime_contract-ffdd5e57df96f222)
compatibility (macos-15, arm64)	Complete release test suite	2026-09-20T20:03:08.0491960Z 
compatibility (macos-15, arm64)	Complete release test suite	2026-09-20T20:03:08.0493450Z running 3 tests
compatibility (macos-15, arm64)	Complete release test suite	2026-09-20T20:03:08.0820440Z test return_escapes_all_loop_forms ... ok
compatibility (macos-15, arm64)	Complete release test suite	2026-09-20T20:03:08.0821520Z test exit_executes_end_and_interrupts_expressions ... ok
compatibility (macos-15, arm64)	Complete release test suite	2026-09-20T20:03:08.0994490Z test short_circuit_preserves_side_effects ... ok
compatibility (macos-15, arm64)	Complete release test suite	2026-09-20T20:03:08.0994960Z 
compatibility (macos-15, arm64)	Complete release test suite	2026-09-20T20:03:08.0995240Z test result: ok. 3 passed; 0 failed; 0 ignored; 0 measured; 0 filtered out; finished in 0.05s
compatibility (macos-15, arm64)	Complete release test suite	2026-09-20T20:03:08.0995720Z 
compatibility (macos-15, arm64)	Complete release test suite	2026-09-20T20:03:08.0999240Z      Running tests/shell_drivers.rs (target/release/deps/shell_drivers-1f434c93edacaeb9)
compatibility (macos-15, arm64)	Complete release test suite	2026-09-20T20:03:08.1058710Z 
compatibility (macos-15, arm64)	Complete release test suite	2026-09-20T20:03:08.1067290Z running 3 tests
compatibility (macos-15, arm64)	Complete release test suite	2026-09-20T20:03:10.5038980Z test shell_driver_gate_rejects_missing_interpreter_output ... ok
compatibility (macos-15, arm64)	Complete release test suite	2026-09-20T20:03:11.3848190Z test original_cli_and_array_shell_drivers ... ok
compatibility (macos-15, arm64)	Complete release test suite	2026-09-20T20:03:57.5882900Z test admitted_original_shell_drivers ... ok
compatibility (macos-15, arm64)	Complete release test suite	2026-09-20T20:03:57.5885090Z 
compatibility (macos-15, arm64)	Complete release test suite	2026-09-20T20:03:57.5886180Z test result: ok. 3 passed; 0 failed; 0 ignored; 0 measured; 0 filtered out; finished in 49.48s
compatibility (macos-15, arm64)	Complete release test suite	2026-09-20T20:03:57.5886620Z 
compatibility (macos-15, arm64)	Complete release test suite	2026-09-20T20:03:57.5887120Z      Running tests/shift_jis.rs (target/release/deps/shift_jis-5a32b33fced7a1c8)
compatibility (macos-15, arm64)	Complete release test suite	2026-09-20T20:03:57.6024740Z 
compatibility (macos-15, arm64)	Complete release test suite	2026-09-20T20:03:57.6027690Z running 12 tests
compatibility (macos-15, arm64)	Complete release test suite	2026-09-20T20:03:57.6398020Z test conversion_failure_preserves_atomic_print_contract ... ok
compatibility (macos-15, arm64)	Complete release test suite	2026-09-20T20:03:57.6967370Z test embedded_nul_preserves_the_rust_binary_extension ... ok
compatibility (macos-15, arm64)	Complete release test suite	2026-09-20T20:03:57.7154220Z test decoded_character_with_unencodable_case_mapping_matches_c ... ok
compatibility (macos-15, arm64)	Complete release test suite	2026-09-20T20:03:58.0434580Z test record_separators_and_locale_precedence_match_c ... ok
compatibility (macos-15, arm64)	Complete release test suite	2026-09-20T20:03:58.1214490Z test regex_rs_with_three_or_four_byte_structural_units_matches_c ... ok
compatibility (macos-15, arm64)	Complete release test suite	2026-09-20T20:03:58.2203260Z test required_sjis_locale_has_observable_case_mapping ... ok
compatibility (macos-15, arm64)	Complete release test suite	2026-09-20T20:03:58.5029420Z test regex_rs_sjis_refill_across_input_buffers_and_getline_matches_c ... ok
compatibility (macos-15, arm64)	Complete release test suite	2026-09-20T20:03:58.5971930Z test streaming_rs_keeps_binary_data_distinct_from_eof ... ok
compatibility (macos-15, arm64)	Complete release test suite	2026-09-20T20:03:59.6115120Z test structural_units_regex_fields_and_formatting_match_c ... ok
compatibility (macos-15, arm64)	Complete release test suite	2026-09-20T20:04:00.3458060Z test valid_case_conversion_and_truncated_suffixes_match_c ... ok
compatibility (macos-15, arm64)	Complete release test suite	2026-09-20T20:04:08.6791680Z test regex_rs_refill_restart_longest_and_anchors_match_c ... ok
compatibility (macos-15, arm64)	Complete release test suite	2026-09-20T20:04:43.4663200Z test single_bytes_and_lead_trail_boundaries_match_c ... ok
compatibility (macos-15, arm64)	Complete release test suite	2026-09-20T20:04:43.4665300Z 
compatibility (macos-15, arm64)	Complete release test suite	2026-09-20T20:04:43.4666000Z test result: ok. 12 passed; 0 failed; 0 ignored; 0 measured; 0 filtered out; finished in 45.86s
compatibility (macos-15, arm64)	Complete release test suite	2026-09-20T20:04:43.4685640Z 
compatibility (macos-15, arm64)	Complete release test suite	2026-09-20T20:04:43.4714290Z      Running tests/unicode_contract.rs (target/release/deps/unicode_contract-6c718049334c8787)
compatibility (macos-15, arm64)	Complete release test suite	2026-09-20T20:04:43.4926050Z 
compatibility (macos-15, arm64)	Complete release test suite	2026-09-20T20:04:43.4927620Z running 12 tests
compatibility (macos-15, arm64)	Complete release test suite	2026-09-20T20:04:43.5617700Z test binary_nul_extension_and_case_conversion_errors ... ok
compatibility (macos-15, arm64)	Complete release test suite	2026-09-20T20:04:43.6776700Z test match_rhs_literals_and_dynamic_patterns_keep_their_distinct_evaluation ... ok
compatibility (macos-15, arm64)	Complete release test suite	2026-09-20T20:04:44.1776890Z test locale_precedence_and_character_operations ... ok
compatibility (macos-15, arm64)	Complete release test suite	2026-09-20T20:04:44.2646260Z test boolean_regex_search_preserves_rune_alignment_and_empty_matches ... ok
compatibility (macos-15, arm64)	Complete release test suite	2026-09-20T20:04:44.3736320Z test repeated_matches_and_index_inside_a_multibyte_unit ... ok
compatibility (macos-15, arm64)	Complete release test suite	2026-09-20T20:04:44.5185740Z test required_locales_are_active_in_both_interpreters ... ok
compatibility (macos-15, arm64)	Complete release test suite	2026-09-20T20:04:44.7502110Z test substitution_expansion_preserves_prefixes_escapes_and_empty_matches ... ok
compatibility (macos-15, arm64)	Complete release test suite	2026-09-20T20:04:44.9567640Z test unicode_formatting_and_source_escapes ... ok
compatibility (macos-15, arm64)	Complete release test suite	2026-09-20T20:04:45.3850350Z test utf8_record_separators_across_buffers ... ok
compatibility (macos-15, arm64)	Complete release test suite	2026-09-20T20:04:45.6755610Z test unicode_classes_ranges_and_anchors ... ok
compatibility (macos-15, arm64)	Complete release test suite	2026-09-20T20:04:45.8559230Z test utf8_regex_empty_matches_and_mixed_bytes ... ok
compatibility (macos-15, arm64)	Complete release test suite	2026-09-20T20:04:55.7150300Z test original_utf8_drivers ... ok
compatibility (macos-15, arm64)	Complete release test suite	2026-09-20T20:04:55.7150780Z 
compatibility (macos-15, arm64)	Complete release test suite	2026-09-20T20:04:55.7151110Z test result: ok. 12 passed; 0 failed; 0 ignored; 0 measured; 0 filtered out; finished in 12.22s
compatibility (macos-15, arm64)	Complete release test suite	2026-09-20T20:04:55.7151570Z 
compatibility (macos-15, arm64)	Complete release test suite	2026-09-20T20:04:55.7152870Z      Running tests/xml_runner_test.rs (target/release/deps/xml_runner_test-cf4997c9ef4fe243)
compatibility (macos-15, arm64)	Complete release test suite	2026-09-20T20:04:55.7270770Z 
compatibility (macos-15, arm64)	Complete release test suite	2026-09-20T20:04:55.7271440Z running 1 test
compatibility (macos-15, arm64)	Complete release test suite	2026-09-20T20:04:59.4686280Z test run_xml_testsuite ... ok
compatibility (macos-15, arm64)	Complete release test suite	2026-09-20T20:04:59.4686930Z 
compatibility (macos-15, arm64)	Complete release test suite	2026-09-20T20:04:59.4687570Z test result: ok. 1 passed; 0 failed; 0 ignored; 0 measured; 0 filtered out; finished in 3.74s
compatibility (macos-15, arm64)	Complete release test suite	2026-09-20T20:04:59.4688420Z 
compatibility (macos-15, arm64)	Complete release test suite	2026-09-20T20:04:59.4688690Z    Doc-tests rawk
compatibility (macos-15, arm64)	Complete release test suite	2026-09-20T20:05:00.3734860Z 
compatibility (macos-15, arm64)	Complete release test suite	2026-09-20T20:05:00.3737210Z running 0 tests
compatibility (macos-15, arm64)	Complete release test suite	2026-09-20T20:05:00.3737920Z 
compatibility (macos-15, arm64)	Complete release test suite	2026-09-20T20:05:00.3738280Z test result: ok. 0 passed; 0 failed; 0 ignored; 0 measured; 0 filtered out; finished in 0.00s
compatibility (macos-15, arm64)	Complete release test suite	2026-09-20T20:05:00.3738730Z 
compatibility (macos-15, arm64)	Compare all native libc-valid Shift-JIS pairs	﻿2026-09-20T20:05:00.4205720Z ##[group]Run python3 scripts/shift_jis_platform_probe.py --output diary/shift-jis-platform-ci.json
compatibility (macos-15, arm64)	Compare all native libc-valid Shift-JIS pairs	2026-09-20T20:05:00.4206660Z [36;1mpython3 scripts/shift_jis_platform_probe.py --output diary/shift-jis-platform-ci.json[0m
compatibility (macos-15, arm64)	Compare all native libc-valid Shift-JIS pairs	2026-09-20T20:05:00.4544490Z shell: /bin/bash -e {0}
compatibility (macos-15, arm64)	Compare all native libc-valid Shift-JIS pairs	2026-09-20T20:05:00.4544830Z env:
compatibility (macos-15, arm64)	Compare all native libc-valid Shift-JIS pairs	2026-09-20T20:05:00.4545120Z   LC_ALL: C
compatibility (macos-15, arm64)	Compare all native libc-valid Shift-JIS pairs	2026-09-20T20:05:00.4545400Z   CARGO_INCREMENTAL: 0
compatibility (macos-15, arm64)	Compare all native libc-valid Shift-JIS pairs	2026-09-20T20:05:00.4545690Z   RUSTUP_TOOLCHAIN: 1.96.0
compatibility (macos-15, arm64)	Compare all native libc-valid Shift-JIS pairs	2026-09-20T20:05:00.4545970Z ##[endgroup]
compatibility (macos-15, arm64)	Compare all native libc-valid Shift-JIS pairs	2026-09-20T20:05:01.2235600Z 15240 libc-valid double-byte pairs: upper/lower MATCH
compatibility (macos-15, arm64)	Check original driver contracts and standard streams (debug and release)	﻿2026-09-20T20:05:01.2544580Z ##[group]Run python3 scripts/test_closure_contracts.py
compatibility (macos-15, arm64)	Check original driver contracts and standard streams (debug and release)	2026-09-20T20:05:01.2545680Z [36;1mpython3 scripts/test_closure_contracts.py[0m
compatibility (macos-15, arm64)	Check original driver contracts and standard streams (debug and release)	2026-09-20T20:05:01.2546080Z [36;1mfor profile in debug release; do[0m
compatibility (macos-15, arm64)	Check original driver contracts and standard streams (debug and release)	2026-09-20T20:05:01.2546760Z [36;1m  python3 scripts/full_driver_audit.py --rawk "target/$profile/rawk" --verified --check --output "diary/darwin-drivers-verified-$profile-ci.json"[0m
compatibility (macos-15, arm64)	Check original driver contracts and standard streams (debug and release)	2026-09-20T20:05:01.2547710Z [36;1m  python3 scripts/linux_driver_probe.py --rawk "target/$profile/rawk" --check --output "diary/darwin-driver-probe-$profile-ci.json"[0m
compatibility (macos-15, arm64)	Check original driver contracts and standard streams (debug and release)	2026-09-20T20:05:01.2548260Z [36;1mdone[0m
compatibility (macos-15, arm64)	Check original driver contracts and standard streams (debug and release)	2026-09-20T20:05:01.2622550Z shell: /bin/bash -e {0}
compatibility (macos-15, arm64)	Check original driver contracts and standard streams (debug and release)	2026-09-20T20:05:01.2623430Z env:
compatibility (macos-15, arm64)	Check original driver contracts and standard streams (debug and release)	2026-09-20T20:05:01.2624170Z   LC_ALL: C
compatibility (macos-15, arm64)	Check original driver contracts and standard streams (debug and release)	2026-09-20T20:05:01.2624930Z   CARGO_INCREMENTAL: 0
compatibility (macos-15, arm64)	Check original driver contracts and standard streams (debug and release)	2026-09-20T20:05:01.2625410Z   RUSTUP_TOOLCHAIN: 1.96.0
compatibility (macos-15, arm64)	Check original driver contracts and standard streams (debug and release)	2026-09-20T20:05:01.2626150Z ##[endgroup]
compatibility (macos-15, arm64)	Check original driver contracts and standard streams (debug and release)	2026-09-20T20:05:01.4700340Z ..
compatibility (macos-15, arm64)	Check original driver contracts and standard streams (debug and release)	2026-09-20T20:05:01.4724400Z ----------------------------------------------------------------------
compatibility (macos-15, arm64)	Check original driver contracts and standard streams (debug and release)	2026-09-20T20:05:01.4738300Z Ran 2 tests in 0.015s
compatibility (macos-15, arm64)	Check original driver contracts and standard streams (debug and release)	2026-09-20T20:05:01.4840130Z 
compatibility (macos-15, arm64)	Check original driver contracts and standard streams (debug and release)	2026-09-20T20:05:01.4924240Z OK
compatibility (macos-15, arm64)	Check original driver contracts and standard streams (debug and release)	2026-09-20T20:05:02.5292350Z T.-f-f pass 
compatibility (macos-15, arm64)	Check original driver contracts and standard streams (debug and release)	2026-09-20T20:05:03.8474960Z T.argv pass 
compatibility (macos-15, arm64)	Check original driver contracts and standard streams (debug and release)	2026-09-20T20:05:04.7017390Z T.arnold pass 
compatibility (macos-15, arm64)	Check original driver contracts and standard streams (debug and release)	2026-09-20T20:05:08.2574400Z T.beebe pass 
compatibility (macos-15, arm64)	Check original driver contracts and standard streams (debug and release)	2026-09-20T20:05:09.3884590Z T.chem pass 
compatibility (macos-15, arm64)	Check original driver contracts and standard streams (debug and release)	2026-09-20T20:05:10.3493780Z T.close pass 
compatibility (macos-15, arm64)	Check original driver contracts and standard streams (debug and release)	2026-09-20T20:05:11.9415930Z T.clv pass 
compatibility (macos-15, arm64)	Check original driver contracts and standard streams (debug and release)	2026-09-20T20:05:12.4272930Z T.csconcat pass 
compatibility (macos-15, arm64)	Check original driver contracts and standard streams (debug and release)	2026-09-20T20:05:14.2851130Z T.csv pass 
compatibility (macos-15, arm64)	Check original driver contracts and standard streams (debug and release)	2026-09-20T20:05:14.7880910Z T.delete pass 
compatibility (macos-15, arm64)	Check original driver contracts and standard streams (debug and release)	2026-09-20T20:05:19.4594340Z T.expr pass 
compatibility (macos-15, arm64)	Check original driver contracts and standard streams (debug and release)	2026-09-20T20:05:19.9604440Z T.exprconv pass 
compatibility (macos-15, arm64)	Check original driver contracts and standard streams (debug and release)	2026-09-20T20:05:22.0847480Z T.func pass 
compatibility (macos-15, arm64)	Check original driver contracts and standard streams (debug and release)	2026-09-20T20:05:28.0539770Z T.gawk pass 
compatibility (macos-15, arm64)	Check original driver contracts and standard streams (debug and release)	2026-09-20T20:05:28.8194020Z T.getline pass 
compatibility (macos-15, arm64)	Check original driver contracts and standard streams (debug and release)	2026-09-20T20:05:29.3891810Z T.int-expr pass 
compatibility (macos-15, arm64)	Check original driver contracts and standard streams (debug and release)	2026-09-20T20:05:29.9933280Z T.latin1 pass 
compatibility (macos-15, arm64)	Check original driver contracts and standard streams (debug and release)	2026-09-20T20:05:35.5792080Z T.lilly pass 
compatibility (macos-15, arm64)	Check original driver contracts and standard streams (debug and release)	2026-09-20T20:05:36.2952380Z T.main pass 
compatibility (macos-15, arm64)	Check original driver contracts and standard streams (debug and release)	2026-09-20T20:05:38.0202970Z T.nextfile pass 
compatibility (macos-15, arm64)	Check original driver contracts and standard streams (debug and release)	2026-09-20T20:05:40.3287540Z T.overflow pass 
compatibility (macos-15, arm64)	Check original driver contracts and standard streams (debug and release)	2026-09-20T20:05:48.8118570Z T.re pass 
compatibility (macos-15, arm64)	Check original driver contracts and standard streams (debug and release)	2026-09-20T20:05:49.3565820Z T.recache pass 
compatibility (macos-15, arm64)	Check original driver contracts and standard streams (debug and release)	2026-09-20T20:05:50.0334350Z T.redir pass 
compatibility (macos-15, arm64)	Check original driver contracts and standard streams (debug and release)	2026-09-20T20:05:51.1815080Z T.split pass 
compatibility (macos-15, arm64)	Check original driver contracts and standard streams (debug and release)	2026-09-20T20:05:55.9277940Z T.sub pass 
compatibility (macos-15, arm64)	Check original driver contracts and standard streams (debug and release)	2026-09-20T20:05:56.4907250Z T.system pass 
compatibility (macos-15, arm64)	Check original driver contracts and standard streams (debug and release)	2026-09-20T20:06:02.0539860Z Darwin contract mismatches: []
compatibility (macos-15, arm64)	Check original driver contracts and standard streams (debug and release)	2026-09-20T20:06:02.0542450Z Native contract mismatches: []
compatibility (macos-15, arm64)	Check original driver contracts and standard streams (debug and release)	2026-09-20T20:06:02.7053510Z T.-f-f pass 
compatibility (macos-15, arm64)	Check original driver contracts and standard streams (debug and release)	2026-09-20T20:06:04.0340910Z T.argv pass 
compatibility (macos-15, arm64)	Check original driver contracts and standard streams (debug and release)	2026-09-20T20:06:04.8753620Z T.arnold pass 
compatibility (macos-15, arm64)	Check original driver contracts and standard streams (debug and release)	2026-09-20T20:06:07.5110590Z T.beebe pass 
compatibility (macos-15, arm64)	Check original driver contracts and standard streams (debug and release)	2026-09-20T20:06:08.0372700Z T.chem pass 
compatibility (macos-15, arm64)	Check original driver contracts and standard streams (debug and release)	2026-09-20T20:06:08.8604880Z T.close pass 
compatibility (macos-15, arm64)	Check original driver contracts and standard streams (debug and release)	2026-09-20T20:06:10.3221510Z T.clv pass 
compatibility (macos-15, arm64)	Check original driver contracts and standard streams (debug and release)	2026-09-20T20:06:10.7582430Z T.csconcat pass 
compatibility (macos-15, arm64)	Check original driver contracts and standard streams (debug and release)	2026-09-20T20:06:11.9028860Z T.csv pass 
compatibility (macos-15, arm64)	Check original driver contracts and standard streams (debug and release)	2026-09-20T20:06:12.2532270Z T.delete pass 
compatibility (macos-15, arm64)	Check original driver contracts and standard streams (debug and release)	2026-09-20T20:06:16.5271880Z T.expr pass 
compatibility (macos-15, arm64)	Check original driver contracts and standard streams (debug and release)	2026-09-20T20:06:16.9525180Z T.exprconv pass 
compatibility (macos-15, arm64)	Check original driver contracts and standard streams (debug and release)	2026-09-20T20:06:17.9735830Z T.func pass 
compatibility (macos-15, arm64)	Check original driver contracts and standard streams (debug and release)	2026-09-20T20:06:20.6951620Z T.gawk pass 
compatibility (macos-15, arm64)	Check original driver contracts and standard streams (debug and release)	2026-09-20T20:06:21.4193060Z T.getline pass 
compatibility (macos-15, arm64)	Check original driver contracts and standard streams (debug and release)	2026-09-20T20:06:21.8718580Z T.int-expr pass 
compatibility (macos-15, arm64)	Check original driver contracts and standard streams (debug and release)	2026-09-20T20:06:22.4998090Z T.latin1 pass 
compatibility (macos-15, arm64)	Check original driver contracts and standard streams (debug and release)	2026-09-20T20:06:27.9153950Z T.lilly pass 
compatibility (macos-15, arm64)	Check original driver contracts and standard streams (debug and release)	2026-09-20T20:06:28.6226160Z T.main pass 
compatibility (macos-15, arm64)	Check original driver contracts and standard streams (debug and release)	2026-09-20T20:06:30.1438700Z T.nextfile pass 
compatibility (macos-15, arm64)	Check original driver contracts and standard streams (debug and release)	2026-09-20T20:06:31.3667400Z T.overflow pass 
compatibility (macos-15, arm64)	Check original driver contracts and standard streams (debug and release)	2026-09-20T20:06:40.6771180Z T.re pass 
compatibility (macos-15, arm64)	Check original driver contracts and standard streams (debug and release)	2026-09-20T20:06:41.1752420Z T.recache pass 
compatibility (macos-15, arm64)	Check original driver contracts and standard streams (debug and release)	2026-09-20T20:06:41.7263420Z T.redir pass 
compatibility (macos-15, arm64)	Check original driver contracts and standard streams (debug and release)	2026-09-20T20:06:42.8748900Z T.split pass 
compatibility (macos-15, arm64)	Check original driver contracts and standard streams (debug and release)	2026-09-20T20:06:47.1869140Z T.sub pass 
compatibility (macos-15, arm64)	Check original driver contracts and standard streams (debug and release)	2026-09-20T20:06:47.6282980Z T.system pass 
compatibility (macos-15, arm64)	Check original driver contracts and standard streams (debug and release)	2026-09-20T20:06:52.7465920Z Darwin contract mismatches: []
compatibility (macos-15, arm64)	Check original driver contracts and standard streams (debug and release)	2026-09-20T20:06:52.7565960Z Native contract mismatches: []
compatibility (macos-15, arm64)	Audit all original shell drivers (includes documented diagnostic and locale differences)	﻿2026-09-20T20:06:52.7780620Z ##[group]Run python3 scripts/full_driver_audit.py --output diary/full-driver-results-ci.json
compatibility (macos-15, arm64)	Audit all original shell drivers (includes documented diagnostic and locale differences)	2026-09-20T20:06:52.7781410Z [36;1mpython3 scripts/full_driver_audit.py --output diary/full-driver-results-ci.json[0m
compatibility (macos-15, arm64)	Audit all original shell drivers (includes documented diagnostic and locale differences)	2026-09-20T20:06:52.8099240Z shell: /bin/bash -e {0}
compatibility (macos-15, arm64)	Audit all original shell drivers (includes documented diagnostic and locale differences)	2026-09-20T20:06:52.8100420Z env:
compatibility (macos-15, arm64)	Audit all original shell drivers (includes documented diagnostic and locale differences)	2026-09-20T20:06:52.8101100Z   LC_ALL: C
compatibility (macos-15, arm64)	Audit all original shell drivers (includes documented diagnostic and locale differences)	2026-09-20T20:06:52.8102170Z   CARGO_INCREMENTAL: 0
compatibility (macos-15, arm64)	Audit all original shell drivers (includes documented diagnostic and locale differences)	2026-09-20T20:06:52.8102990Z   RUSTUP_TOOLCHAIN: 1.96.0
compatibility (macos-15, arm64)	Audit all original shell drivers (includes documented diagnostic and locale differences)	2026-09-20T20:06:52.8103620Z ##[endgroup]
compatibility (macos-15, arm64)	Audit all original shell drivers (includes documented diagnostic and locale differences)	2026-09-20T20:06:53.7521790Z T.-f-f pass 
compatibility (macos-15, arm64)	Audit all original shell drivers (includes documented diagnostic and locale differences)	2026-09-20T20:06:55.0077920Z T.argv pass 
compatibility (macos-15, arm64)	Audit all original shell drivers (includes documented diagnostic and locale differences)	2026-09-20T20:06:55.6886670Z T.arnold pass 
compatibility (macos-15, arm64)	Audit all original shell drivers (includes documented diagnostic and locale differences)	2026-09-20T20:06:58.4709880Z T.beebe pass 
compatibility (macos-15, arm64)	Audit all original shell drivers (includes documented diagnostic and locale differences)	2026-09-20T20:06:59.2927100Z T.builtin reference-failure BAD: T.builtin (rand) BAD: T.builtin (toupper/tolower) for utf-8
compatibility (macos-15, arm64)	Audit all original shell drivers (includes documented diagnostic and locale differences)	2026-09-20T20:06:59.8832860Z T.chem pass 
compatibility (macos-15, arm64)	Audit all original shell drivers (includes documented diagnostic and locale differences)	2026-09-20T20:07:00.9367000Z T.close pass 
compatibility (macos-15, arm64)	Audit all original shell drivers (includes documented diagnostic and locale differences)	2026-09-20T20:07:02.3495660Z T.clv pass 
compatibility (macos-15, arm64)	Audit all original shell drivers (includes documented diagnostic and locale differences)	2026-09-20T20:07:02.9889650Z T.csconcat pass 
compatibility (macos-15, arm64)	Audit all original shell drivers (includes documented diagnostic and locale differences)	2026-09-20T20:07:04.2018110Z T.csv pass 
compatibility (macos-15, arm64)	Audit all original shell drivers (includes documented diagnostic and locale differences)	2026-09-20T20:07:04.5737170Z T.delete pass 
compatibility (macos-15, arm64)	Audit all original shell drivers (includes documented diagnostic and locale differences)	2026-09-20T20:07:06.1600000Z T.errmsg reference-failure BAD: illegal primary in regular expression failed BAD: illegal break, continue, next or nextfile from BEGIN failed BAD: illegal break, continue, next or nextfile from END failed BAD: nextfile is illegal inside a function failed BAD: nonterminated character class failed BAD: nonterminated character class failed BAD: nonterminated character cl
compatibility (macos-15, arm64)	Audit all original shell drivers (includes documented diagnostic and locale differences)	2026-09-20T20:07:10.4916650Z T.expr pass 
compatibility (macos-15, arm64)	Audit all original shell drivers (includes documented diagnostic and locale differences)	2026-09-20T20:07:10.9396230Z T.exprconv pass 
compatibility (macos-15, arm64)	Audit all original shell drivers (includes documented diagnostic and locale differences)	2026-09-20T20:07:11.4929690Z T.flags open T.flags: bad no program T.flags: bad can.t open program T.flags: bad can.t open program 2 T.flags: bad missing field separator
compatibility (macos-15, arm64)	Audit all original shell drivers (includes documented diagnostic and locale differences)	2026-09-20T20:07:12.4679210Z T.func pass 
compatibility (macos-15, arm64)	Audit all original shell drivers (includes documented diagnostic and locale differences)	2026-09-20T20:07:15.1039610Z T.gawk pass 
compatibility (macos-15, arm64)	Audit all original shell drivers (includes documented diagnostic and locale differences)	2026-09-20T20:07:15.7983680Z T.getline pass 
compatibility (macos-15, arm64)	Audit all original shell drivers (includes documented diagnostic and locale differences)	2026-09-20T20:07:16.5850640Z T.int-expr pass 
compatibility (macos-15, arm64)	Audit all original shell drivers (includes documented diagnostic and locale differences)	2026-09-20T20:07:17.3320030Z T.latin1 pass 
compatibility (macos-15, arm64)	Audit all original shell drivers (includes documented diagnostic and locale differences)	2026-09-20T20:07:23.1223930Z T.lilly pass 
compatibility (macos-15, arm64)	Audit all original shell drivers (includes documented diagnostic and locale differences)	2026-09-20T20:07:23.8879410Z T.main pass 
compatibility (macos-15, arm64)	Audit all original shell drivers (includes documented diagnostic and locale differences)	2026-09-20T20:07:26.5231490Z T.misc open BAD: T.misc split error BAD: T.misc hello error BAD: T.misc pile error BAD: T.misc gsub banana error BAD: T.misc sub banana error BAD: T.misc lineno BAD: T.misc can't open BAD: T.misc continuation line number BAD: T.misc syntax error line number �BAD: T.misc escape sequences in strings mishandled BAD: T.misc fcn args BAD: T.misc undefine
compatibility (macos-15, arm64)	Audit all original shell drivers (includes documented diagnostic and locale differences)	2026-09-20T20:07:28.1953620Z T.nextfile pass 
compatibility (macos-15, arm64)	Audit all original shell drivers (includes documented diagnostic and locale differences)	2026-09-20T20:07:29.5311290Z T.overflow pass 
compatibility (macos-15, arm64)	Audit all original shell drivers (includes documented diagnostic and locale differences)	2026-09-20T20:07:37.8168370Z T.re pass 
compatibility (macos-15, arm64)	Audit all original shell drivers (includes documented diagnostic and locale differences)	2026-09-20T20:07:38.6504360Z T.recache pass 
compatibility (macos-15, arm64)	Audit all original shell drivers (includes documented diagnostic and locale differences)	2026-09-20T20:07:39.2985450Z T.redir pass 
compatibility (macos-15, arm64)	Audit all original shell drivers (includes documented diagnostic and locale differences)	2026-09-20T20:07:40.4558440Z T.split pass 
compatibility (macos-15, arm64)	Audit all original shell drivers (includes documented diagnostic and locale differences)	2026-09-20T20:07:44.7222170Z T.sub pass 
compatibility (macos-15, arm64)	Audit all original shell drivers (includes documented diagnostic and locale differences)	2026-09-20T20:07:45.4237440Z T.system pass 
compatibility (macos-15, arm64)	Audit all original shell drivers (includes documented diagnostic and locale differences)	2026-09-20T20:07:50.3879780Z T.utf reference-failure test 1.3 failed test 1.4 failed test 1.5 failed test 1.6 failed test 1.7 failed test 1.8 failed test 1.9 failed test 1.10 failed test 1.11 failed test 1.12 failed test 1.13 failed test 1.14 failed test 1.15 failed test 1.16 failed test 1.17 failed test 1.18 failed test 1.19 failed test 1.20 failed test 1.21 fail
compatibility (macos-15, arm64)	Audit all original shell drivers (includes documented diagnostic and locale differences)	2026-09-20T20:07:55.6417280Z T.utfre reference-failure 43 fails ^λ.$ ~ λλ 51 fails ^.해 ~ め해 52 fails ^.해 ~ め해해 64 fails 해* ~  68 fails 해* ~ めめめめ 69 fails 해해* ~ 해 71 fails 해해* ~ め해 84 fails xθ+y ~ xθθy 85 fails xθ+y ~ xθθθθθθy 89 fails xθ?y ~ xy 92 fails θ?b?の? ~  93 fails θ?b?の? ~ x 106 fails [Α-Ω] !~ β 108 fails [^Α-Ω] ~ δ 119 fails [Α-ΔΦ-Ω] !~ Π 120 fails [Α-ΔΦ-Ω] !~ Σ
compatibility (macos-15, arm64)	Audit original UTF-8 drivers	﻿2026-09-20T20:07:55.6639400Z ##[group]Run python3 scripts/full_driver_audit.py --drivers T.utf T.utfre --locale en_US.UTF-8 --check --output diary/unicode-driver-results-ci.json
compatibility (macos-15, arm64)	Audit original UTF-8 drivers	2026-09-20T20:07:55.6642230Z [36;1mpython3 scripts/full_driver_audit.py --drivers T.utf T.utfre --locale en_US.UTF-8 --check --output diary/unicode-driver-results-ci.json[0m
compatibility (macos-15, arm64)	Audit original UTF-8 drivers	2026-09-20T20:07:55.6716110Z shell: /bin/bash -e {0}
compatibility (macos-15, arm64)	Audit original UTF-8 drivers	2026-09-20T20:07:55.6716490Z env:
compatibility (macos-15, arm64)	Audit original UTF-8 drivers	2026-09-20T20:07:55.6716680Z   LC_ALL: C
compatibility (macos-15, arm64)	Audit original UTF-8 drivers	2026-09-20T20:07:55.6716960Z   CARGO_INCREMENTAL: 0
compatibility (macos-15, arm64)	Audit original UTF-8 drivers	2026-09-20T20:07:55.6717180Z   RUSTUP_TOOLCHAIN: 1.96.0
compatibility (macos-15, arm64)	Audit original UTF-8 drivers	2026-09-20T20:07:55.6717480Z ##[endgroup]
compatibility (macos-15, arm64)	Audit original UTF-8 drivers	2026-09-20T20:08:00.6696430Z T.utf pass 
compatibility (macos-15, arm64)	Audit original UTF-8 drivers	2026-09-20T20:08:06.2600610Z T.utfre pass 
compatibility (macos-15, arm64)	Retain full driver evidence	﻿2026-09-20T20:08:06.2890780Z Node 20 is being deprecated. This workflow is running with Node 24 by default. If you need to temporarily use Node 20, you can set the ACTIONS_ALLOW_USE_UNSECURE_NODE_VERSION=true environment variable. For more information see: https://github.blog/changelog/2025-09-19-deprecation-of-node-20-on-github-actions-runners/
compatibility (macos-15, arm64)	Retain full driver evidence	2026-09-20T20:08:06.2892550Z ##[group]Run actions/upload-artifact@ea165f8d65b6e75b540449e92b4886f43607fa02
compatibility (macos-15, arm64)	Retain full driver evidence	2026-09-20T20:08:06.2893050Z with:
compatibility (macos-15, arm64)	Retain full driver evidence	2026-09-20T20:08:06.2893410Z   name: darwin-macos-15
compatibility (macos-15, arm64)	Retain full driver evidence	2026-09-20T20:08:06.2894380Z   path: rawk/diary/darwin-*-ci.log
compatibility (macos-15, arm64)	Retain full driver evidence	rawk/diary/darwin-*-ci.json
compatibility (macos-15, arm64)	Retain full driver evidence	rawk/diary/format-platform-ci.json
compatibility (macos-15, arm64)	Retain full driver evidence	rawk/diary/shift-jis-platform-ci.json
compatibility (macos-15, arm64)	Retain full driver evidence	rawk/diary/shift-jis-locale-ci.log
compatibility (macos-15, arm64)	Retain full driver evidence	rawk/diary/full-driver-results-ci.json
compatibility (macos-15, arm64)	Retain full driver evidence	rawk/diary/unicode-driver-results-ci.json
compatibility (macos-15, arm64)	Retain full driver evidence	
compatibility (macos-15, arm64)	Retain full driver evidence	2026-09-20T20:08:06.2895260Z   if-no-files-found: error
compatibility (macos-15, arm64)	Retain full driver evidence	2026-09-20T20:08:06.2895510Z   compression-level: 6
compatibility (macos-15, arm64)	Retain full driver evidence	2026-09-20T20:08:06.2895720Z   overwrite: false
compatibility (macos-15, arm64)	Retain full driver evidence	2026-09-20T20:08:06.2895970Z   include-hidden-files: false
compatibility (macos-15, arm64)	Retain full driver evidence	2026-09-20T20:08:06.2896410Z env:
compatibility (macos-15, arm64)	Retain full driver evidence	2026-09-20T20:08:06.2896580Z   LC_ALL: C
compatibility (macos-15, arm64)	Retain full driver evidence	2026-09-20T20:08:06.2896860Z   CARGO_INCREMENTAL: 0
compatibility (macos-15, arm64)	Retain full driver evidence	2026-09-20T20:08:06.2897110Z   RUSTUP_TOOLCHAIN: 1.96.0
compatibility (macos-15, arm64)	Retain full driver evidence	2026-09-20T20:08:06.2897440Z ##[endgroup]
compatibility (macos-15, arm64)	Retain full driver evidence	2026-09-20T20:08:06.8694790Z (node:16816) [DEP0040] DeprecationWarning: The `punycode` module is deprecated. Please use a userland alternative instead.
compatibility (macos-15, arm64)	Retain full driver evidence	2026-09-20T20:08:06.8704720Z (Use `node --trace-deprecation ...` to show where the warning was created)
compatibility (macos-15, arm64)	Retain full driver evidence	2026-09-20T20:08:06.9126640Z With the provided path, there will be 11 files uploaded
compatibility (macos-15, arm64)	Retain full driver evidence	2026-09-20T20:08:06.9127710Z Artifact name is valid!
compatibility (macos-15, arm64)	Retain full driver evidence	2026-09-20T20:08:06.9128650Z Root directory input is valid!
compatibility (macos-15, arm64)	Retain full driver evidence	2026-09-20T20:08:07.4044760Z Beginning upload of artifact content to blob storage
compatibility (macos-15, arm64)	Retain full driver evidence	2026-09-20T20:08:07.4736350Z (node:16816) [DEP0169] DeprecationWarning: `url.parse()` behavior is not standardized and prone to errors that have security implications. Use the WHATWG URL API instead. CVEs are not issued for `url.parse()` vulnerabilities.
compatibility (macos-15, arm64)	Retain full driver evidence	2026-09-20T20:08:07.9319340Z Uploaded bytes 106628
compatibility (macos-15, arm64)	Retain full driver evidence	2026-09-20T20:08:08.0175840Z Finished uploading artifact content to blob storage!
compatibility (macos-15, arm64)	Retain full driver evidence	2026-09-20T20:08:08.0176780Z SHA256 digest of uploaded artifact zip is c115085ecd686ee35051c2cc56f8daa95f427ba68dea944fcd71eea33e9cd6c9
compatibility (macos-15, arm64)	Retain full driver evidence	2026-09-20T20:08:08.0178520Z Finalizing artifact upload
compatibility (macos-15, arm64)	Retain full driver evidence	2026-09-20T20:08:08.3114250Z Artifact darwin-macos-15.zip successfully finalized. Artifact ID 10612565070
compatibility (macos-15, arm64)	Retain full driver evidence	2026-09-20T20:08:08.3214670Z Artifact darwin-macos-15 has been successfully uploaded! Final size is 106628 bytes. Artifact ID is 10612565070
compatibility (macos-15, arm64)	Retain full driver evidence	2026-09-20T20:08:08.3317580Z Artifact download URL: https://github.com/francescotinti/rawk/actions/runs/35533876697/artifacts/10612565070
compatibility (macos-15, arm64)	Post Run actions/checkout@11bd71901bbe5b1630ceea73d27597364c9af683	﻿2026-09-20T20:08:08.3593430Z Node 20 is being deprecated. This workflow is running with Node 24 by default. If you need to temporarily use Node 20, you can set the ACTIONS_ALLOW_USE_UNSECURE_NODE_VERSION=true environment variable. For more information see: https://github.blog/changelog/2025-09-19-deprecation-of-node-20-on-github-actions-runners/
compatibility (macos-15, arm64)	Post Run actions/checkout@11bd71901bbe5b1630ceea73d27597364c9af683	2026-09-20T20:08:08.3597000Z Post job cleanup.
compatibility (macos-15, arm64)	Post Run actions/checkout@11bd71901bbe5b1630ceea73d27597364c9af683	2026-09-20T20:08:08.5183360Z [command]/opt/homebrew/bin/git version
compatibility (macos-15, arm64)	Post Run actions/checkout@11bd71901bbe5b1630ceea73d27597364c9af683	2026-09-20T20:08:08.5262420Z git version 2.55.0
compatibility (macos-15, arm64)	Post Run actions/checkout@11bd71901bbe5b1630ceea73d27597364c9af683	2026-09-20T20:08:08.5322700Z Copying '/Users/runner/.gitconfig' to '/Users/runner/work/_temp/e035f9a6-ce88-4883-80a3-b0c2cebeacf1/.gitconfig'
compatibility (macos-15, arm64)	Post Run actions/checkout@11bd71901bbe5b1630ceea73d27597364c9af683	2026-09-20T20:08:08.5327690Z Temporarily overriding HOME='/Users/runner/work/_temp/e035f9a6-ce88-4883-80a3-b0c2cebeacf1' before making global git config changes
compatibility (macos-15, arm64)	Post Run actions/checkout@11bd71901bbe5b1630ceea73d27597364c9af683	2026-09-20T20:08:08.5332120Z Adding repository directory to the temporary git global config as a safe directory
compatibility (macos-15, arm64)	Post Run actions/checkout@11bd71901bbe5b1630ceea73d27597364c9af683	2026-09-20T20:08:08.5333550Z [command]/opt/homebrew/bin/git config --global --add safe.directory /Users/runner/work/rawk/rawk/rawk
compatibility (macos-15, arm64)	Post Run actions/checkout@11bd71901bbe5b1630ceea73d27597364c9af683	2026-09-20T20:08:08.5483320Z [command]/opt/homebrew/bin/git config --local --name-only --get-regexp core\.sshCommand
compatibility (macos-15, arm64)	Post Run actions/checkout@11bd71901bbe5b1630ceea73d27597364c9af683	2026-09-20T20:08:08.5625230Z [command]/opt/homebrew/bin/git submodule foreach --recursive sh -c "git config --local --name-only --get-regexp 'core\.sshCommand' && git config --local --unset-all 'core.sshCommand' || :"
compatibility (macos-15, arm64)	Post Run actions/checkout@11bd71901bbe5b1630ceea73d27597364c9af683	2026-09-20T20:08:08.7414510Z [command]/opt/homebrew/bin/git config --local --name-only --get-regexp http\.https\:\/\/github\.com\/\.extraheader
compatibility (macos-15, arm64)	Post Run actions/checkout@11bd71901bbe5b1630ceea73d27597364c9af683	2026-09-20T20:08:08.7524370Z http.https://github.com/.extraheader
compatibility (macos-15, arm64)	Post Run actions/checkout@11bd71901bbe5b1630ceea73d27597364c9af683	2026-09-20T20:08:08.7555230Z [command]/opt/homebrew/bin/git config --local --unset-all http.https://github.com/.extraheader
compatibility (macos-15, arm64)	Post Run actions/checkout@11bd71901bbe5b1630ceea73d27597364c9af683	2026-09-20T20:08:08.7738930Z [command]/opt/homebrew/bin/git submodule foreach --recursive sh -c "git config --local --name-only --get-regexp 'http\.https\:\/\/github\.com\/\.extraheader' && git config --local --unset-all 'http.https://github.com/.extraheader' || :"
compatibility (macos-15, arm64)	Complete job	﻿2026-09-20T20:08:09.0260440Z Cleaning up orphan processes
compatibility (macos-15, arm64)	Complete job	2026-09-20T20:08:12.0877630Z ##[warning]Node.js 20 is deprecated. The following actions target Node.js 20 but are being forced to run on Node.js 24: actions/checkout@11bd71901bbe5b1630ceea73d27597364c9af683, actions/upload-artifact@ea165f8d65b6e75b540449e92b4886f43607fa02. For more information see: https://github.blog/changelog/2025-09-19-deprecation-of-node-20-on-github-actions-runners/
linux-portability (ubuntu-24.04)	Set up job	﻿2026-09-20T19:55:37.3003449Z Current runner version: '2.337.0'
linux-portability (ubuntu-24.04)	Set up job	2026-09-20T19:55:37.3030138Z ##[group]Runner Image Provisioner
linux-portability (ubuntu-24.04)	Set up job	2026-09-20T19:55:37.3031087Z Hosted Compute Agent
linux-portability (ubuntu-24.04)	Set up job	2026-09-20T19:55:37.3031710Z Version: 20260828.587
linux-portability (ubuntu-24.04)	Set up job	2026-09-20T19:55:37.3032471Z Commit: abac92662cab4cc7352de4f9f9d2e2419aad9c29
linux-portability (ubuntu-24.04)	Set up job	2026-09-20T19:55:37.3033244Z Build Date: 2026-08-28T16:44:25Z
linux-portability (ubuntu-24.04)	Set up job	2026-09-20T19:55:37.3034166Z Worker ID: {aff8dbc6-e488-4468-be68-6c6330a59705}
linux-portability (ubuntu-24.04)	Set up job	2026-09-20T19:55:37.3035029Z Azure Region: northcentralus
linux-portability (ubuntu-24.04)	Set up job	2026-09-20T19:55:37.3035675Z ##[endgroup]
linux-portability (ubuntu-24.04)	Set up job	2026-09-20T19:55:37.3037180Z ##[group]Operating System
linux-portability (ubuntu-24.04)	Set up job	2026-09-20T19:55:37.3037835Z Ubuntu
linux-portability (ubuntu-24.04)	Set up job	2026-09-20T19:55:37.3038375Z 24.04.5
linux-portability (ubuntu-24.04)	Set up job	2026-09-20T19:55:37.3039022Z LTS
linux-portability (ubuntu-24.04)	Set up job	2026-09-20T19:55:37.3039571Z ##[endgroup]
linux-portability (ubuntu-24.04)	Set up job	2026-09-20T19:55:37.3040585Z ##[group]Runner Image
linux-portability (ubuntu-24.04)	Set up job	2026-09-20T19:55:37.3041225Z Image: ubuntu-24.04
linux-portability (ubuntu-24.04)	Set up job	2026-09-20T19:55:37.3041853Z Version: 20260907.300.1
linux-portability (ubuntu-24.04)	Set up job	2026-09-20T19:55:37.3042995Z Included Software: https://github.com/actions/runner-images/blob/ubuntu24/20260907.300/images/ubuntu/Ubuntu2404-Readme.md
linux-portability (ubuntu-24.04)	Set up job	2026-09-20T19:55:37.3045075Z Image Release: https://github.com/actions/runner-images/releases/tag/ubuntu24%2F20260907.300
linux-portability (ubuntu-24.04)	Set up job	2026-09-20T19:55:37.3046090Z ##[endgroup]
linux-portability (ubuntu-24.04)	Set up job	2026-09-20T19:55:37.3047323Z ##[group]GITHUB_TOKEN Permissions
linux-portability (ubuntu-24.04)	Set up job	2026-09-20T19:55:37.3049231Z Contents: read
linux-portability (ubuntu-24.04)	Set up job	2026-09-20T19:55:37.3049896Z Metadata: read
linux-portability (ubuntu-24.04)	Set up job	2026-09-20T19:55:37.3050619Z ##[endgroup]
linux-portability (ubuntu-24.04)	Set up job	2026-09-20T19:55:37.3053249Z Secret source: Actions
linux-portability (ubuntu-24.04)	Set up job	2026-09-20T19:55:37.3054588Z Cache mode: write
linux-portability (ubuntu-24.04)	Set up job	2026-09-20T19:55:37.3055524Z Prepare workflow directory
linux-portability (ubuntu-24.04)	Set up job	2026-09-20T19:55:37.3606277Z Prepare all required actions
linux-portability (ubuntu-24.04)	Set up job	2026-09-20T19:55:37.3673972Z Getting action download info
linux-portability (ubuntu-24.04)	Set up job	2026-09-20T19:55:37.5874220Z Download action repository 'actions/checkout@11bd71901bbe5b1630ceea73d27597364c9af683' (SHA:11bd71901bbe5b1630ceea73d27597364c9af683)
linux-portability (ubuntu-24.04)	Set up job	2026-09-20T19:55:37.6814805Z Download action repository 'actions/upload-artifact@ea165f8d65b6e75b540449e92b4886f43607fa02' (SHA:ea165f8d65b6e75b540449e92b4886f43607fa02)
linux-portability (ubuntu-24.04)	Set up job	2026-09-20T19:55:37.8948810Z Complete job name: linux-portability (ubuntu-24.04)
linux-portability (ubuntu-24.04)	Run actions/checkout@11bd71901bbe5b1630ceea73d27597364c9af683	﻿2026-09-20T19:55:37.9719746Z Node 20 is being deprecated. This workflow is running with Node 24 by default. If you need to temporarily use Node 20, you can set the ACTIONS_ALLOW_USE_UNSECURE_NODE_VERSION=true environment variable. For more information see: https://github.blog/changelog/2025-09-19-deprecation-of-node-20-on-github-actions-runners/
linux-portability (ubuntu-24.04)	Run actions/checkout@11bd71901bbe5b1630ceea73d27597364c9af683	2026-09-20T19:55:37.9728853Z ##[group]Run actions/checkout@11bd71901bbe5b1630ceea73d27597364c9af683
linux-portability (ubuntu-24.04)	Run actions/checkout@11bd71901bbe5b1630ceea73d27597364c9af683	2026-09-20T19:55:37.9729772Z with:
linux-portability (ubuntu-24.04)	Run actions/checkout@11bd71901bbe5b1630ceea73d27597364c9af683	2026-09-20T19:55:37.9730251Z   path: rawk
linux-portability (ubuntu-24.04)	Run actions/checkout@11bd71901bbe5b1630ceea73d27597364c9af683	2026-09-20T19:55:37.9730749Z   repository: francescotinti/rawk
linux-portability (ubuntu-24.04)	Run actions/checkout@11bd71901bbe5b1630ceea73d27597364c9af683	2026-09-20T19:55:37.9734671Z   token: ***
linux-portability (ubuntu-24.04)	Run actions/checkout@11bd71901bbe5b1630ceea73d27597364c9af683	2026-09-20T19:55:37.9735119Z   ssh-strict: true
linux-portability (ubuntu-24.04)	Run actions/checkout@11bd71901bbe5b1630ceea73d27597364c9af683	2026-09-20T19:55:37.9735564Z   ssh-user: git
linux-portability (ubuntu-24.04)	Run actions/checkout@11bd71901bbe5b1630ceea73d27597364c9af683	2026-09-20T19:55:37.9736010Z   persist-credentials: true
linux-portability (ubuntu-24.04)	Run actions/checkout@11bd71901bbe5b1630ceea73d27597364c9af683	2026-09-20T19:55:37.9736508Z   clean: true
linux-portability (ubuntu-24.04)	Run actions/checkout@11bd71901bbe5b1630ceea73d27597364c9af683	2026-09-20T19:55:37.9736969Z   sparse-checkout-cone-mode: true
linux-portability (ubuntu-24.04)	Run actions/checkout@11bd71901bbe5b1630ceea73d27597364c9af683	2026-09-20T19:55:37.9737541Z   fetch-depth: 1
linux-portability (ubuntu-24.04)	Run actions/checkout@11bd71901bbe5b1630ceea73d27597364c9af683	2026-09-20T19:55:37.9737979Z   fetch-tags: false
linux-portability (ubuntu-24.04)	Run actions/checkout@11bd71901bbe5b1630ceea73d27597364c9af683	2026-09-20T19:55:37.9738452Z   show-progress: true
linux-portability (ubuntu-24.04)	Run actions/checkout@11bd71901bbe5b1630ceea73d27597364c9af683	2026-09-20T19:55:37.9738940Z   lfs: false
linux-portability (ubuntu-24.04)	Run actions/checkout@11bd71901bbe5b1630ceea73d27597364c9af683	2026-09-20T19:55:37.9739353Z   submodules: false
linux-portability (ubuntu-24.04)	Run actions/checkout@11bd71901bbe5b1630ceea73d27597364c9af683	2026-09-20T19:55:37.9739804Z   set-safe-directory: true
linux-portability (ubuntu-24.04)	Run actions/checkout@11bd71901bbe5b1630ceea73d27597364c9af683	2026-09-20T19:55:37.9740481Z env:
linux-portability (ubuntu-24.04)	Run actions/checkout@11bd71901bbe5b1630ceea73d27597364c9af683	2026-09-20T19:55:37.9740876Z   LC_ALL: C
linux-portability (ubuntu-24.04)	Run actions/checkout@11bd71901bbe5b1630ceea73d27597364c9af683	2026-09-20T19:55:37.9741289Z   CARGO_INCREMENTAL: 0
linux-portability (ubuntu-24.04)	Run actions/checkout@11bd71901bbe5b1630ceea73d27597364c9af683	2026-09-20T19:55:37.9741756Z   RUSTUP_TOOLCHAIN: 1.96.0
linux-portability (ubuntu-24.04)	Run actions/checkout@11bd71901bbe5b1630ceea73d27597364c9af683	2026-09-20T19:55:37.9742237Z ##[endgroup]
linux-portability (ubuntu-24.04)	Run actions/checkout@11bd71901bbe5b1630ceea73d27597364c9af683	2026-09-20T19:55:38.0745901Z Syncing repository: francescotinti/rawk
linux-portability (ubuntu-24.04)	Run actions/checkout@11bd71901bbe5b1630ceea73d27597364c9af683	2026-09-20T19:55:38.0748152Z ##[group]Getting Git version info
linux-portability (ubuntu-24.04)	Run actions/checkout@11bd71901bbe5b1630ceea73d27597364c9af683	2026-09-20T19:55:38.0749028Z Working directory is '/home/runner/work/rawk/rawk/rawk'
linux-portability (ubuntu-24.04)	Run actions/checkout@11bd71901bbe5b1630ceea73d27597364c9af683	2026-09-20T19:55:38.0750321Z [command]/usr/bin/git version
linux-portability (ubuntu-24.04)	Run actions/checkout@11bd71901bbe5b1630ceea73d27597364c9af683	2026-09-20T19:55:38.0836068Z git version 2.55.0
linux-portability (ubuntu-24.04)	Run actions/checkout@11bd71901bbe5b1630ceea73d27597364c9af683	2026-09-20T19:55:38.0857644Z ##[endgroup]
linux-portability (ubuntu-24.04)	Run actions/checkout@11bd71901bbe5b1630ceea73d27597364c9af683	2026-09-20T19:55:38.0872668Z Temporarily overriding HOME='/home/runner/work/_temp/1834cab8-e009-4c1c-876a-d8edf92185ce' before making global git config changes
linux-portability (ubuntu-24.04)	Run actions/checkout@11bd71901bbe5b1630ceea73d27597364c9af683	2026-09-20T19:55:38.0875022Z Adding repository directory to the temporary git global config as a safe directory
linux-portability (ubuntu-24.04)	Run actions/checkout@11bd71901bbe5b1630ceea73d27597364c9af683	2026-09-20T19:55:38.0878890Z [command]/usr/bin/git config --global --add safe.directory /home/runner/work/rawk/rawk/rawk
linux-portability (ubuntu-24.04)	Run actions/checkout@11bd71901bbe5b1630ceea73d27597364c9af683	2026-09-20T19:55:38.0930324Z ##[group]Initializing the repository
linux-portability (ubuntu-24.04)	Run actions/checkout@11bd71901bbe5b1630ceea73d27597364c9af683	2026-09-20T19:55:38.0943132Z [command]/usr/bin/git init /home/runner/work/rawk/rawk/rawk
linux-portability (ubuntu-24.04)	Run actions/checkout@11bd71901bbe5b1630ceea73d27597364c9af683	2026-09-20T19:55:38.1037568Z hint: Using 'master' as the name for the initial branch. This default branch name
linux-portability (ubuntu-24.04)	Run actions/checkout@11bd71901bbe5b1630ceea73d27597364c9af683	2026-09-20T19:55:38.1039281Z hint: will change to "main" in Git 3.0. To configure the initial branch name
linux-portability (ubuntu-24.04)	Run actions/checkout@11bd71901bbe5b1630ceea73d27597364c9af683	2026-09-20T19:55:38.1040868Z hint: to use in all of your new repositories, which will suppress this warning,
linux-portability (ubuntu-24.04)	Run actions/checkout@11bd71901bbe5b1630ceea73d27597364c9af683	2026-09-20T19:55:38.1042075Z hint: call:
linux-portability (ubuntu-24.04)	Run actions/checkout@11bd71901bbe5b1630ceea73d27597364c9af683	2026-09-20T19:55:38.1042707Z hint:
linux-portability (ubuntu-24.04)	Run actions/checkout@11bd71901bbe5b1630ceea73d27597364c9af683	2026-09-20T19:55:38.1043664Z hint: 	git config --global init.defaultBranch <name>
linux-portability (ubuntu-24.04)	Run actions/checkout@11bd71901bbe5b1630ceea73d27597364c9af683	2026-09-20T19:55:38.1044631Z hint:
linux-portability (ubuntu-24.04)	Run actions/checkout@11bd71901bbe5b1630ceea73d27597364c9af683	2026-09-20T19:55:38.1045546Z hint: Names commonly chosen instead of 'master' are 'main', 'trunk' and
linux-portability (ubuntu-24.04)	Run actions/checkout@11bd71901bbe5b1630ceea73d27597364c9af683	2026-09-20T19:55:38.1047088Z hint: 'development'. The just-created branch can be renamed via this command:
linux-portability (ubuntu-24.04)	Run actions/checkout@11bd71901bbe5b1630ceea73d27597364c9af683	2026-09-20T19:55:38.1048330Z hint:
linux-portability (ubuntu-24.04)	Run actions/checkout@11bd71901bbe5b1630ceea73d27597364c9af683	2026-09-20T19:55:38.1048980Z hint: 	git branch -m <name>
linux-portability (ubuntu-24.04)	Run actions/checkout@11bd71901bbe5b1630ceea73d27597364c9af683	2026-09-20T19:55:38.1049712Z hint:
linux-portability (ubuntu-24.04)	Run actions/checkout@11bd71901bbe5b1630ceea73d27597364c9af683	2026-09-20T19:55:38.1050697Z hint: Disable this message with "git config set advice.defaultBranchName false"
linux-portability (ubuntu-24.04)	Run actions/checkout@11bd71901bbe5b1630ceea73d27597364c9af683	2026-09-20T19:55:38.1052292Z Initialized empty Git repository in /home/runner/work/rawk/rawk/rawk/.git/
linux-portability (ubuntu-24.04)	Run actions/checkout@11bd71901bbe5b1630ceea73d27597364c9af683	2026-09-20T19:55:38.1055030Z [command]/usr/bin/git remote add origin https://github.com/francescotinti/rawk
linux-portability (ubuntu-24.04)	Run actions/checkout@11bd71901bbe5b1630ceea73d27597364c9af683	2026-09-20T19:55:38.1100948Z ##[endgroup]
linux-portability (ubuntu-24.04)	Run actions/checkout@11bd71901bbe5b1630ceea73d27597364c9af683	2026-09-20T19:55:38.1102135Z ##[group]Disabling automatic garbage collection
linux-portability (ubuntu-24.04)	Run actions/checkout@11bd71901bbe5b1630ceea73d27597364c9af683	2026-09-20T19:55:38.1104893Z [command]/usr/bin/git config --local gc.auto 0
linux-portability (ubuntu-24.04)	Run actions/checkout@11bd71901bbe5b1630ceea73d27597364c9af683	2026-09-20T19:55:38.1137211Z ##[endgroup]
linux-portability (ubuntu-24.04)	Run actions/checkout@11bd71901bbe5b1630ceea73d27597364c9af683	2026-09-20T19:55:38.1138376Z ##[group]Setting up auth
linux-portability (ubuntu-24.04)	Run actions/checkout@11bd71901bbe5b1630ceea73d27597364c9af683	2026-09-20T19:55:38.1144140Z [command]/usr/bin/git config --local --name-only --get-regexp core\.sshCommand
linux-portability (ubuntu-24.04)	Run actions/checkout@11bd71901bbe5b1630ceea73d27597364c9af683	2026-09-20T19:55:38.1178644Z [command]/usr/bin/git submodule foreach --recursive sh -c "git config --local --name-only --get-regexp 'core\.sshCommand' && git config --local --unset-all 'core.sshCommand' || :"
linux-portability (ubuntu-24.04)	Run actions/checkout@11bd71901bbe5b1630ceea73d27597364c9af683	2026-09-20T19:55:38.1538646Z [command]/usr/bin/git config --local --name-only --get-regexp http\.https\:\/\/github\.com\/\.extraheader
linux-portability (ubuntu-24.04)	Run actions/checkout@11bd71901bbe5b1630ceea73d27597364c9af683	2026-09-20T19:55:38.1580036Z [command]/usr/bin/git submodule foreach --recursive sh -c "git config --local --name-only --get-regexp 'http\.https\:\/\/github\.com\/\.extraheader' && git config --local --unset-all 'http.https://github.com/.extraheader' || :"
linux-portability (ubuntu-24.04)	Run actions/checkout@11bd71901bbe5b1630ceea73d27597364c9af683	2026-09-20T19:55:38.1817621Z [command]/usr/bin/git config --local http.https://github.com/.extraheader AUTHORIZATION: basic ***
linux-portability (ubuntu-24.04)	Run actions/checkout@11bd71901bbe5b1630ceea73d27597364c9af683	2026-09-20T19:55:38.1859954Z ##[endgroup]
linux-portability (ubuntu-24.04)	Run actions/checkout@11bd71901bbe5b1630ceea73d27597364c9af683	2026-09-20T19:55:38.1860794Z ##[group]Fetching the repository
linux-portability (ubuntu-24.04)	Run actions/checkout@11bd71901bbe5b1630ceea73d27597364c9af683	2026-09-20T19:55:38.1870947Z [command]/usr/bin/git -c protocol.version=2 fetch --no-tags --prune --no-recurse-submodules --depth=1 origin +0ed769d1b18e0b076d52cb8e926ce30d136e5ff6:refs/remotes/origin/master
linux-portability (ubuntu-24.04)	Run actions/checkout@11bd71901bbe5b1630ceea73d27597364c9af683	2026-09-20T19:55:38.8365863Z From https://github.com/francescotinti/rawk
linux-portability (ubuntu-24.04)	Run actions/checkout@11bd71901bbe5b1630ceea73d27597364c9af683	2026-09-20T19:55:38.8367787Z  * [new ref]         0ed769d1b18e0b076d52cb8e926ce30d136e5ff6 -> origin/master
linux-portability (ubuntu-24.04)	Run actions/checkout@11bd71901bbe5b1630ceea73d27597364c9af683	2026-09-20T19:55:38.8372133Z ##[endgroup]
linux-portability (ubuntu-24.04)	Run actions/checkout@11bd71901bbe5b1630ceea73d27597364c9af683	2026-09-20T19:55:38.8375955Z ##[group]Determining the checkout info
linux-portability (ubuntu-24.04)	Run actions/checkout@11bd71901bbe5b1630ceea73d27597364c9af683	2026-09-20T19:55:38.8377516Z ##[endgroup]
linux-portability (ubuntu-24.04)	Run actions/checkout@11bd71901bbe5b1630ceea73d27597364c9af683	2026-09-20T19:55:38.8381637Z [command]/usr/bin/git sparse-checkout disable
linux-portability (ubuntu-24.04)	Run actions/checkout@11bd71901bbe5b1630ceea73d27597364c9af683	2026-09-20T19:55:38.8439190Z [command]/usr/bin/git config --local --unset-all extensions.worktreeConfig
linux-portability (ubuntu-24.04)	Run actions/checkout@11bd71901bbe5b1630ceea73d27597364c9af683	2026-09-20T19:55:38.8475366Z ##[group]Checking out the ref
linux-portability (ubuntu-24.04)	Run actions/checkout@11bd71901bbe5b1630ceea73d27597364c9af683	2026-09-20T19:55:38.8481051Z [command]/usr/bin/git checkout --progress --force -B master refs/remotes/origin/master
linux-portability (ubuntu-24.04)	Run actions/checkout@11bd71901bbe5b1630ceea73d27597364c9af683	2026-09-20T19:55:38.9305816Z Reset branch 'master'
linux-portability (ubuntu-24.04)	Run actions/checkout@11bd71901bbe5b1630ceea73d27597364c9af683	2026-09-20T19:55:38.9315328Z branch 'master' set up to track 'origin/master'.
linux-portability (ubuntu-24.04)	Run actions/checkout@11bd71901bbe5b1630ceea73d27597364c9af683	2026-09-20T19:55:38.9329397Z ##[endgroup]
linux-portability (ubuntu-24.04)	Run actions/checkout@11bd71901bbe5b1630ceea73d27597364c9af683	2026-09-20T19:55:38.9380406Z [command]/usr/bin/git log -1 --format=%H
linux-portability (ubuntu-24.04)	Run actions/checkout@11bd71901bbe5b1630ceea73d27597364c9af683	2026-09-20T19:55:38.9437643Z 0ed769d1b18e0b076d52cb8e926ce30d136e5ff6
linux-portability (ubuntu-24.04)	Install pinned Rust toolchain	﻿2026-09-20T19:55:38.9695935Z ##[group]Run rustup toolchain install 1.96.0 --profile minimal --component rustfmt --component clippy
linux-portability (ubuntu-24.04)	Install pinned Rust toolchain	2026-09-20T19:55:38.9698944Z [36;1mrustup toolchain install 1.96.0 --profile minimal --component rustfmt --component clippy[0m
linux-portability (ubuntu-24.04)	Install pinned Rust toolchain	2026-09-20T19:55:38.9745433Z shell: /usr/bin/bash -e {0}
linux-portability (ubuntu-24.04)	Install pinned Rust toolchain	2026-09-20T19:55:38.9746637Z env:
linux-portability (ubuntu-24.04)	Install pinned Rust toolchain	2026-09-20T19:55:38.9747584Z   LC_ALL: C
linux-portability (ubuntu-24.04)	Install pinned Rust toolchain	2026-09-20T19:55:38.9748560Z   CARGO_INCREMENTAL: 0
linux-portability (ubuntu-24.04)	Install pinned Rust toolchain	2026-09-20T19:55:38.9749642Z   RUSTUP_TOOLCHAIN: 1.96.0
linux-portability (ubuntu-24.04)	Install pinned Rust toolchain	2026-09-20T19:55:38.9750729Z ##[endgroup]
linux-portability (ubuntu-24.04)	Install pinned Rust toolchain	2026-09-20T19:55:39.0252483Z info: syncing channel updates for 1.96.0-x86_64-unknown-linux-gnu
linux-portability (ubuntu-24.04)	Install pinned Rust toolchain	2026-09-20T19:55:39.1505168Z info: latest update on 2026-05-28 for version 1.96.0 (ac68faa20 2026-05-25)
linux-portability (ubuntu-24.04)	Install pinned Rust toolchain	2026-09-20T19:55:39.1507746Z info: downloading 5 components
linux-portability (ubuntu-24.04)	Install pinned Rust toolchain	2026-09-20T19:55:47.5235214Z 
linux-portability (ubuntu-24.04)	Install pinned Rust toolchain	2026-09-20T19:55:47.5308368Z   1.96.0-x86_64-unknown-linux-gnu installed - rustc 1.96.0 (ac68faa20 2026-05-25)
linux-portability (ubuntu-24.04)	Install pinned Rust toolchain	2026-09-20T19:55:47.5310057Z 
linux-portability (ubuntu-24.04)	Prepare tested locales and C build tools	﻿2026-09-20T19:55:47.5390316Z ##[group]Run sudo apt-get update
linux-portability (ubuntu-24.04)	Prepare tested locales and C build tools	2026-09-20T19:55:47.5390743Z [36;1msudo apt-get update[0m
linux-portability (ubuntu-24.04)	Prepare tested locales and C build tools	2026-09-20T19:55:47.5391121Z [36;1msudo apt-get install -y build-essential bison locales[0m
linux-portability (ubuntu-24.04)	Prepare tested locales and C build tools	2026-09-20T19:55:47.5391559Z [36;1msudo localedef -i en_US -f UTF-8 en_US.UTF-8[0m
linux-portability (ubuntu-24.04)	Prepare tested locales and C build tools	2026-09-20T19:55:47.5391988Z [36;1msudo localedef -i tr_TR -f UTF-8 tr_TR.UTF-8[0m
linux-portability (ubuntu-24.04)	Prepare tested locales and C build tools	2026-09-20T19:55:47.5392395Z [36;1msudo localedef -i en_US -f ISO-8859-1 en_US.ISO8859-1[0m
linux-portability (ubuntu-24.04)	Prepare tested locales and C build tools	2026-09-20T19:55:47.5392832Z [36;1msudo localedef -i tr_TR -f ISO-8859-9 tr_TR.ISO8859-9[0m
linux-portability (ubuntu-24.04)	Prepare tested locales and C build tools	2026-09-20T19:55:47.5393317Z [36;1msudo localedef --no-warnings=ascii -i ja_JP -f SHIFT_JIS ja_JP.SJIS[0m
linux-portability (ubuntu-24.04)	Prepare tested locales and C build tools	2026-09-20T19:55:47.5393977Z [36;1mlocale -a[0m
linux-portability (ubuntu-24.04)	Prepare tested locales and C build tools	2026-09-20T19:55:47.5394487Z [36;1mcc -std=c11 -Wall -Wextra -Werror scripts/shift_jis_locale_probe.c -o /tmp/rawk-sjis-locale-probe[0m
linux-portability (ubuntu-24.04)	Prepare tested locales and C build tools	2026-09-20T19:55:47.5395017Z [36;1mset -o pipefail[0m
linux-portability (ubuntu-24.04)	Prepare tested locales and C build tools	2026-09-20T19:55:47.5395433Z [36;1m/tmp/rawk-sjis-locale-probe 2>&1 | tee diary/shift-jis-locale-ci.log[0m
linux-portability (ubuntu-24.04)	Prepare tested locales and C build tools	2026-09-20T19:55:47.5437703Z shell: /usr/bin/bash -e {0}
linux-portability (ubuntu-24.04)	Prepare tested locales and C build tools	2026-09-20T19:55:47.5438038Z env:
linux-portability (ubuntu-24.04)	Prepare tested locales and C build tools	2026-09-20T19:55:47.5438286Z   LC_ALL: C
linux-portability (ubuntu-24.04)	Prepare tested locales and C build tools	2026-09-20T19:55:47.5438538Z   CARGO_INCREMENTAL: 0
linux-portability (ubuntu-24.04)	Prepare tested locales and C build tools	2026-09-20T19:55:47.5438826Z   RUSTUP_TOOLCHAIN: 1.96.0
linux-portability (ubuntu-24.04)	Prepare tested locales and C build tools	2026-09-20T19:55:47.5439118Z ##[endgroup]
linux-portability (ubuntu-24.04)	Prepare tested locales and C build tools	2026-09-20T19:55:47.6374900Z Get:1 file:/etc/apt/apt-mirrors.txt Mirrorlist [144 B]
linux-portability (ubuntu-24.04)	Prepare tested locales and C build tools	2026-09-20T19:55:47.6610299Z Get:6 https://packages.microsoft.com/ubuntu/24.04/prod noble InRelease [3600 B]
linux-portability (ubuntu-24.04)	Prepare tested locales and C build tools	2026-09-20T19:55:47.6716099Z Hit:2 http://azure.archive.ubuntu.com/ubuntu noble InRelease
linux-portability (ubuntu-24.04)	Prepare tested locales and C build tools	2026-09-20T19:55:47.6724904Z Get:3 http://azure.archive.ubuntu.com/ubuntu noble-updates InRelease [126 kB]
linux-portability (ubuntu-24.04)	Prepare tested locales and C build tools	2026-09-20T19:55:47.6842366Z Get:4 http://azure.archive.ubuntu.com/ubuntu noble-backports InRelease [126 kB]
linux-portability (ubuntu-24.04)	Prepare tested locales and C build tools	2026-09-20T19:55:47.6864390Z Get:5 http://azure.archive.ubuntu.com/ubuntu noble-security InRelease [126 kB]
linux-portability (ubuntu-24.04)	Prepare tested locales and C build tools	2026-09-20T19:55:47.7441818Z Get:7 https://packages.microsoft.com/ubuntu/24.04/prod noble/main amd64 Packages [478 kB]
linux-portability (ubuntu-24.04)	Prepare tested locales and C build tools	2026-09-20T19:55:47.7451829Z Get:8 https://dl.google.com/linux/chrome-stable/deb stable InRelease [2548 B]
linux-portability (ubuntu-24.04)	Prepare tested locales and C build tools	2026-09-20T19:55:47.7626545Z Get:9 https://packages.microsoft.com/ubuntu/24.04/prod noble/main arm64 Packages [429 kB]
linux-portability (ubuntu-24.04)	Prepare tested locales and C build tools	2026-09-20T19:55:47.8649218Z Get:10 http://azure.archive.ubuntu.com/ubuntu noble-updates/main amd64 Packages [1275 kB]
linux-portability (ubuntu-24.04)	Prepare tested locales and C build tools	2026-09-20T19:55:47.8785035Z Get:11 http://azure.archive.ubuntu.com/ubuntu noble-updates/main Translation-en [294 kB]
linux-portability (ubuntu-24.04)	Prepare tested locales and C build tools	2026-09-20T19:55:47.8799915Z Get:12 http://azure.archive.ubuntu.com/ubuntu noble-updates/main amd64 Components [180 kB]
linux-portability (ubuntu-24.04)	Prepare tested locales and C build tools	2026-09-20T19:55:47.8814159Z Get:13 http://azure.archive.ubuntu.com/ubuntu noble-updates/universe amd64 Packages [1689 kB]
linux-portability (ubuntu-24.04)	Prepare tested locales and C build tools	2026-09-20T19:55:47.8922470Z Get:14 http://azure.archive.ubuntu.com/ubuntu noble-updates/universe Translation-en [338 kB]
linux-portability (ubuntu-24.04)	Prepare tested locales and C build tools	2026-09-20T19:55:47.8985122Z Get:15 http://azure.archive.ubuntu.com/ubuntu noble-updates/universe amd64 Components [388 kB]
linux-portability (ubuntu-24.04)	Prepare tested locales and C build tools	2026-09-20T19:55:47.8998409Z Get:16 http://azure.archive.ubuntu.com/ubuntu noble-updates/restricted amd64 Packages [1580 kB]
linux-portability (ubuntu-24.04)	Prepare tested locales and C build tools	2026-09-20T19:55:47.9145044Z Get:17 http://azure.archive.ubuntu.com/ubuntu noble-updates/restricted Translation-en [359 kB]
linux-portability (ubuntu-24.04)	Prepare tested locales and C build tools	2026-09-20T19:55:47.9152159Z Get:18 http://azure.archive.ubuntu.com/ubuntu noble-updates/multiverse amd64 Packages [45.7 kB]
linux-portability (ubuntu-24.04)	Prepare tested locales and C build tools	2026-09-20T19:55:47.9165300Z Get:19 http://azure.archive.ubuntu.com/ubuntu noble-updates/multiverse Translation-en [13.1 kB]
linux-portability (ubuntu-24.04)	Prepare tested locales and C build tools	2026-09-20T19:55:47.9625719Z Get:20 http://azure.archive.ubuntu.com/ubuntu noble-updates/multiverse amd64 Components [940 B]
linux-portability (ubuntu-24.04)	Prepare tested locales and C build tools	2026-09-20T19:55:47.9645044Z Get:21 http://azure.archive.ubuntu.com/ubuntu noble-backports/main amd64 Packages [65.9 kB]
linux-portability (ubuntu-24.04)	Prepare tested locales and C build tools	2026-09-20T19:55:47.9663934Z Get:22 http://azure.archive.ubuntu.com/ubuntu noble-backports/main amd64 Components [5768 B]
linux-portability (ubuntu-24.04)	Prepare tested locales and C build tools	2026-09-20T19:55:47.9676601Z Get:23 http://azure.archive.ubuntu.com/ubuntu noble-backports/universe amd64 Packages [34.6 kB]
linux-portability (ubuntu-24.04)	Prepare tested locales and C build tools	2026-09-20T19:55:47.9691669Z Get:24 http://azure.archive.ubuntu.com/ubuntu noble-backports/universe Translation-en [18.7 kB]
linux-portability (ubuntu-24.04)	Prepare tested locales and C build tools	2026-09-20T19:55:47.9707576Z Get:25 http://azure.archive.ubuntu.com/ubuntu noble-backports/universe amd64 Components [12.6 kB]
linux-portability (ubuntu-24.04)	Prepare tested locales and C build tools	2026-09-20T19:55:47.9974129Z Get:26 http://azure.archive.ubuntu.com/ubuntu noble-security/main amd64 Packages [1009 kB]
linux-portability (ubuntu-24.04)	Prepare tested locales and C build tools	2026-09-20T19:55:48.0030318Z Get:27 http://azure.archive.ubuntu.com/ubuntu noble-security/main Translation-en [214 kB]
linux-portability (ubuntu-24.04)	Prepare tested locales and C build tools	2026-09-20T19:55:48.0054069Z Get:28 http://azure.archive.ubuntu.com/ubuntu noble-security/main amd64 Components [46.4 kB]
linux-portability (ubuntu-24.04)	Prepare tested locales and C build tools	2026-09-20T19:55:48.0072989Z Get:29 http://azure.archive.ubuntu.com/ubuntu noble-security/universe amd64 Packages [1208 kB]
linux-portability (ubuntu-24.04)	Prepare tested locales and C build tools	2026-09-20T19:55:48.0143361Z Get:30 http://azure.archive.ubuntu.com/ubuntu noble-security/universe Translation-en [243 kB]
linux-portability (ubuntu-24.04)	Prepare tested locales and C build tools	2026-09-20T19:55:48.0168456Z Get:31 http://azure.archive.ubuntu.com/ubuntu noble-security/universe amd64 Components [76.2 kB]
linux-portability (ubuntu-24.04)	Prepare tested locales and C build tools	2026-09-20T19:55:48.0188107Z Get:32 http://azure.archive.ubuntu.com/ubuntu noble-security/restricted amd64 Packages [1449 kB]
linux-portability (ubuntu-24.04)	Prepare tested locales and C build tools	2026-09-20T19:55:48.0269517Z Get:33 http://azure.archive.ubuntu.com/ubuntu noble-security/restricted Translation-en [336 kB]
linux-portability (ubuntu-24.04)	Prepare tested locales and C build tools	2026-09-20T19:55:48.0784828Z Get:34 http://azure.archive.ubuntu.com/ubuntu noble-security/multiverse Translation-en [11.3 kB]
linux-portability (ubuntu-24.04)	Prepare tested locales and C build tools	2026-09-20T19:55:48.0932134Z Get:35 https://dl.google.com/linux/chrome-stable/deb stable/main amd64 Packages [1408 B]
linux-portability (ubuntu-24.04)	Prepare tested locales and C build tools	2026-09-20T19:55:52.3730559Z Fetched 12.2 MB in 1s (8425 kB/s)
linux-portability (ubuntu-24.04)	Prepare tested locales and C build tools	2026-09-20T19:55:53.1789080Z Reading package lists...
linux-portability (ubuntu-24.04)	Prepare tested locales and C build tools	2026-09-20T19:55:53.2104568Z Reading package lists...
linux-portability (ubuntu-24.04)	Prepare tested locales and C build tools	2026-09-20T19:55:53.4230852Z Building dependency tree...
linux-portability (ubuntu-24.04)	Prepare tested locales and C build tools	2026-09-20T19:55:53.4239733Z Reading state information...
linux-portability (ubuntu-24.04)	Prepare tested locales and C build tools	2026-09-20T19:55:53.6098866Z The following additional packages will be installed:
linux-portability (ubuntu-24.04)	Prepare tested locales and C build tools	2026-09-20T19:55:53.6104750Z   libc-bin libc-dev-bin libc6 libc6-dev libc6-i386
linux-portability (ubuntu-24.04)	Prepare tested locales and C build tools	2026-09-20T19:55:53.6110441Z Suggested packages:
linux-portability (ubuntu-24.04)	Prepare tested locales and C build tools	2026-09-20T19:55:53.6111090Z   bison-doc glibc-doc libnss-nis libnss-nisplus manpages-dev
linux-portability (ubuntu-24.04)	Prepare tested locales and C build tools	2026-09-20T19:55:53.6111538Z Recommended packages:
linux-portability (ubuntu-24.04)	Prepare tested locales and C build tools	2026-09-20T19:55:53.6111779Z   manpages-dev libc-devtools
linux-portability (ubuntu-24.04)	Prepare tested locales and C build tools	2026-09-20T19:55:53.6406943Z The following NEW packages will be installed:
linux-portability (ubuntu-24.04)	Prepare tested locales and C build tools	2026-09-20T19:55:53.6415950Z   build-essential
linux-portability (ubuntu-24.04)	Prepare tested locales and C build tools	2026-09-20T19:55:53.6419265Z The following packages will be upgraded:
linux-portability (ubuntu-24.04)	Prepare tested locales and C build tools	2026-09-20T19:55:53.6425886Z   bison libc-bin libc-dev-bin libc6 libc6-dev libc6-i386 locales
linux-portability (ubuntu-24.04)	Prepare tested locales and C build tools	2026-09-20T19:55:53.6606967Z 7 upgraded, 1 newly installed, 0 to remove and 66 not upgraded.
linux-portability (ubuntu-24.04)	Prepare tested locales and C build tools	2026-09-20T19:55:53.6607434Z Need to get 13.9 MB of archives.
linux-portability (ubuntu-24.04)	Prepare tested locales and C build tools	2026-09-20T19:55:53.6607805Z After this operation, 27.6 kB of additional disk space will be used.
linux-portability (ubuntu-24.04)	Prepare tested locales and C build tools	2026-09-20T19:55:53.6608320Z Get:1 file:/etc/apt/apt-mirrors.txt Mirrorlist [144 B]
linux-portability (ubuntu-24.04)	Prepare tested locales and C build tools	2026-09-20T19:55:53.7011640Z Get:2 http://azure.archive.ubuntu.com/ubuntu noble-updates/main amd64 libc6-dev amd64 2.39-0ubuntu8.9 [2126 kB]
linux-portability (ubuntu-24.04)	Prepare tested locales and C build tools	2026-09-20T19:55:53.7401497Z Get:3 http://azure.archive.ubuntu.com/ubuntu noble-updates/main amd64 libc-dev-bin amd64 2.39-0ubuntu8.9 [20.4 kB]
linux-portability (ubuntu-24.04)	Prepare tested locales and C build tools	2026-09-20T19:55:53.7616135Z Get:4 http://azure.archive.ubuntu.com/ubuntu noble-updates/main amd64 libc6-i386 amd64 2.39-0ubuntu8.9 [2787 kB]
linux-portability (ubuntu-24.04)	Prepare tested locales and C build tools	2026-09-20T19:55:53.8048188Z Get:5 http://azure.archive.ubuntu.com/ubuntu noble-updates/main amd64 libc6 amd64 2.39-0ubuntu8.9 [3264 kB]
linux-portability (ubuntu-24.04)	Prepare tested locales and C build tools	2026-09-20T19:55:53.8531690Z Get:6 http://azure.archive.ubuntu.com/ubuntu noble-updates/main amd64 libc-bin amd64 2.39-0ubuntu8.9 [682 kB]
linux-portability (ubuntu-24.04)	Prepare tested locales and C build tools	2026-09-20T19:55:53.8791563Z Get:7 http://azure.archive.ubuntu.com/ubuntu noble-updates/main amd64 locales all 2.39-0ubuntu8.9 [4232 kB]
linux-portability (ubuntu-24.04)	Prepare tested locales and C build tools	2026-09-20T19:55:53.9345683Z Get:8 http://azure.archive.ubuntu.com/ubuntu noble-updates/main amd64 bison amd64 2:3.8.2+dfsg-1ubuntu0.24.04.1 [749 kB]
linux-portability (ubuntu-24.04)	Prepare tested locales and C build tools	2026-09-20T19:55:53.9617479Z Get:9 http://azure.archive.ubuntu.com/ubuntu noble/main amd64 build-essential amd64 12.10ubuntu1 [4928 B]
linux-portability (ubuntu-24.04)	Prepare tested locales and C build tools	2026-09-20T19:55:54.1964008Z Preconfiguring packages ...
linux-portability (ubuntu-24.04)	Prepare tested locales and C build tools	2026-09-20T19:55:54.2796765Z Fetched 13.9 MB in 0s (44.3 MB/s)
linux-portability (ubuntu-24.04)	Prepare tested locales and C build tools	2026-09-20T19:55:54.3299614Z (Reading database ... 
linux-portability (ubuntu-24.04)	Prepare tested locales and C build tools	2026-09-20T19:55:54.3300180Z (Reading database ... 5%
linux-portability (ubuntu-24.04)	Prepare tested locales and C build tools	2026-09-20T19:55:54.3300571Z (Reading database ... 10%
linux-portability (ubuntu-24.04)	Prepare tested locales and C build tools	2026-09-20T19:55:54.3301275Z (Reading database ... 15%
linux-portability (ubuntu-24.04)	Prepare tested locales and C build tools	2026-09-20T19:55:54.3301639Z (Reading database ... 20%
linux-portability (ubuntu-24.04)	Prepare tested locales and C build tools	2026-09-20T19:55:54.3301994Z (Reading database ... 25%
linux-portability (ubuntu-24.04)	Prepare tested locales and C build tools	2026-09-20T19:55:54.3302344Z (Reading database ... 30%
linux-portability (ubuntu-24.04)	Prepare tested locales and C build tools	2026-09-20T19:55:54.3302714Z (Reading database ... 35%
linux-portability (ubuntu-24.04)	Prepare tested locales and C build tools	2026-09-20T19:55:54.3303057Z (Reading database ... 40%
linux-portability (ubuntu-24.04)	Prepare tested locales and C build tools	2026-09-20T19:55:54.3303401Z (Reading database ... 45%
linux-portability (ubuntu-24.04)	Prepare tested locales and C build tools	2026-09-20T19:55:54.3304433Z (Reading database ... 50%
linux-portability (ubuntu-24.04)	Prepare tested locales and C build tools	2026-09-20T19:55:54.3352100Z (Reading database ... 55%
linux-portability (ubuntu-24.04)	Prepare tested locales and C build tools	2026-09-20T19:55:54.4807683Z (Reading database ... 60%
linux-portability (ubuntu-24.04)	Prepare tested locales and C build tools	2026-09-20T19:55:54.6619756Z (Reading database ... 65%
linux-portability (ubuntu-24.04)	Prepare tested locales and C build tools	2026-09-20T19:55:54.8300712Z (Reading database ... 70%
linux-portability (ubuntu-24.04)	Prepare tested locales and C build tools	2026-09-20T19:55:54.9662934Z (Reading database ... 75%
linux-portability (ubuntu-24.04)	Prepare tested locales and C build tools	2026-09-20T19:55:55.1893010Z (Reading database ... 80%
linux-portability (ubuntu-24.04)	Prepare tested locales and C build tools	2026-09-20T19:55:55.4174422Z (Reading database ... 85%
linux-portability (ubuntu-24.04)	Prepare tested locales and C build tools	2026-09-20T19:55:55.6085911Z (Reading database ... 90%
linux-portability (ubuntu-24.04)	Prepare tested locales and C build tools	2026-09-20T19:55:55.8234184Z (Reading database ... 95%
linux-portability (ubuntu-24.04)	Prepare tested locales and C build tools	2026-09-20T19:55:55.8235020Z (Reading database ... 100%
linux-portability (ubuntu-24.04)	Prepare tested locales and C build tools	2026-09-20T19:55:55.8235569Z (Reading database ... 201818 files and directories currently installed.)
linux-portability (ubuntu-24.04)	Prepare tested locales and C build tools	2026-09-20T19:55:55.8282269Z Preparing to unpack .../libc6-dev_2.39-0ubuntu8.9_amd64.deb ...
linux-portability (ubuntu-24.04)	Prepare tested locales and C build tools	2026-09-20T19:55:55.8325124Z Unpacking libc6-dev:amd64 (2.39-0ubuntu8.9) over (2.39-0ubuntu8.8) ...
linux-portability (ubuntu-24.04)	Prepare tested locales and C build tools	2026-09-20T19:55:56.0057504Z Preparing to unpack .../libc-dev-bin_2.39-0ubuntu8.9_amd64.deb ...
linux-portability (ubuntu-24.04)	Prepare tested locales and C build tools	2026-09-20T19:55:56.0077746Z Unpacking libc-dev-bin (2.39-0ubuntu8.9) over (2.39-0ubuntu8.8) ...
linux-portability (ubuntu-24.04)	Prepare tested locales and C build tools	2026-09-20T19:55:56.0453151Z Preparing to unpack .../libc6-i386_2.39-0ubuntu8.9_amd64.deb ...
linux-portability (ubuntu-24.04)	Prepare tested locales and C build tools	2026-09-20T19:55:56.0511865Z Unpacking libc6-i386 (2.39-0ubuntu8.9) over (2.39-0ubuntu8.8) ...
linux-portability (ubuntu-24.04)	Prepare tested locales and C build tools	2026-09-20T19:55:56.1826282Z Preparing to unpack .../libc6_2.39-0ubuntu8.9_amd64.deb ...
linux-portability (ubuntu-24.04)	Prepare tested locales and C build tools	2026-09-20T19:55:56.3125833Z Unpacking libc6:amd64 (2.39-0ubuntu8.9) over (2.39-0ubuntu8.8) ...
linux-portability (ubuntu-24.04)	Prepare tested locales and C build tools	2026-09-20T19:55:56.4497150Z Setting up libc6:amd64 (2.39-0ubuntu8.9) ...
linux-portability (ubuntu-24.04)	Prepare tested locales and C build tools	2026-09-20T19:55:56.8723687Z (Reading database ... 
linux-portability (ubuntu-24.04)	Prepare tested locales and C build tools	2026-09-20T19:55:56.8724437Z (Reading database ... 5%
linux-portability (ubuntu-24.04)	Prepare tested locales and C build tools	2026-09-20T19:55:56.8725115Z (Reading database ... 10%
linux-portability (ubuntu-24.04)	Prepare tested locales and C build tools	2026-09-20T19:55:56.8725704Z (Reading database ... 15%
linux-portability (ubuntu-24.04)	Prepare tested locales and C build tools	2026-09-20T19:55:56.8726017Z (Reading database ... 20%
linux-portability (ubuntu-24.04)	Prepare tested locales and C build tools	2026-09-20T19:55:56.8726315Z (Reading database ... 25%
linux-portability (ubuntu-24.04)	Prepare tested locales and C build tools	2026-09-20T19:55:56.8726609Z (Reading database ... 30%
linux-portability (ubuntu-24.04)	Prepare tested locales and C build tools	2026-09-20T19:55:56.8726934Z (Reading database ... 35%
linux-portability (ubuntu-24.04)	Prepare tested locales and C build tools	2026-09-20T19:55:56.8727237Z (Reading database ... 40%
linux-portability (ubuntu-24.04)	Prepare tested locales and C build tools	2026-09-20T19:55:56.8727535Z (Reading database ... 45%
linux-portability (ubuntu-24.04)	Prepare tested locales and C build tools	2026-09-20T19:55:56.8727849Z (Reading database ... 50%
linux-portability (ubuntu-24.04)	Prepare tested locales and C build tools	2026-09-20T19:55:56.8740539Z (Reading database ... 55%
linux-portability (ubuntu-24.04)	Prepare tested locales and C build tools	2026-09-20T19:55:56.8853452Z (Reading database ... 60%
linux-portability (ubuntu-24.04)	Prepare tested locales and C build tools	2026-09-20T19:55:56.8879259Z (Reading database ... 65%
linux-portability (ubuntu-24.04)	Prepare tested locales and C build tools	2026-09-20T19:55:56.8915429Z (Reading database ... 70%
linux-portability (ubuntu-24.04)	Prepare tested locales and C build tools	2026-09-20T19:55:56.8942879Z (Reading database ... 75%
linux-portability (ubuntu-24.04)	Prepare tested locales and C build tools	2026-09-20T19:55:56.9087863Z (Reading database ... 80%
linux-portability (ubuntu-24.04)	Prepare tested locales and C build tools	2026-09-20T19:55:56.9112698Z (Reading database ... 85%
linux-portability (ubuntu-24.04)	Prepare tested locales and C build tools	2026-09-20T19:55:56.9204161Z (Reading database ... 90%
linux-portability (ubuntu-24.04)	Prepare tested locales and C build tools	2026-09-20T19:55:56.9448606Z (Reading database ... 95%
linux-portability (ubuntu-24.04)	Prepare tested locales and C build tools	2026-09-20T19:55:56.9449091Z (Reading database ... 100%
linux-portability (ubuntu-24.04)	Prepare tested locales and C build tools	2026-09-20T19:55:56.9449660Z (Reading database ... 201818 files and directories currently installed.)
linux-portability (ubuntu-24.04)	Prepare tested locales and C build tools	2026-09-20T19:55:56.9495799Z Preparing to unpack .../libc-bin_2.39-0ubuntu8.9_amd64.deb ...
linux-portability (ubuntu-24.04)	Prepare tested locales and C build tools	2026-09-20T19:55:56.9523889Z Unpacking libc-bin (2.39-0ubuntu8.9) over (2.39-0ubuntu8.8) ...
linux-portability (ubuntu-24.04)	Prepare tested locales and C build tools	2026-09-20T19:55:57.0074644Z Setting up libc-bin (2.39-0ubuntu8.9) ...
linux-portability (ubuntu-24.04)	Prepare tested locales and C build tools	2026-09-20T19:55:57.0702736Z (Reading database ... 
linux-portability (ubuntu-24.04)	Prepare tested locales and C build tools	2026-09-20T19:55:57.0703151Z (Reading database ... 5%
linux-portability (ubuntu-24.04)	Prepare tested locales and C build tools	2026-09-20T19:55:57.0703406Z (Reading database ... 10%
linux-portability (ubuntu-24.04)	Prepare tested locales and C build tools	2026-09-20T19:55:57.0704027Z (Reading database ... 15%
linux-portability (ubuntu-24.04)	Prepare tested locales and C build tools	2026-09-20T19:55:57.0704633Z (Reading database ... 20%
linux-portability (ubuntu-24.04)	Prepare tested locales and C build tools	2026-09-20T19:55:57.0705013Z (Reading database ... 25%
linux-portability (ubuntu-24.04)	Prepare tested locales and C build tools	2026-09-20T19:55:57.0705481Z (Reading database ... 30%
linux-portability (ubuntu-24.04)	Prepare tested locales and C build tools	2026-09-20T19:55:57.0705892Z (Reading database ... 35%
linux-portability (ubuntu-24.04)	Prepare tested locales and C build tools	2026-09-20T19:55:57.0706265Z (Reading database ... 40%
linux-portability (ubuntu-24.04)	Prepare tested locales and C build tools	2026-09-20T19:55:57.0706486Z (Reading database ... 45%
linux-portability (ubuntu-24.04)	Prepare tested locales and C build tools	2026-09-20T19:55:57.0706707Z (Reading database ... 50%
linux-portability (ubuntu-24.04)	Prepare tested locales and C build tools	2026-09-20T19:55:57.0723935Z (Reading database ... 55%
linux-portability (ubuntu-24.04)	Prepare tested locales and C build tools	2026-09-20T19:55:57.0843889Z (Reading database ... 60%
linux-portability (ubuntu-24.04)	Prepare tested locales and C build tools	2026-09-20T19:55:57.0869724Z (Reading database ... 65%
linux-portability (ubuntu-24.04)	Prepare tested locales and C build tools	2026-09-20T19:55:57.0904690Z (Reading database ... 70%
linux-portability (ubuntu-24.04)	Prepare tested locales and C build tools	2026-09-20T19:55:57.0931639Z (Reading database ... 75%
linux-portability (ubuntu-24.04)	Prepare tested locales and C build tools	2026-09-20T19:55:57.1074216Z (Reading database ... 80%
linux-portability (ubuntu-24.04)	Prepare tested locales and C build tools	2026-09-20T19:55:57.1100002Z (Reading database ... 85%
linux-portability (ubuntu-24.04)	Prepare tested locales and C build tools	2026-09-20T19:55:57.1194218Z (Reading database ... 90%
linux-portability (ubuntu-24.04)	Prepare tested locales and C build tools	2026-09-20T19:55:57.1444193Z (Reading database ... 95%
linux-portability (ubuntu-24.04)	Prepare tested locales and C build tools	2026-09-20T19:55:57.1444563Z (Reading database ... 100%
linux-portability (ubuntu-24.04)	Prepare tested locales and C build tools	2026-09-20T19:55:57.1444925Z (Reading database ... 201818 files and directories currently installed.)
linux-portability (ubuntu-24.04)	Prepare tested locales and C build tools	2026-09-20T19:55:57.1490231Z Preparing to unpack .../locales_2.39-0ubuntu8.9_all.deb ...
linux-portability (ubuntu-24.04)	Prepare tested locales and C build tools	2026-09-20T19:55:57.1544218Z Unpacking locales (2.39-0ubuntu8.9) over (2.39-0ubuntu8.8) ...
linux-portability (ubuntu-24.04)	Prepare tested locales and C build tools	2026-09-20T19:55:57.3615985Z Preparing to unpack .../bison_2%3a3.8.2+dfsg-1ubuntu0.24.04.1_amd64.deb ...
linux-portability (ubuntu-24.04)	Prepare tested locales and C build tools	2026-09-20T19:55:57.3690927Z Unpacking bison (2:3.8.2+dfsg-1ubuntu0.24.04.1) over (2:3.8.2+dfsg-1build2) ...
linux-portability (ubuntu-24.04)	Prepare tested locales and C build tools	2026-09-20T19:55:57.4170204Z Selecting previously unselected package build-essential.
linux-portability (ubuntu-24.04)	Prepare tested locales and C build tools	2026-09-20T19:55:57.4301083Z Preparing to unpack .../build-essential_12.10ubuntu1_amd64.deb ...
linux-portability (ubuntu-24.04)	Prepare tested locales and C build tools	2026-09-20T19:55:57.4310225Z Unpacking build-essential (12.10ubuntu1) ...
linux-portability (ubuntu-24.04)	Prepare tested locales and C build tools	2026-09-20T19:55:57.4675261Z Setting up locales (2.39-0ubuntu8.9) ...
linux-portability (ubuntu-24.04)	Prepare tested locales and C build tools	2026-09-20T19:55:57.9784470Z Generating locales (this might take a while)...
linux-portability (ubuntu-24.04)	Prepare tested locales and C build tools	2026-09-20T19:55:59.1575585Z   en_US.UTF-8... done
linux-portability (ubuntu-24.04)	Prepare tested locales and C build tools	2026-09-20T19:55:59.1577663Z Generation complete.
linux-portability (ubuntu-24.04)	Prepare tested locales and C build tools	2026-09-20T19:55:59.1774552Z Setting up bison (2:3.8.2+dfsg-1ubuntu0.24.04.1) ...
linux-portability (ubuntu-24.04)	Prepare tested locales and C build tools	2026-09-20T19:55:59.1849194Z Setting up libc6-i386 (2.39-0ubuntu8.9) ...
linux-portability (ubuntu-24.04)	Prepare tested locales and C build tools	2026-09-20T19:55:59.1888133Z Setting up libc-dev-bin (2.39-0ubuntu8.9) ...
linux-portability (ubuntu-24.04)	Prepare tested locales and C build tools	2026-09-20T19:55:59.1906206Z Setting up libc6-dev:amd64 (2.39-0ubuntu8.9) ...
linux-portability (ubuntu-24.04)	Prepare tested locales and C build tools	2026-09-20T19:55:59.1922577Z Setting up build-essential (12.10ubuntu1) ...
linux-portability (ubuntu-24.04)	Prepare tested locales and C build tools	2026-09-20T19:55:59.1946337Z Processing triggers for man-db (2.12.0-4build2) ...
linux-portability (ubuntu-24.04)	Prepare tested locales and C build tools	2026-09-20T19:55:59.1966366Z Not building database; man-db/auto-update is not 'true'.
linux-portability (ubuntu-24.04)	Prepare tested locales and C build tools	2026-09-20T19:55:59.1978692Z Processing triggers for libc-bin (2.39-0ubuntu8.9) ...
linux-portability (ubuntu-24.04)	Prepare tested locales and C build tools	2026-09-20T19:55:59.5901988Z 
linux-portability (ubuntu-24.04)	Prepare tested locales and C build tools	2026-09-20T19:55:59.5902558Z Running kernel seems to be up-to-date.
linux-portability (ubuntu-24.04)	Prepare tested locales and C build tools	2026-09-20T19:55:59.5902928Z 
linux-portability (ubuntu-24.04)	Prepare tested locales and C build tools	2026-09-20T19:55:59.5903067Z Restarting services...
linux-portability (ubuntu-24.04)	Prepare tested locales and C build tools	2026-09-20T19:55:59.7596239Z  systemctl restart chrony.service containerd.service cron.service haveged.service hv-kvp-daemon.service multipathd.service packagekit.service php8.3-fpm.service polkit.service rsyslog.service systemd-journald.service systemd-networkd.service systemd-resolved.service systemd-udevd.service udisks2.service
linux-portability (ubuntu-24.04)	Prepare tested locales and C build tools	2026-09-20T19:56:00.1212368Z 
linux-portability (ubuntu-24.04)	Prepare tested locales and C build tools	2026-09-20T19:56:00.1221219Z Service restarts being deferred:
linux-portability (ubuntu-24.04)	Prepare tested locales and C build tools	2026-09-20T19:56:00.1221997Z  systemctl restart ModemManager.service
linux-portability (ubuntu-24.04)	Prepare tested locales and C build tools	2026-09-20T19:56:00.1222722Z  /etc/needrestart/restart.d/dbus.service
linux-portability (ubuntu-24.04)	Prepare tested locales and C build tools	2026-09-20T19:56:00.1223319Z  systemctl restart docker.service
linux-portability (ubuntu-24.04)	Prepare tested locales and C build tools	2026-09-20T19:56:00.1224076Z  systemctl restart getty@tty1.service
linux-portability (ubuntu-24.04)	Prepare tested locales and C build tools	2026-09-20T19:56:00.1225006Z  systemctl restart hosted-compute-agent.service
linux-portability (ubuntu-24.04)	Prepare tested locales and C build tools	2026-09-20T19:56:00.1225779Z  systemctl restart networkd-dispatcher.service
linux-portability (ubuntu-24.04)	Prepare tested locales and C build tools	2026-09-20T19:56:00.1226434Z  systemctl restart serial-getty@ttyS0.service
linux-portability (ubuntu-24.04)	Prepare tested locales and C build tools	2026-09-20T19:56:00.1227302Z  systemctl restart systemd-logind.service
linux-portability (ubuntu-24.04)	Prepare tested locales and C build tools	2026-09-20T19:56:00.1228223Z  systemctl restart walinuxagent.service
linux-portability (ubuntu-24.04)	Prepare tested locales and C build tools	2026-09-20T19:56:00.1228858Z 
linux-portability (ubuntu-24.04)	Prepare tested locales and C build tools	2026-09-20T19:56:00.1229170Z No containers need to be restarted.
linux-portability (ubuntu-24.04)	Prepare tested locales and C build tools	2026-09-20T19:56:00.1229594Z 
linux-portability (ubuntu-24.04)	Prepare tested locales and C build tools	2026-09-20T19:56:00.1229907Z User sessions running outdated binaries:
linux-portability (ubuntu-24.04)	Prepare tested locales and C build tools	2026-09-20T19:56:00.1230599Z  runner @ user manager service: systemd[1218]
linux-portability (ubuntu-24.04)	Prepare tested locales and C build tools	2026-09-20T19:56:00.1304386Z 
linux-portability (ubuntu-24.04)	Prepare tested locales and C build tools	2026-09-20T19:56:00.1324432Z No VM guests are running outdated hypervisor (qemu) binaries on this host.
linux-portability (ubuntu-24.04)	Prepare tested locales and C build tools	2026-09-20T19:56:04.2993709Z C
linux-portability (ubuntu-24.04)	Prepare tested locales and C build tools	2026-09-20T19:56:04.2994124Z C.utf8
linux-portability (ubuntu-24.04)	Prepare tested locales and C build tools	2026-09-20T19:56:04.2994413Z POSIX
linux-portability (ubuntu-24.04)	Prepare tested locales and C build tools	2026-09-20T19:56:04.2994908Z en_US.iso88591
linux-portability (ubuntu-24.04)	Prepare tested locales and C build tools	2026-09-20T19:56:04.2995260Z en_US.utf8
linux-portability (ubuntu-24.04)	Prepare tested locales and C build tools	2026-09-20T19:56:04.2995581Z ja_JP.sjis
linux-portability (ubuntu-24.04)	Prepare tested locales and C build tools	2026-09-20T19:56:04.2995954Z tr_TR.iso88599
linux-portability (ubuntu-24.04)	Prepare tested locales and C build tools	2026-09-20T19:56:04.2996251Z tr_TR.utf8
linux-portability (ubuntu-24.04)	Prepare tested locales and C build tools	2026-09-20T19:56:04.4193153Z locale=ja_JP.SJIS codeset=SHIFT_JIS MB_CUR_MAX=2 wchar_t=4
linux-portability (ubuntu-24.04)	Prepare tested locales and C build tools	2026-09-20T19:56:04.4194244Z decode=2 wchar=0xff41
linux-portability (ubuntu-24.04)	Prepare tested locales and C build tools	2026-09-20T19:56:04.4194522Z encode=2
linux-portability (ubuntu-24.04)	Prepare tested locales and C build tools	2026-09-20T19:56:04.4194751Z truncated=incomplete
linux-portability (ubuntu-24.04)	Prepare tested locales and C build tools	2026-09-20T19:56:04.4195031Z invalid=error errno=84
linux-portability (ubuntu-24.04)	Build pinned original C oracle	﻿2026-09-20T19:56:04.4227327Z ##[group]Run git init ../c_awk
linux-portability (ubuntu-24.04)	Build pinned original C oracle	2026-09-20T19:56:04.4227639Z [36;1mgit init ../c_awk[0m
linux-portability (ubuntu-24.04)	Build pinned original C oracle	2026-09-20T19:56:04.4228032Z [36;1mgit -C ../c_awk remote add origin https://github.com/onetrueawk/awk.git[0m
linux-portability (ubuntu-24.04)	Build pinned original C oracle	2026-09-20T19:56:04.4228568Z [36;1mgit -C ../c_awk fetch --depth 1 origin 5739fd79bcfc75ba7526773d0cf634521f8aca3c[0m
linux-portability (ubuntu-24.04)	Build pinned original C oracle	2026-09-20T19:56:04.4229009Z [36;1mgit -C ../c_awk checkout --detach FETCH_HEAD[0m
linux-portability (ubuntu-24.04)	Build pinned original C oracle	2026-09-20T19:56:04.4229315Z [36;1mmake -C ../c_awk[0m
linux-portability (ubuntu-24.04)	Build pinned original C oracle	2026-09-20T19:56:04.4229562Z [36;1m../c_awk/a.out --version[0m
linux-portability (ubuntu-24.04)	Build pinned original C oracle	2026-09-20T19:56:04.4268277Z shell: /usr/bin/bash -e {0}
linux-portability (ubuntu-24.04)	Build pinned original C oracle	2026-09-20T19:56:04.4268535Z env:
linux-portability (ubuntu-24.04)	Build pinned original C oracle	2026-09-20T19:56:04.4268731Z   LC_ALL: C
linux-portability (ubuntu-24.04)	Build pinned original C oracle	2026-09-20T19:56:04.4268937Z   CARGO_INCREMENTAL: 0
linux-portability (ubuntu-24.04)	Build pinned original C oracle	2026-09-20T19:56:04.4269171Z   RUSTUP_TOOLCHAIN: 1.96.0
linux-portability (ubuntu-24.04)	Build pinned original C oracle	2026-09-20T19:56:04.4269406Z ##[endgroup]
linux-portability (ubuntu-24.04)	Build pinned original C oracle	2026-09-20T19:56:04.4350316Z hint: Using 'master' as the name for the initial branch. This default branch name
linux-portability (ubuntu-24.04)	Build pinned original C oracle	2026-09-20T19:56:04.4351161Z hint: will change to "main" in Git 3.0. To configure the initial branch name
linux-portability (ubuntu-24.04)	Build pinned original C oracle	2026-09-20T19:56:04.4352006Z hint: to use in all of your new repositories, which will suppress this warning,
linux-portability (ubuntu-24.04)	Build pinned original C oracle	2026-09-20T19:56:04.4352627Z hint: call:
linux-portability (ubuntu-24.04)	Build pinned original C oracle	2026-09-20T19:56:04.4352917Z hint:
linux-portability (ubuntu-24.04)	Build pinned original C oracle	2026-09-20T19:56:04.4353292Z hint: 	git config --global init.defaultBranch <name>
linux-portability (ubuntu-24.04)	Build pinned original C oracle	2026-09-20T19:56:04.4353935Z hint:
linux-portability (ubuntu-24.04)	Build pinned original C oracle	2026-09-20T19:56:04.4354379Z hint: Names commonly chosen instead of 'master' are 'main', 'trunk' and
linux-portability (ubuntu-24.04)	Build pinned original C oracle	2026-09-20T19:56:04.4354905Z hint: 'development'. The just-created branch can be renamed via this command:
linux-portability (ubuntu-24.04)	Build pinned original C oracle	2026-09-20T19:56:04.4355282Z hint:
linux-portability (ubuntu-24.04)	Build pinned original C oracle	2026-09-20T19:56:04.4355481Z hint: 	git branch -m <name>
linux-portability (ubuntu-24.04)	Build pinned original C oracle	2026-09-20T19:56:04.4355706Z hint:
linux-portability (ubuntu-24.04)	Build pinned original C oracle	2026-09-20T19:56:04.4356160Z hint: Disable this message with "git config set advice.defaultBranchName false"
linux-portability (ubuntu-24.04)	Build pinned original C oracle	2026-09-20T19:56:04.4356965Z Initialized empty Git repository in /home/runner/work/rawk/rawk/c_awk/.git/
linux-portability (ubuntu-24.04)	Build pinned original C oracle	2026-09-20T19:56:05.1029111Z From https://github.com/onetrueawk/awk
linux-portability (ubuntu-24.04)	Build pinned original C oracle	2026-09-20T19:56:05.1029771Z  * branch            5739fd79bcfc75ba7526773d0cf634521f8aca3c -> FETCH_HEAD
linux-portability (ubuntu-24.04)	Build pinned original C oracle	2026-09-20T19:56:05.1504635Z HEAD is now at 5739fd7 updated.
linux-portability (ubuntu-24.04)	Build pinned original C oracle	2026-09-20T19:56:05.1543661Z make: Entering directory '/home/runner/work/rawk/rawk/c_awk'
linux-portability (ubuntu-24.04)	Build pinned original C oracle	2026-09-20T19:56:05.1544329Z bison -d  awkgram.y
linux-portability (ubuntu-24.04)	Build pinned original C oracle	2026-09-20T19:56:05.1583261Z awkgram.y: warning: 44 shift/reduce conflicts [-Wconflicts-sr]
linux-portability (ubuntu-24.04)	Build pinned original C oracle	2026-09-20T19:56:05.1584095Z awkgram.y: warning: 85 reduce/reduce conflicts [-Wconflicts-rr]
linux-portability (ubuntu-24.04)	Build pinned original C oracle	2026-09-20T19:56:05.1584879Z awkgram.y: note: rerun with option '-Wcounterexamples' to generate conflict counterexamples
linux-portability (ubuntu-24.04)	Build pinned original C oracle	2026-09-20T19:56:05.2998770Z cc -g -Wall -pedantic -Wcast-qual   -O2   -c -o awkgram.tab.o awkgram.tab.c
linux-portability (ubuntu-24.04)	Build pinned original C oracle	2026-09-20T19:56:05.5500839Z cc -g -Wall -pedantic -Wcast-qual   -O2   -c -o b.o b.c
linux-portability (ubuntu-24.04)	Build pinned original C oracle	2026-09-20T19:56:05.9509253Z cc -g -Wall -pedantic -Wcast-qual   -O2   -c -o main.o main.c
linux-portability (ubuntu-24.04)	Build pinned original C oracle	2026-09-20T19:56:06.0266851Z cc -g -Wall -pedantic -Wcast-qual   -O2   -c -o parse.o parse.c
linux-portability (ubuntu-24.04)	Build pinned original C oracle	2026-09-20T19:56:06.1218699Z cc -g -Wall -pedantic -Wcast-qual -O2 maketab.c -o maketab
linux-portability (ubuntu-24.04)	Build pinned original C oracle	2026-09-20T19:56:06.1907319Z ./maketab awkgram.tab.h >proctab.c
linux-portability (ubuntu-24.04)	Build pinned original C oracle	2026-09-20T19:56:06.1921611Z cc -g -Wall -pedantic -Wcast-qual   -O2   -c -o proctab.o proctab.c
linux-portability (ubuntu-24.04)	Build pinned original C oracle	2026-09-20T19:56:06.2160659Z cc -g -Wall -pedantic -Wcast-qual   -O2   -c -o tran.o tran.c
linux-portability (ubuntu-24.04)	Build pinned original C oracle	2026-09-20T19:56:06.4422552Z cc -g -Wall -pedantic -Wcast-qual   -O2   -c -o lib.o lib.c
linux-portability (ubuntu-24.04)	Build pinned original C oracle	2026-09-20T19:56:06.7603772Z cc -g -Wall -pedantic -Wcast-qual   -O2   -c -o run.o run.c
linux-portability (ubuntu-24.04)	Build pinned original C oracle	2026-09-20T19:56:07.5442766Z cc -g -Wall -pedantic -Wcast-qual   -O2   -c -o lex.o lex.c
linux-portability (ubuntu-24.04)	Build pinned original C oracle	2026-09-20T19:56:07.7685559Z cc -g -Wall -pedantic -Wcast-qual   -O2 awkgram.tab.o b.o main.o parse.o proctab.o tran.o lib.o run.o lex.o   -lm
linux-portability (ubuntu-24.04)	Build pinned original C oracle	2026-09-20T19:56:07.7968540Z make: Leaving directory '/home/runner/work/rawk/rawk/c_awk'
linux-portability (ubuntu-24.04)	Build pinned original C oracle	2026-09-20T19:56:07.7979032Z awk version 20260426
linux-portability (ubuntu-24.04)	Record native oracle formatting behavior	﻿2026-09-20T19:56:07.8014537Z ##[group]Run python3 scripts/format_platform_probe.py --output diary/format-platform-ci.json
linux-portability (ubuntu-24.04)	Record native oracle formatting behavior	2026-09-20T19:56:07.8015235Z [36;1mpython3 scripts/format_platform_probe.py --output diary/format-platform-ci.json[0m
linux-portability (ubuntu-24.04)	Record native oracle formatting behavior	2026-09-20T19:56:07.8054898Z shell: /usr/bin/bash -e {0}
linux-portability (ubuntu-24.04)	Record native oracle formatting behavior	2026-09-20T19:56:07.8055168Z env:
linux-portability (ubuntu-24.04)	Record native oracle formatting behavior	2026-09-20T19:56:07.8055371Z   LC_ALL: C
linux-portability (ubuntu-24.04)	Record native oracle formatting behavior	2026-09-20T19:56:07.8055575Z   CARGO_INCREMENTAL: 0
linux-portability (ubuntu-24.04)	Record native oracle formatting behavior	2026-09-20T19:56:07.8055807Z   RUSTUP_TOOLCHAIN: 1.96.0
linux-portability (ubuntu-24.04)	Record native oracle formatting behavior	2026-09-20T19:56:07.8056042Z ##[endgroup]
linux-portability (ubuntu-24.04)	Record native oracle formatting behavior	2026-09-20T19:56:08.0625057Z Recorded 220 native oracle cases in diary/format-platform-ci.json
linux-portability (ubuntu-24.04)	Native portability gate (debug and release)	﻿2026-09-20T19:56:08.0714243Z ##[group]Run set -o pipefail
linux-portability (ubuntu-24.04)	Native portability gate (debug and release)	2026-09-20T19:56:08.0714587Z [36;1mset -o pipefail[0m
linux-portability (ubuntu-24.04)	Native portability gate (debug and release)	2026-09-20T19:56:08.0714960Z [36;1mbash scripts/check_portability.sh 2>&1 | tee diary/portability-ci.log[0m
linux-portability (ubuntu-24.04)	Native portability gate (debug and release)	2026-09-20T19:56:08.0752923Z shell: /usr/bin/bash -e {0}
linux-portability (ubuntu-24.04)	Native portability gate (debug and release)	2026-09-20T19:56:08.0753183Z env:
linux-portability (ubuntu-24.04)	Native portability gate (debug and release)	2026-09-20T19:56:08.0753400Z   LC_ALL: C
linux-portability (ubuntu-24.04)	Native portability gate (debug and release)	2026-09-20T19:56:08.0753806Z   CARGO_INCREMENTAL: 0
linux-portability (ubuntu-24.04)	Native portability gate (debug and release)	2026-09-20T19:56:08.0754042Z   RUSTUP_TOOLCHAIN: 1.96.0
linux-portability (ubuntu-24.04)	Native portability gate (debug and release)	2026-09-20T19:56:08.0754287Z ##[endgroup]
linux-portability (ubuntu-24.04)	Native portability gate (debug and release)	2026-09-20T19:56:08.0837343Z Linux runnervmlun5p 6.17.0-1022-azure #22-Ubuntu SMP Mon Jul 27 17:24:03 UTC 2026 x86_64 x86_64 x86_64 GNU/Linux
linux-portability (ubuntu-24.04)	Native portability gate (debug and release)	2026-09-20T19:56:08.0951942Z rustc 1.96.0 (ac68faa20 2026-05-25)
linux-portability (ubuntu-24.04)	Native portability gate (debug and release)	2026-09-20T19:56:08.3032177Z     Updating crates.io index
linux-portability (ubuntu-24.04)	Native portability gate (debug and release)	2026-09-20T19:56:08.5413343Z  Downloading crates ...
linux-portability (ubuntu-24.04)	Native portability gate (debug and release)	2026-09-20T19:56:08.5943029Z   Downloaded quote v1.0.45
linux-portability (ubuntu-24.04)	Native portability gate (debug and release)	2026-09-20T19:56:08.5982806Z   Downloaded errno v0.3.14
linux-portability (ubuntu-24.04)	Native portability gate (debug and release)	2026-09-20T19:56:08.6002877Z   Downloaded clap_lex v1.1.0
linux-portability (ubuntu-24.04)	Native portability gate (debug and release)	2026-09-20T19:56:08.6017722Z   Downloaded anstyle v1.0.14
linux-portability (ubuntu-24.04)	Native portability gate (debug and release)	2026-09-20T19:56:08.6037415Z   Downloaded digest v0.10.7
linux-portability (ubuntu-24.04)	Native portability gate (debug and release)	2026-09-20T19:56:08.6060816Z   Downloaded anstream v1.0.0
linux-portability (ubuntu-24.04)	Native portability gate (debug and release)	2026-09-20T19:56:08.6089801Z   Downloaded tempfile v3.27.0
linux-portability (ubuntu-24.04)	Native portability gate (debug and release)	2026-09-20T19:56:08.6120143Z   Downloaded heck v0.5.0
linux-portability (ubuntu-24.04)	Native portability gate (debug and release)	2026-09-20T19:56:08.6135908Z   Downloaded generic-array v0.14.7
linux-portability (ubuntu-24.04)	Native portability gate (debug and release)	2026-09-20T19:56:08.6157595Z   Downloaded is_terminal_polyfill v1.70.2
linux-portability (ubuntu-24.04)	Native portability gate (debug and release)	2026-09-20T19:56:08.6170307Z   Downloaded crypto-common v0.1.7
linux-portability (ubuntu-24.04)	Native portability gate (debug and release)	2026-09-20T19:56:08.6183256Z   Downloaded bit-set v0.8.0
linux-portability (ubuntu-24.04)	Native portability gate (debug and release)	2026-09-20T19:56:08.6203831Z   Downloaded aho-corasick v1.1.4
linux-portability (ubuntu-24.04)	Native portability gate (debug and release)	2026-09-20T19:56:08.6264657Z   Downloaded version_check v0.9.5
linux-portability (ubuntu-24.04)	Native portability gate (debug and release)	2026-09-20T19:56:08.6282060Z   Downloaded sprintf v0.4.3
linux-portability (ubuntu-24.04)	Native portability gate (debug and release)	2026-09-20T19:56:08.6299183Z   Downloaded wait-timeout v0.2.1
linux-portability (ubuntu-24.04)	Native portability gate (debug and release)	2026-09-20T19:56:08.6324335Z   Downloaded thiserror-impl v2.0.18
linux-portability (ubuntu-24.04)	Native portability gate (debug and release)	2026-09-20T19:56:08.6348237Z   Downloaded thiserror v2.0.18
linux-portability (ubuntu-24.04)	Native portability gate (debug and release)	2026-09-20T19:56:08.6427487Z   Downloaded ucd-trie v0.1.7
linux-portability (ubuntu-24.04)	Native portability gate (debug and release)	2026-09-20T19:56:08.6450678Z   Downloaded serde_derive v1.0.228
linux-portability (ubuntu-24.04)	Native portability gate (debug and release)	2026-09-20T19:56:08.6492058Z   Downloaded unicode-ident v1.0.24
linux-portability (ubuntu-24.04)	Native portability gate (debug and release)	2026-09-20T19:56:08.6527088Z   Downloaded proc-macro2 v1.0.106
linux-portability (ubuntu-24.04)	Native portability gate (debug and release)	2026-09-20T19:56:08.6565866Z   Downloaded typenum v1.20.0
linux-portability (ubuntu-24.04)	Native portability gate (debug and release)	2026-09-20T19:56:08.6611425Z   Downloaded rand v0.10.1
linux-portability (ubuntu-24.04)	Native portability gate (debug and release)	2026-09-20T19:56:08.6657248Z   Downloaded pest v2.8.6
linux-portability (ubuntu-24.04)	Native portability gate (debug and release)	2026-09-20T19:56:08.6709724Z   Downloaded regex v1.12.3
linux-portability (ubuntu-24.04)	Native portability gate (debug and release)	2026-09-20T19:56:08.6770248Z   Downloaded memchr v2.8.0
linux-portability (ubuntu-24.04)	Native portability gate (debug and release)	2026-09-20T19:56:08.6831367Z   Downloaded clap_builder v4.6.0
linux-portability (ubuntu-24.04)	Native portability gate (debug and release)	2026-09-20T19:56:08.6902383Z   Downloaded quick-xml v0.39.2
linux-portability (ubuntu-24.04)	Native portability gate (debug and release)	2026-09-20T19:56:08.6968623Z   Downloaded serde v1.0.228
linux-portability (ubuntu-24.04)	Native portability gate (debug and release)	2026-09-20T19:56:08.7012288Z   Downloaded proptest v1.11.0
linux-portability (ubuntu-24.04)	Native portability gate (debug and release)	2026-09-20T19:56:08.7121995Z   Downloaded chrono v0.4.44
linux-portability (ubuntu-24.04)	Native portability gate (debug and release)	2026-09-20T19:56:08.7194726Z   Downloaded zerocopy v0.8.48
linux-portability (ubuntu-24.04)	Native portability gate (debug and release)	2026-09-20T19:56:08.7432365Z   Downloaded syn v2.0.117
linux-portability (ubuntu-24.04)	Native portability gate (debug and release)	2026-09-20T19:56:08.7545766Z   Downloaded rand v0.9.4
linux-portability (ubuntu-24.04)	Native portability gate (debug and release)	2026-09-20T19:56:08.7587906Z   Downloaded regex-syntax v0.8.10
linux-portability (ubuntu-24.04)	Native portability gate (debug and release)	2026-09-20T19:56:08.7660912Z   Downloaded ppv-lite86 v0.2.21
linux-portability (ubuntu-24.04)	Native portability gate (debug and release)	2026-09-20T19:56:08.7677243Z   Downloaded pest_generator v2.8.6
linux-portability (ubuntu-24.04)	Native portability gate (debug and release)	2026-09-20T19:56:08.7695040Z   Downloaded clap v4.6.1
linux-portability (ubuntu-24.04)	Native portability gate (debug and release)	2026-09-20T19:56:08.7801234Z   Downloaded rustix v1.1.4
linux-portability (ubuntu-24.04)	Native portability gate (debug and release)	2026-09-20T19:56:08.8091722Z   Downloaded serde_core v1.0.228
linux-portability (ubuntu-24.04)	Native portability gate (debug and release)	2026-09-20T19:56:08.8123421Z   Downloaded once_cell v1.21.4
linux-portability (ubuntu-24.04)	Native portability gate (debug and release)	2026-09-20T19:56:08.8151363Z   Downloaded num-traits v0.2.19
linux-portability (ubuntu-24.04)	Native portability gate (debug and release)	2026-09-20T19:56:08.8179989Z   Downloaded anyhow v1.0.102
linux-portability (ubuntu-24.04)	Native portability gate (debug and release)	2026-09-20T19:56:08.8224549Z   Downloaded rusty-fork v0.3.1
linux-portability (ubuntu-24.04)	Native portability gate (debug and release)	2026-09-20T19:56:08.8241102Z   Downloaded pest_derive v2.8.6
linux-portability (ubuntu-24.04)	Native portability gate (debug and release)	2026-09-20T19:56:08.8270645Z   Downloaded regex-automata v0.4.14
linux-portability (ubuntu-24.04)	Native portability gate (debug and release)	2026-09-20T19:56:08.8420440Z   Downloaded clap_derive v4.6.1
linux-portability (ubuntu-24.04)	Native portability gate (debug and release)	2026-09-20T19:56:08.8443818Z   Downloaded chacha20 v0.10.0
linux-portability (ubuntu-24.04)	Native portability gate (debug and release)	2026-09-20T19:56:08.8469275Z   Downloaded sha2 v0.10.9
linux-portability (ubuntu-24.04)	Native portability gate (debug and release)	2026-09-20T19:56:08.8498830Z   Downloaded rand_core v0.10.1
linux-portability (ubuntu-24.04)	Native portability gate (debug and release)	2026-09-20T19:56:08.8516839Z   Downloaded rand_core v0.9.5
linux-portability (ubuntu-24.04)	Native portability gate (debug and release)	2026-09-20T19:56:08.8531974Z   Downloaded rand_chacha v0.9.0
linux-portability (ubuntu-24.04)	Native portability gate (debug and release)	2026-09-20T19:56:08.8544937Z   Downloaded iana-time-zone v0.1.65
linux-portability (ubuntu-24.04)	Native portability gate (debug and release)	2026-09-20T19:56:08.8576684Z   Downloaded getrandom v0.3.4
linux-portability (ubuntu-24.04)	Native portability gate (debug and release)	2026-09-20T19:56:08.8614318Z   Downloaded bitflags v2.11.1
linux-portability (ubuntu-24.04)	Native portability gate (debug and release)	2026-09-20T19:56:08.8661611Z   Downloaded bit-vec v0.8.0
linux-portability (ubuntu-24.04)	Native portability gate (debug and release)	2026-09-20T19:56:08.8679805Z   Downloaded unarray v0.1.4
linux-portability (ubuntu-24.04)	Native portability gate (debug and release)	2026-09-20T19:56:08.8693796Z   Downloaded autocfg v1.5.0
linux-portability (ubuntu-24.04)	Native portability gate (debug and release)	2026-09-20T19:56:08.8714399Z   Downloaded cfg-if v1.0.4
linux-portability (ubuntu-24.04)	Native portability gate (debug and release)	2026-09-20T19:56:08.8728746Z   Downloaded utf8parse v0.2.2
linux-portability (ubuntu-24.04)	Native portability gate (debug and release)	2026-09-20T19:56:08.8739689Z   Downloaded strsim v0.11.1
linux-portability (ubuntu-24.04)	Native portability gate (debug and release)	2026-09-20T19:56:08.8754860Z   Downloaded rand_xorshift v0.4.0
linux-portability (ubuntu-24.04)	Native portability gate (debug and release)	2026-09-20T19:56:08.8767027Z   Downloaded libc v0.2.186
linux-portability (ubuntu-24.04)	Native portability gate (debug and release)	2026-09-20T19:56:08.9189500Z   Downloaded quick-error v1.2.3
linux-portability (ubuntu-24.04)	Native portability gate (debug and release)	2026-09-20T19:56:08.9202702Z   Downloaded fastrand v2.4.1
linux-portability (ubuntu-24.04)	Native portability gate (debug and release)	2026-09-20T19:56:08.9218052Z   Downloaded cpufeatures v0.2.17
linux-portability (ubuntu-24.04)	Native portability gate (debug and release)	2026-09-20T19:56:08.9232731Z   Downloaded colorchoice v1.0.5
linux-portability (ubuntu-24.04)	Native portability gate (debug and release)	2026-09-20T19:56:08.9243440Z   Downloaded fnv v1.0.7
linux-portability (ubuntu-24.04)	Native portability gate (debug and release)	2026-09-20T19:56:08.9253329Z   Downloaded block-buffer v0.10.4
linux-portability (ubuntu-24.04)	Native portability gate (debug and release)	2026-09-20T19:56:08.9264920Z   Downloaded pest_meta v2.8.6
linux-portability (ubuntu-24.04)	Native portability gate (debug and release)	2026-09-20T19:56:08.9290072Z   Downloaded getrandom v0.4.2
linux-portability (ubuntu-24.04)	Native portability gate (debug and release)	2026-09-20T19:56:08.9330419Z   Downloaded cpufeatures v0.3.0
linux-portability (ubuntu-24.04)	Native portability gate (debug and release)	2026-09-20T19:56:08.9345948Z   Downloaded anstyle-query v1.1.5
linux-portability (ubuntu-24.04)	Native portability gate (debug and release)	2026-09-20T19:56:08.9358261Z   Downloaded anstyle-parse v1.0.0
linux-portability (ubuntu-24.04)	Native portability gate (debug and release)	2026-09-20T19:56:08.9457375Z   Downloaded linux-raw-sys v0.12.1
linux-portability (ubuntu-24.04)	Native portability gate (debug and release)	2026-09-20T19:56:09.0484525Z    Compiling proc-macro2 v1.0.106
linux-portability (ubuntu-24.04)	Native portability gate (debug and release)	2026-09-20T19:56:09.0485202Z    Compiling quote v1.0.45
linux-portability (ubuntu-24.04)	Native portability gate (debug and release)	2026-09-20T19:56:09.0485582Z    Compiling libc v0.2.186
linux-portability (ubuntu-24.04)	Native portability gate (debug and release)	2026-09-20T19:56:09.0487958Z    Compiling unicode-ident v1.0.24
linux-portability (ubuntu-24.04)	Native portability gate (debug and release)	2026-09-20T19:56:09.1144831Z     Checking cfg-if v1.0.4
linux-portability (ubuntu-24.04)	Native portability gate (debug and release)	2026-09-20T19:56:09.1386389Z     Checking rand_core v0.10.1
linux-portability (ubuntu-24.04)	Native portability gate (debug and release)	2026-09-20T19:56:09.1977066Z    Compiling getrandom v0.4.2
linux-portability (ubuntu-24.04)	Native portability gate (debug and release)	2026-09-20T19:56:09.2827129Z     Checking memchr v2.8.0
linux-portability (ubuntu-24.04)	Native portability gate (debug and release)	2026-09-20T19:56:09.3405573Z    Compiling rustix v1.1.4
linux-portability (ubuntu-24.04)	Native portability gate (debug and release)	2026-09-20T19:56:09.5571814Z    Compiling autocfg v1.5.0
linux-portability (ubuntu-24.04)	Native portability gate (debug and release)	2026-09-20T19:56:09.8783461Z    Compiling syn v2.0.117
linux-portability (ubuntu-24.04)	Native portability gate (debug and release)	2026-09-20T19:56:09.8834893Z    Compiling num-traits v0.2.19
linux-portability (ubuntu-24.04)	Native portability gate (debug and release)	2026-09-20T19:56:09.9653949Z    Compiling serde_core v1.0.228
linux-portability (ubuntu-24.04)	Native portability gate (debug and release)	2026-09-20T19:56:09.9781525Z    Compiling ucd-trie v0.1.7
linux-portability (ubuntu-24.04)	Native portability gate (debug and release)	2026-09-20T19:56:10.1245122Z     Checking utf8parse v0.2.2
linux-portability (ubuntu-24.04)	Native portability gate (debug and release)	2026-09-20T19:56:10.1304781Z     Checking linux-raw-sys v0.12.1
linux-portability (ubuntu-24.04)	Native portability gate (debug and release)	2026-09-20T19:56:10.2049419Z    Compiling getrandom v0.3.4
linux-portability (ubuntu-24.04)	Native portability gate (debug and release)	2026-09-20T19:56:10.4024719Z     Checking bitflags v2.11.1
linux-portability (ubuntu-24.04)	Native portability gate (debug and release)	2026-09-20T19:56:10.4144716Z     Checking anstyle-parse v1.0.0
linux-portability (ubuntu-24.04)	Native portability gate (debug and release)	2026-09-20T19:56:10.5764813Z    Compiling serde v1.0.228
linux-portability (ubuntu-24.04)	Native portability gate (debug and release)	2026-09-20T19:56:10.7404433Z    Compiling pest v2.8.6
linux-portability (ubuntu-24.04)	Native portability gate (debug and release)	2026-09-20T19:56:10.7814696Z     Checking colorchoice v1.0.5
linux-portability (ubuntu-24.04)	Native portability gate (debug and release)	2026-09-20T19:56:10.8144609Z     Checking once_cell v1.21.4
linux-portability (ubuntu-24.04)	Native portability gate (debug and release)	2026-09-20T19:56:10.9185091Z     Checking regex-syntax v0.8.10
linux-portability (ubuntu-24.04)	Native portability gate (debug and release)	2026-09-20T19:56:11.6866948Z     Checking fastrand v2.4.1
linux-portability (ubuntu-24.04)	Native portability gate (debug and release)	2026-09-20T19:56:11.7944528Z     Checking anstyle-query v1.1.5
linux-portability (ubuntu-24.04)	Native portability gate (debug and release)	2026-09-20T19:56:11.8285084Z     Checking anstyle v1.0.14
linux-portability (ubuntu-24.04)	Native portability gate (debug and release)	2026-09-20T19:56:11.9434753Z     Checking is_terminal_polyfill v1.70.2
linux-portability (ubuntu-24.04)	Native portability gate (debug and release)	2026-09-20T19:56:11.9736899Z    Compiling thiserror v2.0.18
linux-portability (ubuntu-24.04)	Native portability gate (debug and release)	2026-09-20T19:56:11.9901966Z     Checking anstream v1.0.0
linux-portability (ubuntu-24.04)	Native portability gate (debug and release)	2026-09-20T19:56:12.1264602Z    Compiling pest_meta v2.8.6
linux-portability (ubuntu-24.04)	Native portability gate (debug and release)	2026-09-20T19:56:12.2125413Z     Checking tempfile v3.27.0
linux-portability (ubuntu-24.04)	Native portability gate (debug and release)	2026-09-20T19:56:12.9554523Z     Checking aho-corasick v1.1.4
linux-portability (ubuntu-24.04)	Native portability gate (debug and release)	2026-09-20T19:56:13.4254985Z    Compiling serde_derive v1.0.228
linux-portability (ubuntu-24.04)	Native portability gate (debug and release)	2026-09-20T19:56:13.6344239Z    Compiling thiserror-impl v2.0.18
linux-portability (ubuntu-24.04)	Native portability gate (debug and release)	2026-09-20T19:56:13.8033404Z    Compiling zerocopy v0.8.48
linux-portability (ubuntu-24.04)	Native portability gate (debug and release)	2026-09-20T19:56:14.0434611Z    Compiling heck v0.5.0
linux-portability (ubuntu-24.04)	Native portability gate (debug and release)	2026-09-20T19:56:14.1934763Z     Checking strsim v0.11.1
linux-portability (ubuntu-24.04)	Native portability gate (debug and release)	2026-09-20T19:56:14.2113734Z     Checking cpufeatures v0.3.0
linux-portability (ubuntu-24.04)	Native portability gate (debug and release)	2026-09-20T19:56:14.2585244Z     Checking clap_lex v1.1.0
linux-portability (ubuntu-24.04)	Native portability gate (debug and release)	2026-09-20T19:56:14.3064800Z    Compiling anyhow v1.0.102
linux-portability (ubuntu-24.04)	Native portability gate (debug and release)	2026-09-20T19:56:14.3444690Z     Checking clap_builder v4.6.0
linux-portability (ubuntu-24.04)	Native portability gate (debug and release)	2026-09-20T19:56:14.5326184Z     Checking chacha20 v0.10.0
linux-portability (ubuntu-24.04)	Native portability gate (debug and release)	2026-09-20T19:56:14.6754516Z    Compiling clap_derive v4.6.1
linux-portability (ubuntu-24.04)	Native portability gate (debug and release)	2026-09-20T19:56:14.8175251Z     Checking regex-automata v0.4.14
linux-portability (ubuntu-24.04)	Native portability gate (debug and release)	2026-09-20T19:56:15.6944839Z     Checking rand_core v0.9.5
linux-portability (ubuntu-24.04)	Native portability gate (debug and release)	2026-09-20T19:56:15.8004801Z    Compiling pest_generator v2.8.6
linux-portability (ubuntu-24.04)	Native portability gate (debug and release)	2026-09-20T19:56:16.3824646Z     Checking iana-time-zone v0.1.65
linux-portability (ubuntu-24.04)	Native portability gate (debug and release)	2026-09-20T19:56:16.4596516Z     Checking chrono v0.4.44
linux-portability (ubuntu-24.04)	Native portability gate (debug and release)	2026-09-20T19:56:16.4754725Z    Compiling pest_derive v2.8.6
linux-portability (ubuntu-24.04)	Native portability gate (debug and release)	2026-09-20T19:56:16.8605596Z     Checking quick-xml v0.39.2
linux-portability (ubuntu-24.04)	Native portability gate (debug and release)	2026-09-20T19:56:16.8657836Z     Checking regex v1.12.3
linux-portability (ubuntu-24.04)	Native portability gate (debug and release)	2026-09-20T19:56:17.0905236Z     Checking clap v4.6.1
linux-portability (ubuntu-24.04)	Native portability gate (debug and release)	2026-09-20T19:56:17.2754632Z     Checking sprintf v0.4.3
linux-portability (ubuntu-24.04)	Native portability gate (debug and release)	2026-09-20T19:56:17.3705066Z     Checking rand v0.10.1
linux-portability (ubuntu-24.04)	Native portability gate (debug and release)	2026-09-20T19:56:17.7844758Z     Checking wait-timeout v0.2.1
linux-portability (ubuntu-24.04)	Native portability gate (debug and release)	2026-09-20T19:56:17.8354444Z     Checking bit-vec v0.8.0
linux-portability (ubuntu-24.04)	Native portability gate (debug and release)	2026-09-20T19:56:17.8714481Z     Checking quick-error v1.2.3
linux-portability (ubuntu-24.04)	Native portability gate (debug and release)	2026-09-20T19:56:17.9006997Z     Checking fnv v1.0.7
linux-portability (ubuntu-24.04)	Native portability gate (debug and release)	2026-09-20T19:56:17.9077020Z     Checking rawk v0.1.0 (/home/runner/work/rawk/rawk/rawk)
linux-portability (ubuntu-24.04)	Native portability gate (debug and release)	2026-09-20T19:56:17.9341499Z     Checking rusty-fork v0.3.1
linux-portability (ubuntu-24.04)	Native portability gate (debug and release)	2026-09-20T19:56:17.9685477Z     Checking bit-set v0.8.0
linux-portability (ubuntu-24.04)	Native portability gate (debug and release)	2026-09-20T19:56:18.0384729Z     Checking rand_xorshift v0.4.0
linux-portability (ubuntu-24.04)	Native portability gate (debug and release)	2026-09-20T19:56:18.0574920Z     Checking rand v0.9.4
linux-portability (ubuntu-24.04)	Native portability gate (debug and release)	2026-09-20T19:56:18.0874604Z     Checking unarray v0.1.4
linux-portability (ubuntu-24.04)	Native portability gate (debug and release)	2026-09-20T19:56:19.6210706Z     Checking ppv-lite86 v0.2.21
linux-portability (ubuntu-24.04)	Native portability gate (debug and release)	2026-09-20T19:56:19.7831538Z     Checking rand_chacha v0.9.0
linux-portability (ubuntu-24.04)	Native portability gate (debug and release)	2026-09-20T19:56:19.8509447Z     Checking proptest v1.11.0
linux-portability (ubuntu-24.04)	Native portability gate (debug and release)	2026-09-20T19:56:22.8234599Z     Finished `dev` profile [unoptimized + debuginfo] target(s) in 14.55s
linux-portability (ubuntu-24.04)	Native portability gate (debug and release)	2026-09-20T19:56:22.9600151Z    Compiling proc-macro2 v1.0.106
linux-portability (ubuntu-24.04)	Native portability gate (debug and release)	2026-09-20T19:56:22.9600874Z    Compiling quote v1.0.45
linux-portability (ubuntu-24.04)	Native portability gate (debug and release)	2026-09-20T19:56:22.9604141Z    Compiling unicode-ident v1.0.24
linux-portability (ubuntu-24.04)	Native portability gate (debug and release)	2026-09-20T19:56:22.9604815Z    Compiling libc v0.2.186
linux-portability (ubuntu-24.04)	Native portability gate (debug and release)	2026-09-20T19:56:23.0162318Z    Compiling memchr v2.8.0
linux-portability (ubuntu-24.04)	Native portability gate (debug and release)	2026-09-20T19:56:23.0992725Z    Compiling cfg-if v1.0.4
linux-portability (ubuntu-24.04)	Native portability gate (debug and release)	2026-09-20T19:56:23.1290343Z    Compiling getrandom v0.4.2
linux-portability (ubuntu-24.04)	Native portability gate (debug and release)	2026-09-20T19:56:23.1772922Z    Compiling serde_core v1.0.228
linux-portability (ubuntu-24.04)	Native portability gate (debug and release)	2026-09-20T19:56:23.2340950Z    Compiling rand_core v0.10.1
linux-portability (ubuntu-24.04)	Native portability gate (debug and release)	2026-09-20T19:56:23.3404825Z    Compiling ucd-trie v0.1.7
linux-portability (ubuntu-24.04)	Native portability gate (debug and release)	2026-09-20T19:56:23.4804691Z    Compiling utf8parse v0.2.2
linux-portability (ubuntu-24.04)	Native portability gate (debug and release)	2026-09-20T19:56:23.5254747Z    Compiling autocfg v1.5.0
linux-portability (ubuntu-24.04)	Native portability gate (debug and release)	2026-09-20T19:56:23.8404696Z    Compiling num-traits v0.2.19
linux-portability (ubuntu-24.04)	Native portability gate (debug and release)	2026-09-20T19:56:23.9236149Z    Compiling syn v2.0.117
linux-portability (ubuntu-24.04)	Native portability gate (debug and release)	2026-09-20T19:56:23.9468118Z    Compiling pest v2.8.6
linux-portability (ubuntu-24.04)	Native portability gate (debug and release)	2026-09-20T19:56:23.9672358Z    Compiling anstyle-parse v1.0.0
linux-portability (ubuntu-24.04)	Native portability gate (debug and release)	2026-09-20T19:56:24.2434685Z    Compiling is_terminal_polyfill v1.70.2
linux-portability (ubuntu-24.04)	Native portability gate (debug and release)	2026-09-20T19:56:24.2814703Z    Compiling rustix v1.1.4
linux-portability (ubuntu-24.04)	Native portability gate (debug and release)	2026-09-20T19:56:24.4796040Z    Compiling serde v1.0.228
linux-portability (ubuntu-24.04)	Native portability gate (debug and release)	2026-09-20T19:56:24.6242888Z    Compiling anstyle-query v1.1.5
linux-portability (ubuntu-24.04)	Native portability gate (debug and release)	2026-09-20T19:56:24.6681412Z    Compiling thiserror v2.0.18
linux-portability (ubuntu-24.04)	Native portability gate (debug and release)	2026-09-20T19:56:24.8384699Z    Compiling colorchoice v1.0.5
linux-portability (ubuntu-24.04)	Native portability gate (debug and release)	2026-09-20T19:56:24.8834950Z    Compiling anstyle v1.0.14
linux-portability (ubuntu-24.04)	Native portability gate (debug and release)	2026-09-20T19:56:25.0638014Z    Compiling pest_meta v2.8.6
linux-portability (ubuntu-24.04)	Native portability gate (debug and release)	2026-09-20T19:56:25.1405818Z    Compiling anstream v1.0.0
linux-portability (ubuntu-24.04)	Native portability gate (debug and release)	2026-09-20T19:56:25.6964595Z    Compiling aho-corasick v1.1.4
linux-portability (ubuntu-24.04)	Native portability gate (debug and release)	2026-09-20T19:56:26.6054842Z    Compiling linux-raw-sys v0.12.1
linux-portability (ubuntu-24.04)	Native portability gate (debug and release)	2026-09-20T19:56:26.9064630Z    Compiling regex-syntax v0.8.10
linux-portability (ubuntu-24.04)	Native portability gate (debug and release)	2026-09-20T19:56:27.3904507Z    Compiling thiserror-impl v2.0.18
linux-portability (ubuntu-24.04)	Native portability gate (debug and release)	2026-09-20T19:56:27.7354905Z    Compiling serde_derive v1.0.228
linux-portability (ubuntu-24.04)	Native portability gate (debug and release)	2026-09-20T19:56:28.4906661Z    Compiling heck v0.5.0
linux-portability (ubuntu-24.04)	Native portability gate (debug and release)	2026-09-20T19:56:28.6314536Z    Compiling bitflags v2.11.1
linux-portability (ubuntu-24.04)	Native portability gate (debug and release)	2026-09-20T19:56:28.9744720Z    Compiling cpufeatures v0.3.0
linux-portability (ubuntu-24.04)	Native portability gate (debug and release)	2026-09-20T19:56:29.0084801Z    Compiling anyhow v1.0.102
linux-portability (ubuntu-24.04)	Native portability gate (debug and release)	2026-09-20T19:56:29.1724725Z    Compiling strsim v0.11.1
linux-portability (ubuntu-24.04)	Native portability gate (debug and release)	2026-09-20T19:56:29.9934484Z    Compiling clap_lex v1.1.0
linux-portability (ubuntu-24.04)	Native portability gate (debug and release)	2026-09-20T19:56:30.2704669Z    Compiling clap_builder v4.6.0
linux-portability (ubuntu-24.04)	Native portability gate (debug and release)	2026-09-20T19:56:31.3394723Z    Compiling chacha20 v0.10.0
linux-portability (ubuntu-24.04)	Native portability gate (debug and release)	2026-09-20T19:56:32.3204939Z    Compiling regex-automata v0.4.14
linux-portability (ubuntu-24.04)	Native portability gate (debug and release)	2026-09-20T19:56:34.4064688Z    Compiling clap_derive v4.6.1
linux-portability (ubuntu-24.04)	Native portability gate (debug and release)	2026-09-20T19:56:35.2924688Z    Compiling pest_generator v2.8.6
linux-portability (ubuntu-24.04)	Native portability gate (debug and release)	2026-09-20T19:56:36.0636406Z    Compiling iana-time-zone v0.1.65
linux-portability (ubuntu-24.04)	Native portability gate (debug and release)	2026-09-20T19:56:36.5174968Z    Compiling once_cell v1.21.4
linux-portability (ubuntu-24.04)	Native portability gate (debug and release)	2026-09-20T19:56:36.6859867Z    Compiling fastrand v2.4.1
linux-portability (ubuntu-24.04)	Native portability gate (debug and release)	2026-09-20T19:56:36.8974965Z    Compiling tempfile v3.27.0
linux-portability (ubuntu-24.04)	Native portability gate (debug and release)	2026-09-20T19:56:37.8244431Z    Compiling chrono v0.4.44
linux-portability (ubuntu-24.04)	Native portability gate (debug and release)	2026-09-20T19:56:38.9414732Z    Compiling clap v4.6.1
linux-portability (ubuntu-24.04)	Native portability gate (debug and release)	2026-09-20T19:56:38.9734943Z    Compiling pest_derive v2.8.6
linux-portability (ubuntu-24.04)	Native portability gate (debug and release)	2026-09-20T19:56:39.1334546Z    Compiling regex v1.12.3
linux-portability (ubuntu-24.04)	Native portability gate (debug and release)	2026-09-20T19:56:40.6414569Z    Compiling sprintf v0.4.3
linux-portability (ubuntu-24.04)	Native portability gate (debug and release)	2026-09-20T19:56:41.2281530Z    Compiling rand v0.10.1
linux-portability (ubuntu-24.04)	Native portability gate (debug and release)	2026-09-20T19:56:41.9844517Z    Compiling quick-xml v0.39.2
linux-portability (ubuntu-24.04)	Native portability gate (debug and release)	2026-09-20T19:56:45.0534769Z    Compiling rawk v0.1.0 (/home/runner/work/rawk/rawk/rawk)
linux-portability (ubuntu-24.04)	Native portability gate (debug and release)	2026-09-20T19:56:55.3197229Z     Finished `release` profile [optimized] target(s) in 32.44s
linux-portability (ubuntu-24.04)	Native portability gate (debug and release)	2026-09-20T19:56:55.4013931Z    Compiling cfg-if v1.0.4
linux-portability (ubuntu-24.04)	Native portability gate (debug and release)	2026-09-20T19:56:55.4014463Z    Compiling memchr v2.8.0
linux-portability (ubuntu-24.04)	Native portability gate (debug and release)	2026-09-20T19:56:55.4014875Z    Compiling libc v0.2.186
linux-portability (ubuntu-24.04)	Native portability gate (debug and release)	2026-09-20T19:56:55.4015725Z    Compiling rand_core v0.10.1
linux-portability (ubuntu-24.04)	Native portability gate (debug and release)	2026-09-20T19:56:55.4274749Z    Compiling utf8parse v0.2.2
linux-portability (ubuntu-24.04)	Native portability gate (debug and release)	2026-09-20T19:56:55.4655304Z    Compiling ucd-trie v0.1.7
linux-portability (ubuntu-24.04)	Native portability gate (debug and release)	2026-09-20T19:56:55.4884674Z    Compiling linux-raw-sys v0.12.1
linux-portability (ubuntu-24.04)	Native portability gate (debug and release)	2026-09-20T19:56:55.6838964Z    Compiling bitflags v2.11.1
linux-portability (ubuntu-24.04)	Native portability gate (debug and release)	2026-09-20T19:56:55.7747699Z    Compiling anstyle-parse v1.0.0
linux-portability (ubuntu-24.04)	Native portability gate (debug and release)	2026-09-20T19:56:55.8454694Z    Compiling pest v2.8.6
linux-portability (ubuntu-24.04)	Native portability gate (debug and release)	2026-09-20T19:56:55.8864607Z    Compiling rustix v1.1.4
linux-portability (ubuntu-24.04)	Native portability gate (debug and release)	2026-09-20T19:56:56.1144718Z    Compiling once_cell v1.21.4
linux-portability (ubuntu-24.04)	Native portability gate (debug and release)	2026-09-20T19:56:56.2564767Z    Compiling getrandom v0.4.2
linux-portability (ubuntu-24.04)	Native portability gate (debug and release)	2026-09-20T19:56:56.2610916Z    Compiling colorchoice v1.0.5
linux-portability (ubuntu-24.04)	Native portability gate (debug and release)	2026-09-20T19:56:56.3065473Z    Compiling fastrand v2.4.1
linux-portability (ubuntu-24.04)	Native portability gate (debug and release)	2026-09-20T19:56:56.3864792Z    Compiling is_terminal_polyfill v1.70.2
linux-portability (ubuntu-24.04)	Native portability gate (debug and release)	2026-09-20T19:56:56.4134665Z    Compiling anstyle v1.0.14
linux-portability (ubuntu-24.04)	Native portability gate (debug and release)	2026-09-20T19:56:56.4558971Z    Compiling regex-syntax v0.8.10
linux-portability (ubuntu-24.04)	Native portability gate (debug and release)	2026-09-20T19:56:56.5664708Z    Compiling anstyle-query v1.1.5
linux-portability (ubuntu-24.04)	Native portability gate (debug and release)	2026-09-20T19:56:56.6024711Z    Compiling anstream v1.0.0
linux-portability (ubuntu-24.04)	Native portability gate (debug and release)	2026-09-20T19:56:56.8515056Z    Compiling getrandom v0.3.4
linux-portability (ubuntu-24.04)	Native portability gate (debug and release)	2026-09-20T19:56:57.0050805Z    Compiling pest_meta v2.8.6
linux-portability (ubuntu-24.04)	Native portability gate (debug and release)	2026-09-20T19:56:57.1406026Z    Compiling num-traits v0.2.19
linux-portability (ubuntu-24.04)	Native portability gate (debug and release)	2026-09-20T19:56:57.6611804Z    Compiling tempfile v3.27.0
linux-portability (ubuntu-24.04)	Native portability gate (debug and release)	2026-09-20T19:56:57.7864630Z    Compiling serde_core v1.0.228
linux-portability (ubuntu-24.04)	Native portability gate (debug and release)	2026-09-20T19:56:58.0470268Z    Compiling aho-corasick v1.1.4
linux-portability (ubuntu-24.04)	Native portability gate (debug and release)	2026-09-20T19:56:58.6164673Z    Compiling cpufeatures v0.3.0
linux-portability (ubuntu-24.04)	Native portability gate (debug and release)	2026-09-20T19:56:58.6425202Z    Compiling clap_lex v1.1.0
linux-portability (ubuntu-24.04)	Native portability gate (debug and release)	2026-09-20T19:56:58.8037266Z    Compiling strsim v0.11.1
linux-portability (ubuntu-24.04)	Native portability gate (debug and release)	2026-09-20T19:56:59.1539791Z    Compiling clap_builder v4.6.0
linux-portability (ubuntu-24.04)	Native portability gate (debug and release)	2026-09-20T19:56:59.4099162Z    Compiling regex-automata v0.4.14
linux-portability (ubuntu-24.04)	Native portability gate (debug and release)	2026-09-20T19:56:59.9904441Z    Compiling serde v1.0.228
linux-portability (ubuntu-24.04)	Native portability gate (debug and release)	2026-09-20T19:57:00.3974676Z    Compiling chacha20 v0.10.0
linux-portability (ubuntu-24.04)	Native portability gate (debug and release)	2026-09-20T19:57:00.4994527Z    Compiling thiserror v2.0.18
linux-portability (ubuntu-24.04)	Native portability gate (debug and release)	2026-09-20T19:57:00.5354698Z    Compiling pest_generator v2.8.6
linux-portability (ubuntu-24.04)	Native portability gate (debug and release)	2026-09-20T19:57:00.5804726Z    Compiling rand_core v0.9.5
linux-portability (ubuntu-24.04)	Native portability gate (debug and release)	2026-09-20T19:57:00.7134686Z    Compiling iana-time-zone v0.1.65
linux-portability (ubuntu-24.04)	Native portability gate (debug and release)	2026-09-20T19:57:00.9104725Z    Compiling chrono v0.4.44
linux-portability (ubuntu-24.04)	Native portability gate (debug and release)	2026-09-20T19:57:01.2245050Z    Compiling pest_derive v2.8.6
linux-portability (ubuntu-24.04)	Native portability gate (debug and release)	2026-09-20T19:57:01.4064671Z    Compiling clap v4.6.1
linux-portability (ubuntu-24.04)	Native portability gate (debug and release)	2026-09-20T19:57:01.4374993Z    Compiling rand v0.10.1
linux-portability (ubuntu-24.04)	Native portability gate (debug and release)	2026-09-20T19:57:02.0553378Z    Compiling sprintf v0.4.3
linux-portability (ubuntu-24.04)	Native portability gate (debug and release)	2026-09-20T19:57:02.2794629Z    Compiling regex v1.12.3
linux-portability (ubuntu-24.04)	Native portability gate (debug and release)	2026-09-20T19:57:02.5764688Z    Compiling anyhow v1.0.102
linux-portability (ubuntu-24.04)	Native portability gate (debug and release)	2026-09-20T19:57:02.6974701Z    Compiling quick-xml v0.39.2
linux-portability (ubuntu-24.04)	Native portability gate (debug and release)	2026-09-20T19:57:02.9114537Z    Compiling zerocopy v0.8.48
linux-portability (ubuntu-24.04)	Native portability gate (debug and release)	2026-09-20T19:57:03.4286470Z    Compiling wait-timeout v0.2.1
linux-portability (ubuntu-24.04)	Native portability gate (debug and release)	2026-09-20T19:57:03.6544663Z    Compiling bit-vec v0.8.0
linux-portability (ubuntu-24.04)	Native portability gate (debug and release)	2026-09-20T19:57:03.8154619Z    Compiling fnv v1.0.7
linux-portability (ubuntu-24.04)	Native portability gate (debug and release)	2026-09-20T19:57:03.8584675Z    Compiling quick-error v1.2.3
linux-portability (ubuntu-24.04)	Native portability gate (debug and release)	2026-09-20T19:57:03.9014700Z    Compiling rusty-fork v0.3.1
linux-portability (ubuntu-24.04)	Native portability gate (debug and release)	2026-09-20T19:57:04.2225001Z    Compiling rawk v0.1.0 (/home/runner/work/rawk/rawk/rawk)
linux-portability (ubuntu-24.04)	Native portability gate (debug and release)	2026-09-20T19:57:04.3632858Z    Compiling bit-set v0.8.0
linux-portability (ubuntu-24.04)	Native portability gate (debug and release)	2026-09-20T19:57:04.4575025Z    Compiling rand v0.9.4
linux-portability (ubuntu-24.04)	Native portability gate (debug and release)	2026-09-20T19:57:04.9514717Z    Compiling rand_xorshift v0.4.0
linux-portability (ubuntu-24.04)	Native portability gate (debug and release)	2026-09-20T19:57:05.0226347Z    Compiling unarray v0.1.4
linux-portability (ubuntu-24.04)	Native portability gate (debug and release)	2026-09-20T19:57:05.9794492Z    Compiling ppv-lite86 v0.2.21
linux-portability (ubuntu-24.04)	Native portability gate (debug and release)	2026-09-20T19:57:06.1733430Z    Compiling rand_chacha v0.9.0
linux-portability (ubuntu-24.04)	Native portability gate (debug and release)	2026-09-20T19:57:06.2590097Z    Compiling proptest v1.11.0
linux-portability (ubuntu-24.04)	Native portability gate (debug and release)	2026-09-20T19:57:10.8760954Z     Finished `test` profile [unoptimized + debuginfo] target(s) in 15.54s
linux-portability (ubuntu-24.04)	Native portability gate (debug and release)	2026-09-20T19:57:10.8826626Z      Running unittests src/lib.rs (target/debug/deps/rawk-2af64ff39be528ba)
linux-portability (ubuntu-24.04)	Native portability gate (debug and release)	2026-09-20T19:57:10.8839030Z 
linux-portability (ubuntu-24.04)	Native portability gate (debug and release)	2026-09-20T19:57:10.8839435Z running 0 tests
linux-portability (ubuntu-24.04)	Native portability gate (debug and release)	2026-09-20T19:57:10.8841673Z 
linux-portability (ubuntu-24.04)	Native portability gate (debug and release)	2026-09-20T19:57:10.8842210Z test result: ok. 0 passed; 0 failed; 0 ignored; 0 measured; 0 filtered out; finished in 0.00s
linux-portability (ubuntu-24.04)	Native portability gate (debug and release)	2026-09-20T19:57:10.8842772Z 
linux-portability (ubuntu-24.04)	Native portability gate (debug and release)	2026-09-20T19:57:10.8843165Z      Running unittests src/bin/diffrun.rs (target/debug/deps/diffrun-994f4b85fc4f3254)
linux-portability (ubuntu-24.04)	Native portability gate (debug and release)	2026-09-20T19:57:10.8851156Z 
linux-portability (ubuntu-24.04)	Native portability gate (debug and release)	2026-09-20T19:57:10.8851314Z running 0 tests
linux-portability (ubuntu-24.04)	Native portability gate (debug and release)	2026-09-20T19:57:10.8851639Z 
linux-portability (ubuntu-24.04)	Native portability gate (debug and release)	2026-09-20T19:57:10.8851970Z test result: ok. 0 passed; 0 failed; 0 ignored; 0 measured; 0 filtered out; finished in 0.00s
linux-portability (ubuntu-24.04)	Native portability gate (debug and release)	2026-09-20T19:57:10.8852325Z 
linux-portability (ubuntu-24.04)	Native portability gate (debug and release)	2026-09-20T19:57:10.8853859Z      Running unittests src/main.rs (target/debug/deps/rawk-95b1893c01abdb10)
linux-portability (ubuntu-24.04)	Native portability gate (debug and release)	2026-09-20T19:57:10.8866642Z 
linux-portability (ubuntu-24.04)	Native portability gate (debug and release)	2026-09-20T19:57:10.8866777Z running 6 tests
linux-portability (ubuntu-24.04)	Native portability gate (debug and release)	2026-09-20T19:57:10.9069737Z test input::tests::separators_are_independent_of_read_boundaries ... ok
linux-portability (ubuntu-24.04)	Native portability gate (debug and release)	2026-09-20T19:57:10.9095357Z test input::tests::long_records_compaction_and_separator_changes_share_one_cursor ... ok
linux-portability (ubuntu-24.04)	Native portability gate (debug and release)	2026-09-20T19:57:10.9096439Z test unicode_ere::tests::encoding_preserves_offsets_and_invalid_bytes_without_sentinels ... ok
linux-portability (ubuntu-24.04)	Native portability gate (debug and release)	2026-09-20T19:57:10.9161121Z test unicode_ere::tests::compiled_intervals_cover_only_the_requested_runes ... ok
linux-portability (ubuntu-24.04)	Native portability gate (debug and release)	2026-09-20T19:57:10.9207411Z test input::tests::long_csv_keeps_quotes_crlf_and_eof_across_short_reads ... ok
linux-portability (ubuntu-24.04)	Native portability gate (debug and release)	2026-09-20T19:57:10.9310776Z test ere::stream::tests::physical_short_reads_do_not_change_bwk_lookahead ... ok
linux-portability (ubuntu-24.04)	Native portability gate (debug and release)	2026-09-20T19:57:10.9311339Z 
linux-portability (ubuntu-24.04)	Native portability gate (debug and release)	2026-09-20T19:57:10.9311638Z test result: ok. 6 passed; 0 failed; 0 ignored; 0 measured; 0 filtered out; finished in 0.04s
linux-portability (ubuntu-24.04)	Native portability gate (debug and release)	2026-09-20T19:57:10.9312031Z 
linux-portability (ubuntu-24.04)	Native portability gate (debug and release)	2026-09-20T19:57:10.9314424Z      Running tests/bytes_array_keys.rs (target/debug/deps/bytes_array_keys-9114eb559bd3fc79)
linux-portability (ubuntu-24.04)	Native portability gate (debug and release)	2026-09-20T19:57:10.9325996Z 
linux-portability (ubuntu-24.04)	Native portability gate (debug and release)	2026-09-20T19:57:10.9326174Z running 3 tests
linux-portability (ubuntu-24.04)	Native portability gate (debug and release)	2026-09-20T19:57:10.9400655Z test for_in_returns_all_distinct_byte_keys ... ok
linux-portability (ubuntu-24.04)	Native portability gate (debug and release)	2026-09-20T19:57:10.9401284Z test distinct_high_byte_keys_do_not_collide ... ok
linux-portability (ubuntu-24.04)	Native portability gate (debug and release)	2026-09-20T19:57:10.9405805Z test nul_embedded_key_round_trips ... ok
linux-portability (ubuntu-24.04)	Native portability gate (debug and release)	2026-09-20T19:57:10.9406136Z 
linux-portability (ubuntu-24.04)	Native portability gate (debug and release)	2026-09-20T19:57:10.9406552Z test result: ok. 3 passed; 0 failed; 0 ignored; 0 measured; 0 filtered out; finished in 0.01s
linux-portability (ubuntu-24.04)	Native portability gate (debug and release)	2026-09-20T19:57:10.9407082Z 
linux-portability (ubuntu-24.04)	Native portability gate (debug and release)	2026-09-20T19:57:10.9408329Z      Running tests/bytes_printf.rs (target/debug/deps/bytes_printf-cc7330dc1e13afd2)
linux-portability (ubuntu-24.04)	Native portability gate (debug and release)	2026-09-20T19:57:10.9418164Z 
linux-portability (ubuntu-24.04)	Native portability gate (debug and release)	2026-09-20T19:57:10.9418319Z running 6 tests
linux-portability (ubuntu-24.04)	Native portability gate (debug and release)	2026-09-20T19:57:10.9490376Z test printf_c_emits_first_byte_raw ... ok
linux-portability (ubuntu-24.04)	Native portability gate (debug and release)	2026-09-20T19:57:10.9491365Z test print_with_high_byte_ofs ... ok
linux-portability (ubuntu-24.04)	Native portability gate (debug and release)	2026-09-20T19:57:10.9491816Z test field_split_with_high_byte_fs ... ok
linux-portability (ubuntu-24.04)	Native portability gate (debug and release)	2026-09-20T19:57:10.9505350Z test printf_format_string_with_high_bytes ... ok
linux-portability (ubuntu-24.04)	Native portability gate (debug and release)	2026-09-20T19:57:10.9558897Z test printf_s_preserves_high_byte ... ok
linux-portability (ubuntu-24.04)	Native portability gate (debug and release)	2026-09-20T19:57:10.9559466Z test sprintf_high_byte_round_trip ... ok
linux-portability (ubuntu-24.04)	Native portability gate (debug and release)	2026-09-20T19:57:10.9559760Z 
linux-portability (ubuntu-24.04)	Native portability gate (debug and release)	2026-09-20T19:57:10.9560148Z test result: ok. 6 passed; 0 failed; 0 ignored; 0 measured; 0 filtered out; finished in 0.01s
linux-portability (ubuntu-24.04)	Native portability gate (debug and release)	2026-09-20T19:57:10.9560654Z 
linux-portability (ubuntu-24.04)	Native portability gate (debug and release)	2026-09-20T19:57:10.9561106Z      Running tests/bytes_regex_match.rs (target/debug/deps/bytes_regex_match-97728d2c0dfc372b)
linux-portability (ubuntu-24.04)	Native portability gate (debug and release)	2026-09-20T19:57:10.9571064Z 
linux-portability (ubuntu-24.04)	Native portability gate (debug and release)	2026-09-20T19:57:10.9571215Z running 6 tests
linux-portability (ubuntu-24.04)	Native portability gate (debug and release)	2026-09-20T19:57:10.9641925Z test gsub_ampersand_includes_whole_match ... ok
linux-portability (ubuntu-24.04)	Native portability gate (debug and release)	2026-09-20T19:57:10.9646324Z test match_builtin_high_byte_pattern_position ... ok
linux-portability (ubuntu-24.04)	Native portability gate (debug and release)	2026-09-20T19:57:10.9647425Z test match_distinguishes_high_bytes ... ok
linux-portability (ubuntu-24.04)	Native portability gate (debug and release)	2026-09-20T19:57:10.9648045Z test nul_inside_subject_with_rs_regex ... ok
linux-portability (ubuntu-24.04)	Native portability gate (debug and release)	2026-09-20T19:57:10.9708672Z test rs_regex_high_byte_separator_splits_correctly ... ok
linux-portability (ubuntu-24.04)	Native portability gate (debug and release)	2026-09-20T19:57:10.9724605Z test sub_replaces_high_byte_run ... ok
linux-portability (ubuntu-24.04)	Native portability gate (debug and release)	2026-09-20T19:57:10.9724926Z 
linux-portability (ubuntu-24.04)	Native portability gate (debug and release)	2026-09-20T19:57:10.9725349Z test result: ok. 6 passed; 0 failed; 0 ignored; 0 measured; 0 filtered out; finished in 0.02s
linux-portability (ubuntu-24.04)	Native portability gate (debug and release)	2026-09-20T19:57:10.9725782Z 
linux-portability (ubuntu-24.04)	Native portability gate (debug and release)	2026-09-20T19:57:10.9726835Z      Running tests/data_contract.rs (target/debug/deps/data_contract-cd61b34734f48d5d)
linux-portability (ubuntu-24.04)	Native portability gate (debug and release)	2026-09-20T19:57:10.9737056Z 
linux-portability (ubuntu-24.04)	Native portability gate (debug and release)	2026-09-20T19:57:10.9737186Z running 9 tests
linux-portability (ubuntu-24.04)	Native portability gate (debug and release)	2026-09-20T19:57:10.9811321Z test csv_handles_quoted_delimiters_newlines_and_escaped_quotes ... ok
linux-portability (ubuntu-24.04)	Native portability gate (debug and release)	2026-09-20T19:57:10.9824643Z test invalid_regex_is_reported ... ok
linux-portability (ubuntu-24.04)	Native portability gate (debug and release)	2026-09-20T19:57:10.9857604Z test regex_uses_leftmost_longest ... ok
linux-portability (ubuntu-24.04)	Native portability gate (debug and release)	2026-09-20T19:57:10.9862953Z test fields_accept_regex_separator ... ok
linux-portability (ubuntu-24.04)	Native portability gate (debug and release)	2026-09-20T19:57:10.9884458Z test reused_whitespace_fields_preserve_nul_bytes ... ok
linux-portability (ubuntu-24.04)	Native portability gate (debug and release)	2026-09-20T19:57:10.9890217Z test split_preserves_empty_fields_and_clears_array ... ok
linux-portability (ubuntu-24.04)	Native portability gate (debug and release)	2026-09-20T19:57:10.9921710Z test substitutions_report_count_not_changed_text ... ok
linux-portability (ubuntu-24.04)	Native portability gate (debug and release)	2026-09-20T19:57:11.0043992Z test successive_whitespace_records_preserve_values_and_numeric_types ... ok
linux-portability (ubuntu-24.04)	Native portability gate (debug and release)	2026-09-20T19:57:11.0184808Z test whitespace_reuse_handles_resplit_getline_and_separator_changes ... ok
linux-portability (ubuntu-24.04)	Native portability gate (debug and release)	2026-09-20T19:57:11.0185372Z 
linux-portability (ubuntu-24.04)	Native portability gate (debug and release)	2026-09-20T19:57:11.0185675Z test result: ok. 9 passed; 0 failed; 0 ignored; 0 measured; 0 filtered out; finished in 0.04s
linux-portability (ubuntu-24.04)	Native portability gate (debug and release)	2026-09-20T19:57:11.0186045Z 
linux-portability (ubuntu-24.04)	Native portability gate (debug and release)	2026-09-20T19:57:11.0187003Z      Running tests/driver_regressions.rs (target/debug/deps/driver_regressions-20f0cb45f6026201)
linux-portability (ubuntu-24.04)	Native portability gate (debug and release)	2026-09-20T19:57:11.0197597Z 
linux-portability (ubuntu-24.04)	Native portability gate (debug and release)	2026-09-20T19:57:11.0198185Z running 8 tests
linux-portability (ubuntu-24.04)	Native portability gate (debug and release)	2026-09-20T19:57:11.0330040Z test field_index_beyond_reference_integer_range_is_an_error ... ok
linux-portability (ubuntu-24.04)	Native portability gate (debug and release)	2026-09-20T19:57:11.0355237Z test getline_comparison_is_not_part_of_filename ... ok
linux-portability (ubuntu-24.04)	Native portability gate (debug and release)	2026-09-20T19:57:11.0400767Z test multifile_syntax_error_names_offending_source ... ok
linux-portability (ubuntu-24.04)	Native portability gate (debug and release)	2026-09-20T19:57:11.0428745Z test invalid_function_parameters_are_errors_before_execution ... ok
linux-portability (ubuntu-24.04)	Native portability gate (debug and release)	2026-09-20T19:57:11.0685713Z test redirected_stdin_shares_buffer_with_main_input ... ok
linux-portability (ubuntu-24.04)	Native portability gate (debug and release)	2026-09-20T19:57:11.0822173Z test stdin_program_and_empty_statements ... ok
linux-portability (ubuntu-24.04)	Native portability gate (debug and release)	2026-09-20T19:57:11.1925274Z test standard_output_aliases_share_streams_and_lifecycle ... ok
linux-portability (ubuntu-24.04)	Native portability gate (debug and release)	2026-09-20T19:57:11.3113658Z test checked_math_matches_native_oracle ... ok
linux-portability (ubuntu-24.04)	Native portability gate (debug and release)	2026-09-20T19:57:11.3114043Z 
linux-portability (ubuntu-24.04)	Native portability gate (debug and release)	2026-09-20T19:57:11.3114429Z test result: ok. 8 passed; 0 failed; 0 ignored; 0 measured; 0 filtered out; finished in 0.29s
linux-portability (ubuntu-24.04)	Native portability gate (debug and release)	2026-09-20T19:57:11.3114914Z 
linux-portability (ubuntu-24.04)	Native portability gate (debug and release)	2026-09-20T19:57:11.3115979Z      Running tests/dynamic_format.rs (target/debug/deps/dynamic_format-27b8cdc066ca99a2)
linux-portability (ubuntu-24.04)	Native portability gate (debug and release)	2026-09-20T19:57:11.3126908Z 
linux-portability (ubuntu-24.04)	Native portability gate (debug and release)	2026-09-20T19:57:11.3127067Z running 8 tests
linux-portability (ubuntu-24.04)	Native portability gate (debug and release)	2026-09-20T19:57:11.3261931Z test missing_star_arguments_are_errors ... ok
linux-portability (ubuntu-24.04)	Native portability gate (debug and release)	2026-09-20T19:57:11.3329481Z test negative_precision_keeps_binary_and_multibyte_paths ... ok
linux-portability (ubuntu-24.04)	Native portability gate (debug and release)	2026-09-20T19:57:11.3511380Z test string_and_literal_range_errors_do_not_discard_arithmetic_subnormals ... ok
linux-portability (ubuntu-24.04)	Native portability gate (debug and release)	2026-09-20T19:57:11.5010313Z test unsigned_conversion_matches_native_oracle ... ok
linux-portability (ubuntu-24.04)	Native portability gate (debug and release)	2026-09-20T19:57:11.5267687Z test zero_padded_strings_match_native_oracle ... ok
linux-portability (ubuntu-24.04)	Native portability gate (debug and release)	2026-09-20T19:57:12.0037157Z test dynamic_width_precision_and_consumption ... ok
linux-portability (ubuntu-24.04)	Native portability gate (debug and release)	2026-09-20T19:57:13.3554236Z test integer_flags_precision_and_signs ... ok
linux-portability (ubuntu-24.04)	Native portability gate (debug and release)	2026-09-20T19:57:13.9556435Z test negative_dynamic_precision_preserves_flags_and_argument_consumption ... ok
linux-portability (ubuntu-24.04)	Native portability gate (debug and release)	2026-09-20T19:57:13.9557097Z 
linux-portability (ubuntu-24.04)	Native portability gate (debug and release)	2026-09-20T19:57:13.9557397Z test result: ok. 8 passed; 0 failed; 0 ignored; 0 measured; 0 filtered out; finished in 2.64s
linux-portability (ubuntu-24.04)	Native portability gate (debug and release)	2026-09-20T19:57:13.9557784Z 
linux-portability (ubuntu-24.04)	Native portability gate (debug and release)	2026-09-20T19:57:13.9558636Z      Running tests/harness.rs (target/debug/deps/harness-84724762e23c52d1)
linux-portability (ubuntu-24.04)	Native portability gate (debug and release)	2026-09-20T19:57:13.9569521Z 
linux-portability (ubuntu-24.04)	Native portability gate (debug and release)	2026-09-20T19:57:13.9569722Z running 5 tests
linux-portability (ubuntu-24.04)	Native portability gate (debug and release)	2026-09-20T19:57:13.9592035Z test annotation_does_not_accept_new_failures ... ok
linux-portability (ubuntu-24.04)	Native portability gate (debug and release)	2026-09-20T19:57:13.9643216Z test preserves_bytes_whitespace_and_status ... ok
linux-portability (ubuntu-24.04)	Native portability gate (debug and release)	2026-09-20T19:57:13.9664060Z test aggregate_gate_reports_an_intermediate_failure ... ok
linux-portability (ubuntu-24.04)	Native portability gate (debug and release)	2026-09-20T19:57:13.9705033Z test each_run_has_a_fresh_directory ... ok
linux-portability (ubuntu-24.04)	Native portability gate (debug and release)	2026-09-20T19:57:14.3918026Z test timeout_kills_descendants ... ok
linux-portability (ubuntu-24.04)	Native portability gate (debug and release)	2026-09-20T19:57:14.3918482Z 
linux-portability (ubuntu-24.04)	Native portability gate (debug and release)	2026-09-20T19:57:14.3918859Z test result: ok. 5 passed; 0 failed; 0 ignored; 0 measured; 0 filtered out; finished in 0.43s
linux-portability (ubuntu-24.04)	Native portability gate (debug and release)	2026-09-20T19:57:14.3919301Z 
linux-portability (ubuntu-24.04)	Native portability gate (debug and release)	2026-09-20T19:57:14.3920820Z      Running tests/input_contract.rs (target/debug/deps/input_contract-df587d5dab3b336c)
linux-portability (ubuntu-24.04)	Native portability gate (debug and release)	2026-09-20T19:57:14.3933289Z 
linux-portability (ubuntu-24.04)	Native portability gate (debug and release)	2026-09-20T19:57:14.3933446Z running 7 tests
linux-portability (ubuntu-24.04)	Native portability gate (debug and release)	2026-09-20T19:57:14.4002859Z test getline_uses_main_stream_and_counts_every_read ... ok
linux-portability (ubuntu-24.04)	Native portability gate (debug and release)	2026-09-20T19:57:14.4004643Z test file_getline_and_interleaved_assignments ... ok
linux-portability (ubuntu-24.04)	Native portability gate (debug and release)	2026-09-20T19:57:14.4071660Z test missing_getline_file_is_an_error_not_eof ... ok
linux-portability (ubuntu-24.04)	Native portability gate (debug and release)	2026-09-20T19:57:14.4125703Z test rewriting_record_does_not_count_a_read ... ok
linux-portability (ubuntu-24.04)	Native portability gate (debug and release)	2026-09-20T19:57:14.4149615Z test rs_changes_apply_to_unconsumed_input ... ok
linux-portability (ubuntu-24.04)	Native portability gate (debug and release)	2026-09-20T19:57:14.4156067Z test large_csv_records_match_c ... ok
linux-portability (ubuntu-24.04)	Native portability gate (debug and release)	2026-09-20T19:57:14.4234459Z test large_records_getline_and_rs_changes_match_c ... ok
linux-portability (ubuntu-24.04)	Native portability gate (debug and release)	2026-09-20T19:57:14.4234740Z 
linux-portability (ubuntu-24.04)	Native portability gate (debug and release)	2026-09-20T19:57:14.4235033Z test result: ok. 7 passed; 0 failed; 0 ignored; 0 measured; 0 filtered out; finished in 0.03s
linux-portability (ubuntu-24.04)	Native portability gate (debug and release)	2026-09-20T19:57:14.4235394Z 
linux-portability (ubuntu-24.04)	Native portability gate (debug and release)	2026-09-20T19:57:14.4237266Z      Running tests/language_contract.rs (target/debug/deps/language_contract-2fab3b4b0fc766c6)
linux-portability (ubuntu-24.04)	Native portability gate (debug and release)	2026-09-20T19:57:14.4247559Z 
linux-portability (ubuntu-24.04)	Native portability gate (debug and release)	2026-09-20T19:57:14.4247749Z running 7 tests
linux-portability (ubuntu-24.04)	Native portability gate (debug and release)	2026-09-20T19:57:14.4319301Z test array_parameters_are_references ... ok
linux-portability (ubuntu-24.04)	Native portability gate (debug and release)	2026-09-20T19:57:14.4325777Z test array_reads_create_entries ... ok
linux-portability (ubuntu-24.04)	Native portability gate (debug and release)	2026-09-20T19:57:14.4367364Z test expressions_and_escapes ... ok
linux-portability (ubuntu-24.04)	Native portability gate (debug and release)	2026-09-20T19:57:14.4370799Z test convfmt_is_used_for_comparisons_fields_and_keys ... ok
linux-portability (ubuntu-24.04)	Native portability gate (debug and release)	2026-09-20T19:57:14.4383213Z test lvalue_indices_are_evaluated_once ... ok
linux-portability (ubuntu-24.04)	Native portability gate (debug and release)	2026-09-20T19:57:14.4392329Z test numeric_and_string_values_keep_their_types ... ok
linux-portability (ubuntu-24.04)	Native portability gate (debug and release)	2026-09-20T19:57:14.4432156Z test range_patterns_and_empty_actions ... ok
linux-portability (ubuntu-24.04)	Native portability gate (debug and release)	2026-09-20T19:57:14.4432518Z 
linux-portability (ubuntu-24.04)	Native portability gate (debug and release)	2026-09-20T19:57:14.4432986Z test result: ok. 7 passed; 0 failed; 0 ignored; 0 measured; 0 filtered out; finished in 0.02s
linux-portability (ubuntu-24.04)	Native portability gate (debug and release)	2026-09-20T19:57:14.4433965Z 
linux-portability (ubuntu-24.04)	Native portability gate (debug and release)	2026-09-20T19:57:14.4435273Z      Running tests/legacy_locale.rs (target/debug/deps/legacy_locale-e35a0006ade4badb)
linux-portability (ubuntu-24.04)	Native portability gate (debug and release)	2026-09-20T19:57:14.4445338Z 
linux-portability (ubuntu-24.04)	Native portability gate (debug and release)	2026-09-20T19:57:14.4445481Z running 6 tests
linux-portability (ubuntu-24.04)	Native portability gate (debug and release)	2026-09-20T19:57:14.4863229Z test every_nonzero_byte_case_conversion_matches_c ... ok
linux-portability (ubuntu-24.04)	Native portability gate (debug and release)	2026-09-20T19:57:14.4947750Z test byte_positions_ranges_splits_and_substitution_match_c ... ok
linux-portability (ubuntu-24.04)	Native portability gate (debug and release)	2026-09-20T19:57:14.5002333Z test nul_preservation_remains_an_explicit_rust_extension ... ok
linux-portability (ubuntu-24.04)	Native portability gate (debug and release)	2026-09-20T19:57:14.5055595Z test legacy_locale_selection_obeys_precedence_and_is_fixed_at_startup ... ok
linux-portability (ubuntu-24.04)	Native portability gate (debug and release)	2026-09-20T19:57:14.5325733Z test required_single_byte_locales_are_active ... ok
linux-portability (ubuntu-24.04)	Native portability gate (debug and release)	2026-09-20T19:57:15.0563645Z test every_nonzero_byte_in_each_posix_class_matches_c ... ok
linux-portability (ubuntu-24.04)	Native portability gate (debug and release)	2026-09-20T19:57:15.0564004Z 
linux-portability (ubuntu-24.04)	Native portability gate (debug and release)	2026-09-20T19:57:15.0564261Z test result: ok. 6 passed; 0 failed; 0 ignored; 0 measured; 0 filtered out; finished in 0.61s
linux-portability (ubuntu-24.04)	Native portability gate (debug and release)	2026-09-20T19:57:15.0565065Z 
linux-portability (ubuntu-24.04)	Native portability gate (debug and release)	2026-09-20T19:57:15.0566152Z      Running tests/runtime_contract.rs (target/debug/deps/runtime_contract-e285726cc718c1b4)
linux-portability (ubuntu-24.04)	Native portability gate (debug and release)	2026-09-20T19:57:15.0576819Z 
linux-portability (ubuntu-24.04)	Native portability gate (debug and release)	2026-09-20T19:57:15.0576998Z running 3 tests
linux-portability (ubuntu-24.04)	Native portability gate (debug and release)	2026-09-20T19:57:15.0646019Z test short_circuit_preserves_side_effects ... ok
linux-portability (ubuntu-24.04)	Native portability gate (debug and release)	2026-09-20T19:57:15.0646456Z test exit_executes_end_and_interrupts_expressions ... ok
linux-portability (ubuntu-24.04)	Native portability gate (debug and release)	2026-09-20T19:57:15.0649018Z test return_escapes_all_loop_forms ... ok
linux-portability (ubuntu-24.04)	Native portability gate (debug and release)	2026-09-20T19:57:15.0649286Z 
linux-portability (ubuntu-24.04)	Native portability gate (debug and release)	2026-09-20T19:57:15.0649549Z test result: ok. 3 passed; 0 failed; 0 ignored; 0 measured; 0 filtered out; finished in 0.01s
linux-portability (ubuntu-24.04)	Native portability gate (debug and release)	2026-09-20T19:57:15.0649930Z 
linux-portability (ubuntu-24.04)	Native portability gate (debug and release)	2026-09-20T19:57:15.0651563Z      Running tests/shift_jis.rs (target/debug/deps/shift_jis-37ba6b24f7a6e90f)
linux-portability (ubuntu-24.04)	Native portability gate (debug and release)	2026-09-20T19:57:15.0661710Z 
linux-portability (ubuntu-24.04)	Native portability gate (debug and release)	2026-09-20T19:57:15.0661939Z running 12 tests
linux-portability (ubuntu-24.04)	Native portability gate (debug and release)	2026-09-20T19:57:15.0798259Z test conversion_failure_preserves_atomic_print_contract ... ok
linux-portability (ubuntu-24.04)	Native portability gate (debug and release)	2026-09-20T19:57:15.0816642Z test embedded_nul_preserves_the_rust_binary_extension ... ok
linux-portability (ubuntu-24.04)	Native portability gate (debug and release)	2026-09-20T19:57:15.0945479Z test decoded_character_with_unencodable_case_mapping_matches_c ... ok
linux-portability (ubuntu-24.04)	Native portability gate (debug and release)	2026-09-20T19:57:15.1218577Z test regex_rs_with_three_or_four_byte_structural_units_matches_c ... ok
linux-portability (ubuntu-24.04)	Native portability gate (debug and release)	2026-09-20T19:57:15.1350028Z test required_sjis_locale_has_observable_case_mapping ... ok
linux-portability (ubuntu-24.04)	Native portability gate (debug and release)	2026-09-20T19:57:15.2308774Z test record_separators_and_locale_precedence_match_c ... ok
linux-portability (ubuntu-24.04)	Native portability gate (debug and release)	2026-09-20T19:57:15.2467355Z test streaming_rs_keeps_binary_data_distinct_from_eof ... ok
linux-portability (ubuntu-24.04)	Native portability gate (debug and release)	2026-09-20T19:57:15.5792976Z test regex_rs_sjis_refill_across_input_buffers_and_getline_matches_c ... ok
linux-portability (ubuntu-24.04)	Native portability gate (debug and release)	2026-09-20T19:57:15.7315432Z test valid_case_conversion_and_truncated_suffixes_match_c ... ok
linux-portability (ubuntu-24.04)	Native portability gate (debug and release)	2026-09-20T19:57:15.7868488Z test structural_units_regex_fields_and_formatting_match_c ... ok
linux-portability (ubuntu-24.04)	Native portability gate (debug and release)	2026-09-20T19:57:18.5602535Z test regex_rs_refill_restart_longest_and_anchors_match_c ... ok
linux-portability (ubuntu-24.04)	Native portability gate (debug and release)	2026-09-20T19:57:24.5906718Z test single_bytes_and_lead_trail_boundaries_match_c ... ok
linux-portability (ubuntu-24.04)	Native portability gate (debug and release)	2026-09-20T19:57:24.5907197Z 
linux-portability (ubuntu-24.04)	Native portability gate (debug and release)	2026-09-20T19:57:24.5907568Z test result: ok. 12 passed; 0 failed; 0 ignored; 0 measured; 0 filtered out; finished in 9.52s
linux-portability (ubuntu-24.04)	Native portability gate (debug and release)	2026-09-20T19:57:24.5916465Z 
linux-portability (ubuntu-24.04)	Native portability gate (debug and release)	2026-09-20T19:57:24.5916920Z      Running tests/unicode_contract.rs (target/debug/deps/unicode_contract-28fd1d08d829904c)
linux-portability (ubuntu-24.04)	Native portability gate (debug and release)	2026-09-20T19:57:24.5919880Z 
linux-portability (ubuntu-24.04)	Native portability gate (debug and release)	2026-09-20T19:57:24.5920042Z running 12 tests
linux-portability (ubuntu-24.04)	Native portability gate (debug and release)	2026-09-20T19:57:24.6084946Z test binary_nul_extension_and_case_conversion_errors ... ok
linux-portability (ubuntu-24.04)	Native portability gate (debug and release)	2026-09-20T19:57:24.6506212Z test match_rhs_literals_and_dynamic_patterns_keep_their_distinct_evaluation ... ok
linux-portability (ubuntu-24.04)	Native portability gate (debug and release)	2026-09-20T19:57:24.7119271Z test locale_precedence_and_character_operations ... ok
linux-portability (ubuntu-24.04)	Native portability gate (debug and release)	2026-09-20T19:57:24.7138829Z test repeated_matches_and_index_inside_a_multibyte_unit ... ok
linux-portability (ubuntu-24.04)	Native portability gate (debug and release)	2026-09-20T19:57:24.7558729Z test required_locales_are_active_in_both_interpreters ... ok
linux-portability (ubuntu-24.04)	Native portability gate (debug and release)	2026-09-20T19:57:24.8314843Z test substitution_expansion_preserves_prefixes_escapes_and_empty_matches ... ok
linux-portability (ubuntu-24.04)	Native portability gate (debug and release)	2026-09-20T19:57:24.8615937Z test unicode_formatting_and_source_escapes ... ok
linux-portability (ubuntu-24.04)	Native portability gate (debug and release)	2026-09-20T19:57:24.8734536Z test boolean_regex_search_preserves_rune_alignment_and_empty_matches ... ok
linux-portability (ubuntu-24.04)	Native portability gate (debug and release)	2026-09-20T19:57:24.9386845Z test utf8_record_separators_across_buffers ... ok
linux-portability (ubuntu-24.04)	Native portability gate (debug and release)	2026-09-20T19:57:24.9435415Z test utf8_regex_empty_matches_and_mixed_bytes ... ok
linux-portability (ubuntu-24.04)	Native portability gate (debug and release)	2026-09-20T19:57:24.9702297Z test unicode_classes_ranges_and_anchors ... ok
linux-portability (ubuntu-24.04)	Native portability gate (debug and release)	2026-09-20T19:57:28.0377745Z test original_utf8_drivers ... ok
linux-portability (ubuntu-24.04)	Native portability gate (debug and release)	2026-09-20T19:57:28.0378157Z 
linux-portability (ubuntu-24.04)	Native portability gate (debug and release)	2026-09-20T19:57:28.0378502Z test result: ok. 12 passed; 0 failed; 0 ignored; 0 measured; 0 filtered out; finished in 3.45s
linux-portability (ubuntu-24.04)	Native portability gate (debug and release)	2026-09-20T19:57:28.0378874Z 
linux-portability (ubuntu-24.04)	Native portability gate (debug and release)	2026-09-20T19:57:28.1148357Z    Compiling num-traits v0.2.19
linux-portability (ubuntu-24.04)	Native portability gate (debug and release)	2026-09-20T19:57:28.1148957Z    Compiling getrandom v0.3.4
linux-portability (ubuntu-24.04)	Native portability gate (debug and release)	2026-09-20T19:57:28.1191717Z    Compiling zerocopy v0.8.48
linux-portability (ubuntu-24.04)	Native portability gate (debug and release)	2026-09-20T19:57:28.1226092Z    Compiling wait-timeout v0.2.1
linux-portability (ubuntu-24.04)	Native portability gate (debug and release)	2026-09-20T19:57:28.4595241Z    Compiling rand_core v0.9.5
linux-portability (ubuntu-24.04)	Native portability gate (debug and release)	2026-09-20T19:57:28.5491551Z    Compiling fnv v1.0.7
linux-portability (ubuntu-24.04)	Native portability gate (debug and release)	2026-09-20T19:57:28.5832860Z    Compiling quick-error v1.2.3
linux-portability (ubuntu-24.04)	Native portability gate (debug and release)	2026-09-20T19:57:28.6174621Z    Compiling bit-vec v0.8.0
linux-portability (ubuntu-24.04)	Native portability gate (debug and release)	2026-09-20T19:57:28.6287197Z    Compiling rusty-fork v0.3.1
linux-portability (ubuntu-24.04)	Native portability gate (debug and release)	2026-09-20T19:57:28.8497957Z    Compiling bit-set v0.8.0
linux-portability (ubuntu-24.04)	Native portability gate (debug and release)	2026-09-20T19:57:28.9635018Z    Compiling chrono v0.4.44
linux-portability (ubuntu-24.04)	Native portability gate (debug and release)	2026-09-20T19:57:29.0745439Z    Compiling rand_xorshift v0.4.0
linux-portability (ubuntu-24.04)	Native portability gate (debug and release)	2026-09-20T19:57:29.1524753Z    Compiling rand v0.9.4
linux-portability (ubuntu-24.04)	Native portability gate (debug and release)	2026-09-20T19:57:29.4895445Z    Compiling unarray v0.1.4
linux-portability (ubuntu-24.04)	Native portability gate (debug and release)	2026-09-20T19:57:29.9790771Z    Compiling rawk v0.1.0 (/home/runner/work/rawk/rawk/rawk)
linux-portability (ubuntu-24.04)	Native portability gate (debug and release)	2026-09-20T19:57:31.8714017Z    Compiling ppv-lite86 v0.2.21
linux-portability (ubuntu-24.04)	Native portability gate (debug and release)	2026-09-20T19:57:32.1212219Z    Compiling rand_chacha v0.9.0
linux-portability (ubuntu-24.04)	Native portability gate (debug and release)	2026-09-20T19:57:32.2722197Z    Compiling proptest v1.11.0
linux-portability (ubuntu-24.04)	Native portability gate (debug and release)	2026-09-20T19:57:44.4312320Z     Finished `release` profile [optimized] target(s) in 16.38s
linux-portability (ubuntu-24.04)	Native portability gate (debug and release)	2026-09-20T19:57:44.4381063Z      Running unittests src/lib.rs (target/release/deps/rawk-d71ef2789f8844ed)
linux-portability (ubuntu-24.04)	Native portability gate (debug and release)	2026-09-20T19:57:44.4393063Z 
linux-portability (ubuntu-24.04)	Native portability gate (debug and release)	2026-09-20T19:57:44.4393215Z running 0 tests
linux-portability (ubuntu-24.04)	Native portability gate (debug and release)	2026-09-20T19:57:44.4393673Z 
linux-portability (ubuntu-24.04)	Native portability gate (debug and release)	2026-09-20T19:57:44.4394041Z test result: ok. 0 passed; 0 failed; 0 ignored; 0 measured; 0 filtered out; finished in 0.00s
linux-portability (ubuntu-24.04)	Native portability gate (debug and release)	2026-09-20T19:57:44.4394447Z 
linux-portability (ubuntu-24.04)	Native portability gate (debug and release)	2026-09-20T19:57:44.4396039Z      Running unittests src/bin/diffrun.rs (target/release/deps/diffrun-1587e72c588c7ddd)
linux-portability (ubuntu-24.04)	Native portability gate (debug and release)	2026-09-20T19:57:44.4405737Z 
linux-portability (ubuntu-24.04)	Native portability gate (debug and release)	2026-09-20T19:57:44.4405895Z running 0 tests
linux-portability (ubuntu-24.04)	Native portability gate (debug and release)	2026-09-20T19:57:44.4407287Z 
linux-portability (ubuntu-24.04)	Native portability gate (debug and release)	2026-09-20T19:57:44.4407770Z test result: ok. 0 passed; 0 failed; 0 ignored; 0 measured; 0 filtered out; finished in 0.00s
linux-portability (ubuntu-24.04)	Native portability gate (debug and release)	2026-09-20T19:57:44.4408307Z 
linux-portability (ubuntu-24.04)	Native portability gate (debug and release)	2026-09-20T19:57:44.4408644Z      Running unittests src/main.rs (target/release/deps/rawk-4bf34a94d1f24a93)
linux-portability (ubuntu-24.04)	Native portability gate (debug and release)	2026-09-20T19:57:44.4421945Z 
linux-portability (ubuntu-24.04)	Native portability gate (debug and release)	2026-09-20T19:57:44.4422148Z running 6 tests
linux-portability (ubuntu-24.04)	Native portability gate (debug and release)	2026-09-20T19:57:44.4454429Z test input::tests::separators_are_independent_of_read_boundaries ... ok
linux-portability (ubuntu-24.04)	Native portability gate (debug and release)	2026-09-20T19:57:44.4464338Z test unicode_ere::tests::compiled_intervals_cover_only_the_requested_runes ... ok
linux-portability (ubuntu-24.04)	Native portability gate (debug and release)	2026-09-20T19:57:44.4465294Z test unicode_ere::tests::encoding_preserves_offsets_and_invalid_bytes_without_sentinels ... ok
linux-portability (ubuntu-24.04)	Native portability gate (debug and release)	2026-09-20T19:57:44.4466214Z test ere::stream::tests::physical_short_reads_do_not_change_bwk_lookahead ... ok
linux-portability (ubuntu-24.04)	Native portability gate (debug and release)	2026-09-20T19:57:44.4479044Z test input::tests::long_records_compaction_and_separator_changes_share_one_cursor ... ok
linux-portability (ubuntu-24.04)	Native portability gate (debug and release)	2026-09-20T19:57:44.4497164Z test input::tests::long_csv_keeps_quotes_crlf_and_eof_across_short_reads ... ok
linux-portability (ubuntu-24.04)	Native portability gate (debug and release)	2026-09-20T19:57:44.4497691Z 
linux-portability (ubuntu-24.04)	Native portability gate (debug and release)	2026-09-20T19:57:44.4498124Z test result: ok. 6 passed; 0 failed; 0 ignored; 0 measured; 0 filtered out; finished in 0.01s
linux-portability (ubuntu-24.04)	Native portability gate (debug and release)	2026-09-20T19:57:44.4498657Z 
linux-portability (ubuntu-24.04)	Native portability gate (debug and release)	2026-09-20T19:57:44.4500706Z      Running tests/bytes_array_keys.rs (target/release/deps/bytes_array_keys-8698c4f8eb149f0b)
linux-portability (ubuntu-24.04)	Native portability gate (debug and release)	2026-09-20T19:57:44.4510395Z 
linux-portability (ubuntu-24.04)	Native portability gate (debug and release)	2026-09-20T19:57:44.4510558Z running 3 tests
linux-portability (ubuntu-24.04)	Native portability gate (debug and release)	2026-09-20T19:57:44.4579295Z test distinct_high_byte_keys_do_not_collide ... ok
linux-portability (ubuntu-24.04)	Native portability gate (debug and release)	2026-09-20T19:57:44.4579860Z test for_in_returns_all_distinct_byte_keys ... ok
linux-portability (ubuntu-24.04)	Native portability gate (debug and release)	2026-09-20T19:57:44.4584821Z test nul_embedded_key_round_trips ... ok
linux-portability (ubuntu-24.04)	Native portability gate (debug and release)	2026-09-20T19:57:44.4585136Z 
linux-portability (ubuntu-24.04)	Native portability gate (debug and release)	2026-09-20T19:57:44.4585557Z test result: ok. 3 passed; 0 failed; 0 ignored; 0 measured; 0 filtered out; finished in 0.01s
linux-portability (ubuntu-24.04)	Native portability gate (debug and release)	2026-09-20T19:57:44.4586073Z 
linux-portability (ubuntu-24.04)	Native portability gate (debug and release)	2026-09-20T19:57:44.4587272Z      Running tests/bytes_printf.rs (target/release/deps/bytes_printf-44671ba9f391bc9e)
linux-portability (ubuntu-24.04)	Native portability gate (debug and release)	2026-09-20T19:57:44.4596846Z 
linux-portability (ubuntu-24.04)	Native portability gate (debug and release)	2026-09-20T19:57:44.4596999Z running 6 tests
linux-portability (ubuntu-24.04)	Native portability gate (debug and release)	2026-09-20T19:57:44.4664601Z test field_split_with_high_byte_fs ... ok
linux-portability (ubuntu-24.04)	Native portability gate (debug and release)	2026-09-20T19:57:44.4670506Z test printf_c_emits_first_byte_raw ... ok
linux-portability (ubuntu-24.04)	Native portability gate (debug and release)	2026-09-20T19:57:44.4671262Z test print_with_high_byte_ofs ... ok
linux-portability (ubuntu-24.04)	Native portability gate (debug and release)	2026-09-20T19:57:44.4672824Z test printf_format_string_with_high_bytes ... ok
linux-portability (ubuntu-24.04)	Native portability gate (debug and release)	2026-09-20T19:57:44.4731424Z test sprintf_high_byte_round_trip ... ok
linux-portability (ubuntu-24.04)	Native portability gate (debug and release)	2026-09-20T19:57:44.4735582Z test printf_s_preserves_high_byte ... ok
linux-portability (ubuntu-24.04)	Native portability gate (debug and release)	2026-09-20T19:57:44.4735932Z 
linux-portability (ubuntu-24.04)	Native portability gate (debug and release)	2026-09-20T19:57:44.4736368Z test result: ok. 6 passed; 0 failed; 0 ignored; 0 measured; 0 filtered out; finished in 0.01s
linux-portability (ubuntu-24.04)	Native portability gate (debug and release)	2026-09-20T19:57:44.4736882Z 
linux-portability (ubuntu-24.04)	Native portability gate (debug and release)	2026-09-20T19:57:44.4737876Z      Running tests/bytes_regex_match.rs (target/release/deps/bytes_regex_match-81890e56ce80a1f7)
linux-portability (ubuntu-24.04)	Native portability gate (debug and release)	2026-09-20T19:57:44.4747886Z 
linux-portability (ubuntu-24.04)	Native portability gate (debug and release)	2026-09-20T19:57:44.4748136Z running 6 tests
linux-portability (ubuntu-24.04)	Native portability gate (debug and release)	2026-09-20T19:57:44.4816805Z test gsub_ampersand_includes_whole_match ... ok
linux-portability (ubuntu-24.04)	Native portability gate (debug and release)	2026-09-20T19:57:44.4821090Z test match_builtin_high_byte_pattern_position ... ok
linux-portability (ubuntu-24.04)	Native portability gate (debug and release)	2026-09-20T19:57:44.4821922Z test match_distinguishes_high_bytes ... ok
linux-portability (ubuntu-24.04)	Native portability gate (debug and release)	2026-09-20T19:57:44.4822674Z test nul_inside_subject_with_rs_regex ... ok
linux-portability (ubuntu-24.04)	Native portability gate (debug and release)	2026-09-20T19:57:44.4881809Z test rs_regex_high_byte_separator_splits_correctly ... ok
linux-portability (ubuntu-24.04)	Native portability gate (debug and release)	2026-09-20T19:57:44.4884807Z test sub_replaces_high_byte_run ... ok
linux-portability (ubuntu-24.04)	Native portability gate (debug and release)	2026-09-20T19:57:44.4885125Z 
linux-portability (ubuntu-24.04)	Native portability gate (debug and release)	2026-09-20T19:57:44.4885499Z test result: ok. 6 passed; 0 failed; 0 ignored; 0 measured; 0 filtered out; finished in 0.01s
linux-portability (ubuntu-24.04)	Native portability gate (debug and release)	2026-09-20T19:57:44.4886038Z 
linux-portability (ubuntu-24.04)	Native portability gate (debug and release)	2026-09-20T19:57:44.4886432Z      Running tests/data_contract.rs (target/release/deps/data_contract-f3cccc134cf87c5a)
linux-portability (ubuntu-24.04)	Native portability gate (debug and release)	2026-09-20T19:57:44.4895858Z 
linux-portability (ubuntu-24.04)	Native portability gate (debug and release)	2026-09-20T19:57:44.4896008Z running 9 tests
linux-portability (ubuntu-24.04)	Native portability gate (debug and release)	2026-09-20T19:57:44.4970618Z test invalid_regex_is_reported ... ok
linux-portability (ubuntu-24.04)	Native portability gate (debug and release)	2026-09-20T19:57:44.4971110Z test regex_uses_leftmost_longest ... ok
linux-portability (ubuntu-24.04)	Native portability gate (debug and release)	2026-09-20T19:57:44.4971630Z test csv_handles_quoted_delimiters_newlines_and_escaped_quotes ... ok
linux-portability (ubuntu-24.04)	Native portability gate (debug and release)	2026-09-20T19:57:44.4983220Z test fields_accept_regex_separator ... ok
linux-portability (ubuntu-24.04)	Native portability gate (debug and release)	2026-09-20T19:57:44.5030367Z test reused_whitespace_fields_preserve_nul_bytes ... ok
linux-portability (ubuntu-24.04)	Native portability gate (debug and release)	2026-09-20T19:57:44.5033263Z test split_preserves_empty_fields_and_clears_array ... ok
linux-portability (ubuntu-24.04)	Native portability gate (debug and release)	2026-09-20T19:57:44.5044512Z test substitutions_report_count_not_changed_text ... ok
linux-portability (ubuntu-24.04)	Native portability gate (debug and release)	2026-09-20T19:57:44.5112699Z test successive_whitespace_records_preserve_values_and_numeric_types ... ok
linux-portability (ubuntu-24.04)	Native portability gate (debug and release)	2026-09-20T19:57:44.5281563Z test whitespace_reuse_handles_resplit_getline_and_separator_changes ... ok
linux-portability (ubuntu-24.04)	Native portability gate (debug and release)	2026-09-20T19:57:44.5282109Z 
linux-portability (ubuntu-24.04)	Native portability gate (debug and release)	2026-09-20T19:57:44.5282462Z test result: ok. 9 passed; 0 failed; 0 ignored; 0 measured; 0 filtered out; finished in 0.04s
linux-portability (ubuntu-24.04)	Native portability gate (debug and release)	2026-09-20T19:57:44.5282827Z 
linux-portability (ubuntu-24.04)	Native portability gate (debug and release)	2026-09-20T19:57:44.5284089Z      Running tests/driver_regressions.rs (target/release/deps/driver_regressions-4f12b4c2692c1594)
linux-portability (ubuntu-24.04)	Native portability gate (debug and release)	2026-09-20T19:57:44.5293879Z 
linux-portability (ubuntu-24.04)	Native portability gate (debug and release)	2026-09-20T19:57:44.5294059Z running 8 tests
linux-portability (ubuntu-24.04)	Native portability gate (debug and release)	2026-09-20T19:57:44.5427229Z test field_index_beyond_reference_integer_range_is_an_error ... ok
linux-portability (ubuntu-24.04)	Native portability gate (debug and release)	2026-09-20T19:57:44.5457031Z test getline_comparison_is_not_part_of_filename ... ok
linux-portability (ubuntu-24.04)	Native portability gate (debug and release)	2026-09-20T19:57:44.5492360Z test multifile_syntax_error_names_offending_source ... ok
linux-portability (ubuntu-24.04)	Native portability gate (debug and release)	2026-09-20T19:57:44.5577743Z test invalid_function_parameters_are_errors_before_execution ... ok
linux-portability (ubuntu-24.04)	Native portability gate (debug and release)	2026-09-20T19:57:44.5847721Z test redirected_stdin_shares_buffer_with_main_input ... ok
linux-portability (ubuntu-24.04)	Native portability gate (debug and release)	2026-09-20T19:57:44.5962091Z test stdin_program_and_empty_statements ... ok
linux-portability (ubuntu-24.04)	Native portability gate (debug and release)	2026-09-20T19:57:44.6988751Z test standard_output_aliases_share_streams_and_lifecycle ... ok
linux-portability (ubuntu-24.04)	Native portability gate (debug and release)	2026-09-20T19:57:44.8190939Z test checked_math_matches_native_oracle ... ok
linux-portability (ubuntu-24.04)	Native portability gate (debug and release)	2026-09-20T19:57:44.8191302Z 
linux-portability (ubuntu-24.04)	Native portability gate (debug and release)	2026-09-20T19:57:44.8191564Z test result: ok. 8 passed; 0 failed; 0 ignored; 0 measured; 0 filtered out; finished in 0.29s
linux-portability (ubuntu-24.04)	Native portability gate (debug and release)	2026-09-20T19:57:44.8192027Z 
linux-portability (ubuntu-24.04)	Native portability gate (debug and release)	2026-09-20T19:57:44.8193353Z      Running tests/dynamic_format.rs (target/release/deps/dynamic_format-9a95eacbb0d1f803)
linux-portability (ubuntu-24.04)	Native portability gate (debug and release)	2026-09-20T19:57:44.8203639Z 
linux-portability (ubuntu-24.04)	Native portability gate (debug and release)	2026-09-20T19:57:44.8203916Z running 8 tests
linux-portability (ubuntu-24.04)	Native portability gate (debug and release)	2026-09-20T19:57:44.8339722Z test missing_star_arguments_are_errors ... ok
linux-portability (ubuntu-24.04)	Native portability gate (debug and release)	2026-09-20T19:57:44.8401935Z test negative_precision_keeps_binary_and_multibyte_paths ... ok
linux-portability (ubuntu-24.04)	Native portability gate (debug and release)	2026-09-20T19:57:44.8529735Z test string_and_literal_range_errors_do_not_discard_arithmetic_subnormals ... ok
linux-portability (ubuntu-24.04)	Native portability gate (debug and release)	2026-09-20T19:57:45.0038759Z test unsigned_conversion_matches_native_oracle ... ok
linux-portability (ubuntu-24.04)	Native portability gate (debug and release)	2026-09-20T19:57:45.0290906Z test zero_padded_strings_match_native_oracle ... ok
linux-portability (ubuntu-24.04)	Native portability gate (debug and release)	2026-09-20T19:57:45.5067363Z test dynamic_width_precision_and_consumption ... ok
linux-portability (ubuntu-24.04)	Native portability gate (debug and release)	2026-09-20T19:57:46.8429341Z test integer_flags_precision_and_signs ... ok
linux-portability (ubuntu-24.04)	Native portability gate (debug and release)	2026-09-20T19:57:47.4401194Z test negative_dynamic_precision_preserves_flags_and_argument_consumption ... ok
linux-portability (ubuntu-24.04)	Native portability gate (debug and release)	2026-09-20T19:57:47.4401829Z 
linux-portability (ubuntu-24.04)	Native portability gate (debug and release)	2026-09-20T19:57:47.4402221Z test result: ok. 8 passed; 0 failed; 0 ignored; 0 measured; 0 filtered out; finished in 2.62s
linux-portability (ubuntu-24.04)	Native portability gate (debug and release)	2026-09-20T19:57:47.4402626Z 
linux-portability (ubuntu-24.04)	Native portability gate (debug and release)	2026-09-20T19:57:47.4403436Z      Running tests/harness.rs (target/release/deps/harness-b4a86596c0b64263)
linux-portability (ubuntu-24.04)	Native portability gate (debug and release)	2026-09-20T19:57:47.4414086Z 
linux-portability (ubuntu-24.04)	Native portability gate (debug and release)	2026-09-20T19:57:47.4414313Z running 5 tests
linux-portability (ubuntu-24.04)	Native portability gate (debug and release)	2026-09-20T19:57:47.4429628Z test annotation_does_not_accept_new_failures ... ok
linux-portability (ubuntu-24.04)	Native portability gate (debug and release)	2026-09-20T19:57:47.4494664Z test preserves_bytes_whitespace_and_status ... ok
linux-portability (ubuntu-24.04)	Native portability gate (debug and release)	2026-09-20T19:57:47.4505593Z test aggregate_gate_reports_an_intermediate_failure ... ok
linux-portability (ubuntu-24.04)	Native portability gate (debug and release)	2026-09-20T19:57:47.4549091Z test each_run_has_a_fresh_directory ... ok
linux-portability (ubuntu-24.04)	Native portability gate (debug and release)	2026-09-20T19:57:47.8758273Z test timeout_kills_descendants ... ok
linux-portability (ubuntu-24.04)	Native portability gate (debug and release)	2026-09-20T19:57:47.8758621Z 
linux-portability (ubuntu-24.04)	Native portability gate (debug and release)	2026-09-20T19:57:47.8758977Z test result: ok. 5 passed; 0 failed; 0 ignored; 0 measured; 0 filtered out; finished in 0.43s
linux-portability (ubuntu-24.04)	Native portability gate (debug and release)	2026-09-20T19:57:47.8759465Z 
linux-portability (ubuntu-24.04)	Native portability gate (debug and release)	2026-09-20T19:57:47.8760610Z      Running tests/input_contract.rs (target/release/deps/input_contract-3eac677d339987f7)
linux-portability (ubuntu-24.04)	Native portability gate (debug and release)	2026-09-20T19:57:47.8773219Z 
linux-portability (ubuntu-24.04)	Native portability gate (debug and release)	2026-09-20T19:57:47.8773399Z running 7 tests
linux-portability (ubuntu-24.04)	Native portability gate (debug and release)	2026-09-20T19:57:47.8810319Z test getline_uses_main_stream_and_counts_every_read ... ok
linux-portability (ubuntu-24.04)	Native portability gate (debug and release)	2026-09-20T19:57:47.8846110Z test file_getline_and_interleaved_assignments ... ok
linux-portability (ubuntu-24.04)	Native portability gate (debug and release)	2026-09-20T19:57:47.8880935Z test missing_getline_file_is_an_error_not_eof ... ok
linux-portability (ubuntu-24.04)	Native portability gate (debug and release)	2026-09-20T19:57:47.8908974Z test large_csv_records_match_c ... ok
linux-portability (ubuntu-24.04)	Native portability gate (debug and release)	2026-09-20T19:57:47.8912216Z test rewriting_record_does_not_count_a_read ... ok
linux-portability (ubuntu-24.04)	Native portability gate (debug and release)	2026-09-20T19:57:47.8915516Z test large_records_getline_and_rs_changes_match_c ... ok
linux-portability (ubuntu-24.04)	Native portability gate (debug and release)	2026-09-20T19:57:47.8945542Z test rs_changes_apply_to_unconsumed_input ... ok
linux-portability (ubuntu-24.04)	Native portability gate (debug and release)	2026-09-20T19:57:47.8945921Z 
linux-portability (ubuntu-24.04)	Native portability gate (debug and release)	2026-09-20T19:57:47.8946352Z test result: ok. 7 passed; 0 failed; 0 ignored; 0 measured; 0 filtered out; finished in 0.02s
linux-portability (ubuntu-24.04)	Native portability gate (debug and release)	2026-09-20T19:57:47.8947110Z 
linux-portability (ubuntu-24.04)	Native portability gate (debug and release)	2026-09-20T19:57:47.8948337Z      Running tests/language_contract.rs (target/release/deps/language_contract-e7a125480e4e2230)
linux-portability (ubuntu-24.04)	Native portability gate (debug and release)	2026-09-20T19:57:47.8958622Z 
linux-portability (ubuntu-24.04)	Native portability gate (debug and release)	2026-09-20T19:57:47.9029627Z running 7 tests
linux-portability (ubuntu-24.04)	Native portability gate (debug and release)	2026-09-20T19:57:47.9030022Z test array_reads_create_entries ... ok
linux-portability (ubuntu-24.04)	Native portability gate (debug and release)	2026-09-20T19:57:47.9031127Z test array_parameters_are_references ... ok
linux-portability (ubuntu-24.04)	Native portability gate (debug and release)	2026-09-20T19:57:47.9043018Z test convfmt_is_used_for_comparisons_fields_and_keys ... ok
linux-portability (ubuntu-24.04)	Native portability gate (debug and release)	2026-09-20T19:57:47.9044984Z test expressions_and_escapes ... ok
linux-portability (ubuntu-24.04)	Native portability gate (debug and release)	2026-09-20T19:57:47.9095855Z test numeric_and_string_values_keep_their_types ... ok
linux-portability (ubuntu-24.04)	Native portability gate (debug and release)	2026-09-20T19:57:47.9104592Z test range_patterns_and_empty_actions ... ok
linux-portability (ubuntu-24.04)	Native portability gate (debug and release)	2026-09-20T19:57:47.9113235Z test lvalue_indices_are_evaluated_once ... ok
linux-portability (ubuntu-24.04)	Native portability gate (debug and release)	2026-09-20T19:57:47.9113728Z 
linux-portability (ubuntu-24.04)	Native portability gate (debug and release)	2026-09-20T19:57:47.9114150Z test result: ok. 7 passed; 0 failed; 0 ignored; 0 measured; 0 filtered out; finished in 0.02s
linux-portability (ubuntu-24.04)	Native portability gate (debug and release)	2026-09-20T19:57:47.9114631Z 
linux-portability (ubuntu-24.04)	Native portability gate (debug and release)	2026-09-20T19:57:47.9115809Z      Running tests/legacy_locale.rs (target/release/deps/legacy_locale-e731d4d7581709ac)
linux-portability (ubuntu-24.04)	Native portability gate (debug and release)	2026-09-20T19:57:47.9125968Z 
linux-portability (ubuntu-24.04)	Native portability gate (debug and release)	2026-09-20T19:57:47.9126103Z running 6 tests
linux-portability (ubuntu-24.04)	Native portability gate (debug and release)	2026-09-20T19:57:47.9399453Z test byte_positions_ranges_splits_and_substitution_match_c ... ok
linux-portability (ubuntu-24.04)	Native portability gate (debug and release)	2026-09-20T19:57:47.9401026Z test every_nonzero_byte_case_conversion_matches_c ... ok
linux-portability (ubuntu-24.04)	Native portability gate (debug and release)	2026-09-20T19:57:47.9526752Z test nul_preservation_remains_an_explicit_rust_extension ... ok
linux-portability (ubuntu-24.04)	Native portability gate (debug and release)	2026-09-20T19:57:47.9611969Z test legacy_locale_selection_obeys_precedence_and_is_fixed_at_startup ... ok
linux-portability (ubuntu-24.04)	Native portability gate (debug and release)	2026-09-20T19:57:47.9654299Z test required_single_byte_locales_are_active ... ok
linux-portability (ubuntu-24.04)	Native portability gate (debug and release)	2026-09-20T19:57:48.2143011Z test every_nonzero_byte_in_each_posix_class_matches_c ... ok
linux-portability (ubuntu-24.04)	Native portability gate (debug and release)	2026-09-20T19:57:48.2143700Z 
linux-portability (ubuntu-24.04)	Native portability gate (debug and release)	2026-09-20T19:57:48.2144089Z test result: ok. 6 passed; 0 failed; 0 ignored; 0 measured; 0 filtered out; finished in 0.30s
linux-portability (ubuntu-24.04)	Native portability gate (debug and release)	2026-09-20T19:57:48.2144628Z 
linux-portability (ubuntu-24.04)	Native portability gate (debug and release)	2026-09-20T19:57:48.2145255Z      Running tests/runtime_contract.rs (target/release/deps/runtime_contract-a5b4f21c7a931b2a)
linux-portability (ubuntu-24.04)	Native portability gate (debug and release)	2026-09-20T19:57:48.2155559Z 
linux-portability (ubuntu-24.04)	Native portability gate (debug and release)	2026-09-20T19:57:48.2155735Z running 3 tests
linux-portability (ubuntu-24.04)	Native portability gate (debug and release)	2026-09-20T19:57:48.2223247Z test exit_executes_end_and_interrupts_expressions ... ok
linux-portability (ubuntu-24.04)	Native portability gate (debug and release)	2026-09-20T19:57:48.2224604Z test short_circuit_preserves_side_effects ... ok
linux-portability (ubuntu-24.04)	Native portability gate (debug and release)	2026-09-20T19:57:48.2225411Z test return_escapes_all_loop_forms ... ok
linux-portability (ubuntu-24.04)	Native portability gate (debug and release)	2026-09-20T19:57:48.2225711Z 
linux-portability (ubuntu-24.04)	Native portability gate (debug and release)	2026-09-20T19:57:48.2226124Z test result: ok. 3 passed; 0 failed; 0 ignored; 0 measured; 0 filtered out; finished in 0.01s
linux-portability (ubuntu-24.04)	Native portability gate (debug and release)	2026-09-20T19:57:48.2226664Z 
linux-portability (ubuntu-24.04)	Native portability gate (debug and release)	2026-09-20T19:57:48.2228209Z      Running tests/shift_jis.rs (target/release/deps/shift_jis-0d442740585f01dd)
linux-portability (ubuntu-24.04)	Native portability gate (debug and release)	2026-09-20T19:57:48.2238329Z 
linux-portability (ubuntu-24.04)	Native portability gate (debug and release)	2026-09-20T19:57:48.2238517Z running 12 tests
linux-portability (ubuntu-24.04)	Native portability gate (debug and release)	2026-09-20T19:57:48.2376053Z test conversion_failure_preserves_atomic_print_contract ... ok
linux-portability (ubuntu-24.04)	Native portability gate (debug and release)	2026-09-20T19:57:48.2377142Z test embedded_nul_preserves_the_rust_binary_extension ... ok
linux-portability (ubuntu-24.04)	Native portability gate (debug and release)	2026-09-20T19:57:48.2528248Z test decoded_character_with_unencodable_case_mapping_matches_c ... ok
linux-portability (ubuntu-24.04)	Native portability gate (debug and release)	2026-09-20T19:57:48.2625091Z test regex_rs_with_three_or_four_byte_structural_units_matches_c ... ok
linux-portability (ubuntu-24.04)	Native portability gate (debug and release)	2026-09-20T19:57:48.2747275Z test required_sjis_locale_has_observable_case_mapping ... ok
linux-portability (ubuntu-24.04)	Native portability gate (debug and release)	2026-09-20T19:57:48.3117308Z test record_separators_and_locale_precedence_match_c ... ok
linux-portability (ubuntu-24.04)	Native portability gate (debug and release)	2026-09-20T19:57:48.3245036Z test streaming_rs_keeps_binary_data_distinct_from_eof ... ok
linux-portability (ubuntu-24.04)	Native portability gate (debug and release)	2026-09-20T19:57:48.4599321Z test regex_rs_sjis_refill_across_input_buffers_and_getline_matches_c ... ok
linux-portability (ubuntu-24.04)	Native portability gate (debug and release)	2026-09-20T19:57:48.5145646Z test structural_units_regex_fields_and_formatting_match_c ... ok
linux-portability (ubuntu-24.04)	Native portability gate (debug and release)	2026-09-20T19:57:48.5977202Z test valid_case_conversion_and_truncated_suffixes_match_c ... ok
linux-portability (ubuntu-24.04)	Native portability gate (debug and release)	2026-09-20T19:57:50.4940103Z test regex_rs_refill_restart_longest_and_anchors_match_c ... ok
linux-portability (ubuntu-24.04)	Native portability gate (debug and release)	2026-09-20T19:57:57.6140992Z test single_bytes_and_lead_trail_boundaries_match_c ... ok
linux-portability (ubuntu-24.04)	Native portability gate (debug and release)	2026-09-20T19:57:57.6141370Z 
linux-portability (ubuntu-24.04)	Native portability gate (debug and release)	2026-09-20T19:57:57.6141649Z test result: ok. 12 passed; 0 failed; 0 ignored; 0 measured; 0 filtered out; finished in 9.39s
linux-portability (ubuntu-24.04)	Native portability gate (debug and release)	2026-09-20T19:57:57.6141999Z 
linux-portability (ubuntu-24.04)	Native portability gate (debug and release)	2026-09-20T19:57:57.6143872Z      Running tests/unicode_contract.rs (target/release/deps/unicode_contract-697b81754c79b22b)
linux-portability (ubuntu-24.04)	Native portability gate (debug and release)	2026-09-20T19:57:57.6154114Z 
linux-portability (ubuntu-24.04)	Native portability gate (debug and release)	2026-09-20T19:57:57.6154375Z running 12 tests
linux-portability (ubuntu-24.04)	Native portability gate (debug and release)	2026-09-20T19:57:57.6304067Z test binary_nul_extension_and_case_conversion_errors ... ok
linux-portability (ubuntu-24.04)	Native portability gate (debug and release)	2026-09-20T19:57:57.6454737Z test match_rhs_literals_and_dynamic_patterns_keep_their_distinct_evaluation ... ok
linux-portability (ubuntu-24.04)	Native portability gate (debug and release)	2026-09-20T19:57:57.6671663Z test repeated_matches_and_index_inside_a_multibyte_unit ... ok
linux-portability (ubuntu-24.04)	Native portability gate (debug and release)	2026-09-20T19:57:57.7019052Z test required_locales_are_active_in_both_interpreters ... ok
linux-portability (ubuntu-24.04)	Native portability gate (debug and release)	2026-09-20T19:57:57.7169166Z test locale_precedence_and_character_operations ... ok
linux-portability (ubuntu-24.04)	Native portability gate (debug and release)	2026-09-20T19:57:57.7455187Z test boolean_regex_search_preserves_rune_alignment_and_empty_matches ... ok
linux-portability (ubuntu-24.04)	Native portability gate (debug and release)	2026-09-20T19:57:57.7605394Z test substitution_expansion_preserves_prefixes_escapes_and_empty_matches ... ok
linux-portability (ubuntu-24.04)	Native portability gate (debug and release)	2026-09-20T19:57:57.7713935Z test unicode_formatting_and_source_escapes ... ok
linux-portability (ubuntu-24.04)	Native portability gate (debug and release)	2026-09-20T19:57:57.8121253Z test utf8_record_separators_across_buffers ... ok
linux-portability (ubuntu-24.04)	Native portability gate (debug and release)	2026-09-20T19:57:57.8362537Z test utf8_regex_empty_matches_and_mixed_bytes ... ok
linux-portability (ubuntu-24.04)	Native portability gate (debug and release)	2026-09-20T19:57:57.8593178Z test unicode_classes_ranges_and_anchors ... ok
linux-portability (ubuntu-24.04)	Native portability gate (debug and release)	2026-09-20T19:57:59.7086179Z test original_utf8_drivers ... ok
linux-portability (ubuntu-24.04)	Native portability gate (debug and release)	2026-09-20T19:57:59.7086501Z 
linux-portability (ubuntu-24.04)	Native portability gate (debug and release)	2026-09-20T19:57:59.7086777Z test result: ok. 12 passed; 0 failed; 0 ignored; 0 measured; 0 filtered out; finished in 2.09s
linux-portability (ubuntu-24.04)	Native portability gate (debug and release)	2026-09-20T19:57:59.7087117Z 
linux-portability (ubuntu-24.04)	Compare all native libc-valid Shift-JIS pairs	﻿2026-09-20T19:57:59.7156198Z ##[group]Run python3 scripts/shift_jis_platform_probe.py --output diary/shift-jis-platform-ci.json
linux-portability (ubuntu-24.04)	Compare all native libc-valid Shift-JIS pairs	2026-09-20T19:57:59.7156915Z [36;1mpython3 scripts/shift_jis_platform_probe.py --output diary/shift-jis-platform-ci.json[0m
linux-portability (ubuntu-24.04)	Compare all native libc-valid Shift-JIS pairs	2026-09-20T19:57:59.7195939Z shell: /usr/bin/bash -e {0}
linux-portability (ubuntu-24.04)	Compare all native libc-valid Shift-JIS pairs	2026-09-20T19:57:59.7196206Z env:
linux-portability (ubuntu-24.04)	Compare all native libc-valid Shift-JIS pairs	2026-09-20T19:57:59.7196401Z   LC_ALL: C
linux-portability (ubuntu-24.04)	Compare all native libc-valid Shift-JIS pairs	2026-09-20T19:57:59.7196606Z   CARGO_INCREMENTAL: 0
linux-portability (ubuntu-24.04)	Compare all native libc-valid Shift-JIS pairs	2026-09-20T19:57:59.7196848Z   RUSTUP_TOOLCHAIN: 1.96.0
linux-portability (ubuntu-24.04)	Compare all native libc-valid Shift-JIS pairs	2026-09-20T19:57:59.7197086Z ##[endgroup]
linux-portability (ubuntu-24.04)	Compare all native libc-valid Shift-JIS pairs	2026-09-20T19:57:59.9441867Z 6879 libc-valid double-byte pairs: upper/lower MATCH
linux-portability (ubuntu-24.04)	Inventory original drivers on this platform	﻿2026-09-20T19:57:59.9564064Z ##[group]Run python3 scripts/full_driver_audit.py --output diary/linux-driver-results-ci.json
linux-portability (ubuntu-24.04)	Inventory original drivers on this platform	2026-09-20T19:57:59.9564778Z [36;1mpython3 scripts/full_driver_audit.py --output diary/linux-driver-results-ci.json[0m
linux-portability (ubuntu-24.04)	Inventory original drivers on this platform	2026-09-20T19:57:59.9608978Z shell: /usr/bin/bash -e {0}
linux-portability (ubuntu-24.04)	Inventory original drivers on this platform	2026-09-20T19:57:59.9609380Z env:
linux-portability (ubuntu-24.04)	Inventory original drivers on this platform	2026-09-20T19:57:59.9609673Z   LC_ALL: C
linux-portability (ubuntu-24.04)	Inventory original drivers on this platform	2026-09-20T19:57:59.9609975Z   CARGO_INCREMENTAL: 0
linux-portability (ubuntu-24.04)	Inventory original drivers on this platform	2026-09-20T19:57:59.9610329Z   RUSTUP_TOOLCHAIN: 1.96.0
linux-portability (ubuntu-24.04)	Inventory original drivers on this platform	2026-09-20T19:57:59.9610678Z ##[endgroup]
linux-portability (ubuntu-24.04)	Inventory original drivers on this platform	2026-09-20T19:58:00.2267052Z T.-f-f pass 
linux-portability (ubuntu-24.04)	Inventory original drivers on this platform	2026-09-20T19:58:00.4788855Z T.argv pass 
linux-portability (ubuntu-24.04)	Inventory original drivers on this platform	2026-09-20T19:58:00.8794359Z T.arnold pass 
linux-portability (ubuntu-24.04)	Inventory original drivers on this platform	2026-09-20T19:58:01.5910048Z T.beebe pass 
linux-portability (ubuntu-24.04)	Inventory original drivers on this platform	2026-09-20T19:58:01.8040025Z T.builtin open BAD: T.builtin (rand)
linux-portability (ubuntu-24.04)	Inventory original drivers on this platform	2026-09-20T19:58:02.0889103Z T.chem pass 
linux-portability (ubuntu-24.04)	Inventory original drivers on this platform	2026-09-20T19:58:02.3887604Z T.close pass 
linux-portability (ubuntu-24.04)	Inventory original drivers on this platform	2026-09-20T19:58:02.6717591Z T.clv pass 
linux-portability (ubuntu-24.04)	Inventory original drivers on this platform	2026-09-20T19:58:02.8473832Z T.csconcat pass 
linux-portability (ubuntu-24.04)	Inventory original drivers on this platform	2026-09-20T19:58:03.1682279Z T.csv pass 
linux-portability (ubuntu-24.04)	Inventory original drivers on this platform	2026-09-20T19:58:03.3420330Z T.delete pass 
linux-portability (ubuntu-24.04)	Inventory original drivers on this platform	2026-09-20T19:58:03.7403363Z T.errmsg reference-failure BAD: illegal primary in regular expression failed BAD: illegal break, continue, next or nextfile from BEGIN failed BAD: illegal break, continue, next or nextfile from END failed BAD: nextfile is illegal inside a function failed BAD: nonterminated character class failed BAD: nonterminated character class failed BAD: nonterminated character cl
linux-portability (ubuntu-24.04)	Inventory original drivers on this platform	2026-09-20T19:58:04.6313854Z T.expr pass 
linux-portability (ubuntu-24.04)	Inventory original drivers on this platform	2026-09-20T19:58:04.8090638Z T.exprconv pass 
linux-portability (ubuntu-24.04)	Inventory original drivers on this platform	2026-09-20T19:58:05.0051706Z T.flags open T.flags: bad no program T.flags: bad can.t open program T.flags: bad can.t open program 2 T.flags: bad missing field separator
linux-portability (ubuntu-24.04)	Inventory original drivers on this platform	2026-09-20T19:58:05.3794506Z T.func pass 
linux-portability (ubuntu-24.04)	Inventory original drivers on this platform	2026-09-20T19:58:06.4434324Z T.gawk pass 
linux-portability (ubuntu-24.04)	Inventory original drivers on this platform	2026-09-20T19:58:06.6671674Z T.getline pass 
linux-portability (ubuntu-24.04)	Inventory original drivers on this platform	2026-09-20T19:58:06.8555642Z T.int-expr pass 
linux-portability (ubuntu-24.04)	Inventory original drivers on this platform	2026-09-20T19:58:07.0560902Z T.latin1 pass 
linux-portability (ubuntu-24.04)	Inventory original drivers on this platform	2026-09-20T19:58:08.0525165Z T.lilly pass 
linux-portability (ubuntu-24.04)	Inventory original drivers on this platform	2026-09-20T19:58:08.2441433Z T.main pass 
linux-portability (ubuntu-24.04)	Inventory original drivers on this platform	2026-09-20T19:58:08.7054642Z T.misc open BAD: T.misc split error BAD: T.misc hello error BAD: T.misc pile error BAD: T.misc gsub banana error BAD: T.misc sub banana error BAD: T.misc lineno BAD: T.misc can't open BAD: T.misc continuation line number BAD: T.misc syntax error line number �BAD: T.misc escape sequences in strings mishandled BAD: T.misc fcn args BAD: T.misc undefine
linux-portability (ubuntu-24.04)	Inventory original drivers on this platform	2026-09-20T19:58:09.0803410Z T.nextfile pass 
linux-portability (ubuntu-24.04)	Inventory original drivers on this platform	2026-09-20T19:58:09.6950576Z T.overflow pass 
linux-portability (ubuntu-24.04)	Inventory original drivers on this platform	2026-09-20T19:58:10.9933067Z T.re pass 
linux-portability (ubuntu-24.04)	Inventory original drivers on this platform	2026-09-20T19:58:11.1720124Z T.recache pass 
linux-portability (ubuntu-24.04)	Inventory original drivers on this platform	2026-09-20T19:58:11.3810484Z T.redir pass 
linux-portability (ubuntu-24.04)	Inventory original drivers on this platform	2026-09-20T19:58:11.6220031Z T.split pass 
linux-portability (ubuntu-24.04)	Inventory original drivers on this platform	2026-09-20T19:58:12.3574812Z T.sub pass 
linux-portability (ubuntu-24.04)	Inventory original drivers on this platform	2026-09-20T19:58:12.5349113Z T.system pass 
linux-portability (ubuntu-24.04)	Inventory original drivers on this platform	2026-09-20T19:58:13.3944376Z T.utf reference-failure test 1.3 failed test 1.4 failed test 1.5 failed test 1.6 failed test 1.7 failed test 1.8 failed test 1.9 failed test 1.10 failed test 1.11 failed test 1.12 failed test 1.13 failed test 1.14 failed test 1.15 failed test 1.16 failed test 1.17 failed test 1.18 failed test 1.19 failed test 1.20 failed test 1.21 fail
linux-portability (ubuntu-24.04)	Inventory original drivers on this platform	2026-09-20T19:58:14.3082772Z T.utfre reference-failure 43 fails ^λ.$ ~ λλ 51 fails ^.해 ~ め해 52 fails ^.해 ~ め해해 64 fails 해* ~  68 fails 해* ~ めめめめ 69 fails 해해* ~ 해 71 fails 해해* ~ め해 84 fails xθ+y ~ xθθy 85 fails xθ+y ~ xθθθθθθy 89 fails xθ?y ~ xy 92 fails θ?b?の? ~  93 fails θ?b?の? ~ x 106 fails [Α-Ω] !~ β 108 fails [^Α-Ω] ~ δ 119 fails [Α-ΔΦ-Ω] !~ Π 120 fails [Α-ΔΦ-Ω] !~ Σ
linux-portability (ubuntu-24.04)	Check original driver contracts and standard streams (debug and release)	﻿2026-09-20T19:58:14.3192999Z ##[group]Run python3 scripts/test_closure_contracts.py
linux-portability (ubuntu-24.04)	Check original driver contracts and standard streams (debug and release)	2026-09-20T19:58:14.3193420Z [36;1mpython3 scripts/test_closure_contracts.py[0m
linux-portability (ubuntu-24.04)	Check original driver contracts and standard streams (debug and release)	2026-09-20T19:58:14.3194038Z [36;1mfor profile in debug release; do[0m
linux-portability (ubuntu-24.04)	Check original driver contracts and standard streams (debug and release)	2026-09-20T19:58:14.3194733Z [36;1m  python3 scripts/full_driver_audit.py --rawk "target/$profile/rawk" --verified --check --output "diary/linux-drivers-verified-$profile-ci.json"[0m
linux-portability (ubuntu-24.04)	Check original driver contracts and standard streams (debug and release)	2026-09-20T19:58:14.3195645Z [36;1m  python3 scripts/linux_driver_probe.py --rawk "target/$profile/rawk" --check --output "diary/linux-driver-probe-$profile-ci.json"[0m
linux-portability (ubuntu-24.04)	Check original driver contracts and standard streams (debug and release)	2026-09-20T19:58:14.3196194Z [36;1mdone[0m
linux-portability (ubuntu-24.04)	Check original driver contracts and standard streams (debug and release)	2026-09-20T19:58:14.3234065Z shell: /usr/bin/bash -e {0}
linux-portability (ubuntu-24.04)	Check original driver contracts and standard streams (debug and release)	2026-09-20T19:58:14.3234326Z env:
linux-portability (ubuntu-24.04)	Check original driver contracts and standard streams (debug and release)	2026-09-20T19:58:14.3234518Z   LC_ALL: C
linux-portability (ubuntu-24.04)	Check original driver contracts and standard streams (debug and release)	2026-09-20T19:58:14.3234716Z   CARGO_INCREMENTAL: 0
linux-portability (ubuntu-24.04)	Check original driver contracts and standard streams (debug and release)	2026-09-20T19:58:14.3234953Z   RUSTUP_TOOLCHAIN: 1.96.0
linux-portability (ubuntu-24.04)	Check original driver contracts and standard streams (debug and release)	2026-09-20T19:58:14.3235186Z ##[endgroup]
linux-portability (ubuntu-24.04)	Check original driver contracts and standard streams (debug and release)	2026-09-20T19:58:14.3962977Z ..
linux-portability (ubuntu-24.04)	Check original driver contracts and standard streams (debug and release)	2026-09-20T19:58:14.3963652Z ----------------------------------------------------------------------
linux-portability (ubuntu-24.04)	Check original driver contracts and standard streams (debug and release)	2026-09-20T19:58:14.3964304Z Ran 2 tests in 0.013s
linux-portability (ubuntu-24.04)	Check original driver contracts and standard streams (debug and release)	2026-09-20T19:58:14.3964512Z 
linux-portability (ubuntu-24.04)	Check original driver contracts and standard streams (debug and release)	2026-09-20T19:58:14.3964632Z OK
linux-portability (ubuntu-24.04)	Check original driver contracts and standard streams (debug and release)	2026-09-20T19:58:14.6767215Z T.-f-f pass 
linux-portability (ubuntu-24.04)	Check original driver contracts and standard streams (debug and release)	2026-09-20T19:58:14.9596823Z T.argv pass 
linux-portability (ubuntu-24.04)	Check original driver contracts and standard streams (debug and release)	2026-09-20T19:58:15.3551194Z T.arnold pass 
linux-portability (ubuntu-24.04)	Check original driver contracts and standard streams (debug and release)	2026-09-20T19:58:16.4932624Z T.beebe pass 
linux-portability (ubuntu-24.04)	Check original driver contracts and standard streams (debug and release)	2026-09-20T19:58:17.3771180Z T.chem pass 
linux-portability (ubuntu-24.04)	Check original driver contracts and standard streams (debug and release)	2026-09-20T19:58:17.6797889Z T.close pass 
linux-portability (ubuntu-24.04)	Check original driver contracts and standard streams (debug and release)	2026-09-20T19:58:18.0118512Z T.clv pass 
linux-portability (ubuntu-24.04)	Check original driver contracts and standard streams (debug and release)	2026-09-20T19:58:18.2065489Z T.csconcat pass 
linux-portability (ubuntu-24.04)	Check original driver contracts and standard streams (debug and release)	2026-09-20T19:58:18.6056793Z T.csv pass 
linux-portability (ubuntu-24.04)	Check original driver contracts and standard streams (debug and release)	2026-09-20T19:58:18.7985775Z T.delete pass 
linux-portability (ubuntu-24.04)	Check original driver contracts and standard streams (debug and release)	2026-09-20T19:58:19.9112455Z T.expr pass 
linux-portability (ubuntu-24.04)	Check original driver contracts and standard streams (debug and release)	2026-09-20T19:58:20.1061015Z T.exprconv pass 
linux-portability (ubuntu-24.04)	Check original driver contracts and standard streams (debug and release)	2026-09-20T19:58:21.1902928Z T.func pass 
linux-portability (ubuntu-24.04)	Check original driver contracts and standard streams (debug and release)	2026-09-20T19:58:25.6091655Z T.gawk pass 
linux-portability (ubuntu-24.04)	Check original driver contracts and standard streams (debug and release)	2026-09-20T19:58:25.8616856Z T.getline pass 
linux-portability (ubuntu-24.04)	Check original driver contracts and standard streams (debug and release)	2026-09-20T19:58:26.0748419Z T.int-expr pass 
linux-portability (ubuntu-24.04)	Check original driver contracts and standard streams (debug and release)	2026-09-20T19:58:26.3071665Z T.latin1 pass 
linux-portability (ubuntu-24.04)	Check original driver contracts and standard streams (debug and release)	2026-09-20T19:58:27.5565639Z T.lilly pass 
linux-portability (ubuntu-24.04)	Check original driver contracts and standard streams (debug and release)	2026-09-20T19:58:27.7688473Z T.main pass 
linux-portability (ubuntu-24.04)	Check original driver contracts and standard streams (debug and release)	2026-09-20T19:58:28.1799412Z T.nextfile pass 
linux-portability (ubuntu-24.04)	Check original driver contracts and standard streams (debug and release)	2026-09-20T19:58:29.8550335Z T.overflow pass 
linux-portability (ubuntu-24.04)	Check original driver contracts and standard streams (debug and release)	2026-09-20T19:58:31.8264354Z T.re pass 
linux-portability (ubuntu-24.04)	Check original driver contracts and standard streams (debug and release)	2026-09-20T19:58:32.0292267Z T.recache pass 
linux-portability (ubuntu-24.04)	Check original driver contracts and standard streams (debug and release)	2026-09-20T19:58:32.2648178Z T.redir pass 
linux-portability (ubuntu-24.04)	Check original driver contracts and standard streams (debug and release)	2026-09-20T19:58:32.5802484Z T.split pass 
linux-portability (ubuntu-24.04)	Check original driver contracts and standard streams (debug and release)	2026-09-20T19:58:33.9537786Z T.sub pass 
linux-portability (ubuntu-24.04)	Check original driver contracts and standard streams (debug and release)	2026-09-20T19:58:34.1489980Z T.system pass 
linux-portability (ubuntu-24.04)	Check original driver contracts and standard streams (debug and release)	2026-09-20T19:58:35.6727649Z Darwin contract mismatches: ['T.errmsg/49', 'T.errmsg/50']
linux-portability (ubuntu-24.04)	Check original driver contracts and standard streams (debug and release)	2026-09-20T19:58:35.6728295Z Native contract mismatches: []
linux-portability (ubuntu-24.04)	Check original driver contracts and standard streams (debug and release)	2026-09-20T19:58:35.9324979Z T.-f-f pass 
linux-portability (ubuntu-24.04)	Check original driver contracts and standard streams (debug and release)	2026-09-20T19:58:36.1701211Z T.argv pass 
linux-portability (ubuntu-24.04)	Check original driver contracts and standard streams (debug and release)	2026-09-20T19:58:36.5289575Z T.arnold pass 
linux-portability (ubuntu-24.04)	Check original driver contracts and standard streams (debug and release)	2026-09-20T19:58:37.1737993Z T.beebe pass 
linux-portability (ubuntu-24.04)	Check original driver contracts and standard streams (debug and release)	2026-09-20T19:58:37.4560411Z T.chem pass 
linux-portability (ubuntu-24.04)	Check original driver contracts and standard streams (debug and release)	2026-09-20T19:58:37.7333156Z T.close pass 
linux-portability (ubuntu-24.04)	Check original driver contracts and standard streams (debug and release)	2026-09-20T19:58:38.0126339Z T.clv pass 
linux-portability (ubuntu-24.04)	Check original driver contracts and standard streams (debug and release)	2026-09-20T19:58:38.1886161Z T.csconcat pass 
linux-portability (ubuntu-24.04)	Check original driver contracts and standard streams (debug and release)	2026-09-20T19:58:38.5071891Z T.csv pass 
linux-portability (ubuntu-24.04)	Check original driver contracts and standard streams (debug and release)	2026-09-20T19:58:38.6816134Z T.delete pass 
linux-portability (ubuntu-24.04)	Check original driver contracts and standard streams (debug and release)	2026-09-20T19:58:39.5688282Z T.expr pass 
linux-portability (ubuntu-24.04)	Check original driver contracts and standard streams (debug and release)	2026-09-20T19:58:39.7436143Z T.exprconv pass 
linux-portability (ubuntu-24.04)	Check original driver contracts and standard streams (debug and release)	2026-09-20T19:58:40.1128601Z T.func pass 
linux-portability (ubuntu-24.04)	Check original driver contracts and standard streams (debug and release)	2026-09-20T19:58:41.1739423Z T.gawk pass 
linux-portability (ubuntu-24.04)	Check original driver contracts and standard streams (debug and release)	2026-09-20T19:58:41.3952615Z T.getline pass 
linux-portability (ubuntu-24.04)	Check original driver contracts and standard streams (debug and release)	2026-09-20T19:58:41.5797896Z T.int-expr pass 
linux-portability (ubuntu-24.04)	Check original driver contracts and standard streams (debug and release)	2026-09-20T19:58:41.7787343Z T.latin1 pass 
linux-portability (ubuntu-24.04)	Check original driver contracts and standard streams (debug and release)	2026-09-20T19:58:42.7717259Z T.lilly pass 
linux-portability (ubuntu-24.04)	Check original driver contracts and standard streams (debug and release)	2026-09-20T19:58:42.9637287Z T.main pass 
linux-portability (ubuntu-24.04)	Check original driver contracts and standard streams (debug and release)	2026-09-20T19:58:43.3361879Z T.nextfile pass 
linux-portability (ubuntu-24.04)	Check original driver contracts and standard streams (debug and release)	2026-09-20T19:58:43.9481317Z T.overflow pass 
linux-portability (ubuntu-24.04)	Check original driver contracts and standard streams (debug and release)	2026-09-20T19:58:45.2478113Z T.re pass 
linux-portability (ubuntu-24.04)	Check original driver contracts and standard streams (debug and release)	2026-09-20T19:58:45.4306738Z T.recache pass 
linux-portability (ubuntu-24.04)	Check original driver contracts and standard streams (debug and release)	2026-09-20T19:58:45.6428876Z T.redir pass 
linux-portability (ubuntu-24.04)	Check original driver contracts and standard streams (debug and release)	2026-09-20T19:58:45.8862235Z T.split pass 
linux-portability (ubuntu-24.04)	Check original driver contracts and standard streams (debug and release)	2026-09-20T19:58:46.6238108Z T.sub pass 
linux-portability (ubuntu-24.04)	Check original driver contracts and standard streams (debug and release)	2026-09-20T19:58:46.8016218Z T.system pass 
linux-portability (ubuntu-24.04)	Check original driver contracts and standard streams (debug and release)	2026-09-20T19:58:47.8425249Z Darwin contract mismatches: ['T.errmsg/49', 'T.errmsg/50']
linux-portability (ubuntu-24.04)	Check original driver contracts and standard streams (debug and release)	2026-09-20T19:58:47.8425884Z Native contract mismatches: []
linux-portability (ubuntu-24.04)	Retain platform evidence	﻿2026-09-20T19:58:47.8588224Z Node 20 is being deprecated. This workflow is running with Node 24 by default. If you need to temporarily use Node 20, you can set the ACTIONS_ALLOW_USE_UNSECURE_NODE_VERSION=true environment variable. For more information see: https://github.blog/changelog/2025-09-19-deprecation-of-node-20-on-github-actions-runners/
linux-portability (ubuntu-24.04)	Retain platform evidence	2026-09-20T19:58:47.8590193Z ##[group]Run actions/upload-artifact@ea165f8d65b6e75b540449e92b4886f43607fa02
linux-portability (ubuntu-24.04)	Retain platform evidence	2026-09-20T19:58:47.8590579Z with:
linux-portability (ubuntu-24.04)	Retain platform evidence	2026-09-20T19:58:47.8590809Z   name: portability-ubuntu-24.04
linux-portability (ubuntu-24.04)	Retain platform evidence	2026-09-20T19:58:47.8591848Z   path: rawk/diary/shift-jis-platform-ci.json
linux-portability (ubuntu-24.04)	Retain platform evidence	rawk/diary/shift-jis-locale-ci.log
linux-portability (ubuntu-24.04)	Retain platform evidence	rawk/diary/format-platform-ci.json
linux-portability (ubuntu-24.04)	Retain platform evidence	rawk/diary/portability-ci.log
linux-portability (ubuntu-24.04)	Retain platform evidence	rawk/diary/linux-driver-results-ci.json
linux-portability (ubuntu-24.04)	Retain platform evidence	rawk/diary/linux-driver-probe-*-ci.json
linux-portability (ubuntu-24.04)	Retain platform evidence	rawk/diary/linux-drivers-verified-*-ci.json
linux-portability (ubuntu-24.04)	Retain platform evidence	
linux-portability (ubuntu-24.04)	Retain platform evidence	2026-09-20T19:58:47.8592881Z   if-no-files-found: error
linux-portability (ubuntu-24.04)	Retain platform evidence	2026-09-20T19:58:47.8593126Z   compression-level: 6
linux-portability (ubuntu-24.04)	Retain platform evidence	2026-09-20T19:58:47.8593341Z   overwrite: false
linux-portability (ubuntu-24.04)	Retain platform evidence	2026-09-20T19:58:47.8593690Z   include-hidden-files: false
linux-portability (ubuntu-24.04)	Retain platform evidence	2026-09-20T19:58:47.8593953Z env:
linux-portability (ubuntu-24.04)	Retain platform evidence	2026-09-20T19:58:47.8594131Z   LC_ALL: C
linux-portability (ubuntu-24.04)	Retain platform evidence	2026-09-20T19:58:47.8594324Z   CARGO_INCREMENTAL: 0
linux-portability (ubuntu-24.04)	Retain platform evidence	2026-09-20T19:58:47.8594545Z   RUSTUP_TOOLCHAIN: 1.96.0
linux-portability (ubuntu-24.04)	Retain platform evidence	2026-09-20T19:58:47.8594776Z ##[endgroup]
linux-portability (ubuntu-24.04)	Retain platform evidence	2026-09-20T19:58:48.0246401Z (node:51042) [DEP0040] DeprecationWarning: The `punycode` module is deprecated. Please use a userland alternative instead.
linux-portability (ubuntu-24.04)	Retain platform evidence	2026-09-20T19:58:48.0247176Z (Use `node --trace-deprecation ...` to show where the warning was created)
linux-portability (ubuntu-24.04)	Retain platform evidence	2026-09-20T19:58:48.0376235Z With the provided path, there will be 9 files uploaded
linux-portability (ubuntu-24.04)	Retain platform evidence	2026-09-20T19:58:48.0381487Z Artifact name is valid!
linux-portability (ubuntu-24.04)	Retain platform evidence	2026-09-20T19:58:48.0382585Z Root directory input is valid!
linux-portability (ubuntu-24.04)	Retain platform evidence	2026-09-20T19:58:48.2847542Z Beginning upload of artifact content to blob storage
linux-portability (ubuntu-24.04)	Retain platform evidence	2026-09-20T19:58:48.3298986Z (node:51042) [DEP0169] DeprecationWarning: `url.parse()` behavior is not standardized and prone to errors that have security implications. Use the WHATWG URL API instead. CVEs are not issued for `url.parse()` vulnerabilities.
linux-portability (ubuntu-24.04)	Retain platform evidence	2026-09-20T19:58:48.5398402Z Uploaded bytes 99365
linux-portability (ubuntu-24.04)	Retain platform evidence	2026-09-20T19:58:48.5778643Z Finished uploading artifact content to blob storage!
linux-portability (ubuntu-24.04)	Retain platform evidence	2026-09-20T19:58:48.5779820Z SHA256 digest of uploaded artifact zip is 36436fa36da03308de3c8a2f31855d5089de4329b18579df4a396cf4f19fb3d9
linux-portability (ubuntu-24.04)	Retain platform evidence	2026-09-20T19:58:48.5781460Z Finalizing artifact upload
linux-portability (ubuntu-24.04)	Retain platform evidence	2026-09-20T19:58:48.7755046Z Artifact portability-ubuntu-24.04.zip successfully finalized. Artifact ID 10612462172
linux-portability (ubuntu-24.04)	Retain platform evidence	2026-09-20T19:58:48.7756423Z Artifact portability-ubuntu-24.04 has been successfully uploaded! Final size is 99365 bytes. Artifact ID is 10612462172
linux-portability (ubuntu-24.04)	Retain platform evidence	2026-09-20T19:58:48.7764417Z Artifact download URL: https://github.com/francescotinti/rawk/actions/runs/35533876697/artifacts/10612462172
linux-portability (ubuntu-24.04)	Post Run actions/checkout@11bd71901bbe5b1630ceea73d27597364c9af683	﻿2026-09-20T19:58:48.7967448Z Node 20 is being deprecated. This workflow is running with Node 24 by default. If you need to temporarily use Node 20, you can set the ACTIONS_ALLOW_USE_UNSECURE_NODE_VERSION=true environment variable. For more information see: https://github.blog/changelog/2025-09-19-deprecation-of-node-20-on-github-actions-runners/
linux-portability (ubuntu-24.04)	Post Run actions/checkout@11bd71901bbe5b1630ceea73d27597364c9af683	2026-09-20T19:58:48.7968634Z Post job cleanup.
linux-portability (ubuntu-24.04)	Post Run actions/checkout@11bd71901bbe5b1630ceea73d27597364c9af683	2026-09-20T19:58:48.8829656Z [command]/usr/bin/git version
linux-portability (ubuntu-24.04)	Post Run actions/checkout@11bd71901bbe5b1630ceea73d27597364c9af683	2026-09-20T19:58:48.8870457Z git version 2.55.0
linux-portability (ubuntu-24.04)	Post Run actions/checkout@11bd71901bbe5b1630ceea73d27597364c9af683	2026-09-20T19:58:48.8906514Z Temporarily overriding HOME='/home/runner/work/_temp/7e49a8d1-132e-4cd7-8b5a-b52fa890635c' before making global git config changes
linux-portability (ubuntu-24.04)	Post Run actions/checkout@11bd71901bbe5b1630ceea73d27597364c9af683	2026-09-20T19:58:48.8907800Z Adding repository directory to the temporary git global config as a safe directory
linux-portability (ubuntu-24.04)	Post Run actions/checkout@11bd71901bbe5b1630ceea73d27597364c9af683	2026-09-20T19:58:48.8911344Z [command]/usr/bin/git config --global --add safe.directory /home/runner/work/rawk/rawk/rawk
linux-portability (ubuntu-24.04)	Post Run actions/checkout@11bd71901bbe5b1630ceea73d27597364c9af683	2026-09-20T19:58:48.8949872Z [command]/usr/bin/git config --local --name-only --get-regexp core\.sshCommand
linux-portability (ubuntu-24.04)	Post Run actions/checkout@11bd71901bbe5b1630ceea73d27597364c9af683	2026-09-20T19:58:48.8990689Z [command]/usr/bin/git submodule foreach --recursive sh -c "git config --local --name-only --get-regexp 'core\.sshCommand' && git config --local --unset-all 'core.sshCommand' || :"
linux-portability (ubuntu-24.04)	Post Run actions/checkout@11bd71901bbe5b1630ceea73d27597364c9af683	2026-09-20T19:58:48.9202616Z [command]/usr/bin/git config --local --name-only --get-regexp http\.https\:\/\/github\.com\/\.extraheader
linux-portability (ubuntu-24.04)	Post Run actions/checkout@11bd71901bbe5b1630ceea73d27597364c9af683	2026-09-20T19:58:48.9231925Z http.https://github.com/.extraheader
linux-portability (ubuntu-24.04)	Post Run actions/checkout@11bd71901bbe5b1630ceea73d27597364c9af683	2026-09-20T19:58:48.9242813Z [command]/usr/bin/git config --local --unset-all http.https://github.com/.extraheader
linux-portability (ubuntu-24.04)	Post Run actions/checkout@11bd71901bbe5b1630ceea73d27597364c9af683	2026-09-20T19:58:48.9276865Z [command]/usr/bin/git submodule foreach --recursive sh -c "git config --local --name-only --get-regexp 'http\.https\:\/\/github\.com\/\.extraheader' && git config --local --unset-all 'http.https://github.com/.extraheader' || :"
linux-portability (ubuntu-24.04)	Complete job	﻿2026-09-20T19:58:48.9694359Z Cleaning up orphan processes
linux-portability (ubuntu-24.04)	Complete job	2026-09-20T19:58:49.0174093Z ##[warning]Node.js 20 is deprecated. The following actions target Node.js 20 but are being forced to run on Node.js 24: actions/checkout@11bd71901bbe5b1630ceea73d27597364c9af683, actions/upload-artifact@ea165f8d65b6e75b540449e92b4886f43607fa02. For more information see: https://github.blog/changelog/2025-09-19-deprecation-of-node-20-on-github-actions-runners/
