compatibility	Set up job	﻿2026-09-20T11:29:15.7790660Z Current runner version: '2.337.0'
compatibility	Set up job	2026-09-20T11:29:15.7812010Z ##[group]Runner Image Provisioner
compatibility	Set up job	2026-09-20T11:29:15.7812810Z Hosted Compute Agent
compatibility	Set up job	2026-09-20T11:29:15.7813340Z Version: 20260828.587
compatibility	Set up job	2026-09-20T11:29:15.7813770Z Commit: abac92662cab4cc7352de4f9f9d2e2419aad9c29
compatibility	Set up job	2026-09-20T11:29:15.7814280Z Build Date: 2026-08-28T16:44:25Z
compatibility	Set up job	2026-09-20T11:29:15.7814780Z Worker ID: {dcc644fe-6dbc-4271-a08f-113be2a53f41}
compatibility	Set up job	2026-09-20T11:29:15.7815330Z Azure Region: westus
compatibility	Set up job	2026-09-20T11:29:15.7815820Z ##[endgroup]
compatibility	Set up job	2026-09-20T11:29:15.7817230Z ##[group]Operating System
compatibility	Set up job	2026-09-20T11:29:15.7817700Z macOS
compatibility	Set up job	2026-09-20T11:29:15.7818040Z 15.7.9
compatibility	Set up job	2026-09-20T11:29:15.7818470Z 24G830
compatibility	Set up job	2026-09-20T11:29:15.7818850Z ##[endgroup]
compatibility	Set up job	2026-09-20T11:29:15.7819250Z ##[group]Runner Image
compatibility	Set up job	2026-09-20T11:29:15.7819630Z Image: macos-15-arm64
compatibility	Set up job	2026-09-20T11:29:15.7820100Z Version: 20260907.0337.1
compatibility	Set up job	2026-09-20T11:29:15.7820900Z Included Software: https://github.com/actions/runner-images/blob/macos-15-arm64/20260907.0337/images/macos/macos-15-arm64-Readme.md
compatibility	Set up job	2026-09-20T11:29:15.7822200Z Image Release: https://github.com/actions/runner-images/releases/tag/macos-15-arm64%2F20260907.0337
compatibility	Set up job	2026-09-20T11:29:15.7822870Z ##[endgroup]
compatibility	Set up job	2026-09-20T11:29:15.7823720Z ##[group]GITHUB_TOKEN Permissions
compatibility	Set up job	2026-09-20T11:29:15.7826530Z Contents: read
compatibility	Set up job	2026-09-20T11:29:15.7826990Z Metadata: read
compatibility	Set up job	2026-09-20T11:29:15.7827390Z ##[endgroup]
compatibility	Set up job	2026-09-20T11:29:15.7829170Z Secret source: Actions
compatibility	Set up job	2026-09-20T11:29:15.7829790Z Cache mode: write
compatibility	Set up job	2026-09-20T11:29:15.7830240Z Prepare workflow directory
compatibility	Set up job	2026-09-20T11:29:15.8193680Z Prepare all required actions
compatibility	Set up job	2026-09-20T11:29:15.8235470Z Getting action download info
compatibility	Set up job	2026-09-20T11:29:16.0323010Z Download action repository 'actions/checkout@11bd71901bbe5b1630ceea73d27597364c9af683' (SHA:11bd71901bbe5b1630ceea73d27597364c9af683)
compatibility	Set up job	2026-09-20T11:29:16.5694090Z Download action repository 'actions/upload-artifact@ea165f8d65b6e75b540449e92b4886f43607fa02' (SHA:ea165f8d65b6e75b540449e92b4886f43607fa02)
compatibility	Set up job	2026-09-20T11:29:16.8820450Z Complete job name: compatibility
compatibility	Run actions/checkout@11bd71901bbe5b1630ceea73d27597364c9af683	﻿2026-09-20T11:29:16.9462400Z Node 20 is being deprecated. This workflow is running with Node 24 by default. If you need to temporarily use Node 20, you can set the ACTIONS_ALLOW_USE_UNSECURE_NODE_VERSION=true environment variable. For more information see: https://github.blog/changelog/2025-09-19-deprecation-of-node-20-on-github-actions-runners/
compatibility	Run actions/checkout@11bd71901bbe5b1630ceea73d27597364c9af683	2026-09-20T11:29:16.9486420Z ##[group]Run actions/checkout@11bd71901bbe5b1630ceea73d27597364c9af683
compatibility	Run actions/checkout@11bd71901bbe5b1630ceea73d27597364c9af683	2026-09-20T11:29:16.9489990Z with:
compatibility	Run actions/checkout@11bd71901bbe5b1630ceea73d27597364c9af683	2026-09-20T11:29:16.9491140Z   path: rawk
compatibility	Run actions/checkout@11bd71901bbe5b1630ceea73d27597364c9af683	2026-09-20T11:29:16.9492470Z   repository: francescotinti/rawk
compatibility	Run actions/checkout@11bd71901bbe5b1630ceea73d27597364c9af683	2026-09-20T11:29:16.9500330Z   token: ***
compatibility	Run actions/checkout@11bd71901bbe5b1630ceea73d27597364c9af683	2026-09-20T11:29:16.9501860Z   ssh-strict: true
compatibility	Run actions/checkout@11bd71901bbe5b1630ceea73d27597364c9af683	2026-09-20T11:29:16.9502570Z   ssh-user: git
compatibility	Run actions/checkout@11bd71901bbe5b1630ceea73d27597364c9af683	2026-09-20T11:29:16.9503760Z   persist-credentials: true
compatibility	Run actions/checkout@11bd71901bbe5b1630ceea73d27597364c9af683	2026-09-20T11:29:16.9505460Z   clean: true
compatibility	Run actions/checkout@11bd71901bbe5b1630ceea73d27597364c9af683	2026-09-20T11:29:16.9506860Z   sparse-checkout-cone-mode: true
compatibility	Run actions/checkout@11bd71901bbe5b1630ceea73d27597364c9af683	2026-09-20T11:29:16.9508540Z   fetch-depth: 1
compatibility	Run actions/checkout@11bd71901bbe5b1630ceea73d27597364c9af683	2026-09-20T11:29:16.9510870Z   fetch-tags: false
compatibility	Run actions/checkout@11bd71901bbe5b1630ceea73d27597364c9af683	2026-09-20T11:29:16.9511430Z   show-progress: true
compatibility	Run actions/checkout@11bd71901bbe5b1630ceea73d27597364c9af683	2026-09-20T11:29:16.9512030Z   lfs: false
compatibility	Run actions/checkout@11bd71901bbe5b1630ceea73d27597364c9af683	2026-09-20T11:29:16.9512360Z   submodules: false
compatibility	Run actions/checkout@11bd71901bbe5b1630ceea73d27597364c9af683	2026-09-20T11:29:16.9512780Z   set-safe-directory: true
compatibility	Run actions/checkout@11bd71901bbe5b1630ceea73d27597364c9af683	2026-09-20T11:29:16.9514120Z env:
compatibility	Run actions/checkout@11bd71901bbe5b1630ceea73d27597364c9af683	2026-09-20T11:29:16.9514870Z   LC_ALL: C
compatibility	Run actions/checkout@11bd71901bbe5b1630ceea73d27597364c9af683	2026-09-20T11:29:16.9515220Z   CARGO_INCREMENTAL: 0
compatibility	Run actions/checkout@11bd71901bbe5b1630ceea73d27597364c9af683	2026-09-20T11:29:16.9515580Z   RUSTUP_TOOLCHAIN: 1.96.0
compatibility	Run actions/checkout@11bd71901bbe5b1630ceea73d27597364c9af683	2026-09-20T11:29:16.9515930Z ##[endgroup]
compatibility	Run actions/checkout@11bd71901bbe5b1630ceea73d27597364c9af683	2026-09-20T11:29:17.4522530Z Syncing repository: francescotinti/rawk
compatibility	Run actions/checkout@11bd71901bbe5b1630ceea73d27597364c9af683	2026-09-20T11:29:17.4525640Z ##[group]Getting Git version info
compatibility	Run actions/checkout@11bd71901bbe5b1630ceea73d27597364c9af683	2026-09-20T11:29:17.4526250Z Working directory is '/Users/runner/work/rawk/rawk/rawk'
compatibility	Run actions/checkout@11bd71901bbe5b1630ceea73d27597364c9af683	2026-09-20T11:29:17.4527400Z [command]/opt/homebrew/bin/git version
compatibility	Run actions/checkout@11bd71901bbe5b1630ceea73d27597364c9af683	2026-09-20T11:29:17.5080980Z git version 2.55.0
compatibility	Run actions/checkout@11bd71901bbe5b1630ceea73d27597364c9af683	2026-09-20T11:29:17.5098530Z ##[endgroup]
compatibility	Run actions/checkout@11bd71901bbe5b1630ceea73d27597364c9af683	2026-09-20T11:29:17.5105020Z Copying '/Users/runner/.gitconfig' to '/Users/runner/work/_temp/80406237-190a-4503-9fc6-b5a6b44db622/.gitconfig'
compatibility	Run actions/checkout@11bd71901bbe5b1630ceea73d27597364c9af683	2026-09-20T11:29:17.5128150Z Temporarily overriding HOME='/Users/runner/work/_temp/80406237-190a-4503-9fc6-b5a6b44db622' before making global git config changes
compatibility	Run actions/checkout@11bd71901bbe5b1630ceea73d27597364c9af683	2026-09-20T11:29:17.5143880Z Adding repository directory to the temporary git global config as a safe directory
compatibility	Run actions/checkout@11bd71901bbe5b1630ceea73d27597364c9af683	2026-09-20T11:29:17.5145290Z [command]/opt/homebrew/bin/git config --global --add safe.directory /Users/runner/work/rawk/rawk/rawk
compatibility	Run actions/checkout@11bd71901bbe5b1630ceea73d27597364c9af683	2026-09-20T11:29:17.5244210Z ##[group]Initializing the repository
compatibility	Run actions/checkout@11bd71901bbe5b1630ceea73d27597364c9af683	2026-09-20T11:29:17.5248620Z [command]/opt/homebrew/bin/git init /Users/runner/work/rawk/rawk/rawk
compatibility	Run actions/checkout@11bd71901bbe5b1630ceea73d27597364c9af683	2026-09-20T11:29:17.5521060Z hint: Using 'master' as the name for the initial branch. This default branch name
compatibility	Run actions/checkout@11bd71901bbe5b1630ceea73d27597364c9af683	2026-09-20T11:29:17.5522520Z hint: will change to "main" in Git 3.0. To configure the initial branch name
compatibility	Run actions/checkout@11bd71901bbe5b1630ceea73d27597364c9af683	2026-09-20T11:29:17.5524260Z hint: to use in all of your new repositories, which will suppress this warning,
compatibility	Run actions/checkout@11bd71901bbe5b1630ceea73d27597364c9af683	2026-09-20T11:29:17.5524920Z hint: call:
compatibility	Run actions/checkout@11bd71901bbe5b1630ceea73d27597364c9af683	2026-09-20T11:29:17.5525240Z hint:
compatibility	Run actions/checkout@11bd71901bbe5b1630ceea73d27597364c9af683	2026-09-20T11:29:17.5525680Z hint: 	git config --global init.defaultBranch <name>
compatibility	Run actions/checkout@11bd71901bbe5b1630ceea73d27597364c9af683	2026-09-20T11:29:17.5526160Z hint:
compatibility	Run actions/checkout@11bd71901bbe5b1630ceea73d27597364c9af683	2026-09-20T11:29:17.5526800Z hint: Names commonly chosen instead of 'master' are 'main', 'trunk' and
compatibility	Run actions/checkout@11bd71901bbe5b1630ceea73d27597364c9af683	2026-09-20T11:29:17.5527680Z hint: 'development'. The just-created branch can be renamed via this command:
compatibility	Run actions/checkout@11bd71901bbe5b1630ceea73d27597364c9af683	2026-09-20T11:29:17.5528350Z hint:
compatibility	Run actions/checkout@11bd71901bbe5b1630ceea73d27597364c9af683	2026-09-20T11:29:17.5528690Z hint: 	git branch -m <name>
compatibility	Run actions/checkout@11bd71901bbe5b1630ceea73d27597364c9af683	2026-09-20T11:29:17.5529090Z hint:
compatibility	Run actions/checkout@11bd71901bbe5b1630ceea73d27597364c9af683	2026-09-20T11:29:17.5529610Z hint: Disable this message with "git config set advice.defaultBranchName false"
compatibility	Run actions/checkout@11bd71901bbe5b1630ceea73d27597364c9af683	2026-09-20T11:29:17.5530520Z Initialized empty Git repository in /Users/runner/work/rawk/rawk/rawk/.git/
compatibility	Run actions/checkout@11bd71901bbe5b1630ceea73d27597364c9af683	2026-09-20T11:29:17.5532510Z [command]/opt/homebrew/bin/git remote add origin https://github.com/francescotinti/rawk
compatibility	Run actions/checkout@11bd71901bbe5b1630ceea73d27597364c9af683	2026-09-20T11:29:17.5603170Z ##[endgroup]
compatibility	Run actions/checkout@11bd71901bbe5b1630ceea73d27597364c9af683	2026-09-20T11:29:17.5605590Z ##[group]Disabling automatic garbage collection
compatibility	Run actions/checkout@11bd71901bbe5b1630ceea73d27597364c9af683	2026-09-20T11:29:17.5607140Z [command]/opt/homebrew/bin/git config --local gc.auto 0
compatibility	Run actions/checkout@11bd71901bbe5b1630ceea73d27597364c9af683	2026-09-20T11:29:17.5706720Z ##[endgroup]
compatibility	Run actions/checkout@11bd71901bbe5b1630ceea73d27597364c9af683	2026-09-20T11:29:17.5710900Z ##[group]Setting up auth
compatibility	Run actions/checkout@11bd71901bbe5b1630ceea73d27597364c9af683	2026-09-20T11:29:17.5718510Z [command]/opt/homebrew/bin/git config --local --name-only --get-regexp core\.sshCommand
compatibility	Run actions/checkout@11bd71901bbe5b1630ceea73d27597364c9af683	2026-09-20T11:29:17.5845000Z [command]/opt/homebrew/bin/git submodule foreach --recursive sh -c "git config --local --name-only --get-regexp 'core\.sshCommand' && git config --local --unset-all 'core.sshCommand' || :"
compatibility	Run actions/checkout@11bd71901bbe5b1630ceea73d27597364c9af683	2026-09-20T11:29:17.7231650Z [command]/opt/homebrew/bin/git config --local --name-only --get-regexp http\.https\:\/\/github\.com\/\.extraheader
compatibility	Run actions/checkout@11bd71901bbe5b1630ceea73d27597364c9af683	2026-09-20T11:29:17.7295440Z [command]/opt/homebrew/bin/git submodule foreach --recursive sh -c "git config --local --name-only --get-regexp 'http\.https\:\/\/github\.com\/\.extraheader' && git config --local --unset-all 'http.https://github.com/.extraheader' || :"
compatibility	Run actions/checkout@11bd71901bbe5b1630ceea73d27597364c9af683	2026-09-20T11:29:17.8261160Z [command]/opt/homebrew/bin/git config --local http.https://github.com/.extraheader AUTHORIZATION: basic ***
compatibility	Run actions/checkout@11bd71901bbe5b1630ceea73d27597364c9af683	2026-09-20T11:29:17.8319400Z ##[endgroup]
compatibility	Run actions/checkout@11bd71901bbe5b1630ceea73d27597364c9af683	2026-09-20T11:29:17.8320510Z ##[group]Fetching the repository
compatibility	Run actions/checkout@11bd71901bbe5b1630ceea73d27597364c9af683	2026-09-20T11:29:17.8324810Z [command]/opt/homebrew/bin/git -c protocol.version=2 fetch --no-tags --prune --no-recurse-submodules --depth=1 origin +a1186164dc452d47f8623ff19b582730c48c19c5:refs/remotes/origin/master
compatibility	Run actions/checkout@11bd71901bbe5b1630ceea73d27597364c9af683	2026-09-20T11:29:18.6717430Z From https://github.com/francescotinti/rawk
compatibility	Run actions/checkout@11bd71901bbe5b1630ceea73d27597364c9af683	2026-09-20T11:29:18.6819900Z  * [new ref]         a1186164dc452d47f8623ff19b582730c48c19c5 -> origin/master
compatibility	Run actions/checkout@11bd71901bbe5b1630ceea73d27597364c9af683	2026-09-20T11:29:18.6824090Z ##[endgroup]
compatibility	Run actions/checkout@11bd71901bbe5b1630ceea73d27597364c9af683	2026-09-20T11:29:18.6825220Z ##[group]Determining the checkout info
compatibility	Run actions/checkout@11bd71901bbe5b1630ceea73d27597364c9af683	2026-09-20T11:29:18.6826430Z ##[endgroup]
compatibility	Run actions/checkout@11bd71901bbe5b1630ceea73d27597364c9af683	2026-09-20T11:29:18.6827460Z [command]/opt/homebrew/bin/git sparse-checkout disable
compatibility	Run actions/checkout@11bd71901bbe5b1630ceea73d27597364c9af683	2026-09-20T11:29:18.6830000Z [command]/opt/homebrew/bin/git config --local --unset-all extensions.worktreeConfig
compatibility	Run actions/checkout@11bd71901bbe5b1630ceea73d27597364c9af683	2026-09-20T11:29:18.6877950Z ##[group]Checking out the ref
compatibility	Run actions/checkout@11bd71901bbe5b1630ceea73d27597364c9af683	2026-09-20T11:29:18.6880880Z [command]/opt/homebrew/bin/git checkout --progress --force -B master refs/remotes/origin/master
compatibility	Run actions/checkout@11bd71901bbe5b1630ceea73d27597364c9af683	2026-09-20T11:29:18.7374800Z Reset branch 'master'
compatibility	Run actions/checkout@11bd71901bbe5b1630ceea73d27597364c9af683	2026-09-20T11:29:18.7377880Z branch 'master' set up to track 'origin/master'.
compatibility	Run actions/checkout@11bd71901bbe5b1630ceea73d27597364c9af683	2026-09-20T11:29:18.7383930Z ##[endgroup]
compatibility	Run actions/checkout@11bd71901bbe5b1630ceea73d27597364c9af683	2026-09-20T11:29:18.7467980Z [command]/opt/homebrew/bin/git log -1 --format=%H
compatibility	Run actions/checkout@11bd71901bbe5b1630ceea73d27597364c9af683	2026-09-20T11:29:18.7528880Z a1186164dc452d47f8623ff19b582730c48c19c5
compatibility	Install pinned Rust toolchain	﻿2026-09-20T11:29:18.7731330Z ##[group]Run rustup toolchain install 1.96.0 --profile minimal --component rustfmt --component clippy
compatibility	Install pinned Rust toolchain	2026-09-20T11:29:18.7733770Z [36;1mrustup toolchain install 1.96.0 --profile minimal --component rustfmt --component clippy[0m
compatibility	Install pinned Rust toolchain	2026-09-20T11:29:18.7792460Z shell: /bin/bash -e {0}
compatibility	Install pinned Rust toolchain	2026-09-20T11:29:18.7793400Z env:
compatibility	Install pinned Rust toolchain	2026-09-20T11:29:18.7794260Z   LC_ALL: C
compatibility	Install pinned Rust toolchain	2026-09-20T11:29:18.7795000Z   CARGO_INCREMENTAL: 0
compatibility	Install pinned Rust toolchain	2026-09-20T11:29:18.7795790Z   RUSTUP_TOOLCHAIN: 1.96.0
compatibility	Install pinned Rust toolchain	2026-09-20T11:29:18.7796630Z ##[endgroup]
compatibility	Install pinned Rust toolchain	2026-09-20T11:29:18.8675350Z info: syncing channel updates for 1.96.0-aarch64-apple-darwin
compatibility	Install pinned Rust toolchain	2026-09-20T11:29:18.9859690Z info: latest update on 2026-05-28 for version 1.96.0 (ac68faa20 2026-05-25)
compatibility	Install pinned Rust toolchain	2026-09-20T11:29:18.9871330Z info: downloading 5 components
compatibility	Install pinned Rust toolchain	2026-09-20T11:29:28.3002360Z 
compatibility	Install pinned Rust toolchain	2026-09-20T11:29:28.4815220Z   1.96.0-aarch64-apple-darwin installed - rustc 1.96.0 (ac68faa20 2026-05-25)
compatibility	Install pinned Rust toolchain	2026-09-20T11:29:28.4816340Z 
compatibility	Install pinned Rust toolchain	2026-09-20T11:29:28.4817470Z info: self-update is disabled for this build of rustup
compatibility	Install pinned Rust toolchain	2026-09-20T11:29:28.4818190Z info: any updates to rustup will need to be fetched with your system package manager
compatibility	Build pinned original C oracle	﻿2026-09-20T11:29:28.4936160Z ##[group]Run git init ../c_awk
compatibility	Build pinned original C oracle	2026-09-20T11:29:28.4936600Z [36;1mgit init ../c_awk[0m
compatibility	Build pinned original C oracle	2026-09-20T11:29:28.4937350Z [36;1mgit -C ../c_awk remote add origin https://github.com/onetrueawk/awk.git[0m
compatibility	Build pinned original C oracle	2026-09-20T11:29:28.4937900Z [36;1mgit -C ../c_awk fetch --depth 1 origin 5739fd79bcfc75ba7526773d0cf634521f8aca3c[0m
compatibility	Build pinned original C oracle	2026-09-20T11:29:28.4938280Z [36;1mgit -C ../c_awk checkout --detach FETCH_HEAD[0m
compatibility	Build pinned original C oracle	2026-09-20T11:29:28.4938530Z [36;1mmake -C ../c_awk[0m
compatibility	Build pinned original C oracle	2026-09-20T11:29:28.4938730Z [36;1m../c_awk/a.out --version[0m
compatibility	Build pinned original C oracle	2026-09-20T11:29:28.4987230Z shell: /bin/bash -e {0}
compatibility	Build pinned original C oracle	2026-09-20T11:29:28.4987480Z env:
compatibility	Build pinned original C oracle	2026-09-20T11:29:28.4987690Z   LC_ALL: C
compatibility	Build pinned original C oracle	2026-09-20T11:29:28.4987910Z   CARGO_INCREMENTAL: 0
compatibility	Build pinned original C oracle	2026-09-20T11:29:28.4988130Z   RUSTUP_TOOLCHAIN: 1.96.0
compatibility	Build pinned original C oracle	2026-09-20T11:29:28.4988340Z ##[endgroup]
compatibility	Build pinned original C oracle	2026-09-20T11:29:28.5814260Z hint: Using 'master' as the name for the initial branch. This default branch name
compatibility	Build pinned original C oracle	2026-09-20T11:29:28.5815120Z Initialized empty Git repository in /Users/runner/work/rawk/rawk/c_awk/.git/
compatibility	Build pinned original C oracle	2026-09-20T11:29:28.5896120Z hint: will change to "main" in Git 3.0. To configure the initial branch name
compatibility	Build pinned original C oracle	2026-09-20T11:29:28.5897350Z hint: to use in all of your new repositories, which will suppress this warning,
compatibility	Build pinned original C oracle	2026-09-20T11:29:28.5897790Z hint: call:
compatibility	Build pinned original C oracle	2026-09-20T11:29:28.5898740Z hint:
compatibility	Build pinned original C oracle	2026-09-20T11:29:28.5899380Z hint: 	git config --global init.defaultBranch <name>
compatibility	Build pinned original C oracle	2026-09-20T11:29:28.5899840Z hint:
compatibility	Build pinned original C oracle	2026-09-20T11:29:28.5900630Z hint: Names commonly chosen instead of 'master' are 'main', 'trunk' and
compatibility	Build pinned original C oracle	2026-09-20T11:29:28.5962570Z hint: 'development'. The just-created branch can be renamed via this command:
compatibility	Build pinned original C oracle	2026-09-20T11:29:28.5972520Z hint:
compatibility	Build pinned original C oracle	2026-09-20T11:29:28.6009430Z hint: 	git branch -m <name>
compatibility	Build pinned original C oracle	2026-09-20T11:29:28.6009940Z hint:
compatibility	Build pinned original C oracle	2026-09-20T11:29:28.6010390Z hint: Disable this message with "git config set advice.defaultBranchName false"
compatibility	Build pinned original C oracle	2026-09-20T11:29:29.6329530Z From https://github.com/onetrueawk/awk
compatibility	Build pinned original C oracle	2026-09-20T11:29:29.6330050Z  * branch            5739fd79bcfc75ba7526773d0cf634521f8aca3c -> FETCH_HEAD
compatibility	Build pinned original C oracle	2026-09-20T11:29:29.7109490Z HEAD is now at 5739fd7 updated.
compatibility	Build pinned original C oracle	2026-09-20T11:29:31.0646050Z bison -d  awkgram.y
compatibility	Build pinned original C oracle	2026-09-20T11:29:31.7058740Z awkgram.y: conflicts: 44 shift/reduce, 85 reduce/reduce
compatibility	Build pinned original C oracle	2026-09-20T11:29:31.7573890Z cc -g -Wall -pedantic -Wcast-qual   -O2   -c -o awkgram.tab.o awkgram.tab.c
compatibility	Build pinned original C oracle	2026-09-20T11:29:32.6828290Z cc -g -Wall -pedantic -Wcast-qual   -O2   -c -o b.o b.c
compatibility	Build pinned original C oracle	2026-09-20T11:29:32.8981370Z cc -g -Wall -pedantic -Wcast-qual   -O2   -c -o main.o main.c
compatibility	Build pinned original C oracle	2026-09-20T11:29:32.9652400Z cc -g -Wall -pedantic -Wcast-qual   -O2   -c -o parse.o parse.c
compatibility	Build pinned original C oracle	2026-09-20T11:29:33.0198890Z cc -g -Wall -pedantic -Wcast-qual -O2 maketab.c -o maketab
compatibility	Build pinned original C oracle	2026-09-20T11:29:33.4556320Z ./maketab awkgram.tab.h >proctab.c
compatibility	Build pinned original C oracle	2026-09-20T11:29:33.4713740Z cc -g -Wall -pedantic -Wcast-qual   -O2   -c -o proctab.o proctab.c
compatibility	Build pinned original C oracle	2026-09-20T11:29:33.5209340Z cc -g -Wall -pedantic -Wcast-qual   -O2   -c -o tran.o tran.c
compatibility	Build pinned original C oracle	2026-09-20T11:29:33.6803710Z cc -g -Wall -pedantic -Wcast-qual   -O2   -c -o lib.o lib.c
compatibility	Build pinned original C oracle	2026-09-20T11:29:33.7892050Z lib.c:758:11: warning: a function declaration without a prototype is deprecated in all versions of C [-Wstrict-prototypes]
compatibility	Build pinned original C oracle	2026-09-20T11:29:33.7906140Z   758 | void error()
compatibility	Build pinned original C oracle	2026-09-20T11:29:33.7910440Z       |           ^
compatibility	Build pinned original C oracle	2026-09-20T11:29:33.7911510Z       |            void
compatibility	Build pinned original C oracle	2026-09-20T11:29:33.9210230Z 1 warning generated.
compatibility	Build pinned original C oracle	2026-09-20T11:29:33.9281330Z cc -g -Wall -pedantic -Wcast-qual   -O2   -c -o run.o run.c
compatibility	Build pinned original C oracle	2026-09-20T11:29:34.0657680Z run.c:1981:6: warning: variable 'unused' set but not used [-Wunused-but-set-variable]
compatibility	Build pinned original C oracle	2026-09-20T11:29:34.0658820Z  1981 |         int unused;
compatibility	Build pinned original C oracle	2026-09-20T11:29:34.4229920Z       |             ^
compatibility	Build pinned original C oracle	2026-09-20T11:29:34.4230230Z 1 warning generated.
compatibility	Build pinned original C oracle	2026-09-20T11:29:34.4230490Z cc -g -Wall -pedantic -Wcast-qual   -O2   -c -o lex.o lex.c
compatibility	Build pinned original C oracle	2026-09-20T11:29:34.5650350Z cc -g -Wall -pedantic -Wcast-qual   -O2 awkgram.tab.o b.o main.o parse.o proctab.o tran.o lib.o run.o lex.o   -lm
compatibility	Build pinned original C oracle	2026-09-20T11:29:34.6327090Z awk version 20260426
compatibility	Complete correctness gate	﻿2026-09-20T11:29:34.6367210Z ##[group]Run bash scripts/checks.sh
compatibility	Complete correctness gate	2026-09-20T11:29:34.6367540Z [36;1mbash scripts/checks.sh[0m
compatibility	Complete correctness gate	2026-09-20T11:29:34.6428760Z shell: /bin/bash -e {0}
compatibility	Complete correctness gate	2026-09-20T11:29:34.6429070Z env:
compatibility	Complete correctness gate	2026-09-20T11:29:34.6429270Z   LC_ALL: C
compatibility	Complete correctness gate	2026-09-20T11:29:34.6429510Z   CARGO_INCREMENTAL: 0
compatibility	Complete correctness gate	2026-09-20T11:29:34.6429730Z   RUSTUP_TOOLCHAIN: 1.96.0
compatibility	Complete correctness gate	2026-09-20T11:29:34.6430150Z ##[endgroup]
compatibility	Complete correctness gate	2026-09-20T11:29:55.1047790Z check_clippy                   OK
compatibility	Complete correctness gate	2026-09-20T11:29:55.2907810Z    Compiling proc-macro2 v1.0.106
compatibility	Complete correctness gate	2026-09-20T11:29:55.2908510Z    Compiling quote v1.0.45
compatibility	Complete correctness gate	2026-09-20T11:29:55.2908910Z    Compiling unicode-ident v1.0.24
compatibility	Complete correctness gate	2026-09-20T11:29:55.3381140Z    Compiling libc v0.2.186
compatibility	Complete correctness gate	2026-09-20T11:29:55.4883880Z    Compiling memchr v2.8.0
compatibility	Complete correctness gate	2026-09-20T11:29:56.0189530Z    Compiling getrandom v0.4.2
compatibility	Complete correctness gate	2026-09-20T11:29:56.1531220Z    Compiling syn v2.0.117
compatibility	Complete correctness gate	2026-09-20T11:29:56.1746920Z    Compiling cfg-if v1.0.4
compatibility	Complete correctness gate	2026-09-20T11:29:56.1966020Z    Compiling rand_core v0.10.1
compatibility	Complete correctness gate	2026-09-20T11:29:56.1987800Z    Compiling serde_core v1.0.228
compatibility	Complete correctness gate	2026-09-20T11:29:56.2705840Z    Compiling ucd-trie v0.1.7
compatibility	Complete correctness gate	2026-09-20T11:29:56.4474450Z    Compiling utf8parse v0.2.2
compatibility	Complete correctness gate	2026-09-20T11:29:56.4804140Z    Compiling autocfg v1.5.0
compatibility	Complete correctness gate	2026-09-20T11:29:56.6482210Z    Compiling pest v2.8.6
compatibility	Complete correctness gate	2026-09-20T11:29:56.6862440Z    Compiling num-traits v0.2.19
compatibility	Complete correctness gate	2026-09-20T11:29:56.7988930Z    Compiling anstyle-parse v1.0.0
compatibility	Complete correctness gate	2026-09-20T11:29:56.9328940Z    Compiling anstyle-query v1.1.5
compatibility	Complete correctness gate	2026-09-20T11:29:56.9669670Z    Compiling rustix v1.1.4
compatibility	Complete correctness gate	2026-09-20T11:29:57.1775890Z    Compiling is_terminal_polyfill v1.70.2
compatibility	Complete correctness gate	2026-09-20T11:29:57.2075510Z    Compiling thiserror v2.0.18
compatibility	Complete correctness gate	2026-09-20T11:29:57.3710830Z    Compiling serde v1.0.228
compatibility	Complete correctness gate	2026-09-20T11:29:57.4773330Z    Compiling colorchoice v1.0.5
compatibility	Complete correctness gate	2026-09-20T11:29:57.5278450Z    Compiling anstyle v1.0.14
compatibility	Complete correctness gate	2026-09-20T11:29:57.5500830Z    Compiling pest_meta v2.8.6
compatibility	Complete correctness gate	2026-09-20T11:29:57.6856610Z    Compiling anstream v1.0.0
compatibility	Complete correctness gate	2026-09-20T11:29:58.5260290Z    Compiling serde_derive v1.0.228
compatibility	Complete correctness gate	2026-09-20T11:29:58.5542250Z    Compiling thiserror-impl v2.0.18
compatibility	Complete correctness gate	2026-09-20T11:29:59.3998130Z    Compiling errno v0.3.14
compatibility	Complete correctness gate	2026-09-20T11:29:59.5043040Z    Compiling aho-corasick v1.1.4
compatibility	Complete correctness gate	2026-09-20T11:29:59.9464050Z    Compiling clap_lex v1.1.0
compatibility	Complete correctness gate	2026-09-20T11:30:00.2545850Z    Compiling regex-syntax v0.8.10
compatibility	Complete correctness gate	2026-09-20T11:30:00.7336400Z    Compiling heck v0.5.0
compatibility	Complete correctness gate	2026-09-20T11:30:00.8700090Z    Compiling strsim v0.11.1
compatibility	Complete correctness gate	2026-09-20T11:30:01.7440000Z    Compiling bitflags v2.11.1
compatibility	Complete correctness gate	2026-09-20T11:30:02.0774060Z    Compiling anyhow v1.0.102
compatibility	Complete correctness gate	2026-09-20T11:30:02.2769180Z    Compiling core-foundation-sys v0.8.7
compatibility	Complete correctness gate	2026-09-20T11:30:02.4149660Z    Compiling iana-time-zone v0.1.65
compatibility	Complete correctness gate	2026-09-20T11:30:02.5593910Z    Compiling regex-automata v0.4.14
compatibility	Complete correctness gate	2026-09-20T11:30:05.3626230Z    Compiling clap_builder v4.6.0
compatibility	Complete correctness gate	2026-09-20T11:30:07.6430240Z    Compiling clap_derive v4.6.1
compatibility	Complete correctness gate	2026-09-20T11:30:09.9649390Z    Compiling pest_generator v2.8.6
compatibility	Complete correctness gate	2026-09-20T11:30:10.3733940Z    Compiling chacha20 v0.10.0
compatibility	Complete correctness gate	2026-09-20T11:30:10.9189460Z    Compiling once_cell v1.21.4
compatibility	Complete correctness gate	2026-09-20T11:30:11.0643270Z    Compiling fastrand v2.4.1
compatibility	Complete correctness gate	2026-09-20T11:30:11.2295690Z    Compiling tempfile v3.27.0
compatibility	Complete correctness gate	2026-09-20T11:30:13.6821940Z    Compiling rand v0.10.1
compatibility	Complete correctness gate	2026-09-20T11:30:14.1576580Z    Compiling pest_derive v2.8.6
compatibility	Complete correctness gate	2026-09-20T11:30:14.3435170Z    Compiling sprintf v0.4.3
compatibility	Complete correctness gate	2026-09-20T11:30:14.8287430Z    Compiling chrono v0.4.44
compatibility	Complete correctness gate	2026-09-20T11:30:15.6340510Z    Compiling quick-xml v0.39.2
compatibility	Complete correctness gate	2026-09-20T11:30:18.3102920Z    Compiling clap v4.6.1
compatibility	Complete correctness gate	2026-09-20T11:30:18.3493830Z    Compiling regex v1.12.3
compatibility	Complete correctness gate	2026-09-20T11:30:19.0646910Z    Compiling rawk v0.1.0 (/Users/runner/work/rawk/rawk/rawk)
compatibility	Complete correctness gate	2026-09-20T11:30:29.9767620Z     Finished `release` profile [optimized] target(s) in 34.82s
compatibility	Complete correctness gate	2026-09-20T11:30:30.0132610Z check_diffrun_no_unexpected    Reference awk: /Users/runner/work/rawk/rawk/c_awk/a.out
compatibility	Complete correctness gate	2026-09-20T11:30:30.0133250Z Total testcase: 109
compatibility	Complete correctness gate	2026-09-20T11:30:36.0966450Z   MATCH: 97
compatibility	Complete correctness gate	2026-09-20T11:30:36.0967850Z   EXPECTED-DIVERGE: 12
compatibility	Complete correctness gate	2026-09-20T11:30:36.0968570Z   UNEXPECTED-DIVERGE: 0
compatibility	Complete correctness gate	2026-09-20T11:30:36.0970110Z   SKIPPED: 0
compatibility	Complete correctness gate	2026-09-20T11:30:36.0973190Z OK
compatibility	Complete correctness gate	2026-09-20T11:30:36.2742040Z check_fmt                      OK
compatibility	Complete correctness gate	2026-09-20T11:30:36.2828130Z check_no_exit_outside_main     OK
compatibility	Complete correctness gate	2026-09-20T11:30:36.2989900Z check_no_macos_forks           OK
compatibility	Complete correctness gate	2026-09-20T11:30:36.2990500Z check_no_scratch_root          OK
compatibility	Complete correctness gate	2026-09-20T11:30:36.2993150Z check_runner_split             OK
compatibility	Complete correctness gate	2026-09-20T11:30:36.4363840Z    Compiling libc v0.2.186
compatibility	Complete correctness gate	2026-09-20T11:30:36.4366180Z    Compiling cfg-if v1.0.4
compatibility	Complete correctness gate	2026-09-20T11:30:36.4366920Z    Compiling memchr v2.8.0
compatibility	Complete correctness gate	2026-09-20T11:30:36.4699450Z    Compiling rand_core v0.10.1
compatibility	Complete correctness gate	2026-09-20T11:30:36.5426340Z    Compiling ucd-trie v0.1.7
compatibility	Complete correctness gate	2026-09-20T11:30:36.7025160Z    Compiling bitflags v2.11.1
compatibility	Complete correctness gate	2026-09-20T11:30:36.7313550Z    Compiling errno v0.3.14
compatibility	Complete correctness gate	2026-09-20T11:30:36.7571080Z    Compiling getrandom v0.4.2
compatibility	Complete correctness gate	2026-09-20T11:30:36.7925790Z    Compiling utf8parse v0.2.2
compatibility	Complete correctness gate	2026-09-20T11:30:36.8302310Z    Compiling anstyle-parse v1.0.0
compatibility	Complete correctness gate	2026-09-20T11:30:36.8316640Z    Compiling rustix v1.1.4
compatibility	Complete correctness gate	2026-09-20T11:30:36.8356590Z    Compiling pest v2.8.6
compatibility	Complete correctness gate	2026-09-20T11:30:36.9167630Z    Compiling anstyle-query v1.1.5
compatibility	Complete correctness gate	2026-09-20T11:30:36.9524710Z    Compiling fastrand v2.4.1
compatibility	Complete correctness gate	2026-09-20T11:30:37.0525200Z    Compiling colorchoice v1.0.5
compatibility	Complete correctness gate	2026-09-20T11:30:37.0856150Z    Compiling anstyle v1.0.14
compatibility	Complete correctness gate	2026-09-20T11:30:37.2039210Z    Compiling is_terminal_polyfill v1.70.2
compatibility	Complete correctness gate	2026-09-20T11:30:37.2450990Z    Compiling once_cell v1.21.4
compatibility	Complete correctness gate	2026-09-20T11:30:37.3393130Z    Compiling regex-syntax v0.8.10
compatibility	Complete correctness gate	2026-09-20T11:30:37.6666550Z    Compiling pest_meta v2.8.6
compatibility	Complete correctness gate	2026-09-20T11:30:37.7003480Z    Compiling tempfile v3.27.0
compatibility	Complete correctness gate	2026-09-20T11:30:37.9476400Z    Compiling anstream v1.0.0
compatibility	Complete correctness gate	2026-09-20T11:30:38.1155830Z    Compiling num-traits v0.2.19
compatibility	Complete correctness gate	2026-09-20T11:30:38.4857080Z    Compiling getrandom v0.3.4
compatibility	Complete correctness gate	2026-09-20T11:30:38.5572280Z    Compiling serde_core v1.0.228
compatibility	Complete correctness gate	2026-09-20T11:30:38.6894410Z    Compiling aho-corasick v1.1.4
compatibility	Complete correctness gate	2026-09-20T11:30:39.3076570Z    Compiling strsim v0.11.1
compatibility	Complete correctness gate	2026-09-20T11:30:39.5629710Z    Compiling core-foundation-sys v0.8.7
compatibility	Complete correctness gate	2026-09-20T11:30:39.6766450Z    Compiling clap_lex v1.1.0
compatibility	Complete correctness gate	2026-09-20T11:30:39.7888140Z    Compiling clap_builder v4.6.0
compatibility	Complete correctness gate	2026-09-20T11:30:39.9767260Z    Compiling serde v1.0.228
compatibility	Complete correctness gate	2026-09-20T11:30:40.0197430Z    Compiling iana-time-zone v0.1.65
compatibility	Complete correctness gate	2026-09-20T11:30:40.0856000Z    Compiling thiserror v2.0.18
compatibility	Complete correctness gate	2026-09-20T11:30:40.1178060Z    Compiling regex-automata v0.4.14
compatibility	Complete correctness gate	2026-09-20T11:30:40.3396210Z    Compiling rand_core v0.9.5
compatibility	Complete correctness gate	2026-09-20T11:30:40.4515890Z    Compiling pest_generator v2.8.6
compatibility	Complete correctness gate	2026-09-20T11:30:40.8738620Z    Compiling chacha20 v0.10.0
compatibility	Complete correctness gate	2026-09-20T11:30:40.9732990Z    Compiling rand v0.10.1
compatibility	Complete correctness gate	2026-09-20T11:30:41.3430780Z    Compiling clap v4.6.1
compatibility	Complete correctness gate	2026-09-20T11:30:41.3832000Z    Compiling pest_derive v2.8.6
compatibility	Complete correctness gate	2026-09-20T11:30:41.6207490Z    Compiling quick-xml v0.39.2
compatibility	Complete correctness gate	2026-09-20T11:30:42.5431460Z    Compiling regex v1.12.3
compatibility	Complete correctness gate	2026-09-20T11:30:42.8222480Z    Compiling sprintf v0.4.3
compatibility	Complete correctness gate	2026-09-20T11:30:42.8323560Z    Compiling anyhow v1.0.102
compatibility	Complete correctness gate	2026-09-20T11:30:42.9763310Z    Compiling zerocopy v0.8.48
compatibility	Complete correctness gate	2026-09-20T11:30:43.0324750Z    Compiling chrono v0.4.44
compatibility	Complete correctness gate	2026-09-20T11:30:43.9541740Z    Compiling wait-timeout v0.2.1
compatibility	Complete correctness gate	2026-09-20T11:30:44.1319340Z    Compiling fnv v1.0.7
compatibility	Complete correctness gate	2026-09-20T11:30:44.1421520Z    Compiling quick-error v1.2.3
compatibility	Complete correctness gate	2026-09-20T11:30:44.1654170Z    Compiling bit-vec v0.8.0
compatibility	Complete correctness gate	2026-09-20T11:30:44.1657760Z    Compiling rusty-fork v0.3.1
compatibility	Complete correctness gate	2026-09-20T11:30:44.2817490Z    Compiling bit-set v0.8.0
compatibility	Complete correctness gate	2026-09-20T11:30:44.3501700Z    Compiling rawk v0.1.0 (/Users/runner/work/rawk/rawk/rawk)
compatibility	Complete correctness gate	2026-09-20T11:30:44.4080630Z    Compiling rand v0.9.4
compatibility	Complete correctness gate	2026-09-20T11:30:44.6834160Z    Compiling rand_xorshift v0.4.0
compatibility	Complete correctness gate	2026-09-20T11:30:44.7351060Z    Compiling unarray v0.1.4
compatibility	Complete correctness gate	2026-09-20T11:30:45.0750090Z    Compiling ppv-lite86 v0.2.21
compatibility	Complete correctness gate	2026-09-20T11:30:45.2151340Z    Compiling rand_chacha v0.9.0
compatibility	Complete correctness gate	2026-09-20T11:30:45.3064210Z    Compiling proptest v1.11.0
compatibility	Complete correctness gate	2026-09-20T11:30:51.2440720Z     Finished `test` profile [unoptimized + debuginfo] target(s) in 14.92s
compatibility	Complete correctness gate	2026-09-20T11:30:51.2516170Z      Running unittests src/lib.rs (target/debug/deps/rawk-9dbe7698d42ed002)
compatibility	Complete correctness gate	2026-09-20T11:30:51.2541480Z check_tests                    
compatibility	Complete correctness gate	2026-09-20T11:30:51.2546100Z      Running unittests src/bin/diffrun.rs (target/debug/deps/diffrun-8286b0db4d8fbf11)
compatibility	Complete correctness gate	2026-09-20T11:30:51.2546600Z running 0 tests
compatibility	Complete correctness gate	2026-09-20T11:30:51.2546690Z 
compatibility	Complete correctness gate	2026-09-20T11:30:51.2546950Z test result: ok. 0 passed; 0 failed; 0 ignored; 0 measured; 0 filtered out; finished in 0.00s
compatibility	Complete correctness gate	2026-09-20T11:30:51.2547300Z 
compatibility	Complete correctness gate	2026-09-20T11:30:51.2564240Z 
compatibility	Complete correctness gate	2026-09-20T11:30:51.2564720Z running 0 tests
compatibility	Complete correctness gate	2026-09-20T11:30:51.2564920Z 
compatibility	Complete correctness gate	2026-09-20T11:30:51.2565290Z test result: ok. 0 passed; 0 failed; 0 ignored; 0 measured; 0 filtered out; finished in 0.00s
compatibility	Complete correctness gate	2026-09-20T11:30:51.2565750Z 
compatibility	Complete correctness gate	2026-09-20T11:30:51.2565980Z      Running unittests src/main.rs (target/debug/deps/rawk-2bc2f632572d6b98)
compatibility	Complete correctness gate	2026-09-20T11:30:51.2604340Z 
compatibility	Complete correctness gate	2026-09-20T11:30:51.2610670Z running 4 tests
compatibility	Complete correctness gate	2026-09-20T11:30:51.2667940Z test unicode_ere::tests::compiled_intervals_cover_only_the_requested_runes ... ok
compatibility	Complete correctness gate	2026-09-20T11:30:51.2668780Z test unicode_ere::tests::encoding_preserves_offsets_and_invalid_bytes_without_sentinels ... ok
compatibility	Complete correctness gate	2026-09-20T11:30:51.2689550Z test input::tests::separators_are_independent_of_read_boundaries ... ok
compatibility	Complete correctness gate	2026-09-20T11:30:51.2876930Z test ere::stream::tests::physical_short_reads_do_not_change_bwk_lookahead ... ok
compatibility	Complete correctness gate	2026-09-20T11:30:51.2877390Z 
compatibility	Complete correctness gate	2026-09-20T11:30:51.2877700Z test result: ok. 4 passed; 0 failed; 0 ignored; 0 measured; 0 filtered out; finished in 0.03s
compatibility	Complete correctness gate	2026-09-20T11:30:51.2878110Z 
compatibility	Complete correctness gate	2026-09-20T11:30:51.2878940Z      Running tests/builtins_sanity.rs (target/debug/deps/builtins_sanity-2a45869b271f02d7)
compatibility	Complete correctness gate	2026-09-20T11:30:51.2907540Z 
compatibility	Complete correctness gate	2026-09-20T11:30:51.2909030Z running 5 tests
compatibility	Complete correctness gate	2026-09-20T11:30:51.3133500Z test match_basic ... ok
compatibility	Complete correctness gate	2026-09-20T11:30:51.3368780Z test split_basic ... ok
compatibility	Complete correctness gate	2026-09-20T11:30:51.3391630Z test length_string ... ok
compatibility	Complete correctness gate	2026-09-20T11:30:51.3507420Z test substr_basic ... ok
compatibility	Complete correctness gate	2026-09-20T11:30:51.3507920Z test sprintf_int ... ok
compatibility	Complete correctness gate	2026-09-20T11:30:51.3508120Z 
compatibility	Complete correctness gate	2026-09-20T11:30:51.3508320Z test result: ok. 5 passed; 0 failed; 0 ignored; 0 measured; 0 filtered out; finished in 0.06s
compatibility	Complete correctness gate	2026-09-20T11:30:51.3508710Z 
compatibility	Complete correctness gate	2026-09-20T11:30:51.3509240Z      Running tests/bytes_array_keys.rs (target/debug/deps/bytes_array_keys-5870b8ef60de3eae)
compatibility	Complete correctness gate	2026-09-20T11:30:51.3532490Z 
compatibility	Complete correctness gate	2026-09-20T11:30:51.3537700Z running 3 tests
compatibility	Complete correctness gate	2026-09-20T11:30:51.3656480Z test for_in_returns_all_distinct_byte_keys ... ok
compatibility	Complete correctness gate	2026-09-20T11:30:51.3683230Z test distinct_high_byte_keys_do_not_collide ... ok
compatibility	Complete correctness gate	2026-09-20T11:30:51.3840640Z test nul_embedded_key_round_trips ... ok
compatibility	Complete correctness gate	2026-09-20T11:30:51.3841120Z 
compatibility	Complete correctness gate	2026-09-20T11:30:51.3841960Z test result: ok. 3 passed; 0 failed; 0 ignored; 0 measured; 0 filtered out; finished in 0.03s
compatibility	Complete correctness gate	2026-09-20T11:30:51.3842630Z      Running tests/bytes_printf.rs (target/debug/deps/bytes_printf-0921065dadc2b1b7)
compatibility	Complete correctness gate	2026-09-20T11:30:51.3842980Z 
compatibility	Complete correctness gate	2026-09-20T11:30:51.3866520Z 
compatibility	Complete correctness gate	2026-09-20T11:30:51.3869100Z running 6 tests
compatibility	Complete correctness gate	2026-09-20T11:30:51.4000700Z test field_split_with_high_byte_fs ... ok
compatibility	Complete correctness gate	2026-09-20T11:30:51.4165680Z test printf_c_emits_first_byte_raw ... ok
compatibility	Complete correctness gate	2026-09-20T11:30:51.4325430Z test printf_format_string_with_high_bytes ... ok
compatibility	Complete correctness gate	2026-09-20T11:30:51.4326120Z test print_with_high_byte_ofs ... ok
compatibility	Complete correctness gate	2026-09-20T11:30:51.4416120Z test sprintf_high_byte_round_trip ... ok
compatibility	Complete correctness gate	2026-09-20T11:30:51.4508830Z test printf_s_preserves_high_byte ... ok
compatibility	Complete correctness gate	2026-09-20T11:30:51.4509290Z 
compatibility	Complete correctness gate	2026-09-20T11:30:51.4509710Z test result: ok. 6 passed; 0 failed; 0 ignored; 0 measured; 0 filtered out; finished in 0.06s
compatibility	Complete correctness gate	2026-09-20T11:30:51.4510520Z      Running tests/bytes_regex_match.rs (target/debug/deps/bytes_regex_match-feaf9f241fc4d15b)
compatibility	Complete correctness gate	2026-09-20T11:30:51.4510910Z 
compatibility	Complete correctness gate	2026-09-20T11:30:51.4534760Z 
compatibility	Complete correctness gate	2026-09-20T11:30:51.4535470Z running 6 tests
compatibility	Complete correctness gate	2026-09-20T11:30:51.4685480Z test match_distinguishes_high_bytes ... ok
compatibility	Complete correctness gate	2026-09-20T11:30:51.4748560Z test gsub_ampersand_includes_whole_match ... ok
compatibility	Complete correctness gate	2026-09-20T11:30:51.4856040Z test match_builtin_high_byte_pattern_position ... ok
compatibility	Complete correctness gate	2026-09-20T11:30:51.4964010Z test rs_regex_high_byte_separator_splits_correctly ... ok
compatibility	Complete correctness gate	2026-09-20T11:30:51.5180320Z test nul_inside_subject_with_rs_regex ... ok
compatibility	Complete correctness gate	2026-09-20T11:30:51.5194640Z      Running tests/cli_contract.rs (target/debug/deps/cli_contract-c2a8f5582d9448e4)
compatibility	Complete correctness gate	2026-09-20T11:30:51.5195280Z test sub_replaces_high_byte_run ... ok
compatibility	Complete correctness gate	2026-09-20T11:30:51.5231690Z 
compatibility	Complete correctness gate	2026-09-20T11:30:51.5270010Z test result: ok. 6 passed; 0 failed; 0 ignored; 0 measured; 0 filtered out; finished in 0.07s
compatibility	Complete correctness gate	2026-09-20T11:30:51.5276430Z 
compatibility	Complete correctness gate	2026-09-20T11:30:51.5276600Z 
compatibility	Complete correctness gate	2026-09-20T11:30:51.5276810Z running 5 tests
compatibility	Complete correctness gate	2026-09-20T11:30:51.5368330Z test file_program_keeps_all_input_files ... ok
compatibility	Complete correctness gate	2026-09-20T11:30:51.6059490Z test arrays_and_scalars_cannot_be_interchanged ... ok
compatibility	Complete correctness gate	2026-09-20T11:30:51.6211510Z test invalid_builtin_arity_is_a_language_error ... ok
compatibility	Complete correctness gate	2026-09-20T11:30:51.6792320Z test malformed_formats_and_invalid_runtime_arguments_do_not_panic ... ok
compatibility	Complete correctness gate	2026-09-20T11:30:51.7833240Z test safe_mode_rejects_even_unexecuted_forbidden_operations ... ok
compatibility	Complete correctness gate	2026-09-20T11:30:51.7833790Z 
compatibility	Complete correctness gate	2026-09-20T11:30:51.7834190Z test result: ok. 5 passed; 0 failed; 0 ignored; 0 measured; 0 filtered out; finished in 0.26s
compatibility	Complete correctness gate	2026-09-20T11:30:51.7834670Z 
compatibility	Complete correctness gate	2026-09-20T11:30:51.7835130Z      Running tests/compatibility.rs (target/debug/deps/compatibility-1b1275e14835aeb4)
compatibility	Complete correctness gate	2026-09-20T11:30:51.7870700Z 
compatibility	Complete correctness gate	2026-09-20T11:30:51.7871810Z running 8 tests
compatibility	Complete correctness gate	2026-09-20T11:30:51.8284690Z test braces_in_bracket_expressions_are_not_repetitions ... ok
compatibility	Complete correctness gate	2026-09-20T11:30:52.1175490Z test composed_input_and_control_flow ... ok
compatibility	Complete correctness gate	2026-09-20T11:30:52.1594460Z test arrays_forwarding_recursion_and_local_parameters ... ok
compatibility	Complete correctness gate	2026-09-20T11:30:52.5005010Z test numeric_conversion_matches_original_buffer_limit ... ok
compatibility	Complete correctness gate	2026-09-20T11:30:55.0689950Z test regex_compositions_match_original ... ok
compatibility	Complete correctness gate	2026-09-20T11:30:55.1643720Z test tuple_membership_uses_current_subsep_between_components ... ok
compatibility	Complete correctness gate	2026-09-20T11:30:55.5301750Z test generated_record_array_function_programs ... ok
compatibility	Complete correctness gate	2026-09-20T11:30:57.4896160Z test hex_floats_precision_flags_and_boundaries ... ok
compatibility	Complete correctness gate	2026-09-20T11:30:57.4896810Z 
compatibility	Complete correctness gate	2026-09-20T11:30:57.4898040Z test result: ok. 8 passed; 0 failed; 0 ignored; 0 measured; 0 filtered out; finished in 5.70s
compatibility	Complete correctness gate	2026-09-20T11:30:57.4899050Z      Running tests/corpus.rs (target/debug/deps/corpus-e61ffb70b04a8df8)
compatibility	Complete correctness gate	2026-09-20T11:30:57.4899600Z 
compatibility	Complete correctness gate	2026-09-20T11:30:57.4934370Z 
compatibility	Complete correctness gate	2026-09-20T11:30:57.4934640Z running 1 test
compatibility	Complete correctness gate	2026-09-20T11:31:11.8863860Z test original_small_programs ... ok
compatibility	Complete correctness gate	2026-09-20T11:31:11.8864550Z 
compatibility	Complete correctness gate	2026-09-20T11:31:11.8865050Z test result: ok. 1 passed; 0 failed; 0 ignored; 0 measured; 0 filtered out; finished in 14.39s
compatibility	Complete correctness gate	2026-09-20T11:31:11.8865930Z 
compatibility	Complete correctness gate	2026-09-20T11:31:11.8867740Z      Running tests/corpus_contracts.rs (target/debug/deps/corpus_contracts-a0f22865482f63b5)
compatibility	Complete correctness gate	2026-09-20T11:31:11.8902060Z 
compatibility	Complete correctness gate	2026-09-20T11:31:11.8903540Z running 3 tests
compatibility	Complete correctness gate	2026-09-20T11:31:11.9666890Z test rng_is_bounded_repeatable_and_srand_returns_previous_seed ... ok
compatibility	Complete correctness gate	2026-09-20T11:31:12.2417700Z test contracts_reject_new_differences ... ok
compatibility	Complete correctness gate	2026-09-20T11:31:15.8947800Z test entire_small_corpus_obeys_explicit_contracts ... ok
compatibility	Complete correctness gate	2026-09-20T11:31:15.8948520Z 
compatibility	Complete correctness gate	2026-09-20T11:31:15.8948930Z test result: ok. 3 passed; 0 failed; 0 ignored; 0 measured; 0 filtered out; finished in 4.00s
compatibility	Complete correctness gate	2026-09-20T11:31:15.8949600Z      Running tests/data_contract.rs (target/debug/deps/data_contract-a0619d1bf76e7467)
compatibility	Complete correctness gate	2026-09-20T11:31:15.8950070Z 
compatibility	Complete correctness gate	2026-09-20T11:31:15.8978980Z 
compatibility	Complete correctness gate	2026-09-20T11:31:15.8980730Z running 6 tests
compatibility	Complete correctness gate	2026-09-20T11:31:15.9252490Z test invalid_regex_is_reported ... ok
compatibility	Complete correctness gate	2026-09-20T11:31:15.9271800Z test csv_handles_quoted_delimiters_newlines_and_escaped_quotes ... ok
compatibility	Complete correctness gate	2026-09-20T11:31:15.9469160Z test fields_accept_regex_separator ... ok
compatibility	Complete correctness gate	2026-09-20T11:31:15.9629240Z test split_preserves_empty_fields_and_clears_array ... ok
compatibility	Complete correctness gate	2026-09-20T11:31:15.9630110Z test regex_uses_leftmost_longest ... ok
compatibility	Complete correctness gate	2026-09-20T11:31:15.9636750Z test substitutions_report_count_not_changed_text ... ok
compatibility	Complete correctness gate	2026-09-20T11:31:15.9639250Z      Running tests/diffrun_buckets.rs (target/debug/deps/diffrun_buckets-c0ae24e50169eaf7)
compatibility	Complete correctness gate	2026-09-20T11:31:15.9639600Z 
compatibility	Complete correctness gate	2026-09-20T11:31:15.9640040Z test result: ok. 6 passed; 0 failed; 0 ignored; 0 measured; 0 filtered out; finished in 0.07s
compatibility	Complete correctness gate	2026-09-20T11:31:15.9644140Z 
compatibility	Complete correctness gate	2026-09-20T11:31:15.9668240Z 
compatibility	Complete correctness gate	2026-09-20T11:31:15.9669590Z running 3 tests
compatibility	Complete correctness gate	2026-09-20T11:31:22.0957520Z test diffrun_step23_target_counts ... ok
compatibility	Complete correctness gate	2026-09-20T11:31:22.1047320Z test diffrun_exits_nonzero_when_unexpected_divergences_present ... ok
compatibility	Complete correctness gate	2026-09-20T11:31:22.3296890Z test diffrun_emits_four_bucket_summary ... ok
compatibility	Complete correctness gate	2026-09-20T11:31:22.3297400Z 
compatibility	Complete correctness gate	2026-09-20T11:31:22.3297930Z test result: ok. 3 passed; 0 failed; 0 ignored; 0 measured; 0 filtered out; finished in 6.36s
compatibility	Complete correctness gate	2026-09-20T11:31:22.3298650Z 
compatibility	Complete correctness gate	2026-09-20T11:31:22.3299150Z      Running tests/driver_regressions.rs (target/debug/deps/driver_regressions-5f1e2d53ab8fb804)
compatibility	Complete correctness gate	2026-09-20T11:31:22.3344680Z 
compatibility	Complete correctness gate	2026-09-20T11:31:22.3345960Z running 6 tests
compatibility	Complete correctness gate	2026-09-20T11:31:22.4010410Z test field_index_beyond_reference_integer_range_is_an_error ... ok
compatibility	Complete correctness gate	2026-09-20T11:31:22.4029220Z test getline_comparison_is_not_part_of_filename ... ok
compatibility	Complete correctness gate	2026-09-20T11:31:22.4180080Z test invalid_function_parameters_are_errors_before_execution ... ok
compatibility	Complete correctness gate	2026-09-20T11:31:22.4341340Z test multifile_syntax_error_names_offending_source ... ok
compatibility	Complete correctness gate	2026-09-20T11:31:22.5258370Z test redirected_stdin_shares_buffer_with_main_input ... ok
compatibility	Complete correctness gate	2026-09-20T11:31:22.6140270Z test stdin_program_and_empty_statements ... ok
compatibility	Complete correctness gate	2026-09-20T11:31:22.6140710Z 
compatibility	Complete correctness gate	2026-09-20T11:31:22.6141070Z test result: ok. 6 passed; 0 failed; 0 ignored; 0 measured; 0 filtered out; finished in 0.28s
compatibility	Complete correctness gate	2026-09-20T11:31:22.6141550Z 
compatibility	Complete correctness gate	2026-09-20T11:31:22.6142620Z      Running tests/dynamic_format.rs (target/debug/deps/dynamic_format-dc2803db40b3264c)
compatibility	Complete correctness gate	2026-09-20T11:31:22.6175050Z 
compatibility	Complete correctness gate	2026-09-20T11:31:22.6176000Z running 8 tests
compatibility	Complete correctness gate	2026-09-20T11:31:22.6932900Z test missing_star_arguments_are_errors ... ok
compatibility	Complete correctness gate	2026-09-20T11:31:25.9867660Z test dynamic_width_precision_and_consumption ... ok
compatibility	Complete correctness gate	2026-09-20T11:31:26.0092740Z test negative_precision_keeps_binary_and_multibyte_paths ... ok
compatibility	Complete correctness gate	2026-09-20T11:31:26.0755680Z test string_and_literal_range_errors_do_not_discard_arithmetic_subnormals ... ok
compatibility	Complete correctness gate	2026-09-20T11:31:26.6773100Z test unsigned_conversion_matches_native_oracle ... ok
compatibility	Complete correctness gate	2026-09-20T11:31:26.7999300Z test zero_padded_strings_match_native_oracle ... ok
compatibility	Complete correctness gate	2026-09-20T11:31:31.8100950Z test integer_flags_precision_and_signs ... ok
compatibility	Complete correctness gate	2026-09-20T11:31:35.0436500Z test negative_dynamic_precision_preserves_flags_and_argument_consumption ... ok
compatibility	Complete correctness gate	2026-09-20T11:31:35.0438100Z 
compatibility	Complete correctness gate	2026-09-20T11:31:35.0439140Z test result: ok. 8 passed; 0 failed; 0 ignored; 0 measured; 0 filtered out; finished in 12.42s
compatibility	Complete correctness gate	2026-09-20T11:31:35.0440110Z      Running tests/error_messages.rs (target/debug/deps/error_messages-e64895121661739b)
compatibility	Complete correctness gate	2026-09-20T11:31:35.0440680Z 
compatibility	Complete correctness gate	2026-09-20T11:31:35.0477370Z 
compatibility	Complete correctness gate	2026-09-20T11:31:35.0479530Z running 2 tests
compatibility	Complete correctness gate	2026-09-20T11:31:35.0529750Z test missing_program_file_mentions_filename ... ok
compatibility	Complete correctness gate	2026-09-20T11:31:35.0534500Z test output_to_unwritable_path_mentions_filename ... ok
compatibility	Complete correctness gate	2026-09-20T11:31:35.0535820Z 
compatibility	Complete correctness gate	2026-09-20T11:31:35.0536190Z test result: ok. 2 passed; 0 failed; 0 ignored; 0 measured; 0 filtered out; finished in 0.01s
compatibility	Complete correctness gate	2026-09-20T11:31:35.0536650Z 
compatibility	Complete correctness gate	2026-09-20T11:31:35.0536950Z      Running tests/exit_codes.rs (target/debug/deps/exit_codes-012261b8652a4c67)
compatibility	Complete correctness gate	2026-09-20T11:31:35.0569530Z 
compatibility	Complete correctness gate	2026-09-20T11:31:35.0570940Z running 4 tests
compatibility	Complete correctness gate	2026-09-20T11:31:35.0621300Z test exit_zero_default ... ok
compatibility	Complete correctness gate	2026-09-20T11:31:35.0621720Z test exit_with_value ... ok
compatibility	Complete correctness gate	2026-09-20T11:31:35.0622360Z test exit_from_end_block ... ok
compatibility	Complete correctness gate	2026-09-20T11:31:35.0673350Z test syntax_error_nonzero ... ok
compatibility	Complete correctness gate	2026-09-20T11:31:35.0673750Z 
compatibility	Complete correctness gate	2026-09-20T11:31:35.0674290Z test result: ok. 4 passed; 0 failed; 0 ignored; 0 measured; 0 filtered out; finished in 0.01s
compatibility	Complete correctness gate	2026-09-20T11:31:35.0698040Z      Running tests/harness.rs (target/debug/deps/harness-77036443891c6712)
compatibility	Complete correctness gate	2026-09-20T11:31:35.0698440Z 
compatibility	Complete correctness gate	2026-09-20T11:31:35.0718860Z 
compatibility	Complete correctness gate	2026-09-20T11:31:35.0719230Z running 5 tests
compatibility	Complete correctness gate	2026-09-20T11:31:35.0728360Z test annotation_does_not_accept_new_failures ... ok
compatibility	Complete correctness gate	2026-09-20T11:31:35.0894870Z test aggregate_gate_reports_an_intermediate_failure ... ok
compatibility	Complete correctness gate	2026-09-20T11:31:35.0979990Z test preserves_bytes_whitespace_and_status ... ok
compatibility	Complete correctness gate	2026-09-20T11:31:35.1117830Z test each_run_has_a_fresh_directory ... ok
compatibility	Complete correctness gate	2026-09-20T11:31:35.5508610Z      Running tests/historical.rs (target/debug/deps/historical-d2aa7e6e2d02f6e9)
compatibility	Complete correctness gate	2026-09-20T11:31:35.5509040Z test timeout_kills_descendants ... ok
compatibility	Complete correctness gate	2026-09-20T11:31:35.5549810Z 
compatibility	Complete correctness gate	2026-09-20T11:31:35.5584100Z test result: ok. 5 passed; 0 failed; 0 ignored; 0 measured; 0 filtered out; finished in 0.48s
compatibility	Complete correctness gate	2026-09-20T11:31:35.5605830Z 
compatibility	Complete correctness gate	2026-09-20T11:31:35.5612170Z 
compatibility	Complete correctness gate	2026-09-20T11:31:35.5630010Z running 2 tests
compatibility	Complete correctness gate	2026-09-20T11:31:35.8998550Z test original_invalid_programs_are_rejected_without_panicking ... ok
compatibility	Complete correctness gate	2026-09-20T11:31:37.6127050Z test original_positive_regressions ... ok
compatibility	Complete correctness gate	2026-09-20T11:31:37.6127660Z 
compatibility	Complete correctness gate	2026-09-20T11:31:37.6129030Z test result: ok. 2 passed; 0 failed; 0 ignored; 0 measured; 0 filtered out; finished in 2.06s
compatibility	Complete correctness gate	2026-09-20T11:31:37.6130080Z      Running tests/input_contract.rs (target/debug/deps/input_contract-d3a16d22dd2df171)
compatibility	Complete correctness gate	2026-09-20T11:31:37.6130540Z 
compatibility	Complete correctness gate	2026-09-20T11:31:37.6163080Z 
compatibility	Complete correctness gate	2026-09-20T11:31:37.6163840Z running 5 tests
compatibility	Complete correctness gate	2026-09-20T11:31:37.6494810Z test getline_uses_main_stream_and_counts_every_read ... ok
compatibility	Complete correctness gate	2026-09-20T11:31:37.6654140Z test missing_getline_file_is_an_error_not_eof ... ok
compatibility	Complete correctness gate	2026-09-20T11:31:37.6654820Z test file_getline_and_interleaved_assignments ... ok
compatibility	Complete correctness gate	2026-09-20T11:31:37.6920590Z test rewriting_record_does_not_count_a_read ... ok
compatibility	Complete correctness gate	2026-09-20T11:31:37.6994340Z test rs_changes_apply_to_unconsumed_input ... ok
compatibility	Complete correctness gate	2026-09-20T11:31:37.6995140Z 
compatibility	Complete correctness gate	2026-09-20T11:31:37.6995690Z test result: ok. 5 passed; 0 failed; 0 ignored; 0 measured; 0 filtered out; finished in 0.08s
compatibility	Complete correctness gate	2026-09-20T11:31:37.6996390Z      Running tests/language_contract.rs (target/debug/deps/language_contract-cde8066e1d7c2b70)
compatibility	Complete correctness gate	2026-09-20T11:31:37.6996850Z 
compatibility	Complete correctness gate	2026-09-20T11:31:37.7034880Z 
compatibility	Complete correctness gate	2026-09-20T11:31:37.7043290Z running 7 tests
compatibility	Complete correctness gate	2026-09-20T11:31:37.7290680Z test convfmt_is_used_for_comparisons_fields_and_keys ... ok
compatibility	Complete correctness gate	2026-09-20T11:31:37.7297120Z test array_parameters_are_references ... ok
compatibility	Complete correctness gate	2026-09-20T11:31:37.7577730Z test lvalue_indices_are_evaluated_once ... ok
compatibility	Complete correctness gate	2026-09-20T11:31:37.7578930Z test array_reads_create_entries ... ok
compatibility	Complete correctness gate	2026-09-20T11:31:37.7719020Z test range_patterns_and_empty_actions ... ok
compatibility	Complete correctness gate	2026-09-20T11:31:37.7944800Z test numeric_and_string_values_keep_their_types ... ok
compatibility	Complete correctness gate	2026-09-20T11:31:37.7949650Z test expressions_and_escapes ... ok
compatibility	Complete correctness gate	2026-09-20T11:31:37.7949990Z 
compatibility	Complete correctness gate	2026-09-20T11:31:37.7950410Z test result: ok. 7 passed; 0 failed; 0 ignored; 0 measured; 0 filtered out; finished in 0.09s
compatibility	Complete correctness gate	2026-09-20T11:31:37.7951580Z      Running tests/legacy_locale.rs (target/debug/deps/legacy_locale-8bcee91200be312f)
compatibility	Complete correctness gate	2026-09-20T11:31:37.7952040Z 
compatibility	Complete correctness gate	2026-09-20T11:31:37.8003700Z 
compatibility	Complete correctness gate	2026-09-20T11:31:37.8015620Z running 6 tests
compatibility	Complete correctness gate	2026-09-20T11:31:37.9577440Z test every_nonzero_byte_case_conversion_matches_c ... ok
compatibility	Complete correctness gate	2026-09-20T11:31:37.9585920Z test byte_positions_ranges_splits_and_substitution_match_c ... ok
compatibility	Complete correctness gate	2026-09-20T11:31:37.9943980Z test nul_preservation_remains_an_explicit_rust_extension ... ok
compatibility	Complete correctness gate	2026-09-20T11:31:38.1685630Z test required_single_byte_locales_are_active ... ok
compatibility	Complete correctness gate	2026-09-20T11:31:38.1686270Z test legacy_locale_selection_obeys_precedence_and_is_fixed_at_startup ... ok
compatibility	Complete correctness gate	2026-09-20T11:31:39.4100570Z test every_nonzero_byte_in_each_posix_class_matches_c ... ok
compatibility	Complete correctness gate	2026-09-20T11:31:39.4101060Z 
compatibility	Complete correctness gate	2026-09-20T11:31:39.4101560Z test result: ok. 6 passed; 0 failed; 0 ignored; 0 measured; 0 filtered out; finished in 1.61s
compatibility	Complete correctness gate	2026-09-20T11:31:39.4102110Z 
compatibility	Complete correctness gate	2026-09-20T11:31:39.4102420Z      Running tests/phase7_closure.rs (target/debug/deps/phase7_closure-34ec5d4b37cf044e)
compatibility	Complete correctness gate	2026-09-20T11:31:39.4134160Z 
compatibility	Complete correctness gate	2026-09-20T11:31:39.4134770Z running 7 tests
compatibility	Complete correctness gate	2026-09-20T11:31:39.4644040Z test closed_output_pipe_reports_language_error ... ok
compatibility	Complete correctness gate	2026-09-20T11:31:39.4955390Z test contracts_reject_mutations ... ok
compatibility	Complete correctness gate	2026-09-20T11:31:40.1005280Z test keyword_prefixes_and_integral_precision ... ok
compatibility	Complete correctness gate	2026-09-20T11:31:40.2143020Z test generated_octal_regex_atoms_and_literal_operators ... ok
compatibility	Complete correctness gate	2026-09-20T11:31:40.3307250Z test raw_source_bytes_survive_inline_file_and_stdin ... ok
compatibility	Complete correctness gate	2026-09-20T11:31:40.8208890Z test separators_keep_string_and_regex_semantics ... ok
compatibility	Complete correctness gate	2026-09-20T11:31:42.3206960Z test individual_driver_contracts ... ok
compatibility	Complete correctness gate	2026-09-20T11:31:42.3207360Z 
compatibility	Complete correctness gate	2026-09-20T11:31:42.3207890Z test result: ok. 7 passed; 0 failed; 0 ignored; 0 measured; 0 filtered out; finished in 2.91s
compatibility	Complete correctness gate	2026-09-20T11:31:42.3208540Z      Running tests/printf_sanity.rs (target/debug/deps/printf_sanity-7136c99a55f18e88)
compatibility	Complete correctness gate	2026-09-20T11:31:42.3208920Z 
compatibility	Complete correctness gate	2026-09-20T11:31:42.3238120Z 
compatibility	Complete correctness gate	2026-09-20T11:31:42.3238450Z running 5 tests
compatibility	Complete correctness gate	2026-09-20T11:31:42.3547050Z test f_precision ... ok
compatibility	Complete correctness gate	2026-09-20T11:31:42.3551400Z test d_padding ... ok
compatibility	Complete correctness gate	2026-09-20T11:31:42.3616840Z test e_scientific ... ok
compatibility	Complete correctness gate	2026-09-20T11:31:42.3707300Z test x_hex ... ok
compatibility	Complete correctness gate	2026-09-20T11:31:42.3713900Z test s_truncate ... ok
compatibility	Complete correctness gate	2026-09-20T11:31:42.3714210Z 
compatibility	Complete correctness gate	2026-09-20T11:31:42.3714480Z test result: ok. 5 passed; 0 failed; 0 ignored; 0 measured; 0 filtered out; finished in 0.05s
compatibility	Complete correctness gate	2026-09-20T11:31:42.3714820Z 
compatibility	Complete correctness gate	2026-09-20T11:31:42.3715610Z      Running tests/proptest_diff.rs (target/debug/deps/proptest_diff-e5009bf092758d21)
compatibility	Complete correctness gate	2026-09-20T11:31:42.3744980Z 
compatibility	Complete correctness gate	2026-09-20T11:31:42.3745250Z running 6 tests
compatibility	Complete correctness gate	2026-09-20T11:31:46.0458820Z test template_add ... ok
compatibility	Complete correctness gate	2026-09-20T11:31:46.0955800Z test template_multiply ... ok
compatibility	Complete correctness gate	2026-09-20T11:31:46.1779330Z test template_concat_string ... ok
compatibility	Complete correctness gate	2026-09-20T11:31:48.2869930Z test template_scientific_no_orphan_dot ... ok
compatibility	Complete correctness gate	2026-09-20T11:31:49.6001220Z test template_printf_int ... ok
compatibility	Complete correctness gate	2026-09-20T11:31:50.1923280Z test template_printf_float ... ok
compatibility	Complete correctness gate	2026-09-20T11:31:50.1924180Z 
compatibility	Complete correctness gate	2026-09-20T11:31:50.1925290Z test result: ok. 6 passed; 0 failed; 0 ignored; 0 measured; 0 filtered out; finished in 7.81s
compatibility	Complete correctness gate	2026-09-20T11:31:50.1926200Z      Running tests/remaining_contract.rs (target/debug/deps/remaining_contract-7a9f8e2e6bedf0e8)
compatibility	Complete correctness gate	2026-09-20T11:31:50.1926620Z 
compatibility	Complete correctness gate	2026-09-20T11:31:50.1968810Z 
compatibility	Complete correctness gate	2026-09-20T11:31:50.1969460Z running 7 tests
compatibility	Complete correctness gate	2026-09-20T11:31:50.2464670Z test bracket_normalization_preserves_the_binary_profile ... ok
compatibility	Complete correctness gate	2026-09-20T11:31:50.3896680Z test character_format_distinguishes_numeric_fields_from_literal_strings ... ok
compatibility	Complete correctness gate	2026-09-20T11:31:50.4546640Z test missing_fields_are_empty_strings_not_uninitialized_variables ... ok
compatibility	Complete correctness gate	2026-09-20T11:31:51.0406790Z test descending_bracket_ranges_follow_original_c ... ok
compatibility	Complete correctness gate	2026-09-20T11:31:54.4014360Z test generated_rational_values_and_float_formats ... ok
compatibility	Complete correctness gate	2026-09-20T11:31:56.5717360Z test replacement_escapes_have_separate_lexical_and_runtime_stages ... ok
compatibility	Complete correctness gate	2026-09-20T11:31:57.8246730Z test numeric_rounding_uses_the_exact_binary_value ... ok
compatibility	Complete correctness gate	2026-09-20T11:31:57.8247130Z 
compatibility	Complete correctness gate	2026-09-20T11:31:57.8247430Z test result: ok. 7 passed; 0 failed; 0 ignored; 0 measured; 0 filtered out; finished in 7.62s
compatibility	Complete correctness gate	2026-09-20T11:31:57.8247910Z 
compatibility	Complete correctness gate	2026-09-20T11:31:57.8249100Z      Running tests/runtime_contract.rs (target/debug/deps/runtime_contract-d65bacc50385039a)
compatibility	Complete correctness gate	2026-09-20T11:31:57.8281030Z 
compatibility	Complete correctness gate	2026-09-20T11:31:57.8282310Z running 3 tests
compatibility	Complete correctness gate	2026-09-20T11:31:57.8441310Z test short_circuit_preserves_side_effects ... ok
compatibility	Complete correctness gate	2026-09-20T11:31:57.8441880Z test return_escapes_all_loop_forms ... ok
compatibility	Complete correctness gate	2026-09-20T11:31:57.8609180Z test exit_executes_end_and_interrupts_expressions ... ok
compatibility	Complete correctness gate	2026-09-20T11:31:57.8609620Z 
compatibility	Complete correctness gate	2026-09-20T11:31:57.8609930Z test result: ok. 3 passed; 0 failed; 0 ignored; 0 measured; 0 filtered out; finished in 0.03s
compatibility	Complete correctness gate	2026-09-20T11:31:57.8610470Z 
compatibility	Complete correctness gate	2026-09-20T11:31:57.8611130Z      Running tests/shell_drivers.rs (target/debug/deps/shell_drivers-b33b16bb97343606)
compatibility	Complete correctness gate	2026-09-20T11:31:57.8648950Z 
compatibility	Complete correctness gate	2026-09-20T11:31:57.8649880Z running 3 tests
compatibility	Complete correctness gate	2026-09-20T11:31:59.4074060Z test shell_driver_gate_rejects_missing_interpreter_output ... ok
compatibility	Complete correctness gate	2026-09-20T11:32:00.7156690Z test original_cli_and_array_shell_drivers ... ok
compatibility	Complete correctness gate	2026-09-20T11:32:34.2628370Z test admitted_original_shell_drivers ... ok
compatibility	Complete correctness gate	2026-09-20T11:32:34.2629480Z 
compatibility	Complete correctness gate	2026-09-20T11:32:34.2630390Z test result: ok. 3 passed; 0 failed; 0 ignored; 0 measured; 0 filtered out; finished in 36.38s
compatibility	Complete correctness gate	2026-09-20T11:32:34.2631300Z 
compatibility	Complete correctness gate	2026-09-20T11:32:34.2635190Z      Running tests/shift_jis.rs (target/debug/deps/shift_jis-1c1b9bb11ce40504)
compatibility	Complete correctness gate	2026-09-20T11:32:34.2672100Z 
compatibility	Complete correctness gate	2026-09-20T11:32:34.2678980Z running 11 tests
compatibility	Complete correctness gate	2026-09-20T11:32:34.3381550Z test embedded_nul_preserves_the_rust_binary_extension ... ok
compatibility	Complete correctness gate	2026-09-20T11:32:34.3511530Z test conversion_failure_preserves_atomic_print_contract ... ok
compatibility	Complete correctness gate	2026-09-20T11:32:34.6528630Z test record_separators_and_locale_precedence_match_c ... ok
compatibility	Complete correctness gate	2026-09-20T11:32:34.6999710Z test regex_rs_with_three_or_four_byte_structural_units_matches_c ... ok
compatibility	Complete correctness gate	2026-09-20T11:32:34.7564250Z test required_sjis_locale_has_observable_case_mapping ... ok
compatibility	Complete correctness gate	2026-09-20T11:32:35.1728700Z test regex_rs_sjis_refill_across_input_buffers_and_getline_matches_c ... ok
compatibility	Complete correctness gate	2026-09-20T11:32:35.2106510Z test streaming_rs_keeps_binary_data_distinct_from_eof ... ok
compatibility	Complete correctness gate	2026-09-20T11:32:36.2540860Z test structural_units_regex_fields_and_formatting_match_c ... ok
compatibility	Complete correctness gate	2026-09-20T11:32:37.0175710Z test valid_case_conversion_and_truncated_suffixes_match_c ... ok
compatibility	Complete correctness gate	2026-09-20T11:32:45.6617340Z test regex_rs_refill_restart_longest_and_anchors_match_c ... ok
compatibility	Complete correctness gate	2026-09-20T11:33:23.5778130Z test single_bytes_and_lead_trail_boundaries_match_c ... ok
compatibility	Complete correctness gate	2026-09-20T11:33:23.5778810Z 
compatibility	Complete correctness gate	2026-09-20T11:33:23.5779050Z test result: ok. 11 passed; 0 failed; 0 ignored; 0 measured; 0 filtered out; finished in 49.29s
compatibility	Complete correctness gate	2026-09-20T11:33:23.5779440Z 
compatibility	Complete correctness gate	2026-09-20T11:33:23.5786860Z      Running tests/unicode_contract.rs (target/debug/deps/unicode_contract-ff53360e0ff39268)
compatibility	Complete correctness gate	2026-09-20T11:33:23.5824260Z 
compatibility	Complete correctness gate	2026-09-20T11:33:23.5824730Z running 10 tests
compatibility	Complete correctness gate	2026-09-20T11:33:23.6559510Z test binary_nul_extension_and_case_conversion_errors ... ok
compatibility	Complete correctness gate	2026-09-20T11:33:24.1806740Z test locale_precedence_and_character_operations ... ok
compatibility	Complete correctness gate	2026-09-20T11:33:24.2017920Z test boolean_regex_search_preserves_rune_alignment_and_empty_matches ... ok
compatibility	Complete correctness gate	2026-09-20T11:33:24.3958480Z test repeated_matches_and_index_inside_a_multibyte_unit ... ok
compatibility	Complete correctness gate	2026-09-20T11:33:24.4108380Z test required_locales_are_active_in_both_interpreters ... ok
compatibility	Complete correctness gate	2026-09-20T11:33:24.6054750Z test unicode_formatting_and_source_escapes ... ok
compatibility	Complete correctness gate	2026-09-20T11:33:24.9680850Z test utf8_record_separators_across_buffers ... ok
compatibility	Complete correctness gate	2026-09-20T11:33:25.3840970Z test unicode_classes_ranges_and_anchors ... ok
compatibility	Complete correctness gate	2026-09-20T11:33:25.4713920Z test utf8_regex_empty_matches_and_mixed_bytes ... ok
compatibility	Complete correctness gate	2026-09-20T11:33:32.1619630Z test original_utf8_drivers ... ok
compatibility	Complete correctness gate	2026-09-20T11:33:32.1620110Z 
compatibility	Complete correctness gate	2026-09-20T11:33:32.1621500Z test result: ok. 10 passed; 0 failed; 0 ignored; 0 measured; 0 filtered out; finished in 8.58s
compatibility	Complete correctness gate	2026-09-20T11:33:32.1622640Z 
compatibility	Complete correctness gate	2026-09-20T11:33:32.1624230Z      Running tests/xml_runner_test.rs (target/debug/deps/xml_runner_test-bbb04a9a34486b5f)
compatibility	Complete correctness gate	2026-09-20T11:33:32.1679580Z 
compatibility	Complete correctness gate	2026-09-20T11:33:32.1680020Z running 1 test
compatibility	Complete correctness gate	2026-09-20T11:33:35.4513280Z test run_xml_testsuite ... ok
compatibility	Complete correctness gate	2026-09-20T11:33:35.4514060Z 
compatibility	Complete correctness gate	2026-09-20T11:33:35.4515610Z test result: ok. 1 passed; 0 failed; 0 ignored; 0 measured; 0 filtered out; finished in 3.28s
compatibility	Complete correctness gate	2026-09-20T11:33:35.4529270Z 
compatibility	Complete correctness gate	2026-09-20T11:33:35.4529690Z    Doc-tests rawk
compatibility	Complete correctness gate	2026-09-20T11:33:35.5545910Z 
compatibility	Complete correctness gate	2026-09-20T11:33:35.5546750Z running 0 tests
compatibility	Complete correctness gate	2026-09-20T11:33:35.5547000Z 
compatibility	Complete correctness gate	2026-09-20T11:33:35.5547260Z test result: ok. 0 passed; 0 failed; 0 ignored; 0 measured; 0 filtered out; finished in 0.00s
compatibility	Complete correctness gate	2026-09-20T11:33:35.5547800Z 
compatibility	Complete correctness gate	2026-09-20T11:33:35.5600980Z OK
compatibility	Audit all original shell drivers (includes documented diagnostic and locale differences)	﻿2026-09-20T11:33:35.5724320Z ##[group]Run python3 scripts/full_driver_audit.py --output diary/full-driver-results-ci.json
compatibility	Audit all original shell drivers (includes documented diagnostic and locale differences)	2026-09-20T11:33:35.5725940Z [36;1mpython3 scripts/full_driver_audit.py --output diary/full-driver-results-ci.json[0m
compatibility	Audit all original shell drivers (includes documented diagnostic and locale differences)	2026-09-20T11:33:35.5877520Z shell: /bin/bash -e {0}
compatibility	Audit all original shell drivers (includes documented diagnostic and locale differences)	2026-09-20T11:33:35.5877880Z env:
compatibility	Audit all original shell drivers (includes documented diagnostic and locale differences)	2026-09-20T11:33:35.5878090Z   LC_ALL: C
compatibility	Audit all original shell drivers (includes documented diagnostic and locale differences)	2026-09-20T11:33:35.5878340Z   CARGO_INCREMENTAL: 0
compatibility	Audit all original shell drivers (includes documented diagnostic and locale differences)	2026-09-20T11:33:35.5878630Z   RUSTUP_TOOLCHAIN: 1.96.0
compatibility	Audit all original shell drivers (includes documented diagnostic and locale differences)	2026-09-20T11:33:35.5878860Z ##[endgroup]
compatibility	Audit all original shell drivers (includes documented diagnostic and locale differences)	2026-09-20T11:33:36.5562960Z T.-f-f pass 
compatibility	Audit all original shell drivers (includes documented diagnostic and locale differences)	2026-09-20T11:33:37.5336360Z T.argv pass 
compatibility	Audit all original shell drivers (includes documented diagnostic and locale differences)	2026-09-20T11:33:38.0725220Z T.arnold pass 
compatibility	Audit all original shell drivers (includes documented diagnostic and locale differences)	2026-09-20T11:33:40.0896020Z T.beebe pass 
compatibility	Audit all original shell drivers (includes documented diagnostic and locale differences)	2026-09-20T11:33:40.7970390Z T.builtin reference-failure BAD: T.builtin (rand) BAD: T.builtin (toupper/tolower) for utf-8
compatibility	Audit all original shell drivers (includes documented diagnostic and locale differences)	2026-09-20T11:33:41.1837930Z T.chem pass 
compatibility	Audit all original shell drivers (includes documented diagnostic and locale differences)	2026-09-20T11:33:41.7729890Z T.close pass 
compatibility	Audit all original shell drivers (includes documented diagnostic and locale differences)	2026-09-20T11:33:42.9152630Z T.clv pass 
compatibility	Audit all original shell drivers (includes documented diagnostic and locale differences)	2026-09-20T11:33:43.2430180Z T.csconcat pass 
compatibility	Audit all original shell drivers (includes documented diagnostic and locale differences)	2026-09-20T11:33:44.0888980Z T.csv pass 
compatibility	Audit all original shell drivers (includes documented diagnostic and locale differences)	2026-09-20T11:33:44.4391830Z T.delete pass 
compatibility	Audit all original shell drivers (includes documented diagnostic and locale differences)	2026-09-20T11:33:45.4541760Z T.errmsg reference-failure BAD: illegal primary in regular expression failed BAD: illegal break, continue, next or nextfile from BEGIN failed BAD: illegal break, continue, next or nextfile from END failed BAD: nextfile is illegal inside a function failed BAD: nonterminated character class failed BAD: nonterminated character class failed BAD: nonterminated character cl
compatibility	Audit all original shell drivers (includes documented diagnostic and locale differences)	2026-09-20T11:33:48.4626070Z T.expr pass 
compatibility	Audit all original shell drivers (includes documented diagnostic and locale differences)	2026-09-20T11:33:48.8218480Z T.exprconv pass 
compatibility	Audit all original shell drivers (includes documented diagnostic and locale differences)	2026-09-20T11:33:49.1826130Z T.flags open T.flags: bad no program T.flags: bad can.t open program T.flags: bad can.t open program 2 T.flags: bad missing field separator
compatibility	Audit all original shell drivers (includes documented diagnostic and locale differences)	2026-09-20T11:33:49.9920510Z T.func pass 
compatibility	Audit all original shell drivers (includes documented diagnostic and locale differences)	2026-09-20T11:33:51.8180510Z T.gawk pass 
compatibility	Audit all original shell drivers (includes documented diagnostic and locale differences)	2026-09-20T11:33:52.3605240Z T.getline pass 
compatibility	Audit all original shell drivers (includes documented diagnostic and locale differences)	2026-09-20T11:33:52.7006430Z T.int-expr pass 
compatibility	Audit all original shell drivers (includes documented diagnostic and locale differences)	2026-09-20T11:33:53.1294680Z T.latin1 pass 
compatibility	Audit all original shell drivers (includes documented diagnostic and locale differences)	2026-09-20T11:33:56.6139690Z T.lilly pass 
compatibility	Audit all original shell drivers (includes documented diagnostic and locale differences)	2026-09-20T11:33:57.1358600Z T.main pass 
compatibility	Audit all original shell drivers (includes documented diagnostic and locale differences)	2026-09-20T11:33:58.9500010Z T.misc open BAD: T.misc split error BAD: T.misc hello error BAD: T.misc pile error BAD: T.misc gsub banana error BAD: T.misc sub banana error BAD: T.misc lineno BAD: T.misc can't open BAD: T.misc continuation line number BAD: T.misc syntax error line number �BAD: T.misc escape sequences in strings mishandled BAD: T.misc fcn args BAD: T.misc undefine
compatibility	Audit all original shell drivers (includes documented diagnostic and locale differences)	2026-09-20T11:34:00.0819200Z T.nextfile pass 
compatibility	Audit all original shell drivers (includes documented diagnostic and locale differences)	2026-09-20T11:34:01.0337560Z T.overflow pass 
compatibility	Audit all original shell drivers (includes documented diagnostic and locale differences)	2026-09-20T11:34:05.7197780Z T.re pass 
compatibility	Audit all original shell drivers (includes documented diagnostic and locale differences)	2026-09-20T11:34:06.0199800Z T.recache pass 
compatibility	Audit all original shell drivers (includes documented diagnostic and locale differences)	2026-09-20T11:34:06.4710590Z T.redir pass 
compatibility	Audit all original shell drivers (includes documented diagnostic and locale differences)	2026-09-20T11:34:07.2715920Z T.split pass 
compatibility	Audit all original shell drivers (includes documented diagnostic and locale differences)	2026-09-20T11:34:09.4988370Z T.sub pass 
compatibility	Audit all original shell drivers (includes documented diagnostic and locale differences)	2026-09-20T11:34:09.8308640Z T.system pass 
compatibility	Audit all original shell drivers (includes documented diagnostic and locale differences)	2026-09-20T11:34:12.8924350Z T.utf reference-failure test 1.3 failed test 1.4 failed test 1.5 failed test 1.6 failed test 1.7 failed test 1.8 failed test 1.9 failed test 1.10 failed test 1.11 failed test 1.12 failed test 1.13 failed test 1.14 failed test 1.15 failed test 1.16 failed test 1.17 failed test 1.18 failed test 1.19 failed test 1.20 failed test 1.21 fail
compatibility	Audit all original shell drivers (includes documented diagnostic and locale differences)	2026-09-20T11:34:15.9830940Z T.utfre reference-failure 43 fails ^λ.$ ~ λλ 51 fails ^.해 ~ め해 52 fails ^.해 ~ め해해 64 fails 해* ~  68 fails 해* ~ めめめめ 69 fails 해해* ~ 해 71 fails 해해* ~ め해 84 fails xθ+y ~ xθθy 85 fails xθ+y ~ xθθθθθθy 89 fails xθ?y ~ xy 92 fails θ?b?の? ~  93 fails θ?b?の? ~ x 106 fails [Α-Ω] !~ β 108 fails [^Α-Ω] ~ δ 119 fails [Α-ΔΦ-Ω] !~ Π 120 fails [Α-ΔΦ-Ω] !~ Σ
compatibility	Audit original UTF-8 drivers	﻿2026-09-20T11:34:16.0116650Z ##[group]Run python3 scripts/full_driver_audit.py --drivers T.utf T.utfre --locale en_US.UTF-8 --check --output diary/unicode-driver-results-ci.json
compatibility	Audit original UTF-8 drivers	2026-09-20T11:34:16.0121830Z [36;1mpython3 scripts/full_driver_audit.py --drivers T.utf T.utfre --locale en_US.UTF-8 --check --output diary/unicode-driver-results-ci.json[0m
compatibility	Audit original UTF-8 drivers	2026-09-20T11:34:16.0227800Z shell: /bin/bash -e {0}
compatibility	Audit original UTF-8 drivers	2026-09-20T11:34:16.0228220Z env:
compatibility	Audit original UTF-8 drivers	2026-09-20T11:34:16.0228450Z   LC_ALL: C
compatibility	Audit original UTF-8 drivers	2026-09-20T11:34:16.0228740Z   CARGO_INCREMENTAL: 0
compatibility	Audit original UTF-8 drivers	2026-09-20T11:34:16.0229030Z   RUSTUP_TOOLCHAIN: 1.96.0
compatibility	Audit original UTF-8 drivers	2026-09-20T11:34:16.0229530Z ##[endgroup]
compatibility	Audit original UTF-8 drivers	2026-09-20T11:34:19.6283890Z T.utf pass 
compatibility	Audit original UTF-8 drivers	2026-09-20T11:34:23.1636930Z T.utfre pass 
compatibility	Retain full driver evidence	﻿2026-09-20T11:34:23.1856710Z Node 20 is being deprecated. This workflow is running with Node 24 by default. If you need to temporarily use Node 20, you can set the ACTIONS_ALLOW_USE_UNSECURE_NODE_VERSION=true environment variable. For more information see: https://github.blog/changelog/2025-09-19-deprecation-of-node-20-on-github-actions-runners/
compatibility	Retain full driver evidence	2026-09-20T11:34:23.1858810Z ##[group]Run actions/upload-artifact@ea165f8d65b6e75b540449e92b4886f43607fa02
compatibility	Retain full driver evidence	2026-09-20T11:34:23.1859240Z with:
compatibility	Retain full driver evidence	2026-09-20T11:34:23.1859500Z   name: original-driver-audit
compatibility	Retain full driver evidence	2026-09-20T11:34:23.1860020Z   path: rawk/diary/full-driver-results-ci.json
compatibility	Retain full driver evidence	rawk/diary/unicode-driver-results-ci.json
compatibility	Retain full driver evidence	
compatibility	Retain full driver evidence	2026-09-20T11:34:23.1860480Z   if-no-files-found: error
compatibility	Retain full driver evidence	2026-09-20T11:34:23.1860780Z   compression-level: 6
compatibility	Retain full driver evidence	2026-09-20T11:34:23.1860940Z   overwrite: false
compatibility	Retain full driver evidence	2026-09-20T11:34:23.1861110Z   include-hidden-files: false
compatibility	Retain full driver evidence	2026-09-20T11:34:23.1861280Z env:
compatibility	Retain full driver evidence	2026-09-20T11:34:23.1861410Z   LC_ALL: C
compatibility	Retain full driver evidence	2026-09-20T11:34:23.1861550Z   CARGO_INCREMENTAL: 0
compatibility	Retain full driver evidence	2026-09-20T11:34:23.1861820Z   RUSTUP_TOOLCHAIN: 1.96.0
compatibility	Retain full driver evidence	2026-09-20T11:34:23.1862200Z ##[endgroup]
compatibility	Retain full driver evidence	2026-09-20T11:34:23.5512680Z (node:73766) [DEP0040] DeprecationWarning: The `punycode` module is deprecated. Please use a userland alternative instead.
compatibility	Retain full driver evidence	2026-09-20T11:34:23.5523460Z (Use `node --trace-deprecation ...` to show where the warning was created)
compatibility	Retain full driver evidence	2026-09-20T11:34:23.5564820Z Multiple search paths detected. Calculating the least common ancestor of all paths
compatibility	Retain full driver evidence	2026-09-20T11:34:23.5571340Z The least common ancestor is /Users/runner/work/rawk/rawk/rawk/diary. This will be the root directory of the artifact
compatibility	Retain full driver evidence	2026-09-20T11:34:23.5572850Z With the provided path, there will be 2 files uploaded
compatibility	Retain full driver evidence	2026-09-20T11:34:23.5574160Z Artifact name is valid!
compatibility	Retain full driver evidence	2026-09-20T11:34:23.5574770Z Root directory input is valid!
compatibility	Retain full driver evidence	2026-09-20T11:34:23.7422610Z Beginning upload of artifact content to blob storage
compatibility	Retain full driver evidence	2026-09-20T11:34:23.7677940Z (node:73766) [DEP0169] DeprecationWarning: `url.parse()` behavior is not standardized and prone to errors that have security implications. Use the WHATWG URL API instead. CVEs are not issued for `url.parse()` vulnerabilities.
compatibility	Retain full driver evidence	2026-09-20T11:34:23.8062980Z Uploaded bytes 11674
compatibility	Retain full driver evidence	2026-09-20T11:34:23.8568650Z Finished uploading artifact content to blob storage!
compatibility	Retain full driver evidence	2026-09-20T11:34:23.8570070Z SHA256 digest of uploaded artifact zip is 2f3ec0b1a9c5b9da0e84e5cc1c4e3abdfb67f2e9272843e05706a7e0bd913a0d
compatibility	Retain full driver evidence	2026-09-20T11:34:23.8571280Z Finalizing artifact upload
compatibility	Retain full driver evidence	2026-09-20T11:34:24.0502220Z Artifact original-driver-audit.zip successfully finalized. Artifact ID 10603843280
compatibility	Retain full driver evidence	2026-09-20T11:34:24.0504380Z Artifact original-driver-audit has been successfully uploaded! Final size is 11674 bytes. Artifact ID is 10603843280
compatibility	Retain full driver evidence	2026-09-20T11:34:24.0515150Z Artifact download URL: https://github.com/francescotinti/rawk/actions/runs/35507960469/artifacts/10603843280
compatibility	Post Run actions/checkout@11bd71901bbe5b1630ceea73d27597364c9af683	﻿2026-09-20T11:34:24.0815930Z Node 20 is being deprecated. This workflow is running with Node 24 by default. If you need to temporarily use Node 20, you can set the ACTIONS_ALLOW_USE_UNSECURE_NODE_VERSION=true environment variable. For more information see: https://github.blog/changelog/2025-09-19-deprecation-of-node-20-on-github-actions-runners/
compatibility	Post Run actions/checkout@11bd71901bbe5b1630ceea73d27597364c9af683	2026-09-20T11:34:24.0817100Z Post job cleanup.
compatibility	Post Run actions/checkout@11bd71901bbe5b1630ceea73d27597364c9af683	2026-09-20T11:34:24.1945860Z [command]/opt/homebrew/bin/git version
compatibility	Post Run actions/checkout@11bd71901bbe5b1630ceea73d27597364c9af683	2026-09-20T11:34:24.2019890Z git version 2.55.0
compatibility	Post Run actions/checkout@11bd71901bbe5b1630ceea73d27597364c9af683	2026-09-20T11:34:24.2038180Z Copying '/Users/runner/.gitconfig' to '/Users/runner/work/_temp/806cd2ce-c478-4609-a30d-311dfad6d52d/.gitconfig'
compatibility	Post Run actions/checkout@11bd71901bbe5b1630ceea73d27597364c9af683	2026-09-20T11:34:24.2045390Z Temporarily overriding HOME='/Users/runner/work/_temp/806cd2ce-c478-4609-a30d-311dfad6d52d' before making global git config changes
compatibility	Post Run actions/checkout@11bd71901bbe5b1630ceea73d27597364c9af683	2026-09-20T11:34:24.2046210Z Adding repository directory to the temporary git global config as a safe directory
compatibility	Post Run actions/checkout@11bd71901bbe5b1630ceea73d27597364c9af683	2026-09-20T11:34:24.2049230Z [command]/opt/homebrew/bin/git config --global --add safe.directory /Users/runner/work/rawk/rawk/rawk
compatibility	Post Run actions/checkout@11bd71901bbe5b1630ceea73d27597364c9af683	2026-09-20T11:34:24.2135890Z [command]/opt/homebrew/bin/git config --local --name-only --get-regexp core\.sshCommand
compatibility	Post Run actions/checkout@11bd71901bbe5b1630ceea73d27597364c9af683	2026-09-20T11:34:24.2190960Z [command]/opt/homebrew/bin/git submodule foreach --recursive sh -c "git config --local --name-only --get-regexp 'core\.sshCommand' && git config --local --unset-all 'core.sshCommand' || :"
compatibility	Post Run actions/checkout@11bd71901bbe5b1630ceea73d27597364c9af683	2026-09-20T11:34:24.2915900Z [command]/opt/homebrew/bin/git config --local --name-only --get-regexp http\.https\:\/\/github\.com\/\.extraheader
compatibility	Post Run actions/checkout@11bd71901bbe5b1630ceea73d27597364c9af683	2026-09-20T11:34:24.2961510Z http.https://github.com/.extraheader
compatibility	Post Run actions/checkout@11bd71901bbe5b1630ceea73d27597364c9af683	2026-09-20T11:34:24.2967940Z [command]/opt/homebrew/bin/git config --local --unset-all http.https://github.com/.extraheader
compatibility	Post Run actions/checkout@11bd71901bbe5b1630ceea73d27597364c9af683	2026-09-20T11:34:24.3015790Z [command]/opt/homebrew/bin/git submodule foreach --recursive sh -c "git config --local --name-only --get-regexp 'http\.https\:\/\/github\.com\/\.extraheader' && git config --local --unset-all 'http.https://github.com/.extraheader' || :"
compatibility	Complete job	﻿2026-09-20T11:34:24.3683090Z Cleaning up orphan processes
compatibility	Complete job	2026-09-20T11:34:24.6913780Z ##[warning]Node.js 20 is deprecated. The following actions target Node.js 20 but are being forced to run on Node.js 24: actions/checkout@11bd71901bbe5b1630ceea73d27597364c9af683, actions/upload-artifact@ea165f8d65b6e75b540449e92b4886f43607fa02. For more information see: https://github.blog/changelog/2025-09-19-deprecation-of-node-20-on-github-actions-runners/
linux-portability (ubuntu-24.04)	Set up job	﻿2026-09-20T11:29:11.0386564Z Current runner version: '2.337.0'
linux-portability (ubuntu-24.04)	Set up job	2026-09-20T11:29:11.0412334Z ##[group]Runner Image Provisioner
linux-portability (ubuntu-24.04)	Set up job	2026-09-20T11:29:11.0413647Z Hosted Compute Agent
linux-portability (ubuntu-24.04)	Set up job	2026-09-20T11:29:11.0414369Z Version: 20260828.587
linux-portability (ubuntu-24.04)	Set up job	2026-09-20T11:29:11.0415115Z Commit: abac92662cab4cc7352de4f9f9d2e2419aad9c29
linux-portability (ubuntu-24.04)	Set up job	2026-09-20T11:29:11.0415891Z Build Date: 2026-08-28T16:44:25Z
linux-portability (ubuntu-24.04)	Set up job	2026-09-20T11:29:11.0416652Z Worker ID: {d40ec318-2547-42a4-9783-b9acb7df83f1}
linux-portability (ubuntu-24.04)	Set up job	2026-09-20T11:29:11.0417368Z Azure Region: canadaeast
linux-portability (ubuntu-24.04)	Set up job	2026-09-20T11:29:11.0417935Z ##[endgroup]
linux-portability (ubuntu-24.04)	Set up job	2026-09-20T11:29:11.0419657Z ##[group]Operating System
linux-portability (ubuntu-24.04)	Set up job	2026-09-20T11:29:11.0420326Z Ubuntu
linux-portability (ubuntu-24.04)	Set up job	2026-09-20T11:29:11.0420961Z 24.04.5
linux-portability (ubuntu-24.04)	Set up job	2026-09-20T11:29:11.0421478Z LTS
linux-portability (ubuntu-24.04)	Set up job	2026-09-20T11:29:11.0421971Z ##[endgroup]
linux-portability (ubuntu-24.04)	Set up job	2026-09-20T11:29:11.0422598Z ##[group]Runner Image
linux-portability (ubuntu-24.04)	Set up job	2026-09-20T11:29:11.0423442Z Image: ubuntu-24.04
linux-portability (ubuntu-24.04)	Set up job	2026-09-20T11:29:11.0424479Z Version: 20260907.300.1
linux-portability (ubuntu-24.04)	Set up job	2026-09-20T11:29:11.0425584Z Included Software: https://github.com/actions/runner-images/blob/ubuntu24/20260907.300/images/ubuntu/Ubuntu2404-Readme.md
linux-portability (ubuntu-24.04)	Set up job	2026-09-20T11:29:11.0427365Z Image Release: https://github.com/actions/runner-images/releases/tag/ubuntu24%2F20260907.300
linux-portability (ubuntu-24.04)	Set up job	2026-09-20T11:29:11.0428343Z ##[endgroup]
linux-portability (ubuntu-24.04)	Set up job	2026-09-20T11:29:11.0429540Z ##[group]GITHUB_TOKEN Permissions
linux-portability (ubuntu-24.04)	Set up job	2026-09-20T11:29:11.0432138Z Contents: read
linux-portability (ubuntu-24.04)	Set up job	2026-09-20T11:29:11.0432886Z Metadata: read
linux-portability (ubuntu-24.04)	Set up job	2026-09-20T11:29:11.0433844Z ##[endgroup]
linux-portability (ubuntu-24.04)	Set up job	2026-09-20T11:29:11.0436040Z Secret source: Actions
linux-portability (ubuntu-24.04)	Set up job	2026-09-20T11:29:11.0437055Z Cache mode: write
linux-portability (ubuntu-24.04)	Set up job	2026-09-20T11:29:11.0438142Z Prepare workflow directory
linux-portability (ubuntu-24.04)	Set up job	2026-09-20T11:29:11.0876278Z Prepare all required actions
linux-portability (ubuntu-24.04)	Set up job	2026-09-20T11:29:11.0925712Z Getting action download info
linux-portability (ubuntu-24.04)	Set up job	2026-09-20T11:29:11.3360072Z Download action repository 'actions/checkout@11bd71901bbe5b1630ceea73d27597364c9af683' (SHA:11bd71901bbe5b1630ceea73d27597364c9af683)
linux-portability (ubuntu-24.04)	Set up job	2026-09-20T11:29:11.4464860Z Download action repository 'actions/upload-artifact@ea165f8d65b6e75b540449e92b4886f43607fa02' (SHA:ea165f8d65b6e75b540449e92b4886f43607fa02)
linux-portability (ubuntu-24.04)	Set up job	2026-09-20T11:29:11.6610083Z Complete job name: linux-portability (ubuntu-24.04)
linux-portability (ubuntu-24.04)	Run actions/checkout@11bd71901bbe5b1630ceea73d27597364c9af683	﻿2026-09-20T11:29:11.7469659Z Node 20 is being deprecated. This workflow is running with Node 24 by default. If you need to temporarily use Node 20, you can set the ACTIONS_ALLOW_USE_UNSECURE_NODE_VERSION=true environment variable. For more information see: https://github.blog/changelog/2025-09-19-deprecation-of-node-20-on-github-actions-runners/
linux-portability (ubuntu-24.04)	Run actions/checkout@11bd71901bbe5b1630ceea73d27597364c9af683	2026-09-20T11:29:11.7483595Z ##[group]Run actions/checkout@11bd71901bbe5b1630ceea73d27597364c9af683
linux-portability (ubuntu-24.04)	Run actions/checkout@11bd71901bbe5b1630ceea73d27597364c9af683	2026-09-20T11:29:11.7485153Z with:
linux-portability (ubuntu-24.04)	Run actions/checkout@11bd71901bbe5b1630ceea73d27597364c9af683	2026-09-20T11:29:11.7485841Z   path: rawk
linux-portability (ubuntu-24.04)	Run actions/checkout@11bd71901bbe5b1630ceea73d27597364c9af683	2026-09-20T11:29:11.7486585Z   repository: francescotinti/rawk
linux-portability (ubuntu-24.04)	Run actions/checkout@11bd71901bbe5b1630ceea73d27597364c9af683	2026-09-20T11:29:11.7494189Z   token: ***
linux-portability (ubuntu-24.04)	Run actions/checkout@11bd71901bbe5b1630ceea73d27597364c9af683	2026-09-20T11:29:11.7494988Z   ssh-strict: true
linux-portability (ubuntu-24.04)	Run actions/checkout@11bd71901bbe5b1630ceea73d27597364c9af683	2026-09-20T11:29:11.7495750Z   ssh-user: git
linux-portability (ubuntu-24.04)	Run actions/checkout@11bd71901bbe5b1630ceea73d27597364c9af683	2026-09-20T11:29:11.7496499Z   persist-credentials: true
linux-portability (ubuntu-24.04)	Run actions/checkout@11bd71901bbe5b1630ceea73d27597364c9af683	2026-09-20T11:29:11.7497344Z   clean: true
linux-portability (ubuntu-24.04)	Run actions/checkout@11bd71901bbe5b1630ceea73d27597364c9af683	2026-09-20T11:29:11.7498129Z   sparse-checkout-cone-mode: true
linux-portability (ubuntu-24.04)	Run actions/checkout@11bd71901bbe5b1630ceea73d27597364c9af683	2026-09-20T11:29:11.7499074Z   fetch-depth: 1
linux-portability (ubuntu-24.04)	Run actions/checkout@11bd71901bbe5b1630ceea73d27597364c9af683	2026-09-20T11:29:11.7499841Z   fetch-tags: false
linux-portability (ubuntu-24.04)	Run actions/checkout@11bd71901bbe5b1630ceea73d27597364c9af683	2026-09-20T11:29:11.7500666Z   show-progress: true
linux-portability (ubuntu-24.04)	Run actions/checkout@11bd71901bbe5b1630ceea73d27597364c9af683	2026-09-20T11:29:11.7501548Z   lfs: false
linux-portability (ubuntu-24.04)	Run actions/checkout@11bd71901bbe5b1630ceea73d27597364c9af683	2026-09-20T11:29:11.7502298Z   submodules: false
linux-portability (ubuntu-24.04)	Run actions/checkout@11bd71901bbe5b1630ceea73d27597364c9af683	2026-09-20T11:29:11.7503407Z   set-safe-directory: true
linux-portability (ubuntu-24.04)	Run actions/checkout@11bd71901bbe5b1630ceea73d27597364c9af683	2026-09-20T11:29:11.7504839Z env:
linux-portability (ubuntu-24.04)	Run actions/checkout@11bd71901bbe5b1630ceea73d27597364c9af683	2026-09-20T11:29:11.7505584Z   LC_ALL: C
linux-portability (ubuntu-24.04)	Run actions/checkout@11bd71901bbe5b1630ceea73d27597364c9af683	2026-09-20T11:29:11.7506317Z   CARGO_INCREMENTAL: 0
linux-portability (ubuntu-24.04)	Run actions/checkout@11bd71901bbe5b1630ceea73d27597364c9af683	2026-09-20T11:29:11.7507106Z   RUSTUP_TOOLCHAIN: 1.96.0
linux-portability (ubuntu-24.04)	Run actions/checkout@11bd71901bbe5b1630ceea73d27597364c9af683	2026-09-20T11:29:11.7507920Z ##[endgroup]
linux-portability (ubuntu-24.04)	Run actions/checkout@11bd71901bbe5b1630ceea73d27597364c9af683	2026-09-20T11:29:11.8574995Z Syncing repository: francescotinti/rawk
linux-portability (ubuntu-24.04)	Run actions/checkout@11bd71901bbe5b1630ceea73d27597364c9af683	2026-09-20T11:29:11.8576985Z ##[group]Getting Git version info
linux-portability (ubuntu-24.04)	Run actions/checkout@11bd71901bbe5b1630ceea73d27597364c9af683	2026-09-20T11:29:11.8577733Z Working directory is '/home/runner/work/rawk/rawk/rawk'
linux-portability (ubuntu-24.04)	Run actions/checkout@11bd71901bbe5b1630ceea73d27597364c9af683	2026-09-20T11:29:11.8578709Z [command]/usr/bin/git version
linux-portability (ubuntu-24.04)	Run actions/checkout@11bd71901bbe5b1630ceea73d27597364c9af683	2026-09-20T11:29:11.8723779Z git version 2.55.0
linux-portability (ubuntu-24.04)	Run actions/checkout@11bd71901bbe5b1630ceea73d27597364c9af683	2026-09-20T11:29:11.8750188Z ##[endgroup]
linux-portability (ubuntu-24.04)	Run actions/checkout@11bd71901bbe5b1630ceea73d27597364c9af683	2026-09-20T11:29:11.8767426Z Temporarily overriding HOME='/home/runner/work/_temp/82f03422-fb02-4279-9140-fb013a416586' before making global git config changes
linux-portability (ubuntu-24.04)	Run actions/checkout@11bd71901bbe5b1630ceea73d27597364c9af683	2026-09-20T11:29:11.8768876Z Adding repository directory to the temporary git global config as a safe directory
linux-portability (ubuntu-24.04)	Run actions/checkout@11bd71901bbe5b1630ceea73d27597364c9af683	2026-09-20T11:29:11.8773667Z [command]/usr/bin/git config --global --add safe.directory /home/runner/work/rawk/rawk/rawk
linux-portability (ubuntu-24.04)	Run actions/checkout@11bd71901bbe5b1630ceea73d27597364c9af683	2026-09-20T11:29:11.8834912Z ##[group]Initializing the repository
linux-portability (ubuntu-24.04)	Run actions/checkout@11bd71901bbe5b1630ceea73d27597364c9af683	2026-09-20T11:29:11.8840661Z [command]/usr/bin/git init /home/runner/work/rawk/rawk/rawk
linux-portability (ubuntu-24.04)	Run actions/checkout@11bd71901bbe5b1630ceea73d27597364c9af683	2026-09-20T11:29:11.8969376Z hint: Using 'master' as the name for the initial branch. This default branch name
linux-portability (ubuntu-24.04)	Run actions/checkout@11bd71901bbe5b1630ceea73d27597364c9af683	2026-09-20T11:29:11.8970807Z hint: will change to "main" in Git 3.0. To configure the initial branch name
linux-portability (ubuntu-24.04)	Run actions/checkout@11bd71901bbe5b1630ceea73d27597364c9af683	2026-09-20T11:29:11.8972012Z hint: to use in all of your new repositories, which will suppress this warning,
linux-portability (ubuntu-24.04)	Run actions/checkout@11bd71901bbe5b1630ceea73d27597364c9af683	2026-09-20T11:29:11.8972959Z hint: call:
linux-portability (ubuntu-24.04)	Run actions/checkout@11bd71901bbe5b1630ceea73d27597364c9af683	2026-09-20T11:29:11.8974059Z hint:
linux-portability (ubuntu-24.04)	Run actions/checkout@11bd71901bbe5b1630ceea73d27597364c9af683	2026-09-20T11:29:11.8975180Z hint: 	git config --global init.defaultBranch <name>
linux-portability (ubuntu-24.04)	Run actions/checkout@11bd71901bbe5b1630ceea73d27597364c9af683	2026-09-20T11:29:11.8976545Z hint:
linux-portability (ubuntu-24.04)	Run actions/checkout@11bd71901bbe5b1630ceea73d27597364c9af683	2026-09-20T11:29:11.8978204Z hint: Names commonly chosen instead of 'master' are 'main', 'trunk' and
linux-portability (ubuntu-24.04)	Run actions/checkout@11bd71901bbe5b1630ceea73d27597364c9af683	2026-09-20T11:29:11.8979990Z hint: 'development'. The just-created branch can be renamed via this command:
linux-portability (ubuntu-24.04)	Run actions/checkout@11bd71901bbe5b1630ceea73d27597364c9af683	2026-09-20T11:29:11.8981015Z hint:
linux-portability (ubuntu-24.04)	Run actions/checkout@11bd71901bbe5b1630ceea73d27597364c9af683	2026-09-20T11:29:11.8981556Z hint: 	git branch -m <name>
linux-portability (ubuntu-24.04)	Run actions/checkout@11bd71901bbe5b1630ceea73d27597364c9af683	2026-09-20T11:29:11.8982161Z hint:
linux-portability (ubuntu-24.04)	Run actions/checkout@11bd71901bbe5b1630ceea73d27597364c9af683	2026-09-20T11:29:11.8982886Z hint: Disable this message with "git config set advice.defaultBranchName false"
linux-portability (ubuntu-24.04)	Run actions/checkout@11bd71901bbe5b1630ceea73d27597364c9af683	2026-09-20T11:29:11.8984425Z Initialized empty Git repository in /home/runner/work/rawk/rawk/rawk/.git/
linux-portability (ubuntu-24.04)	Run actions/checkout@11bd71901bbe5b1630ceea73d27597364c9af683	2026-09-20T11:29:11.8992205Z [command]/usr/bin/git remote add origin https://github.com/francescotinti/rawk
linux-portability (ubuntu-24.04)	Run actions/checkout@11bd71901bbe5b1630ceea73d27597364c9af683	2026-09-20T11:29:11.9050740Z ##[endgroup]
linux-portability (ubuntu-24.04)	Run actions/checkout@11bd71901bbe5b1630ceea73d27597364c9af683	2026-09-20T11:29:11.9052043Z ##[group]Disabling automatic garbage collection
linux-portability (ubuntu-24.04)	Run actions/checkout@11bd71901bbe5b1630ceea73d27597364c9af683	2026-09-20T11:29:11.9054876Z [command]/usr/bin/git config --local gc.auto 0
linux-portability (ubuntu-24.04)	Run actions/checkout@11bd71901bbe5b1630ceea73d27597364c9af683	2026-09-20T11:29:11.9095499Z ##[endgroup]
linux-portability (ubuntu-24.04)	Run actions/checkout@11bd71901bbe5b1630ceea73d27597364c9af683	2026-09-20T11:29:11.9097873Z ##[group]Setting up auth
linux-portability (ubuntu-24.04)	Run actions/checkout@11bd71901bbe5b1630ceea73d27597364c9af683	2026-09-20T11:29:11.9106126Z [command]/usr/bin/git config --local --name-only --get-regexp core\.sshCommand
linux-portability (ubuntu-24.04)	Run actions/checkout@11bd71901bbe5b1630ceea73d27597364c9af683	2026-09-20T11:29:11.9143838Z [command]/usr/bin/git submodule foreach --recursive sh -c "git config --local --name-only --get-regexp 'core\.sshCommand' && git config --local --unset-all 'core.sshCommand' || :"
linux-portability (ubuntu-24.04)	Run actions/checkout@11bd71901bbe5b1630ceea73d27597364c9af683	2026-09-20T11:29:11.9540759Z [command]/usr/bin/git config --local --name-only --get-regexp http\.https\:\/\/github\.com\/\.extraheader
linux-portability (ubuntu-24.04)	Run actions/checkout@11bd71901bbe5b1630ceea73d27597364c9af683	2026-09-20T11:29:11.9584064Z [command]/usr/bin/git submodule foreach --recursive sh -c "git config --local --name-only --get-regexp 'http\.https\:\/\/github\.com\/\.extraheader' && git config --local --unset-all 'http.https://github.com/.extraheader' || :"
linux-portability (ubuntu-24.04)	Run actions/checkout@11bd71901bbe5b1630ceea73d27597364c9af683	2026-09-20T11:29:11.9803842Z [command]/usr/bin/git config --local http.https://github.com/.extraheader AUTHORIZATION: basic ***
linux-portability (ubuntu-24.04)	Run actions/checkout@11bd71901bbe5b1630ceea73d27597364c9af683	2026-09-20T11:29:11.9846573Z ##[endgroup]
linux-portability (ubuntu-24.04)	Run actions/checkout@11bd71901bbe5b1630ceea73d27597364c9af683	2026-09-20T11:29:11.9847418Z ##[group]Fetching the repository
linux-portability (ubuntu-24.04)	Run actions/checkout@11bd71901bbe5b1630ceea73d27597364c9af683	2026-09-20T11:29:11.9857000Z [command]/usr/bin/git -c protocol.version=2 fetch --no-tags --prune --no-recurse-submodules --depth=1 origin +a1186164dc452d47f8623ff19b582730c48c19c5:refs/remotes/origin/master
linux-portability (ubuntu-24.04)	Run actions/checkout@11bd71901bbe5b1630ceea73d27597364c9af683	2026-09-20T11:29:12.5456441Z From https://github.com/francescotinti/rawk
linux-portability (ubuntu-24.04)	Run actions/checkout@11bd71901bbe5b1630ceea73d27597364c9af683	2026-09-20T11:29:12.5458504Z  * [new ref]         a1186164dc452d47f8623ff19b582730c48c19c5 -> origin/master
linux-portability (ubuntu-24.04)	Run actions/checkout@11bd71901bbe5b1630ceea73d27597364c9af683	2026-09-20T11:29:12.5463797Z ##[endgroup]
linux-portability (ubuntu-24.04)	Run actions/checkout@11bd71901bbe5b1630ceea73d27597364c9af683	2026-09-20T11:29:12.5465988Z ##[group]Determining the checkout info
linux-portability (ubuntu-24.04)	Run actions/checkout@11bd71901bbe5b1630ceea73d27597364c9af683	2026-09-20T11:29:12.5468159Z ##[endgroup]
linux-portability (ubuntu-24.04)	Run actions/checkout@11bd71901bbe5b1630ceea73d27597364c9af683	2026-09-20T11:29:12.5473855Z [command]/usr/bin/git sparse-checkout disable
linux-portability (ubuntu-24.04)	Run actions/checkout@11bd71901bbe5b1630ceea73d27597364c9af683	2026-09-20T11:29:12.5532330Z [command]/usr/bin/git config --local --unset-all extensions.worktreeConfig
linux-portability (ubuntu-24.04)	Run actions/checkout@11bd71901bbe5b1630ceea73d27597364c9af683	2026-09-20T11:29:12.5564494Z ##[group]Checking out the ref
linux-portability (ubuntu-24.04)	Run actions/checkout@11bd71901bbe5b1630ceea73d27597364c9af683	2026-09-20T11:29:12.5570088Z [command]/usr/bin/git checkout --progress --force -B master refs/remotes/origin/master
linux-portability (ubuntu-24.04)	Run actions/checkout@11bd71901bbe5b1630ceea73d27597364c9af683	2026-09-20T11:29:12.5855177Z Reset branch 'master'
linux-portability (ubuntu-24.04)	Run actions/checkout@11bd71901bbe5b1630ceea73d27597364c9af683	2026-09-20T11:29:12.5859574Z branch 'master' set up to track 'origin/master'.
linux-portability (ubuntu-24.04)	Run actions/checkout@11bd71901bbe5b1630ceea73d27597364c9af683	2026-09-20T11:29:12.5868900Z ##[endgroup]
linux-portability (ubuntu-24.04)	Run actions/checkout@11bd71901bbe5b1630ceea73d27597364c9af683	2026-09-20T11:29:12.5921316Z [command]/usr/bin/git log -1 --format=%H
linux-portability (ubuntu-24.04)	Run actions/checkout@11bd71901bbe5b1630ceea73d27597364c9af683	2026-09-20T11:29:12.5953944Z a1186164dc452d47f8623ff19b582730c48c19c5
linux-portability (ubuntu-24.04)	Install pinned Rust toolchain	﻿2026-09-20T11:29:12.6184952Z ##[group]Run rustup toolchain install 1.96.0 --profile minimal --component rustfmt --component clippy
linux-portability (ubuntu-24.04)	Install pinned Rust toolchain	2026-09-20T11:29:12.6186415Z [36;1mrustup toolchain install 1.96.0 --profile minimal --component rustfmt --component clippy[0m
linux-portability (ubuntu-24.04)	Install pinned Rust toolchain	2026-09-20T11:29:12.6227730Z shell: /usr/bin/bash -e {0}
linux-portability (ubuntu-24.04)	Install pinned Rust toolchain	2026-09-20T11:29:12.6228332Z env:
linux-portability (ubuntu-24.04)	Install pinned Rust toolchain	2026-09-20T11:29:12.6228771Z   LC_ALL: C
linux-portability (ubuntu-24.04)	Install pinned Rust toolchain	2026-09-20T11:29:12.6229222Z   CARGO_INCREMENTAL: 0
linux-portability (ubuntu-24.04)	Install pinned Rust toolchain	2026-09-20T11:29:12.6229735Z   RUSTUP_TOOLCHAIN: 1.96.0
linux-portability (ubuntu-24.04)	Install pinned Rust toolchain	2026-09-20T11:29:12.6230246Z ##[endgroup]
linux-portability (ubuntu-24.04)	Install pinned Rust toolchain	2026-09-20T11:29:12.6830428Z info: syncing channel updates for 1.96.0-x86_64-unknown-linux-gnu
linux-portability (ubuntu-24.04)	Install pinned Rust toolchain	2026-09-20T11:29:12.8252648Z info: latest update on 2026-05-28 for version 1.96.0 (ac68faa20 2026-05-25)
linux-portability (ubuntu-24.04)	Install pinned Rust toolchain	2026-09-20T11:29:12.8254366Z info: downloading 5 components
linux-portability (ubuntu-24.04)	Install pinned Rust toolchain	2026-09-20T11:29:20.7666436Z 
linux-portability (ubuntu-24.04)	Install pinned Rust toolchain	2026-09-20T11:29:20.7736340Z   1.96.0-x86_64-unknown-linux-gnu installed - rustc 1.96.0 (ac68faa20 2026-05-25)
linux-portability (ubuntu-24.04)	Install pinned Rust toolchain	2026-09-20T11:29:20.7737136Z 
linux-portability (ubuntu-24.04)	Prepare tested locales and C build tools	﻿2026-09-20T11:29:20.7864855Z ##[group]Run sudo apt-get update
linux-portability (ubuntu-24.04)	Prepare tested locales and C build tools	2026-09-20T11:29:20.7865281Z [36;1msudo apt-get update[0m
linux-portability (ubuntu-24.04)	Prepare tested locales and C build tools	2026-09-20T11:29:20.7865672Z [36;1msudo apt-get install -y build-essential bison locales[0m
linux-portability (ubuntu-24.04)	Prepare tested locales and C build tools	2026-09-20T11:29:20.7866124Z [36;1msudo localedef -i en_US -f UTF-8 en_US.UTF-8[0m
linux-portability (ubuntu-24.04)	Prepare tested locales and C build tools	2026-09-20T11:29:20.7866586Z [36;1msudo localedef -i tr_TR -f UTF-8 tr_TR.UTF-8[0m
linux-portability (ubuntu-24.04)	Prepare tested locales and C build tools	2026-09-20T11:29:20.7867022Z [36;1msudo localedef -i en_US -f ISO-8859-1 en_US.ISO8859-1[0m
linux-portability (ubuntu-24.04)	Prepare tested locales and C build tools	2026-09-20T11:29:20.7867489Z [36;1msudo localedef -i tr_TR -f ISO-8859-9 tr_TR.ISO8859-9[0m
linux-portability (ubuntu-24.04)	Prepare tested locales and C build tools	2026-09-20T11:29:20.7867871Z [36;1mlocale -a[0m
linux-portability (ubuntu-24.04)	Prepare tested locales and C build tools	2026-09-20T11:29:20.7906581Z shell: /usr/bin/bash -e {0}
linux-portability (ubuntu-24.04)	Prepare tested locales and C build tools	2026-09-20T11:29:20.7906900Z env:
linux-portability (ubuntu-24.04)	Prepare tested locales and C build tools	2026-09-20T11:29:20.7907129Z   LC_ALL: C
linux-portability (ubuntu-24.04)	Prepare tested locales and C build tools	2026-09-20T11:29:20.7907370Z   CARGO_INCREMENTAL: 0
linux-portability (ubuntu-24.04)	Prepare tested locales and C build tools	2026-09-20T11:29:20.7907674Z   RUSTUP_TOOLCHAIN: 1.96.0
linux-portability (ubuntu-24.04)	Prepare tested locales and C build tools	2026-09-20T11:29:20.7907967Z ##[endgroup]
linux-portability (ubuntu-24.04)	Prepare tested locales and C build tools	2026-09-20T11:29:20.8834533Z Get:1 file:/etc/apt/apt-mirrors.txt Mirrorlist [144 B]
linux-portability (ubuntu-24.04)	Prepare tested locales and C build tools	2026-09-20T11:29:20.9117764Z Hit:2 http://azure.archive.ubuntu.com/ubuntu noble InRelease
linux-portability (ubuntu-24.04)	Prepare tested locales and C build tools	2026-09-20T11:29:20.9136021Z Get:3 http://azure.archive.ubuntu.com/ubuntu noble-updates InRelease [126 kB]
linux-portability (ubuntu-24.04)	Prepare tested locales and C build tools	2026-09-20T11:29:20.9174309Z Get:4 http://azure.archive.ubuntu.com/ubuntu noble-backports InRelease [126 kB]
linux-portability (ubuntu-24.04)	Prepare tested locales and C build tools	2026-09-20T11:29:20.9197442Z Get:5 http://azure.archive.ubuntu.com/ubuntu noble-security InRelease [126 kB]
linux-portability (ubuntu-24.04)	Prepare tested locales and C build tools	2026-09-20T11:29:20.9416160Z Get:6 https://packages.microsoft.com/ubuntu/24.04/prod noble InRelease [3600 B]
linux-portability (ubuntu-24.04)	Prepare tested locales and C build tools	2026-09-20T11:29:21.0630624Z Get:7 http://azure.archive.ubuntu.com/ubuntu noble-updates/main amd64 Packages [1275 kB]
linux-portability (ubuntu-24.04)	Prepare tested locales and C build tools	2026-09-20T11:29:21.0845962Z Get:8 http://azure.archive.ubuntu.com/ubuntu noble-updates/main Translation-en [294 kB]
linux-portability (ubuntu-24.04)	Prepare tested locales and C build tools	2026-09-20T11:29:21.0875524Z Get:9 http://azure.archive.ubuntu.com/ubuntu noble-updates/main amd64 Components [180 kB]
linux-portability (ubuntu-24.04)	Prepare tested locales and C build tools	2026-09-20T11:29:21.0894256Z Get:10 http://azure.archive.ubuntu.com/ubuntu noble-updates/universe amd64 Packages [1689 kB]
linux-portability (ubuntu-24.04)	Prepare tested locales and C build tools	2026-09-20T11:29:21.0978471Z Get:11 http://azure.archive.ubuntu.com/ubuntu noble-updates/universe Translation-en [338 kB]
linux-portability (ubuntu-24.04)	Prepare tested locales and C build tools	2026-09-20T11:29:21.1037226Z Get:12 http://azure.archive.ubuntu.com/ubuntu noble-updates/universe amd64 Components [388 kB]
linux-portability (ubuntu-24.04)	Prepare tested locales and C build tools	2026-09-20T11:29:21.1054631Z Get:13 http://azure.archive.ubuntu.com/ubuntu noble-updates/restricted amd64 Packages [1580 kB]
linux-portability (ubuntu-24.04)	Prepare tested locales and C build tools	2026-09-20T11:29:21.1161162Z Get:14 http://azure.archive.ubuntu.com/ubuntu noble-updates/restricted Translation-en [359 kB]
linux-portability (ubuntu-24.04)	Prepare tested locales and C build tools	2026-09-20T11:29:21.1171259Z Get:15 http://azure.archive.ubuntu.com/ubuntu noble-updates/multiverse amd64 Packages [45.7 kB]
linux-portability (ubuntu-24.04)	Prepare tested locales and C build tools	2026-09-20T11:29:21.1184460Z Get:16 http://azure.archive.ubuntu.com/ubuntu noble-updates/multiverse Translation-en [13.1 kB]
linux-portability (ubuntu-24.04)	Prepare tested locales and C build tools	2026-09-20T11:29:21.1388574Z Get:23 https://dl.google.com/linux/chrome-stable/deb stable InRelease [2548 B]
linux-portability (ubuntu-24.04)	Prepare tested locales and C build tools	2026-09-20T11:29:21.1597820Z Get:17 http://azure.archive.ubuntu.com/ubuntu noble-updates/multiverse amd64 Components [940 B]
linux-portability (ubuntu-24.04)	Prepare tested locales and C build tools	2026-09-20T11:29:21.1617103Z Get:18 http://azure.archive.ubuntu.com/ubuntu noble-backports/main amd64 Packages [65.9 kB]
linux-portability (ubuntu-24.04)	Prepare tested locales and C build tools	2026-09-20T11:29:21.1621057Z Get:19 http://azure.archive.ubuntu.com/ubuntu noble-backports/main amd64 Components [5768 B]
linux-portability (ubuntu-24.04)	Prepare tested locales and C build tools	2026-09-20T11:29:21.1625058Z Get:20 http://azure.archive.ubuntu.com/ubuntu noble-backports/universe amd64 Packages [34.6 kB]
linux-portability (ubuntu-24.04)	Prepare tested locales and C build tools	2026-09-20T11:29:21.1631315Z Get:21 http://azure.archive.ubuntu.com/ubuntu noble-backports/universe Translation-en [18.7 kB]
linux-portability (ubuntu-24.04)	Prepare tested locales and C build tools	2026-09-20T11:29:21.1642623Z Get:22 http://azure.archive.ubuntu.com/ubuntu noble-backports/universe amd64 Components [12.6 kB]
linux-portability (ubuntu-24.04)	Prepare tested locales and C build tools	2026-09-20T11:29:21.1935128Z Get:24 http://azure.archive.ubuntu.com/ubuntu noble-security/main amd64 Packages [1009 kB]
linux-portability (ubuntu-24.04)	Prepare tested locales and C build tools	2026-09-20T11:29:21.1975781Z Get:25 http://azure.archive.ubuntu.com/ubuntu noble-security/main Translation-en [214 kB]
linux-portability (ubuntu-24.04)	Prepare tested locales and C build tools	2026-09-20T11:29:21.1989868Z Get:26 http://azure.archive.ubuntu.com/ubuntu noble-security/main amd64 Components [46.4 kB]
linux-portability (ubuntu-24.04)	Prepare tested locales and C build tools	2026-09-20T11:29:21.2000264Z Get:27 http://azure.archive.ubuntu.com/ubuntu noble-security/universe amd64 Packages [1208 kB]
linux-portability (ubuntu-24.04)	Prepare tested locales and C build tools	2026-09-20T11:29:21.2065437Z Get:28 http://azure.archive.ubuntu.com/ubuntu noble-security/universe Translation-en [243 kB]
linux-portability (ubuntu-24.04)	Prepare tested locales and C build tools	2026-09-20T11:29:21.2080974Z Get:29 http://azure.archive.ubuntu.com/ubuntu noble-security/universe amd64 Components [76.2 kB]
linux-portability (ubuntu-24.04)	Prepare tested locales and C build tools	2026-09-20T11:29:21.2091699Z Get:30 http://azure.archive.ubuntu.com/ubuntu noble-security/restricted amd64 Packages [1449 kB]
linux-portability (ubuntu-24.04)	Prepare tested locales and C build tools	2026-09-20T11:29:21.2177538Z Get:31 http://azure.archive.ubuntu.com/ubuntu noble-security/restricted Translation-en [336 kB]
linux-portability (ubuntu-24.04)	Prepare tested locales and C build tools	2026-09-20T11:29:21.2511676Z Get:33 https://packages.microsoft.com/ubuntu/24.04/prod noble/main arm64 Packages [429 kB]
linux-portability (ubuntu-24.04)	Prepare tested locales and C build tools	2026-09-20T11:29:21.2676713Z Get:32 http://azure.archive.ubuntu.com/ubuntu noble-security/multiverse Translation-en [11.3 kB]
linux-portability (ubuntu-24.04)	Prepare tested locales and C build tools	2026-09-20T11:29:21.2769621Z Get:34 https://packages.microsoft.com/ubuntu/24.04/prod noble/main amd64 Packages [478 kB]
linux-portability (ubuntu-24.04)	Prepare tested locales and C build tools	2026-09-20T11:29:21.3502176Z Get:35 https://dl.google.com/linux/chrome-stable/deb stable/main amd64 Packages [1408 B]
linux-portability (ubuntu-24.04)	Prepare tested locales and C build tools	2026-09-20T11:29:25.5365641Z Fetched 12.2 MB in 1s (8839 kB/s)
linux-portability (ubuntu-24.04)	Prepare tested locales and C build tools	2026-09-20T11:29:26.3412908Z Reading package lists...
linux-portability (ubuntu-24.04)	Prepare tested locales and C build tools	2026-09-20T11:29:26.3718013Z Reading package lists...
linux-portability (ubuntu-24.04)	Prepare tested locales and C build tools	2026-09-20T11:29:26.5423522Z Building dependency tree...
linux-portability (ubuntu-24.04)	Prepare tested locales and C build tools	2026-09-20T11:29:26.5431194Z Reading state information...
linux-portability (ubuntu-24.04)	Prepare tested locales and C build tools	2026-09-20T11:29:26.7012836Z The following additional packages will be installed:
linux-portability (ubuntu-24.04)	Prepare tested locales and C build tools	2026-09-20T11:29:26.7018250Z   libc-bin libc-dev-bin libc6 libc6-dev libc6-i386
linux-portability (ubuntu-24.04)	Prepare tested locales and C build tools	2026-09-20T11:29:26.7023548Z Suggested packages:
linux-portability (ubuntu-24.04)	Prepare tested locales and C build tools	2026-09-20T11:29:26.7024152Z   bison-doc glibc-doc libnss-nis libnss-nisplus manpages-dev
linux-portability (ubuntu-24.04)	Prepare tested locales and C build tools	2026-09-20T11:29:26.7024675Z Recommended packages:
linux-portability (ubuntu-24.04)	Prepare tested locales and C build tools	2026-09-20T11:29:26.7024922Z   manpages-dev libc-devtools
linux-portability (ubuntu-24.04)	Prepare tested locales and C build tools	2026-09-20T11:29:26.7303820Z The following NEW packages will be installed:
linux-portability (ubuntu-24.04)	Prepare tested locales and C build tools	2026-09-20T11:29:26.7311074Z   build-essential
linux-portability (ubuntu-24.04)	Prepare tested locales and C build tools	2026-09-20T11:29:26.7314874Z The following packages will be upgraded:
linux-portability (ubuntu-24.04)	Prepare tested locales and C build tools	2026-09-20T11:29:26.7321172Z   bison libc-bin libc-dev-bin libc6 libc6-dev libc6-i386 locales
linux-portability (ubuntu-24.04)	Prepare tested locales and C build tools	2026-09-20T11:29:26.7488934Z 7 upgraded, 1 newly installed, 0 to remove and 66 not upgraded.
linux-portability (ubuntu-24.04)	Prepare tested locales and C build tools	2026-09-20T11:29:26.7489837Z Need to get 13.9 MB of archives.
linux-portability (ubuntu-24.04)	Prepare tested locales and C build tools	2026-09-20T11:29:26.7490478Z After this operation, 27.6 kB of additional disk space will be used.
linux-portability (ubuntu-24.04)	Prepare tested locales and C build tools	2026-09-20T11:29:26.7491199Z Get:1 file:/etc/apt/apt-mirrors.txt Mirrorlist [144 B]
linux-portability (ubuntu-24.04)	Prepare tested locales and C build tools	2026-09-20T11:29:26.7911690Z Get:2 http://azure.archive.ubuntu.com/ubuntu noble-updates/main amd64 libc6-dev amd64 2.39-0ubuntu8.9 [2126 kB]
linux-portability (ubuntu-24.04)	Prepare tested locales and C build tools	2026-09-20T11:29:26.8419284Z Get:3 http://azure.archive.ubuntu.com/ubuntu noble-updates/main amd64 libc-dev-bin amd64 2.39-0ubuntu8.9 [20.4 kB]
linux-portability (ubuntu-24.04)	Prepare tested locales and C build tools	2026-09-20T11:29:26.8721442Z Get:4 http://azure.archive.ubuntu.com/ubuntu noble-updates/main amd64 libc6-i386 amd64 2.39-0ubuntu8.9 [2787 kB]
linux-portability (ubuntu-24.04)	Prepare tested locales and C build tools	2026-09-20T11:29:26.9263446Z Get:5 http://azure.archive.ubuntu.com/ubuntu noble-updates/main amd64 libc6 amd64 2.39-0ubuntu8.9 [3264 kB]
linux-portability (ubuntu-24.04)	Prepare tested locales and C build tools	2026-09-20T11:29:26.9904589Z Get:6 http://azure.archive.ubuntu.com/ubuntu noble-updates/main amd64 libc-bin amd64 2.39-0ubuntu8.9 [682 kB]
linux-portability (ubuntu-24.04)	Prepare tested locales and C build tools	2026-09-20T11:29:27.0245948Z Get:7 http://azure.archive.ubuntu.com/ubuntu noble-updates/main amd64 locales all 2.39-0ubuntu8.9 [4232 kB]
linux-portability (ubuntu-24.04)	Prepare tested locales and C build tools	2026-09-20T11:29:27.0979432Z Get:8 http://azure.archive.ubuntu.com/ubuntu noble-updates/main amd64 bison amd64 2:3.8.2+dfsg-1ubuntu0.24.04.1 [749 kB]
linux-portability (ubuntu-24.04)	Prepare tested locales and C build tools	2026-09-20T11:29:27.1330167Z Get:9 http://azure.archive.ubuntu.com/ubuntu noble/main amd64 build-essential amd64 12.10ubuntu1 [4928 B]
linux-portability (ubuntu-24.04)	Prepare tested locales and C build tools	2026-09-20T11:29:27.3603528Z Preconfiguring packages ...
linux-portability (ubuntu-24.04)	Prepare tested locales and C build tools	2026-09-20T11:29:27.4419077Z Fetched 13.9 MB in 0s (35.1 MB/s)
linux-portability (ubuntu-24.04)	Prepare tested locales and C build tools	2026-09-20T11:29:27.4971458Z (Reading database ... 
linux-portability (ubuntu-24.04)	Prepare tested locales and C build tools	2026-09-20T11:29:27.4971986Z (Reading database ... 5%
linux-portability (ubuntu-24.04)	Prepare tested locales and C build tools	2026-09-20T11:29:27.4972335Z (Reading database ... 10%
linux-portability (ubuntu-24.04)	Prepare tested locales and C build tools	2026-09-20T11:29:27.4972595Z (Reading database ... 15%
linux-portability (ubuntu-24.04)	Prepare tested locales and C build tools	2026-09-20T11:29:27.4972841Z (Reading database ... 20%
linux-portability (ubuntu-24.04)	Prepare tested locales and C build tools	2026-09-20T11:29:27.4973553Z (Reading database ... 25%
linux-portability (ubuntu-24.04)	Prepare tested locales and C build tools	2026-09-20T11:29:27.4973984Z (Reading database ... 30%
linux-portability (ubuntu-24.04)	Prepare tested locales and C build tools	2026-09-20T11:29:27.4974394Z (Reading database ... 35%
linux-portability (ubuntu-24.04)	Prepare tested locales and C build tools	2026-09-20T11:29:27.4974781Z (Reading database ... 40%
linux-portability (ubuntu-24.04)	Prepare tested locales and C build tools	2026-09-20T11:29:27.4975165Z (Reading database ... 45%
linux-portability (ubuntu-24.04)	Prepare tested locales and C build tools	2026-09-20T11:29:27.4975547Z (Reading database ... 50%
linux-portability (ubuntu-24.04)	Prepare tested locales and C build tools	2026-09-20T11:29:27.5039346Z (Reading database ... 55%
linux-portability (ubuntu-24.04)	Prepare tested locales and C build tools	2026-09-20T11:29:27.6409463Z (Reading database ... 60%
linux-portability (ubuntu-24.04)	Prepare tested locales and C build tools	2026-09-20T11:29:27.7965631Z (Reading database ... 65%
linux-portability (ubuntu-24.04)	Prepare tested locales and C build tools	2026-09-20T11:29:27.9900534Z (Reading database ... 70%
linux-portability (ubuntu-24.04)	Prepare tested locales and C build tools	2026-09-20T11:29:28.1366979Z (Reading database ... 75%
linux-portability (ubuntu-24.04)	Prepare tested locales and C build tools	2026-09-20T11:29:28.3132152Z (Reading database ... 80%
linux-portability (ubuntu-24.04)	Prepare tested locales and C build tools	2026-09-20T11:29:28.4846342Z (Reading database ... 85%
linux-portability (ubuntu-24.04)	Prepare tested locales and C build tools	2026-09-20T11:29:28.6860430Z (Reading database ... 90%
linux-portability (ubuntu-24.04)	Prepare tested locales and C build tools	2026-09-20T11:29:28.7994616Z (Reading database ... 95%
linux-portability (ubuntu-24.04)	Prepare tested locales and C build tools	2026-09-20T11:29:28.7995266Z (Reading database ... 100%
linux-portability (ubuntu-24.04)	Prepare tested locales and C build tools	2026-09-20T11:29:28.7995907Z (Reading database ... 201818 files and directories currently installed.)
linux-portability (ubuntu-24.04)	Prepare tested locales and C build tools	2026-09-20T11:29:28.8038184Z Preparing to unpack .../libc6-dev_2.39-0ubuntu8.9_amd64.deb ...
linux-portability (ubuntu-24.04)	Prepare tested locales and C build tools	2026-09-20T11:29:28.8089747Z Unpacking libc6-dev:amd64 (2.39-0ubuntu8.9) over (2.39-0ubuntu8.8) ...
linux-portability (ubuntu-24.04)	Prepare tested locales and C build tools	2026-09-20T11:29:28.9971382Z Preparing to unpack .../libc-dev-bin_2.39-0ubuntu8.9_amd64.deb ...
linux-portability (ubuntu-24.04)	Prepare tested locales and C build tools	2026-09-20T11:29:29.0002090Z Unpacking libc-dev-bin (2.39-0ubuntu8.9) over (2.39-0ubuntu8.8) ...
linux-portability (ubuntu-24.04)	Prepare tested locales and C build tools	2026-09-20T11:29:29.0420418Z Preparing to unpack .../libc6-i386_2.39-0ubuntu8.9_amd64.deb ...
linux-portability (ubuntu-24.04)	Prepare tested locales and C build tools	2026-09-20T11:29:29.0533825Z Unpacking libc6-i386 (2.39-0ubuntu8.9) over (2.39-0ubuntu8.8) ...
linux-portability (ubuntu-24.04)	Prepare tested locales and C build tools	2026-09-20T11:29:29.1910152Z Preparing to unpack .../libc6_2.39-0ubuntu8.9_amd64.deb ...
linux-portability (ubuntu-24.04)	Prepare tested locales and C build tools	2026-09-20T11:29:29.3236733Z Unpacking libc6:amd64 (2.39-0ubuntu8.9) over (2.39-0ubuntu8.8) ...
linux-portability (ubuntu-24.04)	Prepare tested locales and C build tools	2026-09-20T11:29:29.4579451Z Setting up libc6:amd64 (2.39-0ubuntu8.9) ...
linux-portability (ubuntu-24.04)	Prepare tested locales and C build tools	2026-09-20T11:29:29.8625189Z (Reading database ... 
linux-portability (ubuntu-24.04)	Prepare tested locales and C build tools	2026-09-20T11:29:29.8625732Z (Reading database ... 5%
linux-portability (ubuntu-24.04)	Prepare tested locales and C build tools	2026-09-20T11:29:29.8626180Z (Reading database ... 10%
linux-portability (ubuntu-24.04)	Prepare tested locales and C build tools	2026-09-20T11:29:29.8626601Z (Reading database ... 15%
linux-portability (ubuntu-24.04)	Prepare tested locales and C build tools	2026-09-20T11:29:29.8627009Z (Reading database ... 20%
linux-portability (ubuntu-24.04)	Prepare tested locales and C build tools	2026-09-20T11:29:29.8627404Z (Reading database ... 25%
linux-portability (ubuntu-24.04)	Prepare tested locales and C build tools	2026-09-20T11:29:29.8627799Z (Reading database ... 30%
linux-portability (ubuntu-24.04)	Prepare tested locales and C build tools	2026-09-20T11:29:29.8628195Z (Reading database ... 35%
linux-portability (ubuntu-24.04)	Prepare tested locales and C build tools	2026-09-20T11:29:29.8628611Z (Reading database ... 40%
linux-portability (ubuntu-24.04)	Prepare tested locales and C build tools	2026-09-20T11:29:29.8628996Z (Reading database ... 45%
linux-portability (ubuntu-24.04)	Prepare tested locales and C build tools	2026-09-20T11:29:29.8629424Z (Reading database ... 50%
linux-portability (ubuntu-24.04)	Prepare tested locales and C build tools	2026-09-20T11:29:29.8641484Z (Reading database ... 55%
linux-portability (ubuntu-24.04)	Prepare tested locales and C build tools	2026-09-20T11:29:29.8769511Z (Reading database ... 60%
linux-portability (ubuntu-24.04)	Prepare tested locales and C build tools	2026-09-20T11:29:29.8793429Z (Reading database ... 65%
linux-portability (ubuntu-24.04)	Prepare tested locales and C build tools	2026-09-20T11:29:29.8829165Z (Reading database ... 70%
linux-portability (ubuntu-24.04)	Prepare tested locales and C build tools	2026-09-20T11:29:29.8855945Z (Reading database ... 75%
linux-portability (ubuntu-24.04)	Prepare tested locales and C build tools	2026-09-20T11:29:29.9013468Z (Reading database ... 80%
linux-portability (ubuntu-24.04)	Prepare tested locales and C build tools	2026-09-20T11:29:29.9037426Z (Reading database ... 85%
linux-portability (ubuntu-24.04)	Prepare tested locales and C build tools	2026-09-20T11:29:29.9130092Z (Reading database ... 90%
linux-portability (ubuntu-24.04)	Prepare tested locales and C build tools	2026-09-20T11:29:29.9359055Z (Reading database ... 95%
linux-portability (ubuntu-24.04)	Prepare tested locales and C build tools	2026-09-20T11:29:29.9359688Z (Reading database ... 100%
linux-portability (ubuntu-24.04)	Prepare tested locales and C build tools	2026-09-20T11:29:29.9360334Z (Reading database ... 201818 files and directories currently installed.)
linux-portability (ubuntu-24.04)	Prepare tested locales and C build tools	2026-09-20T11:29:29.9402770Z Preparing to unpack .../libc-bin_2.39-0ubuntu8.9_amd64.deb ...
linux-portability (ubuntu-24.04)	Prepare tested locales and C build tools	2026-09-20T11:29:29.9438214Z Unpacking libc-bin (2.39-0ubuntu8.9) over (2.39-0ubuntu8.8) ...
linux-portability (ubuntu-24.04)	Prepare tested locales and C build tools	2026-09-20T11:29:30.0005936Z Setting up libc-bin (2.39-0ubuntu8.9) ...
linux-portability (ubuntu-24.04)	Prepare tested locales and C build tools	2026-09-20T11:29:30.0743502Z (Reading database ... 
linux-portability (ubuntu-24.04)	Prepare tested locales and C build tools	2026-09-20T11:29:30.0744107Z (Reading database ... 5%
linux-portability (ubuntu-24.04)	Prepare tested locales and C build tools	2026-09-20T11:29:30.0744461Z (Reading database ... 10%
linux-portability (ubuntu-24.04)	Prepare tested locales and C build tools	2026-09-20T11:29:30.0744806Z (Reading database ... 15%
linux-portability (ubuntu-24.04)	Prepare tested locales and C build tools	2026-09-20T11:29:30.0745132Z (Reading database ... 20%
linux-portability (ubuntu-24.04)	Prepare tested locales and C build tools	2026-09-20T11:29:30.0745825Z (Reading database ... 25%
linux-portability (ubuntu-24.04)	Prepare tested locales and C build tools	2026-09-20T11:29:30.0746155Z (Reading database ... 30%
linux-portability (ubuntu-24.04)	Prepare tested locales and C build tools	2026-09-20T11:29:30.0746477Z (Reading database ... 35%
linux-portability (ubuntu-24.04)	Prepare tested locales and C build tools	2026-09-20T11:29:30.0746804Z (Reading database ... 40%
linux-portability (ubuntu-24.04)	Prepare tested locales and C build tools	2026-09-20T11:29:30.0747135Z (Reading database ... 45%
linux-portability (ubuntu-24.04)	Prepare tested locales and C build tools	2026-09-20T11:29:30.0747465Z (Reading database ... 50%
linux-portability (ubuntu-24.04)	Prepare tested locales and C build tools	2026-09-20T11:29:30.0760604Z (Reading database ... 55%
linux-portability (ubuntu-24.04)	Prepare tested locales and C build tools	2026-09-20T11:29:30.0879698Z (Reading database ... 60%
linux-portability (ubuntu-24.04)	Prepare tested locales and C build tools	2026-09-20T11:29:30.0906023Z (Reading database ... 65%
linux-portability (ubuntu-24.04)	Prepare tested locales and C build tools	2026-09-20T11:29:30.0949263Z (Reading database ... 70%
linux-portability (ubuntu-24.04)	Prepare tested locales and C build tools	2026-09-20T11:29:30.0977209Z (Reading database ... 75%
linux-portability (ubuntu-24.04)	Prepare tested locales and C build tools	2026-09-20T11:29:30.1125388Z (Reading database ... 80%
linux-portability (ubuntu-24.04)	Prepare tested locales and C build tools	2026-09-20T11:29:30.1148727Z (Reading database ... 85%
linux-portability (ubuntu-24.04)	Prepare tested locales and C build tools	2026-09-20T11:29:30.1233209Z (Reading database ... 90%
linux-portability (ubuntu-24.04)	Prepare tested locales and C build tools	2026-09-20T11:29:30.1459946Z (Reading database ... 95%
linux-portability (ubuntu-24.04)	Prepare tested locales and C build tools	2026-09-20T11:29:30.1460695Z (Reading database ... 100%
linux-portability (ubuntu-24.04)	Prepare tested locales and C build tools	2026-09-20T11:29:30.1461196Z (Reading database ... 201818 files and directories currently installed.)
linux-portability (ubuntu-24.04)	Prepare tested locales and C build tools	2026-09-20T11:29:30.1502333Z Preparing to unpack .../locales_2.39-0ubuntu8.9_all.deb ...
linux-portability (ubuntu-24.04)	Prepare tested locales and C build tools	2026-09-20T11:29:30.1575876Z Unpacking locales (2.39-0ubuntu8.9) over (2.39-0ubuntu8.8) ...
linux-portability (ubuntu-24.04)	Prepare tested locales and C build tools	2026-09-20T11:29:30.3701277Z Preparing to unpack .../bison_2%3a3.8.2+dfsg-1ubuntu0.24.04.1_amd64.deb ...
linux-portability (ubuntu-24.04)	Prepare tested locales and C build tools	2026-09-20T11:29:30.3826157Z Unpacking bison (2:3.8.2+dfsg-1ubuntu0.24.04.1) over (2:3.8.2+dfsg-1build2) ...
linux-portability (ubuntu-24.04)	Prepare tested locales and C build tools	2026-09-20T11:29:30.4361474Z Selecting previously unselected package build-essential.
linux-portability (ubuntu-24.04)	Prepare tested locales and C build tools	2026-09-20T11:29:30.4490509Z Preparing to unpack .../build-essential_12.10ubuntu1_amd64.deb ...
linux-portability (ubuntu-24.04)	Prepare tested locales and C build tools	2026-09-20T11:29:30.4500328Z Unpacking build-essential (12.10ubuntu1) ...
linux-portability (ubuntu-24.04)	Prepare tested locales and C build tools	2026-09-20T11:29:30.4869533Z Setting up locales (2.39-0ubuntu8.9) ...
linux-portability (ubuntu-24.04)	Prepare tested locales and C build tools	2026-09-20T11:29:30.9767619Z Generating locales (this might take a while)...
linux-portability (ubuntu-24.04)	Prepare tested locales and C build tools	2026-09-20T11:29:32.0919816Z   en_US.UTF-8... done
linux-portability (ubuntu-24.04)	Prepare tested locales and C build tools	2026-09-20T11:29:32.0921628Z Generation complete.
linux-portability (ubuntu-24.04)	Prepare tested locales and C build tools	2026-09-20T11:29:32.1121035Z Setting up bison (2:3.8.2+dfsg-1ubuntu0.24.04.1) ...
linux-portability (ubuntu-24.04)	Prepare tested locales and C build tools	2026-09-20T11:29:32.1197218Z Setting up libc6-i386 (2.39-0ubuntu8.9) ...
linux-portability (ubuntu-24.04)	Prepare tested locales and C build tools	2026-09-20T11:29:32.1246118Z Setting up libc-dev-bin (2.39-0ubuntu8.9) ...
linux-portability (ubuntu-24.04)	Prepare tested locales and C build tools	2026-09-20T11:29:32.1268649Z Setting up libc6-dev:amd64 (2.39-0ubuntu8.9) ...
linux-portability (ubuntu-24.04)	Prepare tested locales and C build tools	2026-09-20T11:29:32.1293478Z Setting up build-essential (12.10ubuntu1) ...
linux-portability (ubuntu-24.04)	Prepare tested locales and C build tools	2026-09-20T11:29:32.1321364Z Processing triggers for man-db (2.12.0-4build2) ...
linux-portability (ubuntu-24.04)	Prepare tested locales and C build tools	2026-09-20T11:29:32.1345474Z Not building database; man-db/auto-update is not 'true'.
linux-portability (ubuntu-24.04)	Prepare tested locales and C build tools	2026-09-20T11:29:32.1360346Z Processing triggers for libc-bin (2.39-0ubuntu8.9) ...
linux-portability (ubuntu-24.04)	Prepare tested locales and C build tools	2026-09-20T11:29:32.5327804Z 
linux-portability (ubuntu-24.04)	Prepare tested locales and C build tools	2026-09-20T11:29:32.5328806Z Running kernel seems to be up-to-date.
linux-portability (ubuntu-24.04)	Prepare tested locales and C build tools	2026-09-20T11:29:32.5329247Z 
linux-portability (ubuntu-24.04)	Prepare tested locales and C build tools	2026-09-20T11:29:32.5329411Z Restarting services...
linux-portability (ubuntu-24.04)	Prepare tested locales and C build tools	2026-09-20T11:29:32.6901923Z  systemctl restart chrony.service containerd.service cron.service haveged.service hv-kvp-daemon.service multipathd.service packagekit.service php8.3-fpm.service polkit.service rsyslog.service systemd-journald.service systemd-networkd.service systemd-resolved.service systemd-udevd.service udisks2.service
linux-portability (ubuntu-24.04)	Prepare tested locales and C build tools	2026-09-20T11:29:33.0467341Z 
linux-portability (ubuntu-24.04)	Prepare tested locales and C build tools	2026-09-20T11:29:33.0467993Z Service restarts being deferred:
linux-portability (ubuntu-24.04)	Prepare tested locales and C build tools	2026-09-20T11:29:33.0468630Z  systemctl restart ModemManager.service
linux-portability (ubuntu-24.04)	Prepare tested locales and C build tools	2026-09-20T11:29:33.0469315Z  /etc/needrestart/restart.d/dbus.service
linux-portability (ubuntu-24.04)	Prepare tested locales and C build tools	2026-09-20T11:29:33.0469847Z  systemctl restart docker.service
linux-portability (ubuntu-24.04)	Prepare tested locales and C build tools	2026-09-20T11:29:33.0470692Z  systemctl restart getty@tty1.service
linux-portability (ubuntu-24.04)	Prepare tested locales and C build tools	2026-09-20T11:29:33.0471566Z  systemctl restart hosted-compute-agent.service
linux-portability (ubuntu-24.04)	Prepare tested locales and C build tools	2026-09-20T11:29:33.0472390Z  systemctl restart networkd-dispatcher.service
linux-portability (ubuntu-24.04)	Prepare tested locales and C build tools	2026-09-20T11:29:33.0473229Z  systemctl restart serial-getty@ttyS0.service
linux-portability (ubuntu-24.04)	Prepare tested locales and C build tools	2026-09-20T11:29:33.0473789Z  systemctl restart systemd-logind.service
linux-portability (ubuntu-24.04)	Prepare tested locales and C build tools	2026-09-20T11:29:33.0474305Z  systemctl restart walinuxagent.service
linux-portability (ubuntu-24.04)	Prepare tested locales and C build tools	2026-09-20T11:29:33.0474647Z 
linux-portability (ubuntu-24.04)	Prepare tested locales and C build tools	2026-09-20T11:29:33.0474818Z No containers need to be restarted.
linux-portability (ubuntu-24.04)	Prepare tested locales and C build tools	2026-09-20T11:29:33.0475144Z 
linux-portability (ubuntu-24.04)	Prepare tested locales and C build tools	2026-09-20T11:29:33.0475349Z User sessions running outdated binaries:
linux-portability (ubuntu-24.04)	Prepare tested locales and C build tools	2026-09-20T11:29:33.0475897Z  runner @ user manager service: systemd[1267]
linux-portability (ubuntu-24.04)	Prepare tested locales and C build tools	2026-09-20T11:29:33.0569522Z 
linux-portability (ubuntu-24.04)	Prepare tested locales and C build tools	2026-09-20T11:29:33.0570564Z No VM guests are running outdated hypervisor (qemu) binaries on this host.
linux-portability (ubuntu-24.04)	Prepare tested locales and C build tools	2026-09-20T11:29:36.7243904Z C
linux-portability (ubuntu-24.04)	Prepare tested locales and C build tools	2026-09-20T11:29:36.7244445Z C.utf8
linux-portability (ubuntu-24.04)	Prepare tested locales and C build tools	2026-09-20T11:29:36.7244864Z POSIX
linux-portability (ubuntu-24.04)	Prepare tested locales and C build tools	2026-09-20T11:29:36.7245265Z en_US.iso88591
linux-portability (ubuntu-24.04)	Prepare tested locales and C build tools	2026-09-20T11:29:36.7245702Z en_US.utf8
linux-portability (ubuntu-24.04)	Prepare tested locales and C build tools	2026-09-20T11:29:36.7246085Z tr_TR.iso88599
linux-portability (ubuntu-24.04)	Prepare tested locales and C build tools	2026-09-20T11:29:36.7246505Z tr_TR.utf8
linux-portability (ubuntu-24.04)	Build pinned original C oracle	﻿2026-09-20T11:29:36.7278879Z ##[group]Run git init ../c_awk
linux-portability (ubuntu-24.04)	Build pinned original C oracle	2026-09-20T11:29:36.7279212Z [36;1mgit init ../c_awk[0m
linux-portability (ubuntu-24.04)	Build pinned original C oracle	2026-09-20T11:29:36.7279599Z [36;1mgit -C ../c_awk remote add origin https://github.com/onetrueawk/awk.git[0m
linux-portability (ubuntu-24.04)	Build pinned original C oracle	2026-09-20T11:29:36.7280171Z [36;1mgit -C ../c_awk fetch --depth 1 origin 5739fd79bcfc75ba7526773d0cf634521f8aca3c[0m
linux-portability (ubuntu-24.04)	Build pinned original C oracle	2026-09-20T11:29:36.7280646Z [36;1mgit -C ../c_awk checkout --detach FETCH_HEAD[0m
linux-portability (ubuntu-24.04)	Build pinned original C oracle	2026-09-20T11:29:36.7280952Z [36;1mmake -C ../c_awk[0m
linux-portability (ubuntu-24.04)	Build pinned original C oracle	2026-09-20T11:29:36.7281187Z [36;1m../c_awk/a.out --version[0m
linux-portability (ubuntu-24.04)	Build pinned original C oracle	2026-09-20T11:29:36.7317675Z shell: /usr/bin/bash -e {0}
linux-portability (ubuntu-24.04)	Build pinned original C oracle	2026-09-20T11:29:36.7317926Z env:
linux-portability (ubuntu-24.04)	Build pinned original C oracle	2026-09-20T11:29:36.7318105Z   LC_ALL: C
linux-portability (ubuntu-24.04)	Build pinned original C oracle	2026-09-20T11:29:36.7318307Z   CARGO_INCREMENTAL: 0
linux-portability (ubuntu-24.04)	Build pinned original C oracle	2026-09-20T11:29:36.7318531Z   RUSTUP_TOOLCHAIN: 1.96.0
linux-portability (ubuntu-24.04)	Build pinned original C oracle	2026-09-20T11:29:36.7318763Z ##[endgroup]
linux-portability (ubuntu-24.04)	Build pinned original C oracle	2026-09-20T11:29:36.7394694Z hint: Using 'master' as the name for the initial branch. This default branch name
linux-portability (ubuntu-24.04)	Build pinned original C oracle	2026-09-20T11:29:36.7395652Z hint: will change to "main" in Git 3.0. To configure the initial branch name
linux-portability (ubuntu-24.04)	Build pinned original C oracle	2026-09-20T11:29:36.7396404Z hint: to use in all of your new repositories, which will suppress this warning,
linux-portability (ubuntu-24.04)	Build pinned original C oracle	2026-09-20T11:29:36.7397061Z hint: call:
linux-portability (ubuntu-24.04)	Build pinned original C oracle	2026-09-20T11:29:36.7397300Z hint:
linux-portability (ubuntu-24.04)	Build pinned original C oracle	2026-09-20T11:29:36.7397606Z hint: 	git config --global init.defaultBranch <name>
linux-portability (ubuntu-24.04)	Build pinned original C oracle	2026-09-20T11:29:36.7398036Z hint:
linux-portability (ubuntu-24.04)	Build pinned original C oracle	2026-09-20T11:29:36.7398636Z hint: Names commonly chosen instead of 'master' are 'main', 'trunk' and
linux-portability (ubuntu-24.04)	Build pinned original C oracle	2026-09-20T11:29:36.7399816Z hint: 'development'. The just-created branch can be renamed via this command:
linux-portability (ubuntu-24.04)	Build pinned original C oracle	2026-09-20T11:29:36.7400851Z hint:
linux-portability (ubuntu-24.04)	Build pinned original C oracle	2026-09-20T11:29:36.7401104Z hint: 	git branch -m <name>
linux-portability (ubuntu-24.04)	Build pinned original C oracle	2026-09-20T11:29:36.7401389Z hint:
linux-portability (ubuntu-24.04)	Build pinned original C oracle	2026-09-20T11:29:36.7401799Z hint: Disable this message with "git config set advice.defaultBranchName false"
linux-portability (ubuntu-24.04)	Build pinned original C oracle	2026-09-20T11:29:36.7402511Z Initialized empty Git repository in /home/runner/work/rawk/rawk/c_awk/.git/
linux-portability (ubuntu-24.04)	Build pinned original C oracle	2026-09-20T11:29:37.5028523Z From https://github.com/onetrueawk/awk
linux-portability (ubuntu-24.04)	Build pinned original C oracle	2026-09-20T11:29:37.5029452Z  * branch            5739fd79bcfc75ba7526773d0cf634521f8aca3c -> FETCH_HEAD
linux-portability (ubuntu-24.04)	Build pinned original C oracle	2026-09-20T11:29:37.5480613Z HEAD is now at 5739fd7 updated.
linux-portability (ubuntu-24.04)	Build pinned original C oracle	2026-09-20T11:29:37.5513213Z make: Entering directory '/home/runner/work/rawk/rawk/c_awk'
linux-portability (ubuntu-24.04)	Build pinned original C oracle	2026-09-20T11:29:37.5513909Z bison -d  awkgram.y
linux-portability (ubuntu-24.04)	Build pinned original C oracle	2026-09-20T11:29:37.5554017Z awkgram.y: warning: 44 shift/reduce conflicts [-Wconflicts-sr]
linux-portability (ubuntu-24.04)	Build pinned original C oracle	2026-09-20T11:29:37.5554808Z awkgram.y: warning: 85 reduce/reduce conflicts [-Wconflicts-rr]
linux-portability (ubuntu-24.04)	Build pinned original C oracle	2026-09-20T11:29:37.5555673Z awkgram.y: note: rerun with option '-Wcounterexamples' to generate conflict counterexamples
linux-portability (ubuntu-24.04)	Build pinned original C oracle	2026-09-20T11:29:37.6962837Z cc -g -Wall -pedantic -Wcast-qual   -O2   -c -o awkgram.tab.o awkgram.tab.c
linux-portability (ubuntu-24.04)	Build pinned original C oracle	2026-09-20T11:29:38.0444001Z cc -g -Wall -pedantic -Wcast-qual   -O2   -c -o b.o b.c
linux-portability (ubuntu-24.04)	Build pinned original C oracle	2026-09-20T11:29:38.4382816Z cc -g -Wall -pedantic -Wcast-qual   -O2   -c -o main.o main.c
linux-portability (ubuntu-24.04)	Build pinned original C oracle	2026-09-20T11:29:38.5112649Z cc -g -Wall -pedantic -Wcast-qual   -O2   -c -o parse.o parse.c
linux-portability (ubuntu-24.04)	Build pinned original C oracle	2026-09-20T11:29:38.6032130Z cc -g -Wall -pedantic -Wcast-qual -O2 maketab.c -o maketab
linux-portability (ubuntu-24.04)	Build pinned original C oracle	2026-09-20T11:29:38.6834066Z ./maketab awkgram.tab.h >proctab.c
linux-portability (ubuntu-24.04)	Build pinned original C oracle	2026-09-20T11:29:38.6847830Z cc -g -Wall -pedantic -Wcast-qual   -O2   -c -o proctab.o proctab.c
linux-portability (ubuntu-24.04)	Build pinned original C oracle	2026-09-20T11:29:38.7075996Z cc -g -Wall -pedantic -Wcast-qual   -O2   -c -o tran.o tran.c
linux-portability (ubuntu-24.04)	Build pinned original C oracle	2026-09-20T11:29:38.9232543Z cc -g -Wall -pedantic -Wcast-qual   -O2   -c -o lib.o lib.c
linux-portability (ubuntu-24.04)	Build pinned original C oracle	2026-09-20T11:29:39.2382155Z cc -g -Wall -pedantic -Wcast-qual   -O2   -c -o run.o run.c
linux-portability (ubuntu-24.04)	Build pinned original C oracle	2026-09-20T11:29:40.0148478Z cc -g -Wall -pedantic -Wcast-qual   -O2   -c -o lex.o lex.c
linux-portability (ubuntu-24.04)	Build pinned original C oracle	2026-09-20T11:29:40.2362497Z cc -g -Wall -pedantic -Wcast-qual   -O2 awkgram.tab.o b.o main.o parse.o proctab.o tran.o lib.o run.o lex.o   -lm
linux-portability (ubuntu-24.04)	Build pinned original C oracle	2026-09-20T11:29:40.2623797Z make: Leaving directory '/home/runner/work/rawk/rawk/c_awk'
linux-portability (ubuntu-24.04)	Build pinned original C oracle	2026-09-20T11:29:40.2633652Z awk version 20260426
linux-portability (ubuntu-24.04)	Record native oracle formatting behavior	﻿2026-09-20T11:29:40.2667275Z ##[group]Run python3 scripts/format_platform_probe.py --output diary/format-platform-ci.json
linux-portability (ubuntu-24.04)	Record native oracle formatting behavior	2026-09-20T11:29:40.2668056Z [36;1mpython3 scripts/format_platform_probe.py --output diary/format-platform-ci.json[0m
linux-portability (ubuntu-24.04)	Record native oracle formatting behavior	2026-09-20T11:29:40.2705141Z shell: /usr/bin/bash -e {0}
linux-portability (ubuntu-24.04)	Record native oracle formatting behavior	2026-09-20T11:29:40.2705410Z env:
linux-portability (ubuntu-24.04)	Record native oracle formatting behavior	2026-09-20T11:29:40.2705594Z   LC_ALL: C
linux-portability (ubuntu-24.04)	Record native oracle formatting behavior	2026-09-20T11:29:40.2705795Z   CARGO_INCREMENTAL: 0
linux-portability (ubuntu-24.04)	Record native oracle formatting behavior	2026-09-20T11:29:40.2706028Z   RUSTUP_TOOLCHAIN: 1.96.0
linux-portability (ubuntu-24.04)	Record native oracle formatting behavior	2026-09-20T11:29:40.2706257Z ##[endgroup]
linux-portability (ubuntu-24.04)	Record native oracle formatting behavior	2026-09-20T11:29:40.5201526Z Recorded 220 native oracle cases in diary/format-platform-ci.json
linux-portability (ubuntu-24.04)	Native portability gate (debug and release)	﻿2026-09-20T11:29:40.5294544Z ##[group]Run set -o pipefail
linux-portability (ubuntu-24.04)	Native portability gate (debug and release)	2026-09-20T11:29:40.5294892Z [36;1mset -o pipefail[0m
linux-portability (ubuntu-24.04)	Native portability gate (debug and release)	2026-09-20T11:29:40.5295319Z [36;1mbash scripts/check_portability.sh 2>&1 | tee diary/portability-ci.log[0m
linux-portability (ubuntu-24.04)	Native portability gate (debug and release)	2026-09-20T11:29:40.5330467Z shell: /usr/bin/bash -e {0}
linux-portability (ubuntu-24.04)	Native portability gate (debug and release)	2026-09-20T11:29:40.5330733Z env:
linux-portability (ubuntu-24.04)	Native portability gate (debug and release)	2026-09-20T11:29:40.5330933Z   LC_ALL: C
linux-portability (ubuntu-24.04)	Native portability gate (debug and release)	2026-09-20T11:29:40.5331125Z   CARGO_INCREMENTAL: 0
linux-portability (ubuntu-24.04)	Native portability gate (debug and release)	2026-09-20T11:29:40.5331350Z   RUSTUP_TOOLCHAIN: 1.96.0
linux-portability (ubuntu-24.04)	Native portability gate (debug and release)	2026-09-20T11:29:40.5331575Z ##[endgroup]
linux-portability (ubuntu-24.04)	Native portability gate (debug and release)	2026-09-20T11:29:40.5410705Z Linux runnervmlun5p 6.17.0-1022-azure #22-Ubuntu SMP Mon Jul 27 17:24:03 UTC 2026 x86_64 x86_64 x86_64 GNU/Linux
linux-portability (ubuntu-24.04)	Native portability gate (debug and release)	2026-09-20T11:29:40.5518555Z rustc 1.96.0 (ac68faa20 2026-05-25)
linux-portability (ubuntu-24.04)	Native portability gate (debug and release)	2026-09-20T11:29:40.7539078Z     Updating crates.io index
linux-portability (ubuntu-24.04)	Native portability gate (debug and release)	2026-09-20T11:29:43.8459804Z  Downloading crates ...
linux-portability (ubuntu-24.04)	Native portability gate (debug and release)	2026-09-20T11:29:43.9017573Z   Downloaded anstyle-query v1.1.5
linux-portability (ubuntu-24.04)	Native portability gate (debug and release)	2026-09-20T11:29:43.9038420Z   Downloaded autocfg v1.5.0
linux-portability (ubuntu-24.04)	Native portability gate (debug and release)	2026-09-20T11:29:43.9060740Z   Downloaded anstream v1.0.0
linux-portability (ubuntu-24.04)	Native portability gate (debug and release)	2026-09-20T11:29:43.9083133Z   Downloaded anyhow v1.0.102
linux-portability (ubuntu-24.04)	Native portability gate (debug and release)	2026-09-20T11:29:43.9128439Z   Downloaded anstyle-parse v1.0.0
linux-portability (ubuntu-24.04)	Native portability gate (debug and release)	2026-09-20T11:29:43.9148323Z   Downloaded aho-corasick v1.1.4
linux-portability (ubuntu-24.04)	Native portability gate (debug and release)	2026-09-20T11:29:43.9206120Z   Downloaded crypto-common v0.1.7
linux-portability (ubuntu-24.04)	Native portability gate (debug and release)	2026-09-20T11:29:43.9217255Z   Downloaded bitflags v2.11.1
linux-portability (ubuntu-24.04)	Native portability gate (debug and release)	2026-09-20T11:29:43.9264670Z   Downloaded is_terminal_polyfill v1.70.2
linux-portability (ubuntu-24.04)	Native portability gate (debug and release)	2026-09-20T11:29:43.9278158Z   Downloaded rand_chacha v0.9.0
linux-portability (ubuntu-24.04)	Native portability gate (debug and release)	2026-09-20T11:29:43.9291583Z   Downloaded colorchoice v1.0.5
linux-portability (ubuntu-24.04)	Native portability gate (debug and release)	2026-09-20T11:29:43.9303036Z   Downloaded cpufeatures v0.2.17
linux-portability (ubuntu-24.04)	Native portability gate (debug and release)	2026-09-20T11:29:43.9322859Z   Downloaded quick-error v1.2.3
linux-portability (ubuntu-24.04)	Native portability gate (debug and release)	2026-09-20T11:29:43.9337742Z   Downloaded cfg-if v1.0.4
linux-portability (ubuntu-24.04)	Native portability gate (debug and release)	2026-09-20T11:29:43.9358923Z   Downloaded strsim v0.11.1
linux-portability (ubuntu-24.04)	Native portability gate (debug and release)	2026-09-20T11:29:43.9373632Z   Downloaded rand_xorshift v0.4.0
linux-portability (ubuntu-24.04)	Native portability gate (debug and release)	2026-09-20T11:29:43.9386812Z   Downloaded rand_core v0.9.5
linux-portability (ubuntu-24.04)	Native portability gate (debug and release)	2026-09-20T11:29:43.9402846Z   Downloaded version_check v0.9.5
linux-portability (ubuntu-24.04)	Native portability gate (debug and release)	2026-09-20T11:29:43.9418118Z   Downloaded wait-timeout v0.2.1
linux-portability (ubuntu-24.04)	Native portability gate (debug and release)	2026-09-20T11:29:43.9435936Z   Downloaded utf8parse v0.2.2
linux-portability (ubuntu-24.04)	Native portability gate (debug and release)	2026-09-20T11:29:43.9448123Z   Downloaded sprintf v0.4.3
linux-portability (ubuntu-24.04)	Native portability gate (debug and release)	2026-09-20T11:29:43.9463001Z   Downloaded clap_lex v1.1.0
linux-portability (ubuntu-24.04)	Native portability gate (debug and release)	2026-09-20T11:29:43.9476463Z   Downloaded unarray v0.1.4
linux-portability (ubuntu-24.04)	Native portability gate (debug and release)	2026-09-20T11:29:43.9491007Z   Downloaded heck v0.5.0
linux-portability (ubuntu-24.04)	Native portability gate (debug and release)	2026-09-20T11:29:43.9506748Z   Downloaded once_cell v1.21.4
linux-portability (ubuntu-24.04)	Native portability gate (debug and release)	2026-09-20T11:29:43.9535432Z   Downloaded rusty-fork v0.3.1
linux-portability (ubuntu-24.04)	Native portability gate (debug and release)	2026-09-20T11:29:43.9552391Z   Downloaded rand_core v0.10.1
linux-portability (ubuntu-24.04)	Native portability gate (debug and release)	2026-09-20T11:29:43.9570181Z   Downloaded quote v1.0.45
linux-portability (ubuntu-24.04)	Native portability gate (debug and release)	2026-09-20T11:29:43.9603677Z   Downloaded ucd-trie v0.1.7
linux-portability (ubuntu-24.04)	Native portability gate (debug and release)	2026-09-20T11:29:43.9619393Z   Downloaded digest v0.10.7
linux-portability (ubuntu-24.04)	Native portability gate (debug and release)	2026-09-20T11:29:43.9642180Z   Downloaded tempfile v3.27.0
linux-portability (ubuntu-24.04)	Native portability gate (debug and release)	2026-09-20T11:29:43.9670000Z   Downloaded thiserror v2.0.18
linux-portability (ubuntu-24.04)	Native portability gate (debug and release)	2026-09-20T11:29:43.9741700Z   Downloaded unicode-ident v1.0.24
linux-portability (ubuntu-24.04)	Native portability gate (debug and release)	2026-09-20T11:29:43.9769995Z   Downloaded getrandom v0.3.4
linux-portability (ubuntu-24.04)	Native portability gate (debug and release)	2026-09-20T11:29:43.9808823Z   Downloaded serde_derive v1.0.228
linux-portability (ubuntu-24.04)	Native portability gate (debug and release)	2026-09-20T11:29:43.9843439Z   Downloaded pest_meta v2.8.6
linux-portability (ubuntu-24.04)	Native portability gate (debug and release)	2026-09-20T11:29:43.9869481Z   Downloaded serde v1.0.228
linux-portability (ubuntu-24.04)	Native portability gate (debug and release)	2026-09-20T11:29:43.9906976Z   Downloaded memchr v2.8.0
linux-portability (ubuntu-24.04)	Native portability gate (debug and release)	2026-09-20T11:29:43.9965006Z   Downloaded typenum v1.20.0
linux-portability (ubuntu-24.04)	Native portability gate (debug and release)	2026-09-20T11:29:44.0005726Z   Downloaded rand v0.10.1
linux-portability (ubuntu-24.04)	Native portability gate (debug and release)	2026-09-20T11:29:44.0049202Z   Downloaded pest v2.8.6
linux-portability (ubuntu-24.04)	Native portability gate (debug and release)	2026-09-20T11:29:44.0097358Z   Downloaded regex v1.12.3
linux-portability (ubuntu-24.04)	Native portability gate (debug and release)	2026-09-20T11:29:44.0153456Z   Downloaded clap_builder v4.6.0
linux-portability (ubuntu-24.04)	Native portability gate (debug and release)	2026-09-20T11:29:44.0219632Z   Downloaded proptest v1.11.0
linux-portability (ubuntu-24.04)	Native portability gate (debug and release)	2026-09-20T11:29:44.0321233Z   Downloaded quick-xml v0.39.2
linux-portability (ubuntu-24.04)	Native portability gate (debug and release)	2026-09-20T11:29:44.0379706Z   Downloaded rand v0.9.4
linux-portability (ubuntu-24.04)	Native portability gate (debug and release)	2026-09-20T11:29:44.0421632Z   Downloaded chrono v0.4.44
linux-portability (ubuntu-24.04)	Native portability gate (debug and release)	2026-09-20T11:29:44.0490812Z   Downloaded zerocopy v0.8.48
linux-portability (ubuntu-24.04)	Native portability gate (debug and release)	2026-09-20T11:29:44.0721964Z   Downloaded num-traits v0.2.19
linux-portability (ubuntu-24.04)	Native portability gate (debug and release)	2026-09-20T11:29:44.0753184Z   Downloaded serde_core v1.0.228
linux-portability (ubuntu-24.04)	Native portability gate (debug and release)	2026-09-20T11:29:44.0781542Z   Downloaded syn v2.0.117
linux-portability (ubuntu-24.04)	Native portability gate (debug and release)	2026-09-20T11:29:44.0890510Z   Downloaded proc-macro2 v1.0.106
linux-portability (ubuntu-24.04)	Native portability gate (debug and release)	2026-09-20T11:29:44.0920822Z   Downloaded getrandom v0.4.2
linux-portability (ubuntu-24.04)	Native portability gate (debug and release)	2026-09-20T11:29:44.0960777Z   Downloaded pest_derive v2.8.6
linux-portability (ubuntu-24.04)	Native portability gate (debug and release)	2026-09-20T11:29:44.0985913Z   Downloaded regex-syntax v0.8.10
linux-portability (ubuntu-24.04)	Native portability gate (debug and release)	2026-09-20T11:29:44.1053073Z   Downloaded clap v4.6.1
linux-portability (ubuntu-24.04)	Native portability gate (debug and release)	2026-09-20T11:29:44.1153850Z   Downloaded rustix v1.1.4
linux-portability (ubuntu-24.04)	Native portability gate (debug and release)	2026-09-20T11:29:44.1432734Z   Downloaded pest_generator v2.8.6
linux-portability (ubuntu-24.04)	Native portability gate (debug and release)	2026-09-20T11:29:44.1450132Z   Downloaded chacha20 v0.10.0
linux-portability (ubuntu-24.04)	Native portability gate (debug and release)	2026-09-20T11:29:44.1475613Z   Downloaded thiserror-impl v2.0.18
linux-portability (ubuntu-24.04)	Native portability gate (debug and release)	2026-09-20T11:29:44.1493430Z   Downloaded sha2 v0.10.9
linux-portability (ubuntu-24.04)	Native portability gate (debug and release)	2026-09-20T11:29:44.1520241Z   Downloaded fastrand v2.4.1
linux-portability (ubuntu-24.04)	Native portability gate (debug and release)	2026-09-20T11:29:44.1534564Z   Downloaded fnv v1.0.7
linux-portability (ubuntu-24.04)	Native portability gate (debug and release)	2026-09-20T11:29:44.1543658Z   Downloaded regex-automata v0.4.14
linux-portability (ubuntu-24.04)	Native portability gate (debug and release)	2026-09-20T11:29:44.1683653Z   Downloaded iana-time-zone v0.1.65
linux-portability (ubuntu-24.04)	Native portability gate (debug and release)	2026-09-20T11:29:44.1712871Z   Downloaded ppv-lite86 v0.2.21
linux-portability (ubuntu-24.04)	Native portability gate (debug and release)	2026-09-20T11:29:44.1726862Z   Downloaded generic-array v0.14.7
linux-portability (ubuntu-24.04)	Native portability gate (debug and release)	2026-09-20T11:29:44.1741022Z   Downloaded errno v0.3.14
linux-portability (ubuntu-24.04)	Native portability gate (debug and release)	2026-09-20T11:29:44.1756739Z   Downloaded cpufeatures v0.3.0
linux-portability (ubuntu-24.04)	Native portability gate (debug and release)	2026-09-20T11:29:44.1771446Z   Downloaded bit-vec v0.8.0
linux-portability (ubuntu-24.04)	Native portability gate (debug and release)	2026-09-20T11:29:44.1787896Z   Downloaded bit-set v0.8.0
linux-portability (ubuntu-24.04)	Native portability gate (debug and release)	2026-09-20T11:29:44.1801009Z   Downloaded clap_derive v4.6.1
linux-portability (ubuntu-24.04)	Native portability gate (debug and release)	2026-09-20T11:29:44.1823577Z   Downloaded block-buffer v0.10.4
linux-portability (ubuntu-24.04)	Native portability gate (debug and release)	2026-09-20T11:29:44.1834281Z   Downloaded anstyle v1.0.14
linux-portability (ubuntu-24.04)	Native portability gate (debug and release)	2026-09-20T11:29:44.1850154Z   Downloaded libc v0.2.186
linux-portability (ubuntu-24.04)	Native portability gate (debug and release)	2026-09-20T11:29:44.2407409Z   Downloaded linux-raw-sys v0.12.1
linux-portability (ubuntu-24.04)	Native portability gate (debug and release)	2026-09-20T11:29:44.3413653Z    Compiling proc-macro2 v1.0.106
linux-portability (ubuntu-24.04)	Native portability gate (debug and release)	2026-09-20T11:29:44.3414560Z    Compiling unicode-ident v1.0.24
linux-portability (ubuntu-24.04)	Native portability gate (debug and release)	2026-09-20T11:29:44.3428110Z    Compiling libc v0.2.186
linux-portability (ubuntu-24.04)	Native portability gate (debug and release)	2026-09-20T11:29:44.3454211Z    Compiling quote v1.0.45
linux-portability (ubuntu-24.04)	Native portability gate (debug and release)	2026-09-20T11:29:44.4084957Z     Checking cfg-if v1.0.4
linux-portability (ubuntu-24.04)	Native portability gate (debug and release)	2026-09-20T11:29:44.4303205Z     Checking rand_core v0.10.1
linux-portability (ubuntu-24.04)	Native portability gate (debug and release)	2026-09-20T11:29:44.5004160Z    Compiling getrandom v0.4.2
linux-portability (ubuntu-24.04)	Native portability gate (debug and release)	2026-09-20T11:29:44.5104252Z    Compiling autocfg v1.5.0
linux-portability (ubuntu-24.04)	Native portability gate (debug and release)	2026-09-20T11:29:44.6212629Z    Compiling rustix v1.1.4
linux-portability (ubuntu-24.04)	Native portability gate (debug and release)	2026-09-20T11:29:44.8302737Z     Checking memchr v2.8.0
linux-portability (ubuntu-24.04)	Native portability gate (debug and release)	2026-09-20T11:29:44.8485347Z    Compiling num-traits v0.2.19
linux-portability (ubuntu-24.04)	Native portability gate (debug and release)	2026-09-20T11:29:45.2020965Z    Compiling syn v2.0.117
linux-portability (ubuntu-24.04)	Native portability gate (debug and release)	2026-09-20T11:29:45.2064369Z    Compiling ucd-trie v0.1.7
linux-portability (ubuntu-24.04)	Native portability gate (debug and release)	2026-09-20T11:29:45.2243949Z     Checking bitflags v2.11.1
linux-portability (ubuntu-24.04)	Native portability gate (debug and release)	2026-09-20T11:29:45.3201574Z    Compiling getrandom v0.3.4
linux-portability (ubuntu-24.04)	Native portability gate (debug and release)	2026-09-20T11:29:45.3794343Z    Compiling serde_core v1.0.228
linux-portability (ubuntu-24.04)	Native portability gate (debug and release)	2026-09-20T11:29:45.5154191Z     Checking utf8parse v0.2.2
linux-portability (ubuntu-24.04)	Native portability gate (debug and release)	2026-09-20T11:29:45.5552761Z     Checking linux-raw-sys v0.12.1
linux-portability (ubuntu-24.04)	Native portability gate (debug and release)	2026-09-20T11:29:45.5624293Z     Checking anstyle-parse v1.0.0
linux-portability (ubuntu-24.04)	Native portability gate (debug and release)	2026-09-20T11:29:45.7314655Z     Checking anstyle v1.0.14
linux-portability (ubuntu-24.04)	Native portability gate (debug and release)	2026-09-20T11:29:45.8550528Z     Checking is_terminal_polyfill v1.70.2
linux-portability (ubuntu-24.04)	Native portability gate (debug and release)	2026-09-20T11:29:45.8884137Z     Checking colorchoice v1.0.5
linux-portability (ubuntu-24.04)	Native portability gate (debug and release)	2026-09-20T11:29:45.9244481Z     Checking regex-syntax v0.8.10
linux-portability (ubuntu-24.04)	Native portability gate (debug and release)	2026-09-20T11:29:46.1704147Z    Compiling pest v2.8.6
linux-portability (ubuntu-24.04)	Native portability gate (debug and release)	2026-09-20T11:29:47.1034326Z    Compiling thiserror v2.0.18
linux-portability (ubuntu-24.04)	Native portability gate (debug and release)	2026-09-20T11:29:47.2845640Z    Compiling serde v1.0.228
linux-portability (ubuntu-24.04)	Native portability gate (debug and release)	2026-09-20T11:29:47.3854169Z     Checking anstyle-query v1.1.5
linux-portability (ubuntu-24.04)	Native portability gate (debug and release)	2026-09-20T11:29:47.4163740Z     Checking fastrand v2.4.1
linux-portability (ubuntu-24.04)	Native portability gate (debug and release)	2026-09-20T11:29:47.4202751Z     Checking once_cell v1.21.4
linux-portability (ubuntu-24.04)	Native portability gate (debug and release)	2026-09-20T11:29:47.4684136Z     Checking anstream v1.0.0
linux-portability (ubuntu-24.04)	Native portability gate (debug and release)	2026-09-20T11:29:47.5314477Z    Compiling pest_meta v2.8.6
linux-portability (ubuntu-24.04)	Native portability gate (debug and release)	2026-09-20T11:29:47.5446518Z     Checking tempfile v3.27.0
linux-portability (ubuntu-24.04)	Native portability gate (debug and release)	2026-09-20T11:29:48.2482294Z     Checking aho-corasick v1.1.4
linux-portability (ubuntu-24.04)	Native portability gate (debug and release)	2026-09-20T11:29:48.9854223Z    Compiling anyhow v1.0.102
linux-portability (ubuntu-24.04)	Native portability gate (debug and release)	2026-09-20T11:29:49.0264295Z    Compiling serde_derive v1.0.228
linux-portability (ubuntu-24.04)	Native portability gate (debug and release)	2026-09-20T11:29:49.1664174Z    Compiling thiserror-impl v2.0.18
linux-portability (ubuntu-24.04)	Native portability gate (debug and release)	2026-09-20T11:29:49.3604193Z    Compiling heck v0.5.0
linux-portability (ubuntu-24.04)	Native portability gate (debug and release)	2026-09-20T11:29:49.5234173Z    Compiling zerocopy v0.8.48
linux-portability (ubuntu-24.04)	Native portability gate (debug and release)	2026-09-20T11:29:49.7008005Z     Checking clap_lex v1.1.0
linux-portability (ubuntu-24.04)	Native portability gate (debug and release)	2026-09-20T11:29:49.7694826Z     Checking strsim v0.11.1
linux-portability (ubuntu-24.04)	Native portability gate (debug and release)	2026-09-20T11:29:49.7894459Z     Checking cpufeatures v0.3.0
linux-portability (ubuntu-24.04)	Native portability gate (debug and release)	2026-09-20T11:29:49.8089773Z     Checking chacha20 v0.10.0
linux-portability (ubuntu-24.04)	Native portability gate (debug and release)	2026-09-20T11:29:49.8674101Z     Checking clap_builder v4.6.0
linux-portability (ubuntu-24.04)	Native portability gate (debug and release)	2026-09-20T11:29:49.9813516Z    Compiling clap_derive v4.6.1
linux-portability (ubuntu-24.04)	Native portability gate (debug and release)	2026-09-20T11:29:50.4194080Z     Checking regex-automata v0.4.14
linux-portability (ubuntu-24.04)	Native portability gate (debug and release)	2026-09-20T11:29:51.2914980Z    Compiling pest_generator v2.8.6
linux-portability (ubuntu-24.04)	Native portability gate (debug and release)	2026-09-20T11:29:51.7044320Z     Checking rand_core v0.9.5
linux-portability (ubuntu-24.04)	Native portability gate (debug and release)	2026-09-20T11:29:51.8144742Z     Checking iana-time-zone v0.1.65
linux-portability (ubuntu-24.04)	Native portability gate (debug and release)	2026-09-20T11:29:52.0462944Z    Compiling pest_derive v2.8.6
linux-portability (ubuntu-24.04)	Native portability gate (debug and release)	2026-09-20T11:29:52.2404775Z     Checking chrono v0.4.44
linux-portability (ubuntu-24.04)	Native portability gate (debug and release)	2026-09-20T11:29:52.5282039Z     Checking regex v1.12.3
linux-portability (ubuntu-24.04)	Native portability gate (debug and release)	2026-09-20T11:29:52.5970739Z     Checking quick-xml v0.39.2
linux-portability (ubuntu-24.04)	Native portability gate (debug and release)	2026-09-20T11:29:52.7684081Z     Checking clap v4.6.1
linux-portability (ubuntu-24.04)	Native portability gate (debug and release)	2026-09-20T11:29:52.9314279Z     Checking sprintf v0.4.3
linux-portability (ubuntu-24.04)	Native portability gate (debug and release)	2026-09-20T11:29:53.0204443Z     Checking rand v0.10.1
linux-portability (ubuntu-24.04)	Native portability gate (debug and release)	2026-09-20T11:29:53.1393967Z     Checking wait-timeout v0.2.1
linux-portability (ubuntu-24.04)	Native portability gate (debug and release)	2026-09-20T11:29:53.1954731Z     Checking fnv v1.0.7
linux-portability (ubuntu-24.04)	Native portability gate (debug and release)	2026-09-20T11:29:53.2284043Z     Checking quick-error v1.2.3
linux-portability (ubuntu-24.04)	Native portability gate (debug and release)	2026-09-20T11:29:53.2664900Z     Checking bit-vec v0.8.0
linux-portability (ubuntu-24.04)	Native portability gate (debug and release)	2026-09-20T11:29:53.4104988Z     Checking bit-set v0.8.0
linux-portability (ubuntu-24.04)	Native portability gate (debug and release)	2026-09-20T11:29:53.4754354Z     Checking rusty-fork v0.3.1
linux-portability (ubuntu-24.04)	Native portability gate (debug and release)	2026-09-20T11:29:53.4934213Z     Checking rand_xorshift v0.4.0
linux-portability (ubuntu-24.04)	Native portability gate (debug and release)	2026-09-20T11:29:53.5384214Z     Checking rand v0.9.4
linux-portability (ubuntu-24.04)	Native portability gate (debug and release)	2026-09-20T11:29:53.5894015Z     Checking unarray v0.1.4
linux-portability (ubuntu-24.04)	Native portability gate (debug and release)	2026-09-20T11:29:53.6934028Z     Checking rawk v0.1.0 (/home/runner/work/rawk/rawk/rawk)
linux-portability (ubuntu-24.04)	Native portability gate (debug and release)	2026-09-20T11:29:55.4844690Z     Checking ppv-lite86 v0.2.21
linux-portability (ubuntu-24.04)	Native portability gate (debug and release)	2026-09-20T11:29:55.6490117Z     Checking rand_chacha v0.9.0
linux-portability (ubuntu-24.04)	Native portability gate (debug and release)	2026-09-20T11:29:55.7151636Z     Checking proptest v1.11.0
linux-portability (ubuntu-24.04)	Native portability gate (debug and release)	2026-09-20T11:29:58.7235819Z     Finished `dev` profile [unoptimized + debuginfo] target(s) in 18.00s
linux-portability (ubuntu-24.04)	Native portability gate (debug and release)	2026-09-20T11:29:58.8473548Z    Compiling proc-macro2 v1.0.106
linux-portability (ubuntu-24.04)	Native portability gate (debug and release)	2026-09-20T11:29:58.8474372Z    Compiling quote v1.0.45
linux-portability (ubuntu-24.04)	Native portability gate (debug and release)	2026-09-20T11:29:58.8475866Z    Compiling unicode-ident v1.0.24
linux-portability (ubuntu-24.04)	Native portability gate (debug and release)	2026-09-20T11:29:58.8503797Z    Compiling memchr v2.8.0
linux-portability (ubuntu-24.04)	Native portability gate (debug and release)	2026-09-20T11:29:58.9062222Z    Compiling libc v0.2.186
linux-portability (ubuntu-24.04)	Native portability gate (debug and release)	2026-09-20T11:29:58.9832097Z    Compiling ucd-trie v0.1.7
linux-portability (ubuntu-24.04)	Native portability gate (debug and release)	2026-09-20T11:29:59.1384913Z    Compiling rand_core v0.10.1
linux-portability (ubuntu-24.04)	Native portability gate (debug and release)	2026-09-20T11:29:59.1585126Z    Compiling autocfg v1.5.0
linux-portability (ubuntu-24.04)	Native portability gate (debug and release)	2026-09-20T11:29:59.2394767Z    Compiling utf8parse v0.2.2
linux-portability (ubuntu-24.04)	Native portability gate (debug and release)	2026-09-20T11:29:59.2820044Z    Compiling cfg-if v1.0.4
linux-portability (ubuntu-24.04)	Native portability gate (debug and release)	2026-09-20T11:29:59.6777421Z    Compiling syn v2.0.117
linux-portability (ubuntu-24.04)	Native portability gate (debug and release)	2026-09-20T11:29:59.6965308Z    Compiling serde_core v1.0.228
linux-portability (ubuntu-24.04)	Native portability gate (debug and release)	2026-09-20T11:29:59.8513952Z    Compiling getrandom v0.4.2
linux-portability (ubuntu-24.04)	Native portability gate (debug and release)	2026-09-20T11:29:59.9494635Z    Compiling pest v2.8.6
linux-portability (ubuntu-24.04)	Native portability gate (debug and release)	2026-09-20T11:29:59.9694042Z    Compiling num-traits v0.2.19
linux-portability (ubuntu-24.04)	Native portability gate (debug and release)	2026-09-20T11:30:00.0434768Z    Compiling anstyle-parse v1.0.0
linux-portability (ubuntu-24.04)	Native portability gate (debug and release)	2026-09-20T11:30:00.2014489Z    Compiling thiserror v2.0.18
linux-portability (ubuntu-24.04)	Native portability gate (debug and release)	2026-09-20T11:30:00.3865078Z    Compiling rustix v1.1.4
linux-portability (ubuntu-24.04)	Native portability gate (debug and release)	2026-09-20T11:30:00.5834550Z    Compiling anstyle-query v1.1.5
linux-portability (ubuntu-24.04)	Native portability gate (debug and release)	2026-09-20T11:30:00.6268379Z    Compiling is_terminal_polyfill v1.70.2
linux-portability (ubuntu-24.04)	Native portability gate (debug and release)	2026-09-20T11:30:00.6678930Z    Compiling serde v1.0.228
linux-portability (ubuntu-24.04)	Native portability gate (debug and release)	2026-09-20T11:30:00.8224635Z    Compiling colorchoice v1.0.5
linux-portability (ubuntu-24.04)	Native portability gate (debug and release)	2026-09-20T11:30:00.8685114Z    Compiling anstyle v1.0.14
linux-portability (ubuntu-24.04)	Native portability gate (debug and release)	2026-09-20T11:30:01.0684617Z    Compiling anstream v1.0.0
linux-portability (ubuntu-24.04)	Native portability gate (debug and release)	2026-09-20T11:30:01.2154106Z    Compiling pest_meta v2.8.6
linux-portability (ubuntu-24.04)	Native portability gate (debug and release)	2026-09-20T11:30:01.5764214Z    Compiling aho-corasick v1.1.4
linux-portability (ubuntu-24.04)	Native portability gate (debug and release)	2026-09-20T11:30:02.9104833Z    Compiling cpufeatures v0.3.0
linux-portability (ubuntu-24.04)	Native portability gate (debug and release)	2026-09-20T11:30:02.9444467Z    Compiling linux-raw-sys v0.12.1
linux-portability (ubuntu-24.04)	Native portability gate (debug and release)	2026-09-20T11:30:03.2974158Z    Compiling heck v0.5.0
linux-portability (ubuntu-24.04)	Native portability gate (debug and release)	2026-09-20T11:30:03.4664960Z    Compiling strsim v0.11.1
linux-portability (ubuntu-24.04)	Native portability gate (debug and release)	2026-09-20T11:30:03.5804564Z    Compiling serde_derive v1.0.228
linux-portability (ubuntu-24.04)	Native portability gate (debug and release)	2026-09-20T11:30:04.1927668Z    Compiling thiserror-impl v2.0.18
linux-portability (ubuntu-24.04)	Native portability gate (debug and release)	2026-09-20T11:30:04.3285007Z    Compiling clap_lex v1.1.0
linux-portability (ubuntu-24.04)	Native portability gate (debug and release)	2026-09-20T11:30:04.6089120Z    Compiling anyhow v1.0.102
linux-portability (ubuntu-24.04)	Native portability gate (debug and release)	2026-09-20T11:30:04.7684305Z    Compiling regex-syntax v0.8.10
linux-portability (ubuntu-24.04)	Native portability gate (debug and release)	2026-09-20T11:30:05.3674361Z    Compiling bitflags v2.11.1
linux-portability (ubuntu-24.04)	Native portability gate (debug and release)	2026-09-20T11:30:07.4094326Z    Compiling regex-automata v0.4.14
linux-portability (ubuntu-24.04)	Native portability gate (debug and release)	2026-09-20T11:30:08.5738761Z    Compiling clap_builder v4.6.0
linux-portability (ubuntu-24.04)	Native portability gate (debug and release)	2026-09-20T11:30:08.7284334Z    Compiling clap_derive v4.6.1
linux-portability (ubuntu-24.04)	Native portability gate (debug and release)	2026-09-20T11:30:10.5006921Z    Compiling chacha20 v0.10.0
linux-portability (ubuntu-24.04)	Native portability gate (debug and release)	2026-09-20T11:30:10.7313961Z    Compiling pest_generator v2.8.6
linux-portability (ubuntu-24.04)	Native portability gate (debug and release)	2026-09-20T11:30:12.3224963Z    Compiling fastrand v2.4.1
linux-portability (ubuntu-24.04)	Native portability gate (debug and release)	2026-09-20T11:30:13.1316961Z    Compiling once_cell v1.21.4
linux-portability (ubuntu-24.04)	Native portability gate (debug and release)	2026-09-20T11:30:13.3104187Z    Compiling iana-time-zone v0.1.65
linux-portability (ubuntu-24.04)	Native portability gate (debug and release)	2026-09-20T11:30:13.4971104Z    Compiling chrono v0.4.44
linux-portability (ubuntu-24.04)	Native portability gate (debug and release)	2026-09-20T11:30:13.7804122Z    Compiling tempfile v3.27.0
linux-portability (ubuntu-24.04)	Native portability gate (debug and release)	2026-09-20T11:30:16.6402136Z    Compiling pest_derive v2.8.6
linux-portability (ubuntu-24.04)	Native portability gate (debug and release)	2026-09-20T11:30:16.8004185Z    Compiling clap v4.6.1
linux-portability (ubuntu-24.04)	Native portability gate (debug and release)	2026-09-20T11:30:16.8334469Z    Compiling regex v1.12.3
linux-portability (ubuntu-24.04)	Native portability gate (debug and release)	2026-09-20T11:30:17.5754158Z    Compiling rand v0.10.1
linux-portability (ubuntu-24.04)	Native portability gate (debug and release)	2026-09-20T11:30:18.4304189Z    Compiling sprintf v0.4.3
linux-portability (ubuntu-24.04)	Native portability gate (debug and release)	2026-09-20T11:30:18.9924248Z    Compiling quick-xml v0.39.2
linux-portability (ubuntu-24.04)	Native portability gate (debug and release)	2026-09-20T11:30:22.2148861Z    Compiling rawk v0.1.0 (/home/runner/work/rawk/rawk/rawk)
linux-portability (ubuntu-24.04)	Native portability gate (debug and release)	2026-09-20T11:30:32.5076124Z     Finished `release` profile [optimized] target(s) in 33.74s
linux-portability (ubuntu-24.04)	Native portability gate (debug and release)	2026-09-20T11:30:32.5877987Z    Compiling cfg-if v1.0.4
linux-portability (ubuntu-24.04)	Native portability gate (debug and release)	2026-09-20T11:30:32.5878653Z    Compiling libc v0.2.186
linux-portability (ubuntu-24.04)	Native portability gate (debug and release)	2026-09-20T11:30:32.5879203Z    Compiling memchr v2.8.0
linux-portability (ubuntu-24.04)	Native portability gate (debug and release)	2026-09-20T11:30:32.5909616Z    Compiling rand_core v0.10.1
linux-portability (ubuntu-24.04)	Native portability gate (debug and release)	2026-09-20T11:30:32.6209722Z    Compiling linux-raw-sys v0.12.1
linux-portability (ubuntu-24.04)	Native portability gate (debug and release)	2026-09-20T11:30:32.6790857Z    Compiling bitflags v2.11.1
linux-portability (ubuntu-24.04)	Native portability gate (debug and release)	2026-09-20T11:30:32.8444276Z    Compiling ucd-trie v0.1.7
linux-portability (ubuntu-24.04)	Native portability gate (debug and release)	2026-09-20T11:30:32.9471375Z    Compiling utf8parse v0.2.2
linux-portability (ubuntu-24.04)	Native portability gate (debug and release)	2026-09-20T11:30:32.9934209Z    Compiling anstyle-parse v1.0.0
linux-portability (ubuntu-24.04)	Native portability gate (debug and release)	2026-09-20T11:30:33.0604404Z    Compiling pest v2.8.6
linux-portability (ubuntu-24.04)	Native portability gate (debug and release)	2026-09-20T11:30:33.1109513Z    Compiling rustix v1.1.4
linux-portability (ubuntu-24.04)	Native portability gate (debug and release)	2026-09-20T11:30:33.3643972Z    Compiling anstyle v1.0.14
linux-portability (ubuntu-24.04)	Native portability gate (debug and release)	2026-09-20T11:30:33.5284436Z    Compiling getrandom v0.4.2
linux-portability (ubuntu-24.04)	Native portability gate (debug and release)	2026-09-20T11:30:33.5303971Z    Compiling colorchoice v1.0.5
linux-portability (ubuntu-24.04)	Native portability gate (debug and release)	2026-09-20T11:30:33.5734093Z    Compiling once_cell v1.21.4
linux-portability (ubuntu-24.04)	Native portability gate (debug and release)	2026-09-20T11:30:33.6714220Z    Compiling is_terminal_polyfill v1.70.2
linux-portability (ubuntu-24.04)	Native portability gate (debug and release)	2026-09-20T11:30:33.7024128Z    Compiling fastrand v2.4.1
linux-portability (ubuntu-24.04)	Native portability gate (debug and release)	2026-09-20T11:30:33.7204187Z    Compiling anstyle-query v1.1.5
linux-portability (ubuntu-24.04)	Native portability gate (debug and release)	2026-09-20T11:30:33.7612942Z    Compiling regex-syntax v0.8.10
linux-portability (ubuntu-24.04)	Native portability gate (debug and release)	2026-09-20T11:30:33.8594608Z    Compiling anstream v1.0.0
linux-portability (ubuntu-24.04)	Native portability gate (debug and release)	2026-09-20T11:30:34.1226227Z    Compiling getrandom v0.3.4
linux-portability (ubuntu-24.04)	Native portability gate (debug and release)	2026-09-20T11:30:34.2564298Z    Compiling pest_meta v2.8.6
linux-portability (ubuntu-24.04)	Native portability gate (debug and release)	2026-09-20T11:30:34.3784338Z    Compiling num-traits v0.2.19
linux-portability (ubuntu-24.04)	Native portability gate (debug and release)	2026-09-20T11:30:35.0582424Z    Compiling tempfile v3.27.0
linux-portability (ubuntu-24.04)	Native portability gate (debug and release)	2026-09-20T11:30:35.0654180Z    Compiling serde_core v1.0.228
linux-portability (ubuntu-24.04)	Native portability gate (debug and release)	2026-09-20T11:30:35.4744804Z    Compiling aho-corasick v1.1.4
linux-portability (ubuntu-24.04)	Native portability gate (debug and release)	2026-09-20T11:30:36.0324122Z    Compiling cpufeatures v0.3.0
linux-portability (ubuntu-24.04)	Native portability gate (debug and release)	2026-09-20T11:30:36.0582075Z    Compiling strsim v0.11.1
linux-portability (ubuntu-24.04)	Native portability gate (debug and release)	2026-09-20T11:30:36.4165153Z    Compiling clap_lex v1.1.0
linux-portability (ubuntu-24.04)	Native portability gate (debug and release)	2026-09-20T11:30:36.5593570Z    Compiling clap_builder v4.6.0
linux-portability (ubuntu-24.04)	Native portability gate (debug and release)	2026-09-20T11:30:36.9234082Z    Compiling regex-automata v0.4.14
linux-portability (ubuntu-24.04)	Native portability gate (debug and release)	2026-09-20T11:30:37.4434984Z    Compiling serde v1.0.228
linux-portability (ubuntu-24.04)	Native portability gate (debug and release)	2026-09-20T11:30:37.9214999Z    Compiling chacha20 v0.10.0
linux-portability (ubuntu-24.04)	Native portability gate (debug and release)	2026-09-20T11:30:38.0240735Z    Compiling thiserror v2.0.18
linux-portability (ubuntu-24.04)	Native portability gate (debug and release)	2026-09-20T11:30:38.0674197Z    Compiling pest_generator v2.8.6
linux-portability (ubuntu-24.04)	Native portability gate (debug and release)	2026-09-20T11:30:38.1174951Z    Compiling rand_core v0.9.5
linux-portability (ubuntu-24.04)	Native portability gate (debug and release)	2026-09-20T11:30:38.2664248Z    Compiling iana-time-zone v0.1.65
linux-portability (ubuntu-24.04)	Native portability gate (debug and release)	2026-09-20T11:30:38.4675079Z    Compiling clap v4.6.1
linux-portability (ubuntu-24.04)	Native portability gate (debug and release)	2026-09-20T11:30:38.4925656Z    Compiling chrono v0.4.44
linux-portability (ubuntu-24.04)	Native portability gate (debug and release)	2026-09-20T11:30:38.8150880Z    Compiling pest_derive v2.8.6
linux-portability (ubuntu-24.04)	Native portability gate (debug and release)	2026-09-20T11:30:38.9924117Z    Compiling rand v0.10.1
linux-portability (ubuntu-24.04)	Native portability gate (debug and release)	2026-09-20T11:30:39.6702677Z    Compiling regex v1.12.3
linux-portability (ubuntu-24.04)	Native portability gate (debug and release)	2026-09-20T11:30:40.0836060Z    Compiling sprintf v0.4.3
linux-portability (ubuntu-24.04)	Native portability gate (debug and release)	2026-09-20T11:30:40.2528951Z    Compiling quick-xml v0.39.2
linux-portability (ubuntu-24.04)	Native portability gate (debug and release)	2026-09-20T11:30:40.3144175Z    Compiling zerocopy v0.8.48
linux-portability (ubuntu-24.04)	Native portability gate (debug and release)	2026-09-20T11:30:40.8374366Z    Compiling anyhow v1.0.102
linux-portability (ubuntu-24.04)	Native portability gate (debug and release)	2026-09-20T11:30:41.2054975Z    Compiling wait-timeout v0.2.1
linux-portability (ubuntu-24.04)	Native portability gate (debug and release)	2026-09-20T11:30:41.4314351Z    Compiling fnv v1.0.7
linux-portability (ubuntu-24.04)	Native portability gate (debug and release)	2026-09-20T11:30:41.4628761Z    Compiling bit-vec v0.8.0
linux-portability (ubuntu-24.04)	Native portability gate (debug and release)	2026-09-20T11:30:41.6335264Z    Compiling quick-error v1.2.3
linux-portability (ubuntu-24.04)	Native portability gate (debug and release)	2026-09-20T11:30:41.6702639Z    Compiling rusty-fork v0.3.1
linux-portability (ubuntu-24.04)	Native portability gate (debug and release)	2026-09-20T11:30:42.0030470Z    Compiling bit-set v0.8.0
linux-portability (ubuntu-24.04)	Native portability gate (debug and release)	2026-09-20T11:30:42.0315864Z    Compiling rawk v0.1.0 (/home/runner/work/rawk/rawk/rawk)
linux-portability (ubuntu-24.04)	Native portability gate (debug and release)	2026-09-20T11:30:42.0963282Z    Compiling rand v0.9.4
linux-portability (ubuntu-24.04)	Native portability gate (debug and release)	2026-09-20T11:30:42.5974946Z    Compiling rand_xorshift v0.4.0
linux-portability (ubuntu-24.04)	Native portability gate (debug and release)	2026-09-20T11:30:42.6674131Z    Compiling unarray v0.1.4
linux-portability (ubuntu-24.04)	Native portability gate (debug and release)	2026-09-20T11:30:43.6799448Z    Compiling ppv-lite86 v0.2.21
linux-portability (ubuntu-24.04)	Native portability gate (debug and release)	2026-09-20T11:30:43.8755610Z    Compiling rand_chacha v0.9.0
linux-portability (ubuntu-24.04)	Native portability gate (debug and release)	2026-09-20T11:30:43.9652196Z    Compiling proptest v1.11.0
linux-portability (ubuntu-24.04)	Native portability gate (debug and release)	2026-09-20T11:30:48.5780799Z     Finished `test` profile [unoptimized + debuginfo] target(s) in 16.05s
linux-portability (ubuntu-24.04)	Native portability gate (debug and release)	2026-09-20T11:30:48.5840766Z      Running unittests src/lib.rs (target/debug/deps/rawk-2af64ff39be528ba)
linux-portability (ubuntu-24.04)	Native portability gate (debug and release)	2026-09-20T11:30:48.5852142Z 
linux-portability (ubuntu-24.04)	Native portability gate (debug and release)	2026-09-20T11:30:48.5852281Z running 0 tests
linux-portability (ubuntu-24.04)	Native portability gate (debug and release)	2026-09-20T11:30:48.5852560Z 
linux-portability (ubuntu-24.04)	Native portability gate (debug and release)	2026-09-20T11:30:48.5854838Z test result: ok. 0 passed; 0 failed; 0 ignored; 0 measured; 0 filtered out; finished in 0.00s
linux-portability (ubuntu-24.04)	Native portability gate (debug and release)	2026-09-20T11:30:48.5855332Z 
linux-portability (ubuntu-24.04)	Native portability gate (debug and release)	2026-09-20T11:30:48.5855654Z      Running unittests src/bin/diffrun.rs (target/debug/deps/diffrun-994f4b85fc4f3254)
linux-portability (ubuntu-24.04)	Native portability gate (debug and release)	2026-09-20T11:30:48.5864575Z 
linux-portability (ubuntu-24.04)	Native portability gate (debug and release)	2026-09-20T11:30:48.5864790Z running 0 tests
linux-portability (ubuntu-24.04)	Native portability gate (debug and release)	2026-09-20T11:30:48.5866083Z 
linux-portability (ubuntu-24.04)	Native portability gate (debug and release)	2026-09-20T11:30:48.5866638Z test result: ok. 0 passed; 0 failed; 0 ignored; 0 measured; 0 filtered out; finished in 0.00s
linux-portability (ubuntu-24.04)	Native portability gate (debug and release)	2026-09-20T11:30:48.5867275Z 
linux-portability (ubuntu-24.04)	Native portability gate (debug and release)	2026-09-20T11:30:48.5867519Z      Running unittests src/main.rs (target/debug/deps/rawk-95b1893c01abdb10)
linux-portability (ubuntu-24.04)	Native portability gate (debug and release)	2026-09-20T11:30:48.5877603Z 
linux-portability (ubuntu-24.04)	Native portability gate (debug and release)	2026-09-20T11:30:48.5877743Z running 4 tests
linux-portability (ubuntu-24.04)	Native portability gate (debug and release)	2026-09-20T11:30:48.5924381Z test unicode_ere::tests::encoding_preserves_offsets_and_invalid_bytes_without_sentinels ... ok
linux-portability (ubuntu-24.04)	Native portability gate (debug and release)	2026-09-20T11:30:48.6001203Z test unicode_ere::tests::compiled_intervals_cover_only_the_requested_runes ... ok
linux-portability (ubuntu-24.04)	Native portability gate (debug and release)	2026-09-20T11:30:48.6020451Z test input::tests::separators_are_independent_of_read_boundaries ... ok
linux-portability (ubuntu-24.04)	Native portability gate (debug and release)	2026-09-20T11:30:48.6276778Z test ere::stream::tests::physical_short_reads_do_not_change_bwk_lookahead ... ok
linux-portability (ubuntu-24.04)	Native portability gate (debug and release)	2026-09-20T11:30:48.6277393Z 
linux-portability (ubuntu-24.04)	Native portability gate (debug and release)	2026-09-20T11:30:48.6277670Z test result: ok. 4 passed; 0 failed; 0 ignored; 0 measured; 0 filtered out; finished in 0.04s
linux-portability (ubuntu-24.04)	Native portability gate (debug and release)	2026-09-20T11:30:48.6278077Z 
linux-portability (ubuntu-24.04)	Native portability gate (debug and release)	2026-09-20T11:30:48.6280903Z      Running tests/bytes_array_keys.rs (target/debug/deps/bytes_array_keys-9114eb559bd3fc79)
linux-portability (ubuntu-24.04)	Native portability gate (debug and release)	2026-09-20T11:30:48.6291785Z 
linux-portability (ubuntu-24.04)	Native portability gate (debug and release)	2026-09-20T11:30:48.6291976Z running 3 tests
linux-portability (ubuntu-24.04)	Native portability gate (debug and release)	2026-09-20T11:30:48.6368917Z test distinct_high_byte_keys_do_not_collide ... ok
linux-portability (ubuntu-24.04)	Native portability gate (debug and release)	2026-09-20T11:30:48.6369720Z test for_in_returns_all_distinct_byte_keys ... ok
linux-portability (ubuntu-24.04)	Native portability gate (debug and release)	2026-09-20T11:30:48.6371109Z test nul_embedded_key_round_trips ... ok
linux-portability (ubuntu-24.04)	Native portability gate (debug and release)	2026-09-20T11:30:48.6371465Z 
linux-portability (ubuntu-24.04)	Native portability gate (debug and release)	2026-09-20T11:30:48.6372115Z test result: ok. 3 passed; 0 failed; 0 ignored; 0 measured; 0 filtered out; finished in 0.01s
linux-portability (ubuntu-24.04)	Native portability gate (debug and release)	2026-09-20T11:30:48.6372924Z 
linux-portability (ubuntu-24.04)	Native portability gate (debug and release)	2026-09-20T11:30:48.6374287Z      Running tests/bytes_printf.rs (target/debug/deps/bytes_printf-cc7330dc1e13afd2)
linux-portability (ubuntu-24.04)	Native portability gate (debug and release)	2026-09-20T11:30:48.6383473Z 
linux-portability (ubuntu-24.04)	Native portability gate (debug and release)	2026-09-20T11:30:48.6383610Z running 6 tests
linux-portability (ubuntu-24.04)	Native portability gate (debug and release)	2026-09-20T11:30:48.6451499Z test field_split_with_high_byte_fs ... ok
linux-portability (ubuntu-24.04)	Native portability gate (debug and release)	2026-09-20T11:30:48.6452207Z test print_with_high_byte_ofs ... ok
linux-portability (ubuntu-24.04)	Native portability gate (debug and release)	2026-09-20T11:30:48.6465489Z test printf_format_string_with_high_bytes ... ok
linux-portability (ubuntu-24.04)	Native portability gate (debug and release)	2026-09-20T11:30:48.6477214Z test printf_c_emits_first_byte_raw ... ok
linux-portability (ubuntu-24.04)	Native portability gate (debug and release)	2026-09-20T11:30:48.6516439Z test sprintf_high_byte_round_trip ... ok
linux-portability (ubuntu-24.04)	Native portability gate (debug and release)	2026-09-20T11:30:48.6516991Z test printf_s_preserves_high_byte ... ok
linux-portability (ubuntu-24.04)	Native portability gate (debug and release)	2026-09-20T11:30:48.6517218Z 
linux-portability (ubuntu-24.04)	Native portability gate (debug and release)	2026-09-20T11:30:48.6517527Z test result: ok. 6 passed; 0 failed; 0 ignored; 0 measured; 0 filtered out; finished in 0.01s
linux-portability (ubuntu-24.04)	Native portability gate (debug and release)	2026-09-20T11:30:48.6518134Z 
linux-portability (ubuntu-24.04)	Native portability gate (debug and release)	2026-09-20T11:30:48.6518971Z      Running tests/bytes_regex_match.rs (target/debug/deps/bytes_regex_match-97728d2c0dfc372b)
linux-portability (ubuntu-24.04)	Native portability gate (debug and release)	2026-09-20T11:30:48.6528406Z 
linux-portability (ubuntu-24.04)	Native portability gate (debug and release)	2026-09-20T11:30:48.6528593Z running 6 tests
linux-portability (ubuntu-24.04)	Native portability gate (debug and release)	2026-09-20T11:30:48.6596653Z test gsub_ampersand_includes_whole_match ... ok
linux-portability (ubuntu-24.04)	Native portability gate (debug and release)	2026-09-20T11:30:48.6597431Z test match_builtin_high_byte_pattern_position ... ok
linux-portability (ubuntu-24.04)	Native portability gate (debug and release)	2026-09-20T11:30:48.6624365Z test nul_inside_subject_with_rs_regex ... ok
linux-portability (ubuntu-24.04)	Native portability gate (debug and release)	2026-09-20T11:30:48.6626422Z test match_distinguishes_high_bytes ... ok
linux-portability (ubuntu-24.04)	Native portability gate (debug and release)	2026-09-20T11:30:48.6661215Z test rs_regex_high_byte_separator_splits_correctly ... ok
linux-portability (ubuntu-24.04)	Native portability gate (debug and release)	2026-09-20T11:30:48.6661882Z test sub_replaces_high_byte_run ... ok
linux-portability (ubuntu-24.04)	Native portability gate (debug and release)	2026-09-20T11:30:48.6662220Z 
linux-portability (ubuntu-24.04)	Native portability gate (debug and release)	2026-09-20T11:30:48.6662707Z test result: ok. 6 passed; 0 failed; 0 ignored; 0 measured; 0 filtered out; finished in 0.01s
linux-portability (ubuntu-24.04)	Native portability gate (debug and release)	2026-09-20T11:30:48.6663580Z 
linux-portability (ubuntu-24.04)	Native portability gate (debug and release)	2026-09-20T11:30:48.6665063Z      Running tests/data_contract.rs (target/debug/deps/data_contract-cd61b34734f48d5d)
linux-portability (ubuntu-24.04)	Native portability gate (debug and release)	2026-09-20T11:30:48.6674242Z 
linux-portability (ubuntu-24.04)	Native portability gate (debug and release)	2026-09-20T11:30:48.6674400Z running 6 tests
linux-portability (ubuntu-24.04)	Native portability gate (debug and release)	2026-09-20T11:30:48.6742927Z test csv_handles_quoted_delimiters_newlines_and_escaped_quotes ... ok
linux-portability (ubuntu-24.04)	Native portability gate (debug and release)	2026-09-20T11:30:48.6749659Z test invalid_regex_is_reported ... ok
linux-portability (ubuntu-24.04)	Native portability gate (debug and release)	2026-09-20T11:30:48.6793281Z test fields_accept_regex_separator ... ok
linux-portability (ubuntu-24.04)	Native portability gate (debug and release)	2026-09-20T11:30:48.6799889Z test regex_uses_leftmost_longest ... ok
linux-portability (ubuntu-24.04)	Native portability gate (debug and release)	2026-09-20T11:30:48.6823605Z test split_preserves_empty_fields_and_clears_array ... ok
linux-portability (ubuntu-24.04)	Native portability gate (debug and release)	2026-09-20T11:30:48.6864344Z test substitutions_report_count_not_changed_text ... ok
linux-portability (ubuntu-24.04)	Native portability gate (debug and release)	2026-09-20T11:30:48.6864866Z 
linux-portability (ubuntu-24.04)	Native portability gate (debug and release)	2026-09-20T11:30:48.6865311Z test result: ok. 6 passed; 0 failed; 0 ignored; 0 measured; 0 filtered out; finished in 0.02s
linux-portability (ubuntu-24.04)	Native portability gate (debug and release)	2026-09-20T11:30:48.6865740Z 
linux-portability (ubuntu-24.04)	Native portability gate (debug and release)	2026-09-20T11:30:48.6866678Z      Running tests/driver_regressions.rs (target/debug/deps/driver_regressions-20f0cb45f6026201)
linux-portability (ubuntu-24.04)	Native portability gate (debug and release)	2026-09-20T11:30:48.6876333Z 
linux-portability (ubuntu-24.04)	Native portability gate (debug and release)	2026-09-20T11:30:48.6876504Z running 6 tests
linux-portability (ubuntu-24.04)	Native portability gate (debug and release)	2026-09-20T11:30:48.6948205Z test multifile_syntax_error_names_offending_source ... ok
linux-portability (ubuntu-24.04)	Native portability gate (debug and release)	2026-09-20T11:30:48.7015327Z test field_index_beyond_reference_integer_range_is_an_error ... ok
linux-portability (ubuntu-24.04)	Native portability gate (debug and release)	2026-09-20T11:30:48.7034935Z test getline_comparison_is_not_part_of_filename ... ok
linux-portability (ubuntu-24.04)	Native portability gate (debug and release)	2026-09-20T11:30:48.7135834Z test invalid_function_parameters_are_errors_before_execution ... ok
linux-portability (ubuntu-24.04)	Native portability gate (debug and release)	2026-09-20T11:30:48.7294331Z test redirected_stdin_shares_buffer_with_main_input ... ok
linux-portability (ubuntu-24.04)	Native portability gate (debug and release)	2026-09-20T11:30:48.7406435Z test stdin_program_and_empty_statements ... ok
linux-portability (ubuntu-24.04)	Native portability gate (debug and release)	2026-09-20T11:30:48.7406953Z 
linux-portability (ubuntu-24.04)	Native portability gate (debug and release)	2026-09-20T11:30:48.7407401Z test result: ok. 6 passed; 0 failed; 0 ignored; 0 measured; 0 filtered out; finished in 0.05s
linux-portability (ubuntu-24.04)	Native portability gate (debug and release)	2026-09-20T11:30:48.7408002Z 
linux-portability (ubuntu-24.04)	Native portability gate (debug and release)	2026-09-20T11:30:48.7409382Z      Running tests/dynamic_format.rs (target/debug/deps/dynamic_format-27b8cdc066ca99a2)
linux-portability (ubuntu-24.04)	Native portability gate (debug and release)	2026-09-20T11:30:48.7419328Z 
linux-portability (ubuntu-24.04)	Native portability gate (debug and release)	2026-09-20T11:30:48.7419506Z running 8 tests
linux-portability (ubuntu-24.04)	Native portability gate (debug and release)	2026-09-20T11:30:48.7560899Z test missing_star_arguments_are_errors ... ok
linux-portability (ubuntu-24.04)	Native portability gate (debug and release)	2026-09-20T11:30:48.7625540Z test negative_precision_keeps_binary_and_multibyte_paths ... ok
linux-portability (ubuntu-24.04)	Native portability gate (debug and release)	2026-09-20T11:30:48.7820191Z test string_and_literal_range_errors_do_not_discard_arithmetic_subnormals ... ok
linux-portability (ubuntu-24.04)	Native portability gate (debug and release)	2026-09-20T11:30:48.9135678Z test unsigned_conversion_matches_native_oracle ... ok
linux-portability (ubuntu-24.04)	Native portability gate (debug and release)	2026-09-20T11:30:48.9358972Z test zero_padded_strings_match_native_oracle ... ok
linux-portability (ubuntu-24.04)	Native portability gate (debug and release)	2026-09-20T11:30:49.4566211Z test dynamic_width_precision_and_consumption ... ok
linux-portability (ubuntu-24.04)	Native portability gate (debug and release)	2026-09-20T11:30:50.7835134Z test integer_flags_precision_and_signs ... ok
linux-portability (ubuntu-24.04)	Native portability gate (debug and release)	2026-09-20T11:30:51.3758044Z test negative_dynamic_precision_preserves_flags_and_argument_consumption ... ok
linux-portability (ubuntu-24.04)	Native portability gate (debug and release)	2026-09-20T11:30:51.3758669Z 
linux-portability (ubuntu-24.04)	Native portability gate (debug and release)	2026-09-20T11:30:51.3759006Z test result: ok. 8 passed; 0 failed; 0 ignored; 0 measured; 0 filtered out; finished in 2.63s
linux-portability (ubuntu-24.04)	Native portability gate (debug and release)	2026-09-20T11:30:51.3759761Z 
linux-portability (ubuntu-24.04)	Native portability gate (debug and release)	2026-09-20T11:30:51.3760198Z      Running tests/harness.rs (target/debug/deps/harness-84724762e23c52d1)
linux-portability (ubuntu-24.04)	Native portability gate (debug and release)	2026-09-20T11:30:51.3769717Z 
linux-portability (ubuntu-24.04)	Native portability gate (debug and release)	2026-09-20T11:30:51.3769922Z running 5 tests
linux-portability (ubuntu-24.04)	Native portability gate (debug and release)	2026-09-20T11:30:51.3789220Z test annotation_does_not_accept_new_failures ... ok
linux-portability (ubuntu-24.04)	Native portability gate (debug and release)	2026-09-20T11:30:51.3799029Z test preserves_bytes_whitespace_and_status ... ok
linux-portability (ubuntu-24.04)	Native portability gate (debug and release)	2026-09-20T11:30:51.3859845Z test aggregate_gate_reports_an_intermediate_failure ... ok
linux-portability (ubuntu-24.04)	Native portability gate (debug and release)	2026-09-20T11:30:51.3910238Z test each_run_has_a_fresh_directory ... ok
linux-portability (ubuntu-24.04)	Native portability gate (debug and release)	2026-09-20T11:30:51.8106553Z test timeout_kills_descendants ... ok
linux-portability (ubuntu-24.04)	Native portability gate (debug and release)	2026-09-20T11:30:51.8106937Z 
linux-portability (ubuntu-24.04)	Native portability gate (debug and release)	2026-09-20T11:30:51.8107341Z test result: ok. 5 passed; 0 failed; 0 ignored; 0 measured; 0 filtered out; finished in 0.43s
linux-portability (ubuntu-24.04)	Native portability gate (debug and release)	2026-09-20T11:30:51.8107983Z 
linux-portability (ubuntu-24.04)	Native portability gate (debug and release)	2026-09-20T11:30:51.8110690Z      Running tests/input_contract.rs (target/debug/deps/input_contract-df587d5dab3b336c)
linux-portability (ubuntu-24.04)	Native portability gate (debug and release)	2026-09-20T11:30:51.8124362Z 
linux-portability (ubuntu-24.04)	Native portability gate (debug and release)	2026-09-20T11:30:51.8124535Z running 5 tests
linux-portability (ubuntu-24.04)	Native portability gate (debug and release)	2026-09-20T11:30:51.8200645Z test getline_uses_main_stream_and_counts_every_read ... ok
linux-portability (ubuntu-24.04)	Native portability gate (debug and release)	2026-09-20T11:30:51.8204759Z test rewriting_record_does_not_count_a_read ... ok
linux-portability (ubuntu-24.04)	Native portability gate (debug and release)	2026-09-20T11:30:51.8205402Z test missing_getline_file_is_an_error_not_eof ... ok
linux-portability (ubuntu-24.04)	Native portability gate (debug and release)	2026-09-20T11:30:51.8205832Z test file_getline_and_interleaved_assignments ... ok
linux-portability (ubuntu-24.04)	Native portability gate (debug and release)	2026-09-20T11:30:51.8273459Z test rs_changes_apply_to_unconsumed_input ... ok
linux-portability (ubuntu-24.04)	Native portability gate (debug and release)	2026-09-20T11:30:51.8273942Z 
linux-portability (ubuntu-24.04)	Native portability gate (debug and release)	2026-09-20T11:30:51.8274386Z test result: ok. 5 passed; 0 failed; 0 ignored; 0 measured; 0 filtered out; finished in 0.01s
linux-portability (ubuntu-24.04)	Native portability gate (debug and release)	2026-09-20T11:30:51.8275260Z 
linux-portability (ubuntu-24.04)	Native portability gate (debug and release)	2026-09-20T11:30:51.8275777Z      Running tests/language_contract.rs (target/debug/deps/language_contract-2fab3b4b0fc766c6)
linux-portability (ubuntu-24.04)	Native portability gate (debug and release)	2026-09-20T11:30:51.8284977Z 
linux-portability (ubuntu-24.04)	Native portability gate (debug and release)	2026-09-20T11:30:51.8285164Z running 7 tests
linux-portability (ubuntu-24.04)	Native portability gate (debug and release)	2026-09-20T11:30:51.8353479Z test array_reads_create_entries ... ok
linux-portability (ubuntu-24.04)	Native portability gate (debug and release)	2026-09-20T11:30:51.8357339Z test array_parameters_are_references ... ok
linux-portability (ubuntu-24.04)	Native portability gate (debug and release)	2026-09-20T11:30:51.8366974Z test expressions_and_escapes ... ok
linux-portability (ubuntu-24.04)	Native portability gate (debug and release)	2026-09-20T11:30:51.8405601Z test convfmt_is_used_for_comparisons_fields_and_keys ... ok
linux-portability (ubuntu-24.04)	Native portability gate (debug and release)	2026-09-20T11:30:51.8422519Z test numeric_and_string_values_keep_their_types ... ok
linux-portability (ubuntu-24.04)	Native portability gate (debug and release)	2026-09-20T11:30:51.8431628Z test range_patterns_and_empty_actions ... ok
linux-portability (ubuntu-24.04)	Native portability gate (debug and release)	2026-09-20T11:30:51.8468311Z test lvalue_indices_are_evaluated_once ... ok
linux-portability (ubuntu-24.04)	Native portability gate (debug and release)	2026-09-20T11:30:51.8468717Z 
linux-portability (ubuntu-24.04)	Native portability gate (debug and release)	2026-09-20T11:30:51.8469211Z test result: ok. 7 passed; 0 failed; 0 ignored; 0 measured; 0 filtered out; finished in 0.02s
linux-portability (ubuntu-24.04)	Native portability gate (debug and release)	2026-09-20T11:30:51.8469730Z 
linux-portability (ubuntu-24.04)	Native portability gate (debug and release)	2026-09-20T11:30:51.8470754Z      Running tests/legacy_locale.rs (target/debug/deps/legacy_locale-e35a0006ade4badb)
linux-portability (ubuntu-24.04)	Native portability gate (debug and release)	2026-09-20T11:30:51.8479878Z 
linux-portability (ubuntu-24.04)	Native portability gate (debug and release)	2026-09-20T11:30:51.8480052Z running 6 tests
linux-portability (ubuntu-24.04)	Native portability gate (debug and release)	2026-09-20T11:30:51.8944144Z test every_nonzero_byte_case_conversion_matches_c ... ok
linux-portability (ubuntu-24.04)	Native portability gate (debug and release)	2026-09-20T11:30:51.9064114Z test nul_preservation_remains_an_explicit_rust_extension ... ok
linux-portability (ubuntu-24.04)	Native portability gate (debug and release)	2026-09-20T11:30:51.9122687Z test byte_positions_ranges_splits_and_substitution_match_c ... ok
linux-portability (ubuntu-24.04)	Native portability gate (debug and release)	2026-09-20T11:30:51.9124325Z test legacy_locale_selection_obeys_precedence_and_is_fixed_at_startup ... ok
linux-portability (ubuntu-24.04)	Native portability gate (debug and release)	2026-09-20T11:30:51.9411964Z test required_single_byte_locales_are_active ... ok
linux-portability (ubuntu-24.04)	Native portability gate (debug and release)	2026-09-20T11:30:52.4738394Z test every_nonzero_byte_in_each_posix_class_matches_c ... ok
linux-portability (ubuntu-24.04)	Native portability gate (debug and release)	2026-09-20T11:30:52.4739185Z 
linux-portability (ubuntu-24.04)	Native portability gate (debug and release)	2026-09-20T11:30:52.4739669Z test result: ok. 6 passed; 0 failed; 0 ignored; 0 measured; 0 filtered out; finished in 0.63s
linux-portability (ubuntu-24.04)	Native portability gate (debug and release)	2026-09-20T11:30:52.4740203Z 
linux-portability (ubuntu-24.04)	Native portability gate (debug and release)	2026-09-20T11:30:52.4741255Z      Running tests/runtime_contract.rs (target/debug/deps/runtime_contract-e285726cc718c1b4)
linux-portability (ubuntu-24.04)	Native portability gate (debug and release)	2026-09-20T11:30:52.4751147Z 
linux-portability (ubuntu-24.04)	Native portability gate (debug and release)	2026-09-20T11:30:52.4751343Z running 3 tests
linux-portability (ubuntu-24.04)	Native portability gate (debug and release)	2026-09-20T11:30:52.4819417Z test short_circuit_preserves_side_effects ... ok
linux-portability (ubuntu-24.04)	Native portability gate (debug and release)	2026-09-20T11:30:52.4820231Z test exit_executes_end_and_interrupts_expressions ... ok
linux-portability (ubuntu-24.04)	Native portability gate (debug and release)	2026-09-20T11:30:52.4868176Z test return_escapes_all_loop_forms ... ok
linux-portability (ubuntu-24.04)	Native portability gate (debug and release)	2026-09-20T11:30:52.4868440Z 
linux-portability (ubuntu-24.04)	Native portability gate (debug and release)	2026-09-20T11:30:52.4868735Z test result: ok. 3 passed; 0 failed; 0 ignored; 0 measured; 0 filtered out; finished in 0.01s
linux-portability (ubuntu-24.04)	Native portability gate (debug and release)	2026-09-20T11:30:52.4869196Z 
linux-portability (ubuntu-24.04)	Native portability gate (debug and release)	2026-09-20T11:30:52.4870709Z      Running tests/unicode_contract.rs (target/debug/deps/unicode_contract-28fd1d08d829904c)
linux-portability (ubuntu-24.04)	Native portability gate (debug and release)	2026-09-20T11:30:52.4880395Z 
linux-portability (ubuntu-24.04)	Native portability gate (debug and release)	2026-09-20T11:30:52.4880740Z running 10 tests
linux-portability (ubuntu-24.04)	Native portability gate (debug and release)	2026-09-20T11:30:52.5090382Z test binary_nul_extension_and_case_conversion_errors ... ok
linux-portability (ubuntu-24.04)	Native portability gate (debug and release)	2026-09-20T11:30:52.5796911Z test repeated_matches_and_index_inside_a_multibyte_unit ... ok
linux-portability (ubuntu-24.04)	Native portability gate (debug and release)	2026-09-20T11:30:52.6191050Z test required_locales_are_active_in_both_interpreters ... ok
linux-portability (ubuntu-24.04)	Native portability gate (debug and release)	2026-09-20T11:30:52.6211986Z test locale_precedence_and_character_operations ... ok
linux-portability (ubuntu-24.04)	Native portability gate (debug and release)	2026-09-20T11:30:52.6611768Z test unicode_formatting_and_source_escapes ... ok
linux-portability (ubuntu-24.04)	Native portability gate (debug and release)	2026-09-20T11:30:52.7316330Z test utf8_record_separators_across_buffers ... ok
linux-portability (ubuntu-24.04)	Native portability gate (debug and release)	2026-09-20T11:30:52.7873469Z test boolean_regex_search_preserves_rune_alignment_and_empty_matches ... ok
linux-portability (ubuntu-24.04)	Native portability gate (debug and release)	2026-09-20T11:30:52.8215286Z test utf8_regex_empty_matches_and_mixed_bytes ... ok
linux-portability (ubuntu-24.04)	Native portability gate (debug and release)	2026-09-20T11:30:52.8396720Z test unicode_classes_ranges_and_anchors ... ok
linux-portability (ubuntu-24.04)	Native portability gate (debug and release)	2026-09-20T11:30:55.8477464Z test original_utf8_drivers ... ok
linux-portability (ubuntu-24.04)	Native portability gate (debug and release)	2026-09-20T11:30:55.8477958Z 
linux-portability (ubuntu-24.04)	Native portability gate (debug and release)	2026-09-20T11:30:55.8478365Z test result: ok. 10 passed; 0 failed; 0 ignored; 0 measured; 0 filtered out; finished in 3.36s
linux-portability (ubuntu-24.04)	Native portability gate (debug and release)	2026-09-20T11:30:55.8478855Z 
linux-portability (ubuntu-24.04)	Native portability gate (debug and release)	2026-09-20T11:30:55.9230427Z    Compiling num-traits v0.2.19
linux-portability (ubuntu-24.04)	Native portability gate (debug and release)	2026-09-20T11:30:55.9231193Z    Compiling getrandom v0.3.4
linux-portability (ubuntu-24.04)	Native portability gate (debug and release)	2026-09-20T11:30:55.9269503Z    Compiling zerocopy v0.8.48
linux-portability (ubuntu-24.04)	Native portability gate (debug and release)	2026-09-20T11:30:55.9297806Z    Compiling wait-timeout v0.2.1
linux-portability (ubuntu-24.04)	Native portability gate (debug and release)	2026-09-20T11:30:56.2444564Z    Compiling rand_core v0.9.5
linux-portability (ubuntu-24.04)	Native portability gate (debug and release)	2026-09-20T11:30:56.3634107Z    Compiling bit-vec v0.8.0
linux-portability (ubuntu-24.04)	Native portability gate (debug and release)	2026-09-20T11:30:56.4082185Z    Compiling fnv v1.0.7
linux-portability (ubuntu-24.04)	Native portability gate (debug and release)	2026-09-20T11:30:56.4474029Z    Compiling quick-error v1.2.3
linux-portability (ubuntu-24.04)	Native portability gate (debug and release)	2026-09-20T11:30:56.4874240Z    Compiling rusty-fork v0.3.1
linux-portability (ubuntu-24.04)	Native portability gate (debug and release)	2026-09-20T11:30:56.6074679Z    Compiling bit-set v0.8.0
linux-portability (ubuntu-24.04)	Native portability gate (debug and release)	2026-09-20T11:30:56.7179449Z    Compiling rand v0.9.4
linux-portability (ubuntu-24.04)	Native portability gate (debug and release)	2026-09-20T11:30:57.0094154Z    Compiling chrono v0.4.44
linux-portability (ubuntu-24.04)	Native portability gate (debug and release)	2026-09-20T11:30:57.3064164Z    Compiling rand_xorshift v0.4.0
linux-portability (ubuntu-24.04)	Native portability gate (debug and release)	2026-09-20T11:30:57.3814348Z    Compiling unarray v0.1.4
linux-portability (ubuntu-24.04)	Native portability gate (debug and release)	2026-09-20T11:30:57.9188414Z    Compiling rawk v0.1.0 (/home/runner/work/rawk/rawk/rawk)
linux-portability (ubuntu-24.04)	Native portability gate (debug and release)	2026-09-20T11:30:59.8404161Z    Compiling ppv-lite86 v0.2.21
linux-portability (ubuntu-24.04)	Native portability gate (debug and release)	2026-09-20T11:31:00.1624298Z    Compiling rand_chacha v0.9.0
linux-portability (ubuntu-24.04)	Native portability gate (debug and release)	2026-09-20T11:31:00.3324384Z    Compiling proptest v1.11.0
linux-portability (ubuntu-24.04)	Native portability gate (debug and release)	2026-09-20T11:31:12.2119502Z     Finished `release` profile [optimized] target(s) in 16.35s
linux-portability (ubuntu-24.04)	Native portability gate (debug and release)	2026-09-20T11:31:12.2176601Z      Running unittests src/lib.rs (target/release/deps/rawk-d71ef2789f8844ed)
linux-portability (ubuntu-24.04)	Native portability gate (debug and release)	2026-09-20T11:31:12.2187884Z 
linux-portability (ubuntu-24.04)	Native portability gate (debug and release)	2026-09-20T11:31:12.2188492Z running 0 tests
linux-portability (ubuntu-24.04)	Native portability gate (debug and release)	2026-09-20T11:31:12.2188768Z 
linux-portability (ubuntu-24.04)	Native portability gate (debug and release)	2026-09-20T11:31:12.2190300Z test result: ok. 0 passed; 0 failed; 0 ignored; 0 measured; 0 filtered out; finished in 0.00s
linux-portability (ubuntu-24.04)	Native portability gate (debug and release)	2026-09-20T11:31:12.2190971Z 
linux-portability (ubuntu-24.04)	Native portability gate (debug and release)	2026-09-20T11:31:12.2191364Z      Running unittests src/bin/diffrun.rs (target/release/deps/diffrun-1587e72c588c7ddd)
linux-portability (ubuntu-24.04)	Native portability gate (debug and release)	2026-09-20T11:31:12.2200538Z 
linux-portability (ubuntu-24.04)	Native portability gate (debug and release)	2026-09-20T11:31:12.2200711Z running 0 tests
linux-portability (ubuntu-24.04)	Native portability gate (debug and release)	2026-09-20T11:31:12.2200968Z 
linux-portability (ubuntu-24.04)	Native portability gate (debug and release)	2026-09-20T11:31:12.2201404Z test result: ok. 0 passed; 0 failed; 0 ignored; 0 measured; 0 filtered out; finished in 0.00s
linux-portability (ubuntu-24.04)	Native portability gate (debug and release)	2026-09-20T11:31:12.2201978Z 
linux-portability (ubuntu-24.04)	Native portability gate (debug and release)	2026-09-20T11:31:12.2202883Z      Running unittests src/main.rs (target/release/deps/rawk-4bf34a94d1f24a93)
linux-portability (ubuntu-24.04)	Native portability gate (debug and release)	2026-09-20T11:31:12.2213569Z 
linux-portability (ubuntu-24.04)	Native portability gate (debug and release)	2026-09-20T11:31:12.2213745Z running 4 tests
linux-portability (ubuntu-24.04)	Native portability gate (debug and release)	2026-09-20T11:31:12.2231864Z test unicode_ere::tests::encoding_preserves_offsets_and_invalid_bytes_without_sentinels ... ok
linux-portability (ubuntu-24.04)	Native portability gate (debug and release)	2026-09-20T11:31:12.2233479Z test unicode_ere::tests::compiled_intervals_cover_only_the_requested_runes ... ok
linux-portability (ubuntu-24.04)	Native portability gate (debug and release)	2026-09-20T11:31:12.2234490Z test input::tests::separators_are_independent_of_read_boundaries ... ok
linux-portability (ubuntu-24.04)	Native portability gate (debug and release)	2026-09-20T11:31:12.2251980Z test ere::stream::tests::physical_short_reads_do_not_change_bwk_lookahead ... ok
linux-portability (ubuntu-24.04)	Native portability gate (debug and release)	2026-09-20T11:31:12.2252669Z 
linux-portability (ubuntu-24.04)	Native portability gate (debug and release)	2026-09-20T11:31:12.2253384Z test result: ok. 4 passed; 0 failed; 0 ignored; 0 measured; 0 filtered out; finished in 0.00s
linux-portability (ubuntu-24.04)	Native portability gate (debug and release)	2026-09-20T11:31:12.2253885Z 
linux-portability (ubuntu-24.04)	Native portability gate (debug and release)	2026-09-20T11:31:12.2254688Z      Running tests/bytes_array_keys.rs (target/release/deps/bytes_array_keys-8698c4f8eb149f0b)
linux-portability (ubuntu-24.04)	Native portability gate (debug and release)	2026-09-20T11:31:12.2264335Z 
linux-portability (ubuntu-24.04)	Native portability gate (debug and release)	2026-09-20T11:31:12.2264520Z running 3 tests
linux-portability (ubuntu-24.04)	Native portability gate (debug and release)	2026-09-20T11:31:12.2333730Z test distinct_high_byte_keys_do_not_collide ... ok
linux-portability (ubuntu-24.04)	Native portability gate (debug and release)	2026-09-20T11:31:12.2334279Z test for_in_returns_all_distinct_byte_keys ... ok
linux-portability (ubuntu-24.04)	Native portability gate (debug and release)	2026-09-20T11:31:12.2334822Z test nul_embedded_key_round_trips ... ok
linux-portability (ubuntu-24.04)	Native portability gate (debug and release)	2026-09-20T11:31:12.2335257Z 
linux-portability (ubuntu-24.04)	Native portability gate (debug and release)	2026-09-20T11:31:12.2335882Z test result: ok. 3 passed; 0 failed; 0 ignored; 0 measured; 0 filtered out; finished in 0.01s
linux-portability (ubuntu-24.04)	Native portability gate (debug and release)	2026-09-20T11:31:12.2336533Z 
linux-portability (ubuntu-24.04)	Native portability gate (debug and release)	2026-09-20T11:31:12.2336965Z      Running tests/bytes_printf.rs (target/release/deps/bytes_printf-44671ba9f391bc9e)
linux-portability (ubuntu-24.04)	Native portability gate (debug and release)	2026-09-20T11:31:12.2345257Z 
linux-portability (ubuntu-24.04)	Native portability gate (debug and release)	2026-09-20T11:31:12.2345412Z running 6 tests
linux-portability (ubuntu-24.04)	Native portability gate (debug and release)	2026-09-20T11:31:12.2412424Z test field_split_with_high_byte_fs ... ok
linux-portability (ubuntu-24.04)	Native portability gate (debug and release)	2026-09-20T11:31:12.2413903Z test print_with_high_byte_ofs ... ok
linux-portability (ubuntu-24.04)	Native portability gate (debug and release)	2026-09-20T11:31:12.2423892Z test printf_c_emits_first_byte_raw ... ok
linux-portability (ubuntu-24.04)	Native portability gate (debug and release)	2026-09-20T11:31:12.2425350Z test printf_format_string_with_high_bytes ... ok
linux-portability (ubuntu-24.04)	Native portability gate (debug and release)	2026-09-20T11:31:12.2477094Z test printf_s_preserves_high_byte ... ok
linux-portability (ubuntu-24.04)	Native portability gate (debug and release)	2026-09-20T11:31:12.2482853Z test sprintf_high_byte_round_trip ... ok
linux-portability (ubuntu-24.04)	Native portability gate (debug and release)	2026-09-20T11:31:12.2483489Z 
linux-portability (ubuntu-24.04)	Native portability gate (debug and release)	2026-09-20T11:31:12.2483937Z test result: ok. 6 passed; 0 failed; 0 ignored; 0 measured; 0 filtered out; finished in 0.01s
linux-portability (ubuntu-24.04)	Native portability gate (debug and release)	2026-09-20T11:31:12.2484570Z 
linux-portability (ubuntu-24.04)	Native portability gate (debug and release)	2026-09-20T11:31:12.2485109Z      Running tests/bytes_regex_match.rs (target/release/deps/bytes_regex_match-81890e56ce80a1f7)
linux-portability (ubuntu-24.04)	Native portability gate (debug and release)	2026-09-20T11:31:12.2494211Z 
linux-portability (ubuntu-24.04)	Native portability gate (debug and release)	2026-09-20T11:31:12.2494399Z running 6 tests
linux-portability (ubuntu-24.04)	Native portability gate (debug and release)	2026-09-20T11:31:12.2561042Z test gsub_ampersand_includes_whole_match ... ok
linux-portability (ubuntu-24.04)	Native portability gate (debug and release)	2026-09-20T11:31:12.2562523Z test match_builtin_high_byte_pattern_position ... ok
linux-portability (ubuntu-24.04)	Native portability gate (debug and release)	2026-09-20T11:31:12.2568871Z test match_distinguishes_high_bytes ... ok
linux-portability (ubuntu-24.04)	Native portability gate (debug and release)	2026-09-20T11:31:12.2576316Z test nul_inside_subject_with_rs_regex ... ok
linux-portability (ubuntu-24.04)	Native portability gate (debug and release)	2026-09-20T11:31:12.2629890Z test sub_replaces_high_byte_run ... ok
linux-portability (ubuntu-24.04)	Native portability gate (debug and release)	2026-09-20T11:31:12.2633943Z test rs_regex_high_byte_separator_splits_correctly ... ok
linux-portability (ubuntu-24.04)	Native portability gate (debug and release)	2026-09-20T11:31:12.2634378Z 
linux-portability (ubuntu-24.04)	Native portability gate (debug and release)	2026-09-20T11:31:12.2634643Z test result: ok. 6 passed; 0 failed; 0 ignored; 0 measured; 0 filtered out; finished in 0.01s
linux-portability (ubuntu-24.04)	Native portability gate (debug and release)	2026-09-20T11:31:12.2635237Z 
linux-portability (ubuntu-24.04)	Native portability gate (debug and release)	2026-09-20T11:31:12.2636316Z      Running tests/data_contract.rs (target/release/deps/data_contract-f3cccc134cf87c5a)
linux-portability (ubuntu-24.04)	Native portability gate (debug and release)	2026-09-20T11:31:12.2646098Z 
linux-portability (ubuntu-24.04)	Native portability gate (debug and release)	2026-09-20T11:31:12.2646283Z running 6 tests
linux-portability (ubuntu-24.04)	Native portability gate (debug and release)	2026-09-20T11:31:12.2718309Z test csv_handles_quoted_delimiters_newlines_and_escaped_quotes ... ok
linux-portability (ubuntu-24.04)	Native portability gate (debug and release)	2026-09-20T11:31:12.2721311Z test invalid_regex_is_reported ... ok
linux-portability (ubuntu-24.04)	Native portability gate (debug and release)	2026-09-20T11:31:12.2721966Z test regex_uses_leftmost_longest ... ok
linux-portability (ubuntu-24.04)	Native portability gate (debug and release)	2026-09-20T11:31:12.2722618Z test fields_accept_regex_separator ... ok
linux-portability (ubuntu-24.04)	Native portability gate (debug and release)	2026-09-20T11:31:12.2780678Z test split_preserves_empty_fields_and_clears_array ... ok
linux-portability (ubuntu-24.04)	Native portability gate (debug and release)	2026-09-20T11:31:12.2781897Z test substitutions_report_count_not_changed_text ... ok
linux-portability (ubuntu-24.04)	Native portability gate (debug and release)	2026-09-20T11:31:12.2782212Z 
linux-portability (ubuntu-24.04)	Native portability gate (debug and release)	2026-09-20T11:31:12.2782468Z test result: ok. 6 passed; 0 failed; 0 ignored; 0 measured; 0 filtered out; finished in 0.01s
linux-portability (ubuntu-24.04)	Native portability gate (debug and release)	2026-09-20T11:31:12.2782861Z 
linux-portability (ubuntu-24.04)	Native portability gate (debug and release)	2026-09-20T11:31:12.2785194Z      Running tests/driver_regressions.rs (target/release/deps/driver_regressions-4f12b4c2692c1594)
linux-portability (ubuntu-24.04)	Native portability gate (debug and release)	2026-09-20T11:31:12.2794305Z 
linux-portability (ubuntu-24.04)	Native portability gate (debug and release)	2026-09-20T11:31:12.2794496Z running 6 tests
linux-portability (ubuntu-24.04)	Native portability gate (debug and release)	2026-09-20T11:31:12.2884354Z test multifile_syntax_error_names_offending_source ... ok
linux-portability (ubuntu-24.04)	Native portability gate (debug and release)	2026-09-20T11:31:12.2929786Z test field_index_beyond_reference_integer_range_is_an_error ... ok
linux-portability (ubuntu-24.04)	Native portability gate (debug and release)	2026-09-20T11:31:12.2930729Z test getline_comparison_is_not_part_of_filename ... ok
linux-portability (ubuntu-24.04)	Native portability gate (debug and release)	2026-09-20T11:31:12.3056308Z test invalid_function_parameters_are_errors_before_execution ... ok
linux-portability (ubuntu-24.04)	Native portability gate (debug and release)	2026-09-20T11:31:12.3207824Z test redirected_stdin_shares_buffer_with_main_input ... ok
linux-portability (ubuntu-24.04)	Native portability gate (debug and release)	2026-09-20T11:31:12.3305583Z test stdin_program_and_empty_statements ... ok
linux-portability (ubuntu-24.04)	Native portability gate (debug and release)	2026-09-20T11:31:12.3306091Z 
linux-portability (ubuntu-24.04)	Native portability gate (debug and release)	2026-09-20T11:31:12.3306491Z test result: ok. 6 passed; 0 failed; 0 ignored; 0 measured; 0 filtered out; finished in 0.05s
linux-portability (ubuntu-24.04)	Native portability gate (debug and release)	2026-09-20T11:31:12.3306933Z 
linux-portability (ubuntu-24.04)	Native portability gate (debug and release)	2026-09-20T11:31:12.3308057Z      Running tests/dynamic_format.rs (target/release/deps/dynamic_format-9a95eacbb0d1f803)
linux-portability (ubuntu-24.04)	Native portability gate (debug and release)	2026-09-20T11:31:12.3318044Z 
linux-portability (ubuntu-24.04)	Native portability gate (debug and release)	2026-09-20T11:31:12.3318213Z running 8 tests
linux-portability (ubuntu-24.04)	Native portability gate (debug and release)	2026-09-20T11:31:12.3475705Z test missing_star_arguments_are_errors ... ok
linux-portability (ubuntu-24.04)	Native portability gate (debug and release)	2026-09-20T11:31:12.3536924Z test negative_precision_keeps_binary_and_multibyte_paths ... ok
linux-portability (ubuntu-24.04)	Native portability gate (debug and release)	2026-09-20T11:31:12.3664144Z test string_and_literal_range_errors_do_not_discard_arithmetic_subnormals ... ok
linux-portability (ubuntu-24.04)	Native portability gate (debug and release)	2026-09-20T11:31:12.4923297Z test unsigned_conversion_matches_native_oracle ... ok
linux-portability (ubuntu-24.04)	Native portability gate (debug and release)	2026-09-20T11:31:12.5176159Z test zero_padded_strings_match_native_oracle ... ok
linux-portability (ubuntu-24.04)	Native portability gate (debug and release)	2026-09-20T11:31:13.0191237Z test dynamic_width_precision_and_consumption ... ok
linux-portability (ubuntu-24.04)	Native portability gate (debug and release)	2026-09-20T11:31:14.3462798Z test integer_flags_precision_and_signs ... ok
linux-portability (ubuntu-24.04)	Native portability gate (debug and release)	2026-09-20T11:31:14.9403188Z test negative_dynamic_precision_preserves_flags_and_argument_consumption ... ok
linux-portability (ubuntu-24.04)	Native portability gate (debug and release)	2026-09-20T11:31:14.9404060Z 
linux-portability (ubuntu-24.04)	Native portability gate (debug and release)	2026-09-20T11:31:14.9404579Z test result: ok. 8 passed; 0 failed; 0 ignored; 0 measured; 0 filtered out; finished in 2.61s
linux-portability (ubuntu-24.04)	Native portability gate (debug and release)	2026-09-20T11:31:14.9405323Z 
linux-portability (ubuntu-24.04)	Native portability gate (debug and release)	2026-09-20T11:31:14.9405891Z      Running tests/harness.rs (target/release/deps/harness-b4a86596c0b64263)
linux-portability (ubuntu-24.04)	Native portability gate (debug and release)	2026-09-20T11:31:14.9415697Z 
linux-portability (ubuntu-24.04)	Native portability gate (debug and release)	2026-09-20T11:31:14.9416056Z running 5 tests
linux-portability (ubuntu-24.04)	Native portability gate (debug and release)	2026-09-20T11:31:14.9436325Z test annotation_does_not_accept_new_failures ... ok
linux-portability (ubuntu-24.04)	Native portability gate (debug and release)	2026-09-20T11:31:14.9484814Z test preserves_bytes_whitespace_and_status ... ok
linux-portability (ubuntu-24.04)	Native portability gate (debug and release)	2026-09-20T11:31:14.9500602Z test aggregate_gate_reports_an_intermediate_failure ... ok
linux-portability (ubuntu-24.04)	Native portability gate (debug and release)	2026-09-20T11:31:14.9557981Z test each_run_has_a_fresh_directory ... ok
linux-portability (ubuntu-24.04)	Native portability gate (debug and release)	2026-09-20T11:31:15.3750439Z test timeout_kills_descendants ... ok
linux-portability (ubuntu-24.04)	Native portability gate (debug and release)	2026-09-20T11:31:15.3751029Z 
linux-portability (ubuntu-24.04)	Native portability gate (debug and release)	2026-09-20T11:31:15.3751674Z test result: ok. 5 passed; 0 failed; 0 ignored; 0 measured; 0 filtered out; finished in 0.43s
linux-portability (ubuntu-24.04)	Native portability gate (debug and release)	2026-09-20T11:31:15.3752578Z 
linux-portability (ubuntu-24.04)	Native portability gate (debug and release)	2026-09-20T11:31:15.3753675Z      Running tests/input_contract.rs (target/release/deps/input_contract-3eac677d339987f7)
linux-portability (ubuntu-24.04)	Native portability gate (debug and release)	2026-09-20T11:31:15.3765280Z 
linux-portability (ubuntu-24.04)	Native portability gate (debug and release)	2026-09-20T11:31:15.3776986Z running 5 tests
linux-portability (ubuntu-24.04)	Native portability gate (debug and release)	2026-09-20T11:31:15.3802301Z test file_getline_and_interleaved_assignments ... ok
linux-portability (ubuntu-24.04)	Native portability gate (debug and release)	2026-09-20T11:31:15.3803223Z test rewriting_record_does_not_count_a_read ... ok
linux-portability (ubuntu-24.04)	Native portability gate (debug and release)	2026-09-20T11:31:15.3836190Z test missing_getline_file_is_an_error_not_eof ... ok
linux-portability (ubuntu-24.04)	Native portability gate (debug and release)	2026-09-20T11:31:15.3836871Z test getline_uses_main_stream_and_counts_every_read ... ok
linux-portability (ubuntu-24.04)	Native portability gate (debug and release)	2026-09-20T11:31:15.3865590Z test rs_changes_apply_to_unconsumed_input ... ok
linux-portability (ubuntu-24.04)	Native portability gate (debug and release)	2026-09-20T11:31:15.3865907Z 
linux-portability (ubuntu-24.04)	Native portability gate (debug and release)	2026-09-20T11:31:15.3866195Z test result: ok. 5 passed; 0 failed; 0 ignored; 0 measured; 0 filtered out; finished in 0.01s
linux-portability (ubuntu-24.04)	Native portability gate (debug and release)	2026-09-20T11:31:15.3866561Z 
linux-portability (ubuntu-24.04)	Native portability gate (debug and release)	2026-09-20T11:31:15.3868246Z      Running tests/language_contract.rs (target/release/deps/language_contract-e7a125480e4e2230)
linux-portability (ubuntu-24.04)	Native portability gate (debug and release)	2026-09-20T11:31:15.3877236Z 
linux-portability (ubuntu-24.04)	Native portability gate (debug and release)	2026-09-20T11:31:15.3877513Z running 7 tests
linux-portability (ubuntu-24.04)	Native portability gate (debug and release)	2026-09-20T11:31:15.3912295Z test convfmt_is_used_for_comparisons_fields_and_keys ... ok
linux-portability (ubuntu-24.04)	Native portability gate (debug and release)	2026-09-20T11:31:15.3941778Z test array_parameters_are_references ... ok
linux-portability (ubuntu-24.04)	Native portability gate (debug and release)	2026-09-20T11:31:15.3947383Z test array_reads_create_entries ... ok
linux-portability (ubuntu-24.04)	Native portability gate (debug and release)	2026-09-20T11:31:15.3956714Z test expressions_and_escapes ... ok
linux-portability (ubuntu-24.04)	Native portability gate (debug and release)	2026-09-20T11:31:15.3975420Z test lvalue_indices_are_evaluated_once ... ok
linux-portability (ubuntu-24.04)	Native portability gate (debug and release)	2026-09-20T11:31:15.4005369Z test numeric_and_string_values_keep_their_types ... ok
linux-portability (ubuntu-24.04)	Native portability gate (debug and release)	2026-09-20T11:31:15.4022854Z test range_patterns_and_empty_actions ... ok
linux-portability (ubuntu-24.04)	Native portability gate (debug and release)	2026-09-20T11:31:15.4023490Z 
linux-portability (ubuntu-24.04)	Native portability gate (debug and release)	2026-09-20T11:31:15.4024049Z test result: ok. 7 passed; 0 failed; 0 ignored; 0 measured; 0 filtered out; finished in 0.01s
linux-portability (ubuntu-24.04)	Native portability gate (debug and release)	2026-09-20T11:31:15.4024445Z 
linux-portability (ubuntu-24.04)	Native portability gate (debug and release)	2026-09-20T11:31:15.4025901Z      Running tests/legacy_locale.rs (target/release/deps/legacy_locale-e731d4d7581709ac)
linux-portability (ubuntu-24.04)	Native portability gate (debug and release)	2026-09-20T11:31:15.4035161Z 
linux-portability (ubuntu-24.04)	Native portability gate (debug and release)	2026-09-20T11:31:15.4035377Z running 6 tests
linux-portability (ubuntu-24.04)	Native portability gate (debug and release)	2026-09-20T11:31:15.4295020Z test byte_positions_ranges_splits_and_substitution_match_c ... ok
linux-portability (ubuntu-24.04)	Native portability gate (debug and release)	2026-09-20T11:31:15.4303545Z test every_nonzero_byte_case_conversion_matches_c ... ok
linux-portability (ubuntu-24.04)	Native portability gate (debug and release)	2026-09-20T11:31:15.4420892Z test nul_preservation_remains_an_explicit_rust_extension ... ok
linux-portability (ubuntu-24.04)	Native portability gate (debug and release)	2026-09-20T11:31:15.4519637Z test legacy_locale_selection_obeys_precedence_and_is_fixed_at_startup ... ok
linux-portability (ubuntu-24.04)	Native portability gate (debug and release)	2026-09-20T11:31:15.4551856Z test required_single_byte_locales_are_active ... ok
linux-portability (ubuntu-24.04)	Native portability gate (debug and release)	2026-09-20T11:31:15.7037616Z test every_nonzero_byte_in_each_posix_class_matches_c ... ok
linux-portability (ubuntu-24.04)	Native portability gate (debug and release)	2026-09-20T11:31:15.7038177Z 
linux-portability (ubuntu-24.04)	Native portability gate (debug and release)	2026-09-20T11:31:15.7038577Z test result: ok. 6 passed; 0 failed; 0 ignored; 0 measured; 0 filtered out; finished in 0.30s
linux-portability (ubuntu-24.04)	Native portability gate (debug and release)	2026-09-20T11:31:15.7039141Z 
linux-portability (ubuntu-24.04)	Native portability gate (debug and release)	2026-09-20T11:31:15.7040147Z      Running tests/runtime_contract.rs (target/release/deps/runtime_contract-a5b4f21c7a931b2a)
linux-portability (ubuntu-24.04)	Native portability gate (debug and release)	2026-09-20T11:31:15.7050189Z 
linux-portability (ubuntu-24.04)	Native portability gate (debug and release)	2026-09-20T11:31:15.7050391Z running 3 tests
linux-portability (ubuntu-24.04)	Native portability gate (debug and release)	2026-09-20T11:31:15.7118974Z test exit_executes_end_and_interrupts_expressions ... ok
linux-portability (ubuntu-24.04)	Native portability gate (debug and release)	2026-09-20T11:31:15.7119640Z test return_escapes_all_loop_forms ... ok
linux-portability (ubuntu-24.04)	Native portability gate (debug and release)	2026-09-20T11:31:15.7120948Z test short_circuit_preserves_side_effects ... ok
linux-portability (ubuntu-24.04)	Native portability gate (debug and release)	2026-09-20T11:31:15.7121273Z 
linux-portability (ubuntu-24.04)	Native portability gate (debug and release)	2026-09-20T11:31:15.7121534Z test result: ok. 3 passed; 0 failed; 0 ignored; 0 measured; 0 filtered out; finished in 0.01s
linux-portability (ubuntu-24.04)	Native portability gate (debug and release)	2026-09-20T11:31:15.7121930Z 
linux-portability (ubuntu-24.04)	Native portability gate (debug and release)	2026-09-20T11:31:15.7124772Z      Running tests/unicode_contract.rs (target/release/deps/unicode_contract-697b81754c79b22b)
linux-portability (ubuntu-24.04)	Native portability gate (debug and release)	2026-09-20T11:31:15.7133167Z 
linux-portability (ubuntu-24.04)	Native portability gate (debug and release)	2026-09-20T11:31:15.7133656Z running 10 tests
linux-portability (ubuntu-24.04)	Native portability gate (debug and release)	2026-09-20T11:31:15.7294136Z test binary_nul_extension_and_case_conversion_errors ... ok
linux-portability (ubuntu-24.04)	Native portability gate (debug and release)	2026-09-20T11:31:15.7555821Z test repeated_matches_and_index_inside_a_multibyte_unit ... ok
linux-portability (ubuntu-24.04)	Native portability gate (debug and release)	2026-09-20T11:31:15.7946777Z test required_locales_are_active_in_both_interpreters ... ok
linux-portability (ubuntu-24.04)	Native portability gate (debug and release)	2026-09-20T11:31:15.8177238Z test locale_precedence_and_character_operations ... ok
linux-portability (ubuntu-24.04)	Native portability gate (debug and release)	2026-09-20T11:31:15.8398439Z test unicode_formatting_and_source_escapes ... ok
linux-portability (ubuntu-24.04)	Native portability gate (debug and release)	2026-09-20T11:31:15.8422155Z test boolean_regex_search_preserves_rune_alignment_and_empty_matches ... ok
linux-portability (ubuntu-24.04)	Native portability gate (debug and release)	2026-09-20T11:31:15.8920047Z test utf8_record_separators_across_buffers ... ok
linux-portability (ubuntu-24.04)	Native portability gate (debug and release)	2026-09-20T11:31:15.9036906Z test utf8_regex_empty_matches_and_mixed_bytes ... ok
linux-portability (ubuntu-24.04)	Native portability gate (debug and release)	2026-09-20T11:31:15.9328802Z test unicode_classes_ranges_and_anchors ... ok
linux-portability (ubuntu-24.04)	Native portability gate (debug and release)	2026-09-20T11:31:17.7334168Z test original_utf8_drivers ... ok
linux-portability (ubuntu-24.04)	Native portability gate (debug and release)	2026-09-20T11:31:17.7334655Z 
linux-portability (ubuntu-24.04)	Native portability gate (debug and release)	2026-09-20T11:31:17.7335102Z test result: ok. 10 passed; 0 failed; 0 ignored; 0 measured; 0 filtered out; finished in 2.02s
linux-portability (ubuntu-24.04)	Native portability gate (debug and release)	2026-09-20T11:31:17.7335600Z 
linux-portability (ubuntu-24.04)	Inventory original drivers on this platform	﻿2026-09-20T11:31:17.7410894Z ##[group]Run python3 scripts/full_driver_audit.py --output diary/linux-driver-results-ci.json
linux-portability (ubuntu-24.04)	Inventory original drivers on this platform	2026-09-20T11:31:17.7411642Z [36;1mpython3 scripts/full_driver_audit.py --output diary/linux-driver-results-ci.json[0m
linux-portability (ubuntu-24.04)	Inventory original drivers on this platform	2026-09-20T11:31:17.7447593Z shell: /usr/bin/bash -e {0}
linux-portability (ubuntu-24.04)	Inventory original drivers on this platform	2026-09-20T11:31:17.7447851Z env:
linux-portability (ubuntu-24.04)	Inventory original drivers on this platform	2026-09-20T11:31:17.7448030Z   LC_ALL: C
linux-portability (ubuntu-24.04)	Inventory original drivers on this platform	2026-09-20T11:31:17.7448225Z   CARGO_INCREMENTAL: 0
linux-portability (ubuntu-24.04)	Inventory original drivers on this platform	2026-09-20T11:31:17.7448453Z   RUSTUP_TOOLCHAIN: 1.96.0
linux-portability (ubuntu-24.04)	Inventory original drivers on this platform	2026-09-20T11:31:17.7448684Z ##[endgroup]
linux-portability (ubuntu-24.04)	Inventory original drivers on this platform	2026-09-20T11:31:18.0177979Z T.-f-f pass 
linux-portability (ubuntu-24.04)	Inventory original drivers on this platform	2026-09-20T11:31:18.2731309Z T.argv pass 
linux-portability (ubuntu-24.04)	Inventory original drivers on this platform	2026-09-20T11:31:18.8974148Z T.arnold pass 
linux-portability (ubuntu-24.04)	Inventory original drivers on this platform	2026-09-20T11:31:19.6294634Z T.beebe open 
linux-portability (ubuntu-24.04)	Inventory original drivers on this platform	2026-09-20T11:31:19.8525501Z T.builtin open BAD: T.builtin (rand)
linux-portability (ubuntu-24.04)	Inventory original drivers on this platform	2026-09-20T11:31:20.1569825Z T.chem pass 
linux-portability (ubuntu-24.04)	Inventory original drivers on this platform	2026-09-20T11:31:20.5040916Z T.close pass 
linux-portability (ubuntu-24.04)	Inventory original drivers on this platform	2026-09-20T11:31:20.7884144Z T.clv pass 
linux-portability (ubuntu-24.04)	Inventory original drivers on this platform	2026-09-20T11:31:20.9751154Z T.csconcat pass 
linux-portability (ubuntu-24.04)	Inventory original drivers on this platform	2026-09-20T11:31:21.3036024Z T.csv pass 
linux-portability (ubuntu-24.04)	Inventory original drivers on this platform	2026-09-20T11:31:21.4885830Z T.delete pass 
linux-portability (ubuntu-24.04)	Inventory original drivers on this platform	2026-09-20T11:31:21.8819302Z T.errmsg reference-failure BAD: illegal primary in regular expression failed BAD: illegal break, continue, next or nextfile from BEGIN failed BAD: illegal break, continue, next or nextfile from END failed BAD: nextfile is illegal inside a function failed BAD: nonterminated character class failed BAD: nonterminated character class failed BAD: nonterminated character cl
linux-portability (ubuntu-24.04)	Inventory original drivers on this platform	2026-09-20T11:31:22.7437325Z T.expr pass 
linux-portability (ubuntu-24.04)	Inventory original drivers on this platform	2026-09-20T11:31:22.9298435Z T.exprconv pass 
linux-portability (ubuntu-24.04)	Inventory original drivers on this platform	2026-09-20T11:31:23.1320979Z T.flags open T.flags: bad no program T.flags: bad can.t open program T.flags: bad can.t open program 2 T.flags: bad missing field separator
linux-portability (ubuntu-24.04)	Inventory original drivers on this platform	2026-09-20T11:31:23.5126680Z T.func pass 
linux-portability (ubuntu-24.04)	Inventory original drivers on this platform	2026-09-20T11:31:24.6576119Z T.gawk pass 
linux-portability (ubuntu-24.04)	Inventory original drivers on this platform	2026-09-20T11:31:24.8857592Z T.getline pass 
linux-portability (ubuntu-24.04)	Inventory original drivers on this platform	2026-09-20T11:31:25.0835454Z T.int-expr pass 
linux-portability (ubuntu-24.04)	Inventory original drivers on this platform	2026-09-20T11:31:25.2906322Z T.latin1 pass 
linux-portability (ubuntu-24.04)	Inventory original drivers on this platform	2026-09-20T11:31:26.2497334Z T.lilly pass 
linux-portability (ubuntu-24.04)	Inventory original drivers on this platform	2026-09-20T11:31:26.4465957Z T.main pass 
linux-portability (ubuntu-24.04)	Inventory original drivers on this platform	2026-09-20T11:31:26.9024757Z T.misc open BAD: T.misc split error BAD: T.misc hello error BAD: T.misc pile error BAD: T.misc gsub banana error BAD: T.misc sub banana error BAD: T.misc lineno BAD: T.misc can't open BAD: T.misc continuation line number BAD: T.misc syntax error line number �BAD: T.misc escape sequences in strings mishandled BAD: T.misc fcn args BAD: T.misc undefine
linux-portability (ubuntu-24.04)	Inventory original drivers on this platform	2026-09-20T11:31:27.2786415Z T.nextfile pass 
linux-portability (ubuntu-24.04)	Inventory original drivers on this platform	2026-09-20T11:31:27.8712442Z T.overflow pass 
linux-portability (ubuntu-24.04)	Inventory original drivers on this platform	2026-09-20T11:31:29.1174464Z T.re pass 
linux-portability (ubuntu-24.04)	Inventory original drivers on this platform	2026-09-20T11:31:29.3068422Z T.recache pass 
linux-portability (ubuntu-24.04)	Inventory original drivers on this platform	2026-09-20T11:31:29.5269756Z T.redir pass 
linux-portability (ubuntu-24.04)	Inventory original drivers on this platform	2026-09-20T11:31:29.7774300Z T.split pass 
linux-portability (ubuntu-24.04)	Inventory original drivers on this platform	2026-09-20T11:31:30.4951630Z T.sub pass 
linux-portability (ubuntu-24.04)	Inventory original drivers on this platform	2026-09-20T11:31:30.6821325Z T.system pass 
linux-portability (ubuntu-24.04)	Inventory original drivers on this platform	2026-09-20T11:31:31.5116404Z T.utf reference-failure test 1.3 failed test 1.4 failed test 1.5 failed test 1.6 failed test 1.7 failed test 1.8 failed test 1.9 failed test 1.10 failed test 1.11 failed test 1.12 failed test 1.13 failed test 1.14 failed test 1.15 failed test 1.16 failed test 1.17 failed test 1.18 failed test 1.19 failed test 1.20 failed test 1.21 fail
linux-portability (ubuntu-24.04)	Inventory original drivers on this platform	2026-09-20T11:31:32.3876918Z T.utfre reference-failure 43 fails ^λ.$ ~ λλ 51 fails ^.해 ~ め해 52 fails ^.해 ~ め해해 64 fails 해* ~  68 fails 해* ~ めめめめ 69 fails 해해* ~ 해 71 fails 해해* ~ め해 84 fails xθ+y ~ xθθy 85 fails xθ+y ~ xθθθθθθy 89 fails xθ?y ~ xy 92 fails θ?b?の? ~  93 fails θ?b?の? ~ x 106 fails [Α-Ω] !~ β 108 fails [^Α-Ω] ~ δ 119 fails [Α-ΔΦ-Ω] !~ Π 120 fails [Α-ΔΦ-Ω] !~ Σ
linux-portability (ubuntu-24.04)	Retain platform evidence	﻿2026-09-20T11:31:32.4032320Z Node 20 is being deprecated. This workflow is running with Node 24 by default. If you need to temporarily use Node 20, you can set the ACTIONS_ALLOW_USE_UNSECURE_NODE_VERSION=true environment variable. For more information see: https://github.blog/changelog/2025-09-19-deprecation-of-node-20-on-github-actions-runners/
linux-portability (ubuntu-24.04)	Retain platform evidence	2026-09-20T11:31:32.4034902Z ##[group]Run actions/upload-artifact@ea165f8d65b6e75b540449e92b4886f43607fa02
linux-portability (ubuntu-24.04)	Retain platform evidence	2026-09-20T11:31:32.4035336Z with:
linux-portability (ubuntu-24.04)	Retain platform evidence	2026-09-20T11:31:32.4035553Z   name: portability-ubuntu-24.04
linux-portability (ubuntu-24.04)	Retain platform evidence	2026-09-20T11:31:32.4036128Z   path: rawk/diary/format-platform-ci.json
linux-portability (ubuntu-24.04)	Retain platform evidence	rawk/diary/portability-ci.log
linux-portability (ubuntu-24.04)	Retain platform evidence	rawk/diary/linux-driver-results-ci.json
linux-portability (ubuntu-24.04)	Retain platform evidence	
linux-portability (ubuntu-24.04)	Retain platform evidence	2026-09-20T11:31:32.4036705Z   if-no-files-found: error
linux-portability (ubuntu-24.04)	Retain platform evidence	2026-09-20T11:31:32.4036940Z   compression-level: 6
linux-portability (ubuntu-24.04)	Retain platform evidence	2026-09-20T11:31:32.4037158Z   overwrite: false
linux-portability (ubuntu-24.04)	Retain platform evidence	2026-09-20T11:31:32.4037371Z   include-hidden-files: false
linux-portability (ubuntu-24.04)	Retain platform evidence	2026-09-20T11:31:32.4037605Z env:
linux-portability (ubuntu-24.04)	Retain platform evidence	2026-09-20T11:31:32.4037774Z   LC_ALL: C
linux-portability (ubuntu-24.04)	Retain platform evidence	2026-09-20T11:31:32.4037967Z   CARGO_INCREMENTAL: 0
linux-portability (ubuntu-24.04)	Retain platform evidence	2026-09-20T11:31:32.4038222Z   RUSTUP_TOOLCHAIN: 1.96.0
linux-portability (ubuntu-24.04)	Retain platform evidence	2026-09-20T11:31:32.4038445Z ##[endgroup]
linux-portability (ubuntu-24.04)	Retain platform evidence	2026-09-20T11:31:32.5691449Z (node:27194) [DEP0040] DeprecationWarning: The `punycode` module is deprecated. Please use a userland alternative instead.
linux-portability (ubuntu-24.04)	Retain platform evidence	2026-09-20T11:31:32.5692448Z (Use `node --trace-deprecation ...` to show where the warning was created)
linux-portability (ubuntu-24.04)	Retain platform evidence	2026-09-20T11:31:32.5769927Z Multiple search paths detected. Calculating the least common ancestor of all paths
linux-portability (ubuntu-24.04)	Retain platform evidence	2026-09-20T11:31:32.5773082Z The least common ancestor is /home/runner/work/rawk/rawk/rawk/diary. This will be the root directory of the artifact
linux-portability (ubuntu-24.04)	Retain platform evidence	2026-09-20T11:31:32.5774552Z With the provided path, there will be 3 files uploaded
linux-portability (ubuntu-24.04)	Retain platform evidence	2026-09-20T11:31:32.5823927Z Artifact name is valid!
linux-portability (ubuntu-24.04)	Retain platform evidence	2026-09-20T11:31:32.5853695Z Root directory input is valid!
linux-portability (ubuntu-24.04)	Retain platform evidence	2026-09-20T11:31:32.8458955Z Beginning upload of artifact content to blob storage
linux-portability (ubuntu-24.04)	Retain platform evidence	2026-09-20T11:31:32.8720601Z (node:27194) [DEP0169] DeprecationWarning: `url.parse()` behavior is not standardized and prone to errors that have security implications. Use the WHATWG URL API instead. CVEs are not issued for `url.parse()` vulnerabilities.
linux-portability (ubuntu-24.04)	Retain platform evidence	2026-09-20T11:31:33.0208512Z Uploaded bytes 16645
linux-portability (ubuntu-24.04)	Retain platform evidence	2026-09-20T11:31:33.0590255Z Finished uploading artifact content to blob storage!
linux-portability (ubuntu-24.04)	Retain platform evidence	2026-09-20T11:31:33.0591882Z SHA256 digest of uploaded artifact zip is 5bfa5654fcc68fea904fa0121a20e7e3f14567e285a2c7a2c66c846d395368b8
linux-portability (ubuntu-24.04)	Retain platform evidence	2026-09-20T11:31:33.0593698Z Finalizing artifact upload
linux-portability (ubuntu-24.04)	Retain platform evidence	2026-09-20T11:31:33.2604218Z Artifact portability-ubuntu-24.04.zip successfully finalized. Artifact ID 10603758497
linux-portability (ubuntu-24.04)	Retain platform evidence	2026-09-20T11:31:33.2605776Z Artifact portability-ubuntu-24.04 has been successfully uploaded! Final size is 16645 bytes. Artifact ID is 10603758497
linux-portability (ubuntu-24.04)	Retain platform evidence	2026-09-20T11:31:33.2612523Z Artifact download URL: https://github.com/francescotinti/rawk/actions/runs/35507960469/artifacts/10603758497
linux-portability (ubuntu-24.04)	Post Run actions/checkout@11bd71901bbe5b1630ceea73d27597364c9af683	﻿2026-09-20T11:31:33.2824272Z Node 20 is being deprecated. This workflow is running with Node 24 by default. If you need to temporarily use Node 20, you can set the ACTIONS_ALLOW_USE_UNSECURE_NODE_VERSION=true environment variable. For more information see: https://github.blog/changelog/2025-09-19-deprecation-of-node-20-on-github-actions-runners/
linux-portability (ubuntu-24.04)	Post Run actions/checkout@11bd71901bbe5b1630ceea73d27597364c9af683	2026-09-20T11:31:33.2825617Z Post job cleanup.
linux-portability (ubuntu-24.04)	Post Run actions/checkout@11bd71901bbe5b1630ceea73d27597364c9af683	2026-09-20T11:31:33.3677261Z [command]/usr/bin/git version
linux-portability (ubuntu-24.04)	Post Run actions/checkout@11bd71901bbe5b1630ceea73d27597364c9af683	2026-09-20T11:31:33.3720409Z git version 2.55.0
linux-portability (ubuntu-24.04)	Post Run actions/checkout@11bd71901bbe5b1630ceea73d27597364c9af683	2026-09-20T11:31:33.3760556Z Temporarily overriding HOME='/home/runner/work/_temp/fbb96bd1-820f-4050-abc2-a47e295448c4' before making global git config changes
linux-portability (ubuntu-24.04)	Post Run actions/checkout@11bd71901bbe5b1630ceea73d27597364c9af683	2026-09-20T11:31:33.3761918Z Adding repository directory to the temporary git global config as a safe directory
linux-portability (ubuntu-24.04)	Post Run actions/checkout@11bd71901bbe5b1630ceea73d27597364c9af683	2026-09-20T11:31:33.3767261Z [command]/usr/bin/git config --global --add safe.directory /home/runner/work/rawk/rawk/rawk
linux-portability (ubuntu-24.04)	Post Run actions/checkout@11bd71901bbe5b1630ceea73d27597364c9af683	2026-09-20T11:31:33.3804689Z [command]/usr/bin/git config --local --name-only --get-regexp core\.sshCommand
linux-portability (ubuntu-24.04)	Post Run actions/checkout@11bd71901bbe5b1630ceea73d27597364c9af683	2026-09-20T11:31:33.3856385Z [command]/usr/bin/git submodule foreach --recursive sh -c "git config --local --name-only --get-regexp 'core\.sshCommand' && git config --local --unset-all 'core.sshCommand' || :"
linux-portability (ubuntu-24.04)	Post Run actions/checkout@11bd71901bbe5b1630ceea73d27597364c9af683	2026-09-20T11:31:33.4124346Z [command]/usr/bin/git config --local --name-only --get-regexp http\.https\:\/\/github\.com\/\.extraheader
linux-portability (ubuntu-24.04)	Post Run actions/checkout@11bd71901bbe5b1630ceea73d27597364c9af683	2026-09-20T11:31:33.4161051Z http.https://github.com/.extraheader
linux-portability (ubuntu-24.04)	Post Run actions/checkout@11bd71901bbe5b1630ceea73d27597364c9af683	2026-09-20T11:31:33.4178644Z [command]/usr/bin/git config --local --unset-all http.https://github.com/.extraheader
linux-portability (ubuntu-24.04)	Post Run actions/checkout@11bd71901bbe5b1630ceea73d27597364c9af683	2026-09-20T11:31:33.4219141Z [command]/usr/bin/git submodule foreach --recursive sh -c "git config --local --name-only --get-regexp 'http\.https\:\/\/github\.com\/\.extraheader' && git config --local --unset-all 'http.https://github.com/.extraheader' || :"
linux-portability (ubuntu-24.04)	Complete job	﻿2026-09-20T11:31:33.4669530Z Cleaning up orphan processes
linux-portability (ubuntu-24.04)	Complete job	2026-09-20T11:31:33.5224082Z ##[warning]Node.js 20 is deprecated. The following actions target Node.js 20 but are being forced to run on Node.js 24: actions/checkout@11bd71901bbe5b1630ceea73d27597364c9af683, actions/upload-artifact@ea165f8d65b6e75b540449e92b4886f43607fa02. For more information see: https://github.blog/changelog/2025-09-19-deprecation-of-node-20-on-github-actions-runners/
linux-portability (ubuntu-24.04-arm)	Set up job	﻿2026-09-20T11:29:13.6947381Z Current runner version: '2.337.0'
linux-portability (ubuntu-24.04-arm)	Set up job	2026-09-20T11:29:13.6974686Z ##[group]Runner Image Provisioner
linux-portability (ubuntu-24.04-arm)	Set up job	2026-09-20T11:29:13.6975930Z Hosted Compute Agent
linux-portability (ubuntu-24.04-arm)	Set up job	2026-09-20T11:29:13.6976553Z Version: 20260828.587
linux-portability (ubuntu-24.04-arm)	Set up job	2026-09-20T11:29:13.6977481Z Commit: abac92662cab4cc7352de4f9f9d2e2419aad9c29
linux-portability (ubuntu-24.04-arm)	Set up job	2026-09-20T11:29:13.6978406Z Build Date: 2026-08-28T16:44:25Z
linux-portability (ubuntu-24.04-arm)	Set up job	2026-09-20T11:29:13.6979152Z Worker ID: {64684a1f-2819-46f5-be39-82af661dfa05}
linux-portability (ubuntu-24.04-arm)	Set up job	2026-09-20T11:29:13.6979934Z Azure Region: westus2
linux-portability (ubuntu-24.04-arm)	Set up job	2026-09-20T11:29:13.6980522Z ##[endgroup]
linux-portability (ubuntu-24.04-arm)	Set up job	2026-09-20T11:29:13.6982208Z ##[group]Operating System
linux-portability (ubuntu-24.04-arm)	Set up job	2026-09-20T11:29:13.6983042Z Ubuntu
linux-portability (ubuntu-24.04-arm)	Set up job	2026-09-20T11:29:13.6983614Z 24.04.5
linux-portability (ubuntu-24.04-arm)	Set up job	2026-09-20T11:29:13.6984230Z LTS
linux-portability (ubuntu-24.04-arm)	Set up job	2026-09-20T11:29:13.6984777Z ##[endgroup]
linux-portability (ubuntu-24.04-arm)	Set up job	2026-09-20T11:29:13.6985348Z ##[group]Runner Image
linux-portability (ubuntu-24.04-arm)	Set up job	2026-09-20T11:29:13.6986081Z Image: ubuntu-24.04-arm
linux-portability (ubuntu-24.04-arm)	Set up job	2026-09-20T11:29:13.6986731Z Version: 20260907.118.1
linux-portability (ubuntu-24.04-arm)	Set up job	2026-09-20T11:29:13.6988701Z Included Software: https://github.com/actions/runner-images/blob/ubuntu24-arm64/20260907.118/images/ubuntu/Ubuntu2404-Arm64-Readme.md
linux-portability (ubuntu-24.04-arm)	Set up job	2026-09-20T11:29:13.6990586Z Image Release: https://github.com/actions/runner-images/releases/tag/ubuntu24-arm64%2F20260907.118
linux-portability (ubuntu-24.04-arm)	Set up job	2026-09-20T11:29:13.6991659Z ##[endgroup]
linux-portability (ubuntu-24.04-arm)	Set up job	2026-09-20T11:29:13.6992803Z ##[group]GITHUB_TOKEN Permissions
linux-portability (ubuntu-24.04-arm)	Set up job	2026-09-20T11:29:13.6995538Z Contents: read
linux-portability (ubuntu-24.04-arm)	Set up job	2026-09-20T11:29:13.6996186Z Metadata: read
linux-portability (ubuntu-24.04-arm)	Set up job	2026-09-20T11:29:13.6997170Z ##[endgroup]
linux-portability (ubuntu-24.04-arm)	Set up job	2026-09-20T11:29:13.6999632Z Secret source: Actions
linux-portability (ubuntu-24.04-arm)	Set up job	2026-09-20T11:29:13.7000805Z Cache mode: write
linux-portability (ubuntu-24.04-arm)	Set up job	2026-09-20T11:29:13.7001819Z Prepare workflow directory
linux-portability (ubuntu-24.04-arm)	Set up job	2026-09-20T11:29:13.7440823Z Prepare all required actions
linux-portability (ubuntu-24.04-arm)	Set up job	2026-09-20T11:29:13.7489947Z Getting action download info
linux-portability (ubuntu-24.04-arm)	Set up job	2026-09-20T11:29:14.0931280Z Download action repository 'actions/checkout@11bd71901bbe5b1630ceea73d27597364c9af683' (SHA:11bd71901bbe5b1630ceea73d27597364c9af683)
linux-portability (ubuntu-24.04-arm)	Set up job	2026-09-20T11:29:14.2042007Z Download action repository 'actions/upload-artifact@ea165f8d65b6e75b540449e92b4886f43607fa02' (SHA:ea165f8d65b6e75b540449e92b4886f43607fa02)
linux-portability (ubuntu-24.04-arm)	Set up job	2026-09-20T11:29:14.4317767Z Complete job name: linux-portability (ubuntu-24.04-arm)
linux-portability (ubuntu-24.04-arm)	Run actions/checkout@11bd71901bbe5b1630ceea73d27597364c9af683	﻿2026-09-20T11:29:14.5149034Z Node 20 is being deprecated. This workflow is running with Node 24 by default. If you need to temporarily use Node 20, you can set the ACTIONS_ALLOW_USE_UNSECURE_NODE_VERSION=true environment variable. For more information see: https://github.blog/changelog/2025-09-19-deprecation-of-node-20-on-github-actions-runners/
linux-portability (ubuntu-24.04-arm)	Run actions/checkout@11bd71901bbe5b1630ceea73d27597364c9af683	2026-09-20T11:29:14.5158920Z ##[group]Run actions/checkout@11bd71901bbe5b1630ceea73d27597364c9af683
linux-portability (ubuntu-24.04-arm)	Run actions/checkout@11bd71901bbe5b1630ceea73d27597364c9af683	2026-09-20T11:29:14.5160154Z with:
linux-portability (ubuntu-24.04-arm)	Run actions/checkout@11bd71901bbe5b1630ceea73d27597364c9af683	2026-09-20T11:29:14.5160874Z   path: rawk
linux-portability (ubuntu-24.04-arm)	Run actions/checkout@11bd71901bbe5b1630ceea73d27597364c9af683	2026-09-20T11:29:14.5161504Z   repository: francescotinti/rawk
linux-portability (ubuntu-24.04-arm)	Run actions/checkout@11bd71901bbe5b1630ceea73d27597364c9af683	2026-09-20T11:29:14.5165547Z   token: ***
linux-portability (ubuntu-24.04-arm)	Run actions/checkout@11bd71901bbe5b1630ceea73d27597364c9af683	2026-09-20T11:29:14.5166243Z   ssh-strict: true
linux-portability (ubuntu-24.04-arm)	Run actions/checkout@11bd71901bbe5b1630ceea73d27597364c9af683	2026-09-20T11:29:14.5166788Z   ssh-user: git
linux-portability (ubuntu-24.04-arm)	Run actions/checkout@11bd71901bbe5b1630ceea73d27597364c9af683	2026-09-20T11:29:14.5167682Z   persist-credentials: true
linux-portability (ubuntu-24.04-arm)	Run actions/checkout@11bd71901bbe5b1630ceea73d27597364c9af683	2026-09-20T11:29:14.5168319Z   clean: true
linux-portability (ubuntu-24.04-arm)	Run actions/checkout@11bd71901bbe5b1630ceea73d27597364c9af683	2026-09-20T11:29:14.5168933Z   sparse-checkout-cone-mode: true
linux-portability (ubuntu-24.04-arm)	Run actions/checkout@11bd71901bbe5b1630ceea73d27597364c9af683	2026-09-20T11:29:14.5169635Z   fetch-depth: 1
linux-portability (ubuntu-24.04-arm)	Run actions/checkout@11bd71901bbe5b1630ceea73d27597364c9af683	2026-09-20T11:29:14.5170220Z   fetch-tags: false
linux-portability (ubuntu-24.04-arm)	Run actions/checkout@11bd71901bbe5b1630ceea73d27597364c9af683	2026-09-20T11:29:14.5170817Z   show-progress: true
linux-portability (ubuntu-24.04-arm)	Run actions/checkout@11bd71901bbe5b1630ceea73d27597364c9af683	2026-09-20T11:29:14.5171630Z   lfs: false
linux-portability (ubuntu-24.04-arm)	Run actions/checkout@11bd71901bbe5b1630ceea73d27597364c9af683	2026-09-20T11:29:14.5172164Z   submodules: false
linux-portability (ubuntu-24.04-arm)	Run actions/checkout@11bd71901bbe5b1630ceea73d27597364c9af683	2026-09-20T11:29:14.5172817Z   set-safe-directory: true
linux-portability (ubuntu-24.04-arm)	Run actions/checkout@11bd71901bbe5b1630ceea73d27597364c9af683	2026-09-20T11:29:14.5173942Z env:
linux-portability (ubuntu-24.04-arm)	Run actions/checkout@11bd71901bbe5b1630ceea73d27597364c9af683	2026-09-20T11:29:14.5174659Z   LC_ALL: C
linux-portability (ubuntu-24.04-arm)	Run actions/checkout@11bd71901bbe5b1630ceea73d27597364c9af683	2026-09-20T11:29:14.5175258Z   CARGO_INCREMENTAL: 0
linux-portability (ubuntu-24.04-arm)	Run actions/checkout@11bd71901bbe5b1630ceea73d27597364c9af683	2026-09-20T11:29:14.5175852Z   RUSTUP_TOOLCHAIN: 1.96.0
linux-portability (ubuntu-24.04-arm)	Run actions/checkout@11bd71901bbe5b1630ceea73d27597364c9af683	2026-09-20T11:29:14.5176530Z ##[endgroup]
linux-portability (ubuntu-24.04-arm)	Run actions/checkout@11bd71901bbe5b1630ceea73d27597364c9af683	2026-09-20T11:29:14.6019862Z Syncing repository: francescotinti/rawk
linux-portability (ubuntu-24.04-arm)	Run actions/checkout@11bd71901bbe5b1630ceea73d27597364c9af683	2026-09-20T11:29:14.6022243Z ##[group]Getting Git version info
linux-portability (ubuntu-24.04-arm)	Run actions/checkout@11bd71901bbe5b1630ceea73d27597364c9af683	2026-09-20T11:29:14.6023220Z Working directory is '/home/runner/work/rawk/rawk/rawk'
linux-portability (ubuntu-24.04-arm)	Run actions/checkout@11bd71901bbe5b1630ceea73d27597364c9af683	2026-09-20T11:29:14.6024391Z [command]/usr/bin/git version
linux-portability (ubuntu-24.04-arm)	Run actions/checkout@11bd71901bbe5b1630ceea73d27597364c9af683	2026-09-20T11:29:14.6073980Z git version 2.55.0
linux-portability (ubuntu-24.04-arm)	Run actions/checkout@11bd71901bbe5b1630ceea73d27597364c9af683	2026-09-20T11:29:14.6090947Z ##[endgroup]
linux-portability (ubuntu-24.04-arm)	Run actions/checkout@11bd71901bbe5b1630ceea73d27597364c9af683	2026-09-20T11:29:14.6106315Z Temporarily overriding HOME='/home/runner/work/_temp/4ef0009f-e237-45e8-9ee6-726f452f0fcc' before making global git config changes
linux-portability (ubuntu-24.04-arm)	Run actions/checkout@11bd71901bbe5b1630ceea73d27597364c9af683	2026-09-20T11:29:14.6111768Z Adding repository directory to the temporary git global config as a safe directory
linux-portability (ubuntu-24.04-arm)	Run actions/checkout@11bd71901bbe5b1630ceea73d27597364c9af683	2026-09-20T11:29:14.6113577Z [command]/usr/bin/git config --global --add safe.directory /home/runner/work/rawk/rawk/rawk
linux-portability (ubuntu-24.04-arm)	Run actions/checkout@11bd71901bbe5b1630ceea73d27597364c9af683	2026-09-20T11:29:14.6142928Z ##[group]Initializing the repository
linux-portability (ubuntu-24.04-arm)	Run actions/checkout@11bd71901bbe5b1630ceea73d27597364c9af683	2026-09-20T11:29:14.6146606Z [command]/usr/bin/git init /home/runner/work/rawk/rawk/rawk
linux-portability (ubuntu-24.04-arm)	Run actions/checkout@11bd71901bbe5b1630ceea73d27597364c9af683	2026-09-20T11:29:14.6236221Z hint: Using 'master' as the name for the initial branch. This default branch name
linux-portability (ubuntu-24.04-arm)	Run actions/checkout@11bd71901bbe5b1630ceea73d27597364c9af683	2026-09-20T11:29:14.6238080Z hint: will change to "main" in Git 3.0. To configure the initial branch name
linux-portability (ubuntu-24.04-arm)	Run actions/checkout@11bd71901bbe5b1630ceea73d27597364c9af683	2026-09-20T11:29:14.6239407Z hint: to use in all of your new repositories, which will suppress this warning,
linux-portability (ubuntu-24.04-arm)	Run actions/checkout@11bd71901bbe5b1630ceea73d27597364c9af683	2026-09-20T11:29:14.6240719Z hint: call:
linux-portability (ubuntu-24.04-arm)	Run actions/checkout@11bd71901bbe5b1630ceea73d27597364c9af683	2026-09-20T11:29:14.6241480Z hint:
linux-portability (ubuntu-24.04-arm)	Run actions/checkout@11bd71901bbe5b1630ceea73d27597364c9af683	2026-09-20T11:29:14.6243793Z hint: 	git config --global init.defaultBranch <name>
linux-portability (ubuntu-24.04-arm)	Run actions/checkout@11bd71901bbe5b1630ceea73d27597364c9af683	2026-09-20T11:29:14.6244882Z hint:
linux-portability (ubuntu-24.04-arm)	Run actions/checkout@11bd71901bbe5b1630ceea73d27597364c9af683	2026-09-20T11:29:14.6245833Z hint: Names commonly chosen instead of 'master' are 'main', 'trunk' and
linux-portability (ubuntu-24.04-arm)	Run actions/checkout@11bd71901bbe5b1630ceea73d27597364c9af683	2026-09-20T11:29:14.6248699Z hint: 'development'. The just-created branch can be renamed via this command:
linux-portability (ubuntu-24.04-arm)	Run actions/checkout@11bd71901bbe5b1630ceea73d27597364c9af683	2026-09-20T11:29:14.6249927Z hint:
linux-portability (ubuntu-24.04-arm)	Run actions/checkout@11bd71901bbe5b1630ceea73d27597364c9af683	2026-09-20T11:29:14.6250835Z hint: 	git branch -m <name>
linux-portability (ubuntu-24.04-arm)	Run actions/checkout@11bd71901bbe5b1630ceea73d27597364c9af683	2026-09-20T11:29:14.6251694Z hint:
linux-portability (ubuntu-24.04-arm)	Run actions/checkout@11bd71901bbe5b1630ceea73d27597364c9af683	2026-09-20T11:29:14.6252701Z hint: Disable this message with "git config set advice.defaultBranchName false"
linux-portability (ubuntu-24.04-arm)	Run actions/checkout@11bd71901bbe5b1630ceea73d27597364c9af683	2026-09-20T11:29:14.6254276Z Initialized empty Git repository in /home/runner/work/rawk/rawk/rawk/.git/
linux-portability (ubuntu-24.04-arm)	Run actions/checkout@11bd71901bbe5b1630ceea73d27597364c9af683	2026-09-20T11:29:14.6257138Z [command]/usr/bin/git remote add origin https://github.com/francescotinti/rawk
linux-portability (ubuntu-24.04-arm)	Run actions/checkout@11bd71901bbe5b1630ceea73d27597364c9af683	2026-09-20T11:29:14.6281323Z ##[endgroup]
linux-portability (ubuntu-24.04-arm)	Run actions/checkout@11bd71901bbe5b1630ceea73d27597364c9af683	2026-09-20T11:29:14.6282583Z ##[group]Disabling automatic garbage collection
linux-portability (ubuntu-24.04-arm)	Run actions/checkout@11bd71901bbe5b1630ceea73d27597364c9af683	2026-09-20T11:29:14.6286057Z [command]/usr/bin/git config --local gc.auto 0
linux-portability (ubuntu-24.04-arm)	Run actions/checkout@11bd71901bbe5b1630ceea73d27597364c9af683	2026-09-20T11:29:14.6313706Z ##[endgroup]
linux-portability (ubuntu-24.04-arm)	Run actions/checkout@11bd71901bbe5b1630ceea73d27597364c9af683	2026-09-20T11:29:14.6314718Z ##[group]Setting up auth
linux-portability (ubuntu-24.04-arm)	Run actions/checkout@11bd71901bbe5b1630ceea73d27597364c9af683	2026-09-20T11:29:14.6319279Z [command]/usr/bin/git config --local --name-only --get-regexp core\.sshCommand
linux-portability (ubuntu-24.04-arm)	Run actions/checkout@11bd71901bbe5b1630ceea73d27597364c9af683	2026-09-20T11:29:14.6348197Z [command]/usr/bin/git submodule foreach --recursive sh -c "git config --local --name-only --get-regexp 'core\.sshCommand' && git config --local --unset-all 'core.sshCommand' || :"
linux-portability (ubuntu-24.04-arm)	Run actions/checkout@11bd71901bbe5b1630ceea73d27597364c9af683	2026-09-20T11:29:14.6652401Z [command]/usr/bin/git config --local --name-only --get-regexp http\.https\:\/\/github\.com\/\.extraheader
linux-portability (ubuntu-24.04-arm)	Run actions/checkout@11bd71901bbe5b1630ceea73d27597364c9af683	2026-09-20T11:29:14.6679286Z [command]/usr/bin/git submodule foreach --recursive sh -c "git config --local --name-only --get-regexp 'http\.https\:\/\/github\.com\/\.extraheader' && git config --local --unset-all 'http.https://github.com/.extraheader' || :"
linux-portability (ubuntu-24.04-arm)	Run actions/checkout@11bd71901bbe5b1630ceea73d27597364c9af683	2026-09-20T11:29:14.6852021Z [command]/usr/bin/git config --local http.https://github.com/.extraheader AUTHORIZATION: basic ***
linux-portability (ubuntu-24.04-arm)	Run actions/checkout@11bd71901bbe5b1630ceea73d27597364c9af683	2026-09-20T11:29:14.6886794Z ##[endgroup]
linux-portability (ubuntu-24.04-arm)	Run actions/checkout@11bd71901bbe5b1630ceea73d27597364c9af683	2026-09-20T11:29:14.6888319Z ##[group]Fetching the repository
linux-portability (ubuntu-24.04-arm)	Run actions/checkout@11bd71901bbe5b1630ceea73d27597364c9af683	2026-09-20T11:29:14.6895613Z [command]/usr/bin/git -c protocol.version=2 fetch --no-tags --prune --no-recurse-submodules --depth=1 origin +a1186164dc452d47f8623ff19b582730c48c19c5:refs/remotes/origin/master
linux-portability (ubuntu-24.04-arm)	Run actions/checkout@11bd71901bbe5b1630ceea73d27597364c9af683	2026-09-20T11:29:15.1937591Z From https://github.com/francescotinti/rawk
linux-portability (ubuntu-24.04-arm)	Run actions/checkout@11bd71901bbe5b1630ceea73d27597364c9af683	2026-09-20T11:29:15.1938762Z  * [new ref]         a1186164dc452d47f8623ff19b582730c48c19c5 -> origin/master
linux-portability (ubuntu-24.04-arm)	Run actions/checkout@11bd71901bbe5b1630ceea73d27597364c9af683	2026-09-20T11:29:15.1949714Z ##[endgroup]
linux-portability (ubuntu-24.04-arm)	Run actions/checkout@11bd71901bbe5b1630ceea73d27597364c9af683	2026-09-20T11:29:15.1950879Z ##[group]Determining the checkout info
linux-portability (ubuntu-24.04-arm)	Run actions/checkout@11bd71901bbe5b1630ceea73d27597364c9af683	2026-09-20T11:29:15.1951969Z ##[endgroup]
linux-portability (ubuntu-24.04-arm)	Run actions/checkout@11bd71901bbe5b1630ceea73d27597364c9af683	2026-09-20T11:29:15.1952721Z [command]/usr/bin/git sparse-checkout disable
linux-portability (ubuntu-24.04-arm)	Run actions/checkout@11bd71901bbe5b1630ceea73d27597364c9af683	2026-09-20T11:29:15.1987158Z [command]/usr/bin/git config --local --unset-all extensions.worktreeConfig
linux-portability (ubuntu-24.04-arm)	Run actions/checkout@11bd71901bbe5b1630ceea73d27597364c9af683	2026-09-20T11:29:15.2011711Z ##[group]Checking out the ref
linux-portability (ubuntu-24.04-arm)	Run actions/checkout@11bd71901bbe5b1630ceea73d27597364c9af683	2026-09-20T11:29:15.2014618Z [command]/usr/bin/git checkout --progress --force -B master refs/remotes/origin/master
linux-portability (ubuntu-24.04-arm)	Run actions/checkout@11bd71901bbe5b1630ceea73d27597364c9af683	2026-09-20T11:29:15.2174187Z Reset branch 'master'
linux-portability (ubuntu-24.04-arm)	Run actions/checkout@11bd71901bbe5b1630ceea73d27597364c9af683	2026-09-20T11:29:15.2175610Z branch 'master' set up to track 'origin/master'.
linux-portability (ubuntu-24.04-arm)	Run actions/checkout@11bd71901bbe5b1630ceea73d27597364c9af683	2026-09-20T11:29:15.2180409Z ##[endgroup]
linux-portability (ubuntu-24.04-arm)	Run actions/checkout@11bd71901bbe5b1630ceea73d27597364c9af683	2026-09-20T11:29:15.2216470Z [command]/usr/bin/git log -1 --format=%H
linux-portability (ubuntu-24.04-arm)	Run actions/checkout@11bd71901bbe5b1630ceea73d27597364c9af683	2026-09-20T11:29:15.2237277Z a1186164dc452d47f8623ff19b582730c48c19c5
linux-portability (ubuntu-24.04-arm)	Install pinned Rust toolchain	﻿2026-09-20T11:29:15.2439525Z ##[group]Run rustup toolchain install 1.96.0 --profile minimal --component rustfmt --component clippy
linux-portability (ubuntu-24.04-arm)	Install pinned Rust toolchain	2026-09-20T11:29:15.2441033Z [36;1mrustup toolchain install 1.96.0 --profile minimal --component rustfmt --component clippy[0m
linux-portability (ubuntu-24.04-arm)	Install pinned Rust toolchain	2026-09-20T11:29:15.2539863Z shell: /usr/bin/bash -e {0}
linux-portability (ubuntu-24.04-arm)	Install pinned Rust toolchain	2026-09-20T11:29:15.2540753Z env:
linux-portability (ubuntu-24.04-arm)	Install pinned Rust toolchain	2026-09-20T11:29:15.2541324Z   LC_ALL: C
linux-portability (ubuntu-24.04-arm)	Install pinned Rust toolchain	2026-09-20T11:29:15.2541854Z   CARGO_INCREMENTAL: 0
linux-portability (ubuntu-24.04-arm)	Install pinned Rust toolchain	2026-09-20T11:29:15.2542568Z   RUSTUP_TOOLCHAIN: 1.96.0
linux-portability (ubuntu-24.04-arm)	Install pinned Rust toolchain	2026-09-20T11:29:15.2543181Z ##[endgroup]
linux-portability (ubuntu-24.04-arm)	Install pinned Rust toolchain	2026-09-20T11:29:15.2927742Z info: syncing channel updates for 1.96.0-aarch64-unknown-linux-gnu
linux-portability (ubuntu-24.04-arm)	Install pinned Rust toolchain	2026-09-20T11:29:15.4080593Z info: latest update on 2026-05-28 for version 1.96.0 (ac68faa20 2026-05-25)
linux-portability (ubuntu-24.04-arm)	Install pinned Rust toolchain	2026-09-20T11:29:15.4081770Z info: downloading 5 components
linux-portability (ubuntu-24.04-arm)	Install pinned Rust toolchain	2026-09-20T11:29:20.4663860Z 
linux-portability (ubuntu-24.04-arm)	Install pinned Rust toolchain	2026-09-20T11:29:20.4721746Z   1.96.0-aarch64-unknown-linux-gnu installed - rustc 1.96.0 (ac68faa20 2026-05-25)
linux-portability (ubuntu-24.04-arm)	Install pinned Rust toolchain	2026-09-20T11:29:20.4723025Z 
linux-portability (ubuntu-24.04-arm)	Prepare tested locales and C build tools	﻿2026-09-20T11:29:20.4891289Z ##[group]Run sudo apt-get update
linux-portability (ubuntu-24.04-arm)	Prepare tested locales and C build tools	2026-09-20T11:29:20.4891891Z [36;1msudo apt-get update[0m
linux-portability (ubuntu-24.04-arm)	Prepare tested locales and C build tools	2026-09-20T11:29:20.4892521Z [36;1msudo apt-get install -y build-essential bison locales[0m
linux-portability (ubuntu-24.04-arm)	Prepare tested locales and C build tools	2026-09-20T11:29:20.4893114Z [36;1msudo localedef -i en_US -f UTF-8 en_US.UTF-8[0m
linux-portability (ubuntu-24.04-arm)	Prepare tested locales and C build tools	2026-09-20T11:29:20.4893640Z [36;1msudo localedef -i tr_TR -f UTF-8 tr_TR.UTF-8[0m
linux-portability (ubuntu-24.04-arm)	Prepare tested locales and C build tools	2026-09-20T11:29:20.4894194Z [36;1msudo localedef -i en_US -f ISO-8859-1 en_US.ISO8859-1[0m
linux-portability (ubuntu-24.04-arm)	Prepare tested locales and C build tools	2026-09-20T11:29:20.4894712Z [36;1msudo localedef -i tr_TR -f ISO-8859-9 tr_TR.ISO8859-9[0m
linux-portability (ubuntu-24.04-arm)	Prepare tested locales and C build tools	2026-09-20T11:29:20.4895138Z [36;1mlocale -a[0m
linux-portability (ubuntu-24.04-arm)	Prepare tested locales and C build tools	2026-09-20T11:29:20.4944858Z shell: /usr/bin/bash -e {0}
linux-portability (ubuntu-24.04-arm)	Prepare tested locales and C build tools	2026-09-20T11:29:20.4945460Z env:
linux-portability (ubuntu-24.04-arm)	Prepare tested locales and C build tools	2026-09-20T11:29:20.4945837Z   LC_ALL: C
linux-portability (ubuntu-24.04-arm)	Prepare tested locales and C build tools	2026-09-20T11:29:20.4946217Z   CARGO_INCREMENTAL: 0
linux-portability (ubuntu-24.04-arm)	Prepare tested locales and C build tools	2026-09-20T11:29:20.4946682Z   RUSTUP_TOOLCHAIN: 1.96.0
linux-portability (ubuntu-24.04-arm)	Prepare tested locales and C build tools	2026-09-20T11:29:20.4947408Z ##[endgroup]
linux-portability (ubuntu-24.04-arm)	Prepare tested locales and C build tools	2026-09-20T11:29:20.6103010Z Get:1 https://packages.microsoft.com/ubuntu/24.04/prod noble InRelease [3600 B]
linux-portability (ubuntu-24.04-arm)	Prepare tested locales and C build tools	2026-09-20T11:29:20.7050745Z Get:2 https://packages.microsoft.com/ubuntu/24.04/prod noble/main amd64 Packages [478 kB]
linux-portability (ubuntu-24.04-arm)	Prepare tested locales and C build tools	2026-09-20T11:29:20.7180556Z Get:3 https://packages.microsoft.com/ubuntu/24.04/prod noble/main arm64 Packages [429 kB]
linux-portability (ubuntu-24.04-arm)	Prepare tested locales and C build tools	2026-09-20T11:29:21.0129945Z Hit:4 http://ports.ubuntu.com/ubuntu-ports noble InRelease
linux-portability (ubuntu-24.04-arm)	Prepare tested locales and C build tools	2026-09-20T11:29:21.0863104Z Get:5 http://ports.ubuntu.com/ubuntu-ports noble-updates InRelease [126 kB]
linux-portability (ubuntu-24.04-arm)	Prepare tested locales and C build tools	2026-09-20T11:29:21.4019502Z Get:6 http://ports.ubuntu.com/ubuntu-ports noble-backports InRelease [126 kB]
linux-portability (ubuntu-24.04-arm)	Prepare tested locales and C build tools	2026-09-20T11:29:21.5522426Z Get:7 http://ports.ubuntu.com/ubuntu-ports noble-security InRelease [126 kB]
linux-portability (ubuntu-24.04-arm)	Prepare tested locales and C build tools	2026-09-20T11:29:21.6574680Z Get:8 http://ports.ubuntu.com/ubuntu-ports noble-updates/main arm64 Packages [1323 kB]
linux-portability (ubuntu-24.04-arm)	Prepare tested locales and C build tools	2026-09-20T11:29:21.9856426Z Get:9 http://ports.ubuntu.com/ubuntu-ports noble-updates/main Translation-en [294 kB]
linux-portability (ubuntu-24.04-arm)	Prepare tested locales and C build tools	2026-09-20T11:29:22.0723657Z Get:10 http://ports.ubuntu.com/ubuntu-ports noble-updates/main arm64 Components [178 kB]
linux-portability (ubuntu-24.04-arm)	Prepare tested locales and C build tools	2026-09-20T11:29:22.1537381Z Get:11 http://ports.ubuntu.com/ubuntu-ports noble-updates/universe arm64 Packages [1734 kB]
linux-portability (ubuntu-24.04-arm)	Prepare tested locales and C build tools	2026-09-20T11:29:22.3382260Z Get:12 http://ports.ubuntu.com/ubuntu-ports noble-updates/universe Translation-en [338 kB]
linux-portability (ubuntu-24.04-arm)	Prepare tested locales and C build tools	2026-09-20T11:29:22.4197042Z Get:13 http://ports.ubuntu.com/ubuntu-ports noble-updates/universe arm64 Components [387 kB]
linux-portability (ubuntu-24.04-arm)	Prepare tested locales and C build tools	2026-09-20T11:29:22.5020528Z Get:14 http://ports.ubuntu.com/ubuntu-ports noble-updates/restricted arm64 Packages [2347 kB]
linux-portability (ubuntu-24.04-arm)	Prepare tested locales and C build tools	2026-09-20T11:29:22.6607685Z Get:15 http://ports.ubuntu.com/ubuntu-ports noble-updates/restricted Translation-en [359 kB]
linux-portability (ubuntu-24.04-arm)	Prepare tested locales and C build tools	2026-09-20T11:29:22.7390622Z Get:16 http://ports.ubuntu.com/ubuntu-ports noble-updates/multiverse arm64 Packages [78.0 kB]
linux-portability (ubuntu-24.04-arm)	Prepare tested locales and C build tools	2026-09-20T11:29:22.8114962Z Get:17 http://ports.ubuntu.com/ubuntu-ports noble-updates/multiverse Translation-en [13.1 kB]
linux-portability (ubuntu-24.04-arm)	Prepare tested locales and C build tools	2026-09-20T11:29:22.9977236Z Get:18 http://ports.ubuntu.com/ubuntu-ports noble-backports/main arm64 Packages [65.8 kB]
linux-portability (ubuntu-24.04-arm)	Prepare tested locales and C build tools	2026-09-20T11:29:23.0713787Z Get:19 http://ports.ubuntu.com/ubuntu-ports noble-backports/main arm64 Components [3556 B]
linux-portability (ubuntu-24.04-arm)	Prepare tested locales and C build tools	2026-09-20T11:29:23.1499468Z Get:20 http://ports.ubuntu.com/ubuntu-ports noble-backports/universe arm64 Packages [34.9 kB]
linux-portability (ubuntu-24.04-arm)	Prepare tested locales and C build tools	2026-09-20T11:29:23.2234477Z Get:21 http://ports.ubuntu.com/ubuntu-ports noble-backports/universe Translation-en [18.7 kB]
linux-portability (ubuntu-24.04-arm)	Prepare tested locales and C build tools	2026-09-20T11:29:23.2967602Z Get:22 http://ports.ubuntu.com/ubuntu-ports noble-backports/universe arm64 Components [12.6 kB]
linux-portability (ubuntu-24.04-arm)	Prepare tested locales and C build tools	2026-09-20T11:29:23.3702075Z Get:23 http://ports.ubuntu.com/ubuntu-ports noble-security/main arm64 Packages [1074 kB]
linux-portability (ubuntu-24.04-arm)	Prepare tested locales and C build tools	2026-09-20T11:29:23.4567605Z Get:24 http://ports.ubuntu.com/ubuntu-ports noble-security/main Translation-en [214 kB]
linux-portability (ubuntu-24.04-arm)	Prepare tested locales and C build tools	2026-09-20T11:29:23.5320891Z Get:25 http://ports.ubuntu.com/ubuntu-ports noble-security/main arm64 Components [43.3 kB]
linux-portability (ubuntu-24.04-arm)	Prepare tested locales and C build tools	2026-09-20T11:29:23.6058989Z Get:26 http://ports.ubuntu.com/ubuntu-ports noble-security/universe arm64 Packages [1289 kB]
linux-portability (ubuntu-24.04-arm)	Prepare tested locales and C build tools	2026-09-20T11:29:23.6959172Z Get:27 http://ports.ubuntu.com/ubuntu-ports noble-security/universe Translation-en [243 kB]
linux-portability (ubuntu-24.04-arm)	Prepare tested locales and C build tools	2026-09-20T11:29:23.7709559Z Get:28 http://ports.ubuntu.com/ubuntu-ports noble-security/universe arm64 Components [76.3 kB]
linux-portability (ubuntu-24.04-arm)	Prepare tested locales and C build tools	2026-09-20T11:29:23.8448115Z Get:29 http://ports.ubuntu.com/ubuntu-ports noble-security/restricted arm64 Packages [2230 kB]
linux-portability (ubuntu-24.04-arm)	Prepare tested locales and C build tools	2026-09-20T11:29:23.9469647Z Get:30 http://ports.ubuntu.com/ubuntu-ports noble-security/restricted Translation-en [336 kB]
linux-portability (ubuntu-24.04-arm)	Prepare tested locales and C build tools	2026-09-20T11:29:24.0239926Z Get:31 http://ports.ubuntu.com/ubuntu-ports noble-security/multiverse arm64 Packages [73.7 kB]
linux-portability (ubuntu-24.04-arm)	Prepare tested locales and C build tools	2026-09-20T11:29:24.0979366Z Get:32 http://ports.ubuntu.com/ubuntu-ports noble-security/multiverse Translation-en [11.3 kB]
linux-portability (ubuntu-24.04-arm)	Prepare tested locales and C build tools	2026-09-20T11:29:29.1039039Z Fetched 14.1 MB in 4s (3995 kB/s)
linux-portability (ubuntu-24.04-arm)	Prepare tested locales and C build tools	2026-09-20T11:29:29.9808291Z Reading package lists...
linux-portability (ubuntu-24.04-arm)	Prepare tested locales and C build tools	2026-09-20T11:29:30.0088443Z Reading package lists...
linux-portability (ubuntu-24.04-arm)	Prepare tested locales and C build tools	2026-09-20T11:29:30.2255435Z Building dependency tree...
linux-portability (ubuntu-24.04-arm)	Prepare tested locales and C build tools	2026-09-20T11:29:30.2260042Z Reading state information...
linux-portability (ubuntu-24.04-arm)	Prepare tested locales and C build tools	2026-09-20T11:29:30.4468358Z The following additional packages will be installed:
linux-portability (ubuntu-24.04-arm)	Prepare tested locales and C build tools	2026-09-20T11:29:30.4473801Z   libc-bin libc-dev-bin libc6 libc6-dev
linux-portability (ubuntu-24.04-arm)	Prepare tested locales and C build tools	2026-09-20T11:29:30.4482137Z Suggested packages:
linux-portability (ubuntu-24.04-arm)	Prepare tested locales and C build tools	2026-09-20T11:29:30.4482622Z   bison-doc glibc-doc libnss-nis libnss-nisplus manpages-dev
linux-portability (ubuntu-24.04-arm)	Prepare tested locales and C build tools	2026-09-20T11:29:30.4483380Z Recommended packages:
linux-portability (ubuntu-24.04-arm)	Prepare tested locales and C build tools	2026-09-20T11:29:30.4483696Z   manpages-dev libc-devtools
linux-portability (ubuntu-24.04-arm)	Prepare tested locales and C build tools	2026-09-20T11:29:30.4924783Z The following NEW packages will be installed:
linux-portability (ubuntu-24.04-arm)	Prepare tested locales and C build tools	2026-09-20T11:29:30.4931472Z   build-essential
linux-portability (ubuntu-24.04-arm)	Prepare tested locales and C build tools	2026-09-20T11:29:30.4935331Z The following packages will be upgraded:
linux-portability (ubuntu-24.04-arm)	Prepare tested locales and C build tools	2026-09-20T11:29:30.4943046Z   bison libc-bin libc-dev-bin libc6 libc6-dev locales
linux-portability (ubuntu-24.04-arm)	Prepare tested locales and C build tools	2026-09-20T11:29:30.7881467Z 6 upgraded, 1 newly installed, 0 to remove and 64 not upgraded.
linux-portability (ubuntu-24.04-arm)	Prepare tested locales and C build tools	2026-09-20T11:29:30.7882167Z Need to get 9961 kB of archives.
linux-portability (ubuntu-24.04-arm)	Prepare tested locales and C build tools	2026-09-20T11:29:30.7882524Z After this operation, 19.5 kB of additional disk space will be used.
linux-portability (ubuntu-24.04-arm)	Prepare tested locales and C build tools	2026-09-20T11:29:30.7883216Z Get:1 http://ports.ubuntu.com/ubuntu-ports noble-updates/main arm64 libc6-dev arm64 2.39-0ubuntu8.9 [1596 kB]
linux-portability (ubuntu-24.04-arm)	Prepare tested locales and C build tools	2026-09-20T11:29:31.4979802Z Get:2 http://ports.ubuntu.com/ubuntu-ports noble-updates/main arm64 libc-dev-bin arm64 2.39-0ubuntu8.9 [19.7 kB]
linux-portability (ubuntu-24.04-arm)	Prepare tested locales and C build tools	2026-09-20T11:29:31.5677297Z Get:3 http://ports.ubuntu.com/ubuntu-ports noble-updates/main arm64 libc6 arm64 2.39-0ubuntu8.9 [2776 kB]
linux-portability (ubuntu-24.04-arm)	Prepare tested locales and C build tools	2026-09-20T11:29:31.8078261Z Get:4 http://ports.ubuntu.com/ubuntu-ports noble-updates/main arm64 libc-bin arm64 2.39-0ubuntu8.9 [591 kB]
linux-portability (ubuntu-24.04-arm)	Prepare tested locales and C build tools	2026-09-20T11:29:31.8876225Z Get:5 http://ports.ubuntu.com/ubuntu-ports noble-updates/main arm64 locales all 2.39-0ubuntu8.9 [4232 kB]
linux-portability (ubuntu-24.04-arm)	Prepare tested locales and C build tools	2026-09-20T11:29:32.0641941Z Get:6 http://ports.ubuntu.com/ubuntu-ports noble-updates/main arm64 bison arm64 2:3.8.2+dfsg-1ubuntu0.24.04.1 [740 kB]
linux-portability (ubuntu-24.04-arm)	Prepare tested locales and C build tools	2026-09-20T11:29:32.1418366Z Get:7 http://ports.ubuntu.com/ubuntu-ports noble/main arm64 build-essential arm64 12.10ubuntu1 [4932 B]
linux-portability (ubuntu-24.04-arm)	Prepare tested locales and C build tools	2026-09-20T11:29:32.3533334Z Preconfiguring packages ...
linux-portability (ubuntu-24.04-arm)	Prepare tested locales and C build tools	2026-09-20T11:29:32.4267680Z Fetched 9961 kB in 2s (6079 kB/s)
linux-portability (ubuntu-24.04-arm)	Prepare tested locales and C build tools	2026-09-20T11:29:32.5006289Z (Reading database ... 
linux-portability (ubuntu-24.04-arm)	Prepare tested locales and C build tools	2026-09-20T11:29:32.5007413Z (Reading database ... 5%
linux-portability (ubuntu-24.04-arm)	Prepare tested locales and C build tools	2026-09-20T11:29:32.5008671Z (Reading database ... 10%
linux-portability (ubuntu-24.04-arm)	Prepare tested locales and C build tools	2026-09-20T11:29:32.5009048Z (Reading database ... 15%
linux-portability (ubuntu-24.04-arm)	Prepare tested locales and C build tools	2026-09-20T11:29:32.5009351Z (Reading database ... 20%
linux-portability (ubuntu-24.04-arm)	Prepare tested locales and C build tools	2026-09-20T11:29:32.5009660Z (Reading database ... 25%
linux-portability (ubuntu-24.04-arm)	Prepare tested locales and C build tools	2026-09-20T11:29:32.5009966Z (Reading database ... 30%
linux-portability (ubuntu-24.04-arm)	Prepare tested locales and C build tools	2026-09-20T11:29:32.5010652Z (Reading database ... 35%
linux-portability (ubuntu-24.04-arm)	Prepare tested locales and C build tools	2026-09-20T11:29:32.5010906Z (Reading database ... 40%
linux-portability (ubuntu-24.04-arm)	Prepare tested locales and C build tools	2026-09-20T11:29:32.5011149Z (Reading database ... 45%
linux-portability (ubuntu-24.04-arm)	Prepare tested locales and C build tools	2026-09-20T11:29:32.5011430Z (Reading database ... 50%
linux-portability (ubuntu-24.04-arm)	Prepare tested locales and C build tools	2026-09-20T11:29:32.5800706Z (Reading database ... 55%
linux-portability (ubuntu-24.04-arm)	Prepare tested locales and C build tools	2026-09-20T11:29:32.8643216Z (Reading database ... 60%
linux-portability (ubuntu-24.04-arm)	Prepare tested locales and C build tools	2026-09-20T11:29:33.0798433Z (Reading database ... 65%
linux-portability (ubuntu-24.04-arm)	Prepare tested locales and C build tools	2026-09-20T11:29:33.1666352Z (Reading database ... 70%
linux-portability (ubuntu-24.04-arm)	Prepare tested locales and C build tools	2026-09-20T11:29:33.2650830Z (Reading database ... 75%
linux-portability (ubuntu-24.04-arm)	Prepare tested locales and C build tools	2026-09-20T11:29:33.6395367Z (Reading database ... 80%
linux-portability (ubuntu-24.04-arm)	Prepare tested locales and C build tools	2026-09-20T11:29:34.0647551Z (Reading database ... 85%
linux-portability (ubuntu-24.04-arm)	Prepare tested locales and C build tools	2026-09-20T11:29:34.4658476Z (Reading database ... 90%
linux-portability (ubuntu-24.04-arm)	Prepare tested locales and C build tools	2026-09-20T11:29:34.8999450Z (Reading database ... 95%
linux-portability (ubuntu-24.04-arm)	Prepare tested locales and C build tools	2026-09-20T11:29:34.8999992Z (Reading database ... 100%
linux-portability (ubuntu-24.04-arm)	Prepare tested locales and C build tools	2026-09-20T11:29:34.9000571Z (Reading database ... 201140 files and directories currently installed.)
linux-portability (ubuntu-24.04-arm)	Prepare tested locales and C build tools	2026-09-20T11:29:34.9042135Z Preparing to unpack .../libc6-dev_2.39-0ubuntu8.9_arm64.deb ...
linux-portability (ubuntu-24.04-arm)	Prepare tested locales and C build tools	2026-09-20T11:29:34.9083034Z Unpacking libc6-dev:arm64 (2.39-0ubuntu8.9) over (2.39-0ubuntu8.8) ...
linux-portability (ubuntu-24.04-arm)	Prepare tested locales and C build tools	2026-09-20T11:29:35.0587589Z Preparing to unpack .../libc-dev-bin_2.39-0ubuntu8.9_arm64.deb ...
linux-portability (ubuntu-24.04-arm)	Prepare tested locales and C build tools	2026-09-20T11:29:35.0615150Z Unpacking libc-dev-bin (2.39-0ubuntu8.9) over (2.39-0ubuntu8.8) ...
linux-portability (ubuntu-24.04-arm)	Prepare tested locales and C build tools	2026-09-20T11:29:35.1097292Z Preparing to unpack .../libc6_2.39-0ubuntu8.9_arm64.deb ...
linux-portability (ubuntu-24.04-arm)	Prepare tested locales and C build tools	2026-09-20T11:29:35.2054255Z Unpacking libc6:arm64 (2.39-0ubuntu8.9) over (2.39-0ubuntu8.8) ...
linux-portability (ubuntu-24.04-arm)	Prepare tested locales and C build tools	2026-09-20T11:29:35.3485201Z Setting up libc6:arm64 (2.39-0ubuntu8.9) ...
linux-portability (ubuntu-24.04-arm)	Prepare tested locales and C build tools	2026-09-20T11:29:35.6587437Z (Reading database ... 
linux-portability (ubuntu-24.04-arm)	Prepare tested locales and C build tools	2026-09-20T11:29:35.6587899Z (Reading database ... 5%
linux-portability (ubuntu-24.04-arm)	Prepare tested locales and C build tools	2026-09-20T11:29:35.6588345Z (Reading database ... 10%
linux-portability (ubuntu-24.04-arm)	Prepare tested locales and C build tools	2026-09-20T11:29:35.6588598Z (Reading database ... 15%
linux-portability (ubuntu-24.04-arm)	Prepare tested locales and C build tools	2026-09-20T11:29:35.6588920Z (Reading database ... 20%
linux-portability (ubuntu-24.04-arm)	Prepare tested locales and C build tools	2026-09-20T11:29:35.6589162Z (Reading database ... 25%
linux-portability (ubuntu-24.04-arm)	Prepare tested locales and C build tools	2026-09-20T11:29:35.6589395Z (Reading database ... 30%
linux-portability (ubuntu-24.04-arm)	Prepare tested locales and C build tools	2026-09-20T11:29:35.6589717Z (Reading database ... 35%
linux-portability (ubuntu-24.04-arm)	Prepare tested locales and C build tools	2026-09-20T11:29:35.6589985Z (Reading database ... 40%
linux-portability (ubuntu-24.04-arm)	Prepare tested locales and C build tools	2026-09-20T11:29:35.6590214Z (Reading database ... 45%
linux-portability (ubuntu-24.04-arm)	Prepare tested locales and C build tools	2026-09-20T11:29:35.6590507Z (Reading database ... 50%
linux-portability (ubuntu-24.04-arm)	Prepare tested locales and C build tools	2026-09-20T11:29:35.6606518Z (Reading database ... 55%
linux-portability (ubuntu-24.04-arm)	Prepare tested locales and C build tools	2026-09-20T11:29:35.6694261Z (Reading database ... 60%
linux-portability (ubuntu-24.04-arm)	Prepare tested locales and C build tools	2026-09-20T11:29:35.6719158Z (Reading database ... 65%
linux-portability (ubuntu-24.04-arm)	Prepare tested locales and C build tools	2026-09-20T11:29:35.6731106Z (Reading database ... 70%
linux-portability (ubuntu-24.04-arm)	Prepare tested locales and C build tools	2026-09-20T11:29:35.6749534Z (Reading database ... 75%
linux-portability (ubuntu-24.04-arm)	Prepare tested locales and C build tools	2026-09-20T11:29:35.6777992Z (Reading database ... 80%
linux-portability (ubuntu-24.04-arm)	Prepare tested locales and C build tools	2026-09-20T11:29:35.6888031Z (Reading database ... 85%
linux-portability (ubuntu-24.04-arm)	Prepare tested locales and C build tools	2026-09-20T11:29:35.6947148Z (Reading database ... 90%
linux-portability (ubuntu-24.04-arm)	Prepare tested locales and C build tools	2026-09-20T11:29:35.7104765Z (Reading database ... 95%
linux-portability (ubuntu-24.04-arm)	Prepare tested locales and C build tools	2026-09-20T11:29:35.7105276Z (Reading database ... 100%
linux-portability (ubuntu-24.04-arm)	Prepare tested locales and C build tools	2026-09-20T11:29:35.7105635Z (Reading database ... 201140 files and directories currently installed.)
linux-portability (ubuntu-24.04-arm)	Prepare tested locales and C build tools	2026-09-20T11:29:35.7137351Z Preparing to unpack .../libc-bin_2.39-0ubuntu8.9_arm64.deb ...
linux-portability (ubuntu-24.04-arm)	Prepare tested locales and C build tools	2026-09-20T11:29:35.7229155Z Unpacking libc-bin (2.39-0ubuntu8.9) over (2.39-0ubuntu8.8) ...
linux-portability (ubuntu-24.04-arm)	Prepare tested locales and C build tools	2026-09-20T11:29:35.7749928Z Setting up libc-bin (2.39-0ubuntu8.9) ...
linux-portability (ubuntu-24.04-arm)	Prepare tested locales and C build tools	2026-09-20T11:29:35.8552427Z (Reading database ... 
linux-portability (ubuntu-24.04-arm)	Prepare tested locales and C build tools	2026-09-20T11:29:35.8553515Z (Reading database ... 5%
linux-portability (ubuntu-24.04-arm)	Prepare tested locales and C build tools	2026-09-20T11:29:35.8553874Z (Reading database ... 10%
linux-portability (ubuntu-24.04-arm)	Prepare tested locales and C build tools	2026-09-20T11:29:35.8554297Z (Reading database ... 15%
linux-portability (ubuntu-24.04-arm)	Prepare tested locales and C build tools	2026-09-20T11:29:35.8554548Z (Reading database ... 20%
linux-portability (ubuntu-24.04-arm)	Prepare tested locales and C build tools	2026-09-20T11:29:35.8554787Z (Reading database ... 25%
linux-portability (ubuntu-24.04-arm)	Prepare tested locales and C build tools	2026-09-20T11:29:35.8555123Z (Reading database ... 30%
linux-portability (ubuntu-24.04-arm)	Prepare tested locales and C build tools	2026-09-20T11:29:35.8555358Z (Reading database ... 35%
linux-portability (ubuntu-24.04-arm)	Prepare tested locales and C build tools	2026-09-20T11:29:35.8555589Z (Reading database ... 40%
linux-portability (ubuntu-24.04-arm)	Prepare tested locales and C build tools	2026-09-20T11:29:35.8555876Z (Reading database ... 45%
linux-portability (ubuntu-24.04-arm)	Prepare tested locales and C build tools	2026-09-20T11:29:35.8556155Z (Reading database ... 50%
linux-portability (ubuntu-24.04-arm)	Prepare tested locales and C build tools	2026-09-20T11:29:35.8570203Z (Reading database ... 55%
linux-portability (ubuntu-24.04-arm)	Prepare tested locales and C build tools	2026-09-20T11:29:35.8654119Z (Reading database ... 60%
linux-portability (ubuntu-24.04-arm)	Prepare tested locales and C build tools	2026-09-20T11:29:35.8678365Z (Reading database ... 65%
linux-portability (ubuntu-24.04-arm)	Prepare tested locales and C build tools	2026-09-20T11:29:35.8690168Z (Reading database ... 70%
linux-portability (ubuntu-24.04-arm)	Prepare tested locales and C build tools	2026-09-20T11:29:35.8707535Z (Reading database ... 75%
linux-portability (ubuntu-24.04-arm)	Prepare tested locales and C build tools	2026-09-20T11:29:35.8734853Z (Reading database ... 80%
linux-portability (ubuntu-24.04-arm)	Prepare tested locales and C build tools	2026-09-20T11:29:35.8839877Z (Reading database ... 85%
linux-portability (ubuntu-24.04-arm)	Prepare tested locales and C build tools	2026-09-20T11:29:35.8898137Z (Reading database ... 90%
linux-portability (ubuntu-24.04-arm)	Prepare tested locales and C build tools	2026-09-20T11:29:35.9055414Z (Reading database ... 95%
linux-portability (ubuntu-24.04-arm)	Prepare tested locales and C build tools	2026-09-20T11:29:35.9056362Z (Reading database ... 100%
linux-portability (ubuntu-24.04-arm)	Prepare tested locales and C build tools	2026-09-20T11:29:35.9057031Z (Reading database ... 201140 files and directories currently installed.)
linux-portability (ubuntu-24.04-arm)	Prepare tested locales and C build tools	2026-09-20T11:29:35.9087491Z Preparing to unpack .../locales_2.39-0ubuntu8.9_all.deb ...
linux-portability (ubuntu-24.04-arm)	Prepare tested locales and C build tools	2026-09-20T11:29:35.9142953Z Unpacking locales (2.39-0ubuntu8.9) over (2.39-0ubuntu8.8) ...
linux-portability (ubuntu-24.04-arm)	Prepare tested locales and C build tools	2026-09-20T11:29:36.0937309Z Preparing to unpack .../bison_2%3a3.8.2+dfsg-1ubuntu0.24.04.1_arm64.deb ...
linux-portability (ubuntu-24.04-arm)	Prepare tested locales and C build tools	2026-09-20T11:29:36.1060790Z Unpacking bison (2:3.8.2+dfsg-1ubuntu0.24.04.1) over (2:3.8.2+dfsg-1build2) ...
linux-portability (ubuntu-24.04-arm)	Prepare tested locales and C build tools	2026-09-20T11:29:36.1642899Z Selecting previously unselected package build-essential.
linux-portability (ubuntu-24.04-arm)	Prepare tested locales and C build tools	2026-09-20T11:29:36.1827764Z Preparing to unpack .../build-essential_12.10ubuntu1_arm64.deb ...
linux-portability (ubuntu-24.04-arm)	Prepare tested locales and C build tools	2026-09-20T11:29:36.1838891Z Unpacking build-essential (12.10ubuntu1) ...
linux-portability (ubuntu-24.04-arm)	Prepare tested locales and C build tools	2026-09-20T11:29:36.2169122Z Setting up locales (2.39-0ubuntu8.9) ...
linux-portability (ubuntu-24.04-arm)	Prepare tested locales and C build tools	2026-09-20T11:29:36.6099665Z Generating locales (this might take a while)...
linux-portability (ubuntu-24.04-arm)	Prepare tested locales and C build tools	2026-09-20T11:29:37.7988179Z   en_US.UTF-8... done
linux-portability (ubuntu-24.04-arm)	Prepare tested locales and C build tools	2026-09-20T11:29:37.7989272Z Generation complete.
linux-portability (ubuntu-24.04-arm)	Prepare tested locales and C build tools	2026-09-20T11:29:37.8148681Z Setting up bison (2:3.8.2+dfsg-1ubuntu0.24.04.1) ...
linux-portability (ubuntu-24.04-arm)	Prepare tested locales and C build tools	2026-09-20T11:29:37.8212804Z Setting up libc-dev-bin (2.39-0ubuntu8.9) ...
linux-portability (ubuntu-24.04-arm)	Prepare tested locales and C build tools	2026-09-20T11:29:37.8234927Z Setting up libc6-dev:arm64 (2.39-0ubuntu8.9) ...
linux-portability (ubuntu-24.04-arm)	Prepare tested locales and C build tools	2026-09-20T11:29:37.8256536Z Setting up build-essential (12.10ubuntu1) ...
linux-portability (ubuntu-24.04-arm)	Prepare tested locales and C build tools	2026-09-20T11:29:37.8284462Z Processing triggers for man-db (2.12.0-4build2) ...
linux-portability (ubuntu-24.04-arm)	Prepare tested locales and C build tools	2026-09-20T11:29:37.8340512Z Not building database; man-db/auto-update is not 'true'.
linux-portability (ubuntu-24.04-arm)	Prepare tested locales and C build tools	2026-09-20T11:29:39.8641843Z 
linux-portability (ubuntu-24.04-arm)	Prepare tested locales and C build tools	2026-09-20T11:29:39.8642977Z Running kernel seems to be up-to-date.
linux-portability (ubuntu-24.04-arm)	Prepare tested locales and C build tools	2026-09-20T11:29:39.8643339Z 
linux-portability (ubuntu-24.04-arm)	Prepare tested locales and C build tools	2026-09-20T11:29:39.8643653Z Restarting services...
linux-portability (ubuntu-24.04-arm)	Prepare tested locales and C build tools	2026-09-20T11:29:39.9891253Z  systemctl restart chrony.service containerd.service cron.service haveged.service hv-kvp-daemon.service multipathd.service packagekit.service php8.3-fpm.service polkit.service rsyslog.service systemd-journald.service systemd-networkd.service systemd-resolved.service systemd-udevd.service udisks2.service
linux-portability (ubuntu-24.04-arm)	Prepare tested locales and C build tools	2026-09-20T11:29:40.1843454Z 
linux-portability (ubuntu-24.04-arm)	Prepare tested locales and C build tools	2026-09-20T11:29:40.1844467Z Service restarts being deferred:
linux-portability (ubuntu-24.04-arm)	Prepare tested locales and C build tools	2026-09-20T11:29:40.1853003Z  systemctl restart ModemManager.service
linux-portability (ubuntu-24.04-arm)	Prepare tested locales and C build tools	2026-09-20T11:29:40.1853782Z  /etc/needrestart/restart.d/dbus.service
linux-portability (ubuntu-24.04-arm)	Prepare tested locales and C build tools	2026-09-20T11:29:40.1854323Z  systemctl restart docker.service
linux-portability (ubuntu-24.04-arm)	Prepare tested locales and C build tools	2026-09-20T11:29:40.1854896Z  systemctl restart getty@tty1.service
linux-portability (ubuntu-24.04-arm)	Prepare tested locales and C build tools	2026-09-20T11:29:40.1855529Z  systemctl restart hosted-compute-agent.service
linux-portability (ubuntu-24.04-arm)	Prepare tested locales and C build tools	2026-09-20T11:29:40.1856029Z  systemctl restart networkd-dispatcher.service
linux-portability (ubuntu-24.04-arm)	Prepare tested locales and C build tools	2026-09-20T11:29:40.1856568Z  systemctl restart serial-getty@ttyAMA0.service
linux-portability (ubuntu-24.04-arm)	Prepare tested locales and C build tools	2026-09-20T11:29:40.1857342Z  systemctl restart systemd-logind.service
linux-portability (ubuntu-24.04-arm)	Prepare tested locales and C build tools	2026-09-20T11:29:40.1857843Z  systemctl restart walinuxagent.service
linux-portability (ubuntu-24.04-arm)	Prepare tested locales and C build tools	2026-09-20T11:29:40.1858234Z 
linux-portability (ubuntu-24.04-arm)	Prepare tested locales and C build tools	2026-09-20T11:29:40.1858475Z No containers need to be restarted.
linux-portability (ubuntu-24.04-arm)	Prepare tested locales and C build tools	2026-09-20T11:29:40.1858827Z 
linux-portability (ubuntu-24.04-arm)	Prepare tested locales and C build tools	2026-09-20T11:29:40.1859072Z User sessions running outdated binaries:
linux-portability (ubuntu-24.04-arm)	Prepare tested locales and C build tools	2026-09-20T11:29:40.1859552Z  runner @ user manager service: systemd[1332]
linux-portability (ubuntu-24.04-arm)	Prepare tested locales and C build tools	2026-09-20T11:29:40.1971150Z 
linux-portability (ubuntu-24.04-arm)	Prepare tested locales and C build tools	2026-09-20T11:29:40.1998195Z No VM guests are running outdated hypervisor (qemu) binaries on this host.
linux-portability (ubuntu-24.04-arm)	Prepare tested locales and C build tools	2026-09-20T11:29:43.9298867Z C
linux-portability (ubuntu-24.04-arm)	Prepare tested locales and C build tools	2026-09-20T11:29:43.9299251Z C.utf8
linux-portability (ubuntu-24.04-arm)	Prepare tested locales and C build tools	2026-09-20T11:29:43.9299662Z POSIX
linux-portability (ubuntu-24.04-arm)	Prepare tested locales and C build tools	2026-09-20T11:29:43.9300022Z en_US.iso88591
linux-portability (ubuntu-24.04-arm)	Prepare tested locales and C build tools	2026-09-20T11:29:43.9300421Z en_US.utf8
linux-portability (ubuntu-24.04-arm)	Prepare tested locales and C build tools	2026-09-20T11:29:43.9300634Z tr_TR.iso88599
linux-portability (ubuntu-24.04-arm)	Prepare tested locales and C build tools	2026-09-20T11:29:43.9300837Z tr_TR.utf8
linux-portability (ubuntu-24.04-arm)	Build pinned original C oracle	﻿2026-09-20T11:29:43.9343839Z ##[group]Run git init ../c_awk
linux-portability (ubuntu-24.04-arm)	Build pinned original C oracle	2026-09-20T11:29:43.9344296Z [36;1mgit init ../c_awk[0m
linux-portability (ubuntu-24.04-arm)	Build pinned original C oracle	2026-09-20T11:29:43.9344698Z [36;1mgit -C ../c_awk remote add origin https://github.com/onetrueawk/awk.git[0m
linux-portability (ubuntu-24.04-arm)	Build pinned original C oracle	2026-09-20T11:29:43.9345311Z [36;1mgit -C ../c_awk fetch --depth 1 origin 5739fd79bcfc75ba7526773d0cf634521f8aca3c[0m
linux-portability (ubuntu-24.04-arm)	Build pinned original C oracle	2026-09-20T11:29:43.9345799Z [36;1mgit -C ../c_awk checkout --detach FETCH_HEAD[0m
linux-portability (ubuntu-24.04-arm)	Build pinned original C oracle	2026-09-20T11:29:43.9346135Z [36;1mmake -C ../c_awk[0m
linux-portability (ubuntu-24.04-arm)	Build pinned original C oracle	2026-09-20T11:29:43.9346390Z [36;1m../c_awk/a.out --version[0m
linux-portability (ubuntu-24.04-arm)	Build pinned original C oracle	2026-09-20T11:29:43.9393161Z shell: /usr/bin/bash -e {0}
linux-portability (ubuntu-24.04-arm)	Build pinned original C oracle	2026-09-20T11:29:43.9393658Z env:
linux-portability (ubuntu-24.04-arm)	Build pinned original C oracle	2026-09-20T11:29:43.9393931Z   LC_ALL: C
linux-portability (ubuntu-24.04-arm)	Build pinned original C oracle	2026-09-20T11:29:43.9394154Z   CARGO_INCREMENTAL: 0
linux-portability (ubuntu-24.04-arm)	Build pinned original C oracle	2026-09-20T11:29:43.9394430Z   RUSTUP_TOOLCHAIN: 1.96.0
linux-portability (ubuntu-24.04-arm)	Build pinned original C oracle	2026-09-20T11:29:43.9394721Z ##[endgroup]
linux-portability (ubuntu-24.04-arm)	Build pinned original C oracle	2026-09-20T11:29:43.9475277Z hint: Using 'master' as the name for the initial branch. This default branch name
linux-portability (ubuntu-24.04-arm)	Build pinned original C oracle	2026-09-20T11:29:43.9475870Z hint: will change to "main" in Git 3.0. To configure the initial branch name
linux-portability (ubuntu-24.04-arm)	Build pinned original C oracle	2026-09-20T11:29:43.9476580Z hint: to use in all of your new repositories, which will suppress this warning,
linux-portability (ubuntu-24.04-arm)	Build pinned original C oracle	2026-09-20T11:29:43.9477100Z hint: call:
linux-portability (ubuntu-24.04-arm)	Build pinned original C oracle	2026-09-20T11:29:43.9477352Z hint:
linux-portability (ubuntu-24.04-arm)	Build pinned original C oracle	2026-09-20T11:29:43.9477617Z hint: 	git config --global init.defaultBranch <name>
linux-portability (ubuntu-24.04-arm)	Build pinned original C oracle	2026-09-20T11:29:43.9477924Z hint:
linux-portability (ubuntu-24.04-arm)	Build pinned original C oracle	2026-09-20T11:29:43.9478277Z hint: Names commonly chosen instead of 'master' are 'main', 'trunk' and
linux-portability (ubuntu-24.04-arm)	Build pinned original C oracle	2026-09-20T11:29:43.9478771Z hint: 'development'. The just-created branch can be renamed via this command:
linux-portability (ubuntu-24.04-arm)	Build pinned original C oracle	2026-09-20T11:29:43.9479151Z hint:
linux-portability (ubuntu-24.04-arm)	Build pinned original C oracle	2026-09-20T11:29:43.9479385Z hint: 	git branch -m <name>
linux-portability (ubuntu-24.04-arm)	Build pinned original C oracle	2026-09-20T11:29:43.9479634Z hint:
linux-portability (ubuntu-24.04-arm)	Build pinned original C oracle	2026-09-20T11:29:43.9480000Z hint: Disable this message with "git config set advice.defaultBranchName false"
linux-portability (ubuntu-24.04-arm)	Build pinned original C oracle	2026-09-20T11:29:43.9480535Z Initialized empty Git repository in /home/runner/work/rawk/rawk/c_awk/.git/
linux-portability (ubuntu-24.04-arm)	Build pinned original C oracle	2026-09-20T11:29:44.7974090Z From https://github.com/onetrueawk/awk
linux-portability (ubuntu-24.04-arm)	Build pinned original C oracle	2026-09-20T11:29:44.7974810Z  * branch            5739fd79bcfc75ba7526773d0cf634521f8aca3c -> FETCH_HEAD
linux-portability (ubuntu-24.04-arm)	Build pinned original C oracle	2026-09-20T11:29:44.8262344Z HEAD is now at 5739fd7 updated.
linux-portability (ubuntu-24.04-arm)	Build pinned original C oracle	2026-09-20T11:29:44.8291985Z make: Entering directory '/home/runner/work/rawk/rawk/c_awk'
linux-portability (ubuntu-24.04-arm)	Build pinned original C oracle	2026-09-20T11:29:44.8292457Z bison -d  awkgram.y
linux-portability (ubuntu-24.04-arm)	Build pinned original C oracle	2026-09-20T11:29:44.8322882Z awkgram.y: warning: 44 shift/reduce conflicts [-Wconflicts-sr]
linux-portability (ubuntu-24.04-arm)	Build pinned original C oracle	2026-09-20T11:29:44.8323502Z awkgram.y: warning: 85 reduce/reduce conflicts [-Wconflicts-rr]
linux-portability (ubuntu-24.04-arm)	Build pinned original C oracle	2026-09-20T11:29:44.8324091Z awkgram.y: note: rerun with option '-Wcounterexamples' to generate conflict counterexamples
linux-portability (ubuntu-24.04-arm)	Build pinned original C oracle	2026-09-20T11:29:44.9651904Z cc -g -Wall -pedantic -Wcast-qual   -O2   -c -o awkgram.tab.o awkgram.tab.c
linux-portability (ubuntu-24.04-arm)	Build pinned original C oracle	2026-09-20T11:29:45.9935729Z cc -g -Wall -pedantic -Wcast-qual   -O2   -c -o b.o b.c
linux-portability (ubuntu-24.04-arm)	Build pinned original C oracle	2026-09-20T11:29:46.3916668Z cc -g -Wall -pedantic -Wcast-qual   -O2   -c -o main.o main.c
linux-portability (ubuntu-24.04-arm)	Build pinned original C oracle	2026-09-20T11:29:46.5100342Z cc -g -Wall -pedantic -Wcast-qual   -O2   -c -o parse.o parse.c
linux-portability (ubuntu-24.04-arm)	Build pinned original C oracle	2026-09-20T11:29:46.8367617Z cc -g -Wall -pedantic -Wcast-qual -O2 maketab.c -o maketab
linux-portability (ubuntu-24.04-arm)	Build pinned original C oracle	2026-09-20T11:29:46.9063926Z ./maketab awkgram.tab.h >proctab.c
linux-portability (ubuntu-24.04-arm)	Build pinned original C oracle	2026-09-20T11:29:46.9075194Z cc -g -Wall -pedantic -Wcast-qual   -O2   -c -o proctab.o proctab.c
linux-portability (ubuntu-24.04-arm)	Build pinned original C oracle	2026-09-20T11:29:46.9275441Z cc -g -Wall -pedantic -Wcast-qual   -O2   -c -o tran.o tran.c
linux-portability (ubuntu-24.04-arm)	Build pinned original C oracle	2026-09-20T11:29:47.1550510Z cc -g -Wall -pedantic -Wcast-qual   -O2   -c -o lib.o lib.c
linux-portability (ubuntu-24.04-arm)	Build pinned original C oracle	2026-09-20T11:29:47.4744258Z cc -g -Wall -pedantic -Wcast-qual   -O2   -c -o run.o run.c
linux-portability (ubuntu-24.04-arm)	Build pinned original C oracle	2026-09-20T11:29:48.2396532Z cc -g -Wall -pedantic -Wcast-qual   -O2   -c -o lex.o lex.c
linux-portability (ubuntu-24.04-arm)	Build pinned original C oracle	2026-09-20T11:29:48.4854545Z cc -g -Wall -pedantic -Wcast-qual   -O2 awkgram.tab.o b.o main.o parse.o proctab.o tran.o lib.o run.o lex.o   -lm
linux-portability (ubuntu-24.04-arm)	Build pinned original C oracle	2026-09-20T11:29:48.5067319Z make: Leaving directory '/home/runner/work/rawk/rawk/c_awk'
linux-portability (ubuntu-24.04-arm)	Build pinned original C oracle	2026-09-20T11:29:48.5075212Z awk version 20260426
linux-portability (ubuntu-24.04-arm)	Record native oracle formatting behavior	﻿2026-09-20T11:29:48.5113709Z ##[group]Run python3 scripts/format_platform_probe.py --output diary/format-platform-ci.json
linux-portability (ubuntu-24.04-arm)	Record native oracle formatting behavior	2026-09-20T11:29:48.5114441Z [36;1mpython3 scripts/format_platform_probe.py --output diary/format-platform-ci.json[0m
linux-portability (ubuntu-24.04-arm)	Record native oracle formatting behavior	2026-09-20T11:29:48.5149296Z shell: /usr/bin/bash -e {0}
linux-portability (ubuntu-24.04-arm)	Record native oracle formatting behavior	2026-09-20T11:29:48.5149715Z env:
linux-portability (ubuntu-24.04-arm)	Record native oracle formatting behavior	2026-09-20T11:29:48.5149919Z   LC_ALL: C
linux-portability (ubuntu-24.04-arm)	Record native oracle formatting behavior	2026-09-20T11:29:48.5150115Z   CARGO_INCREMENTAL: 0
linux-portability (ubuntu-24.04-arm)	Record native oracle formatting behavior	2026-09-20T11:29:48.5150404Z   RUSTUP_TOOLCHAIN: 1.96.0
linux-portability (ubuntu-24.04-arm)	Record native oracle formatting behavior	2026-09-20T11:29:48.5150668Z ##[endgroup]
linux-portability (ubuntu-24.04-arm)	Record native oracle formatting behavior	2026-09-20T11:29:48.7113705Z Recorded 220 native oracle cases in diary/format-platform-ci.json
linux-portability (ubuntu-24.04-arm)	Native portability gate (debug and release)	﻿2026-09-20T11:29:48.7206836Z ##[group]Run set -o pipefail
linux-portability (ubuntu-24.04-arm)	Native portability gate (debug and release)	2026-09-20T11:29:48.7207498Z [36;1mset -o pipefail[0m
linux-portability (ubuntu-24.04-arm)	Native portability gate (debug and release)	2026-09-20T11:29:48.7207872Z [36;1mbash scripts/check_portability.sh 2>&1 | tee diary/portability-ci.log[0m
linux-portability (ubuntu-24.04-arm)	Native portability gate (debug and release)	2026-09-20T11:29:48.7241780Z shell: /usr/bin/bash -e {0}
linux-portability (ubuntu-24.04-arm)	Native portability gate (debug and release)	2026-09-20T11:29:48.7242398Z env:
linux-portability (ubuntu-24.04-arm)	Native portability gate (debug and release)	2026-09-20T11:29:48.7242611Z   LC_ALL: C
linux-portability (ubuntu-24.04-arm)	Native portability gate (debug and release)	2026-09-20T11:29:48.7242809Z   CARGO_INCREMENTAL: 0
linux-portability (ubuntu-24.04-arm)	Native portability gate (debug and release)	2026-09-20T11:29:48.7243121Z   RUSTUP_TOOLCHAIN: 1.96.0
linux-portability (ubuntu-24.04-arm)	Native portability gate (debug and release)	2026-09-20T11:29:48.7243364Z ##[endgroup]
linux-portability (ubuntu-24.04-arm)	Native portability gate (debug and release)	2026-09-20T11:29:48.7312116Z Linux runnervmec22z 6.17.0-1022-azure #22-Ubuntu SMP Mon Jul 27 17:12:01 UTC 2026 aarch64 aarch64 aarch64 GNU/Linux
linux-portability (ubuntu-24.04-arm)	Native portability gate (debug and release)	2026-09-20T11:29:48.7391516Z rustc 1.96.0 (ac68faa20 2026-05-25)
linux-portability (ubuntu-24.04-arm)	Native portability gate (debug and release)	2026-09-20T11:29:48.8943282Z     Updating crates.io index
linux-portability (ubuntu-24.04-arm)	Native portability gate (debug and release)	2026-09-20T11:29:49.2406302Z  Downloading crates ...
linux-portability (ubuntu-24.04-arm)	Native portability gate (debug and release)	2026-09-20T11:29:49.3124185Z   Downloaded anstyle-query v1.1.5
linux-portability (ubuntu-24.04-arm)	Native portability gate (debug and release)	2026-09-20T11:29:49.3140120Z   Downloaded anstyle-parse v1.0.0
linux-portability (ubuntu-24.04-arm)	Native portability gate (debug and release)	2026-09-20T11:29:49.3152328Z   Downloaded anstyle v1.0.14
linux-portability (ubuntu-24.04-arm)	Native portability gate (debug and release)	2026-09-20T11:29:49.3162328Z   Downloaded anstream v1.0.0
linux-portability (ubuntu-24.04-arm)	Native portability gate (debug and release)	2026-09-20T11:29:49.3176416Z   Downloaded is_terminal_polyfill v1.70.2
linux-portability (ubuntu-24.04-arm)	Native portability gate (debug and release)	2026-09-20T11:29:49.3210215Z   Downloaded heck v0.5.0
linux-portability (ubuntu-24.04-arm)	Native portability gate (debug and release)	2026-09-20T11:29:49.3229525Z   Downloaded generic-array v0.14.7
linux-portability (ubuntu-24.04-arm)	Native portability gate (debug and release)	2026-09-20T11:29:49.3263710Z   Downloaded cpufeatures v0.2.17
linux-portability (ubuntu-24.04-arm)	Native portability gate (debug and release)	2026-09-20T11:29:49.3275079Z   Downloaded errno v0.3.14
linux-portability (ubuntu-24.04-arm)	Native portability gate (debug and release)	2026-09-20T11:29:49.3285777Z   Downloaded cfg-if v1.0.4
linux-portability (ubuntu-24.04-arm)	Native portability gate (debug and release)	2026-09-20T11:29:49.3293895Z   Downloaded fastrand v2.4.1
linux-portability (ubuntu-24.04-arm)	Native portability gate (debug and release)	2026-09-20T11:29:49.3306501Z   Downloaded utf8parse v0.2.2
linux-portability (ubuntu-24.04-arm)	Native portability gate (debug and release)	2026-09-20T11:29:49.3314405Z   Downloaded digest v0.10.7
linux-portability (ubuntu-24.04-arm)	Native portability gate (debug and release)	2026-09-20T11:29:49.3327628Z   Downloaded pest_generator v2.8.6
linux-portability (ubuntu-24.04-arm)	Native portability gate (debug and release)	2026-09-20T11:29:49.3340070Z   Downloaded bit-set v0.8.0
linux-portability (ubuntu-24.04-arm)	Native portability gate (debug and release)	2026-09-20T11:29:49.3348750Z   Downloaded iana-time-zone v0.1.65
linux-portability (ubuntu-24.04-arm)	Native portability gate (debug and release)	2026-09-20T11:29:49.3368325Z   Downloaded sprintf v0.4.3
linux-portability (ubuntu-24.04-arm)	Native portability gate (debug and release)	2026-09-20T11:29:49.3376211Z   Downloaded crypto-common v0.1.7
linux-portability (ubuntu-24.04-arm)	Native portability gate (debug and release)	2026-09-20T11:29:49.3383039Z   Downloaded unarray v0.1.4
linux-portability (ubuntu-24.04-arm)	Native portability gate (debug and release)	2026-09-20T11:29:49.3392265Z   Downloaded thiserror-impl v2.0.18
linux-portability (ubuntu-24.04-arm)	Native portability gate (debug and release)	2026-09-20T11:29:49.3401263Z   Downloaded ppv-lite86 v0.2.21
linux-portability (ubuntu-24.04-arm)	Native portability gate (debug and release)	2026-09-20T11:29:49.3410283Z   Downloaded version_check v0.9.5
linux-portability (ubuntu-24.04-arm)	Native portability gate (debug and release)	2026-09-20T11:29:49.3419638Z   Downloaded quick-error v1.2.3
linux-portability (ubuntu-24.04-arm)	Native portability gate (debug and release)	2026-09-20T11:29:49.3428390Z   Downloaded wait-timeout v0.2.1
linux-portability (ubuntu-24.04-arm)	Native portability gate (debug and release)	2026-09-20T11:29:49.3438343Z   Downloaded colorchoice v1.0.5
linux-portability (ubuntu-24.04-arm)	Native portability gate (debug and release)	2026-09-20T11:29:49.3444921Z   Downloaded clap_lex v1.1.0
linux-portability (ubuntu-24.04-arm)	Native portability gate (debug and release)	2026-09-20T11:29:49.3452661Z   Downloaded getrandom v0.4.2
linux-portability (ubuntu-24.04-arm)	Native portability gate (debug and release)	2026-09-20T11:29:49.3479242Z   Downloaded thiserror v2.0.18
linux-portability (ubuntu-24.04-arm)	Native portability gate (debug and release)	2026-09-20T11:29:49.3510863Z   Downloaded rand_core v0.9.5
linux-portability (ubuntu-24.04-arm)	Native portability gate (debug and release)	2026-09-20T11:29:49.3520872Z   Downloaded quote v1.0.45
linux-portability (ubuntu-24.04-arm)	Native portability gate (debug and release)	2026-09-20T11:29:49.3538756Z   Downloaded unicode-ident v1.0.24
linux-portability (ubuntu-24.04-arm)	Native portability gate (debug and release)	2026-09-20T11:29:49.3554828Z   Downloaded anyhow v1.0.102
linux-portability (ubuntu-24.04-arm)	Native portability gate (debug and release)	2026-09-20T11:29:49.3580616Z   Downloaded serde_core v1.0.228
linux-portability (ubuntu-24.04-arm)	Native portability gate (debug and release)	2026-09-20T11:29:49.3600731Z   Downloaded proc-macro2 v1.0.106
linux-portability (ubuntu-24.04-arm)	Native portability gate (debug and release)	2026-09-20T11:29:49.3620248Z   Downloaded serde v1.0.228
linux-portability (ubuntu-24.04-arm)	Native portability gate (debug and release)	2026-09-20T11:29:49.3642949Z   Downloaded typenum v1.20.0
linux-portability (ubuntu-24.04-arm)	Native portability gate (debug and release)	2026-09-20T11:29:49.3667427Z   Downloaded rand v0.10.1
linux-portability (ubuntu-24.04-arm)	Native portability gate (debug and release)	2026-09-20T11:29:49.3693220Z   Downloaded rand v0.9.4
linux-portability (ubuntu-24.04-arm)	Native portability gate (debug and release)	2026-09-20T11:29:49.3717405Z   Downloaded pest v2.8.6
linux-portability (ubuntu-24.04-arm)	Native portability gate (debug and release)	2026-09-20T11:29:49.3746311Z   Downloaded regex v1.12.3
linux-portability (ubuntu-24.04-arm)	Native portability gate (debug and release)	2026-09-20T11:29:49.3779889Z   Downloaded proptest v1.11.0
linux-portability (ubuntu-24.04-arm)	Native portability gate (debug and release)	2026-09-20T11:29:49.3831909Z   Downloaded quick-xml v0.39.2
linux-portability (ubuntu-24.04-arm)	Native portability gate (debug and release)	2026-09-20T11:29:49.3869416Z   Downloaded clap_builder v4.6.0
linux-portability (ubuntu-24.04-arm)	Native portability gate (debug and release)	2026-09-20T11:29:49.3907169Z   Downloaded memchr v2.8.0
linux-portability (ubuntu-24.04-arm)	Native portability gate (debug and release)	2026-09-20T11:29:49.3939897Z   Downloaded syn v2.0.117
linux-portability (ubuntu-24.04-arm)	Native portability gate (debug and release)	2026-09-20T11:29:49.4001210Z   Downloaded chrono v0.4.44
linux-portability (ubuntu-24.04-arm)	Native portability gate (debug and release)	2026-09-20T11:29:49.4042776Z   Downloaded zerocopy v0.8.48
linux-portability (ubuntu-24.04-arm)	Native portability gate (debug and release)	2026-09-20T11:29:49.4149682Z   Downloaded pest_meta v2.8.6
linux-portability (ubuntu-24.04-arm)	Native portability gate (debug and release)	2026-09-20T11:29:49.4164769Z   Downloaded clap v4.6.1
linux-portability (ubuntu-24.04-arm)	Native portability gate (debug and release)	2026-09-20T11:29:49.4212602Z   Downloaded pest_derive v2.8.6
linux-portability (ubuntu-24.04-arm)	Native portability gate (debug and release)	2026-09-20T11:29:49.4226751Z   Downloaded regex-syntax v0.8.10
linux-portability (ubuntu-24.04-arm)	Native portability gate (debug and release)	2026-09-20T11:29:49.4272796Z   Downloaded num-traits v0.2.19
linux-portability (ubuntu-24.04-arm)	Native portability gate (debug and release)	2026-09-20T11:29:49.4288626Z   Downloaded rustix v1.1.4
linux-portability (ubuntu-24.04-arm)	Native portability gate (debug and release)	2026-09-20T11:29:49.4425476Z   Downloaded ucd-trie v0.1.7
linux-portability (ubuntu-24.04-arm)	Native portability gate (debug and release)	2026-09-20T11:29:49.4434776Z   Downloaded serde_derive v1.0.228
linux-portability (ubuntu-24.04-arm)	Native portability gate (debug and release)	2026-09-20T11:29:49.4452322Z   Downloaded once_cell v1.21.4
linux-portability (ubuntu-24.04-arm)	Native portability gate (debug and release)	2026-09-20T11:29:49.4466763Z   Downloaded bit-vec v0.8.0
linux-portability (ubuntu-24.04-arm)	Native portability gate (debug and release)	2026-09-20T11:29:49.4477450Z   Downloaded autocfg v1.5.0
linux-portability (ubuntu-24.04-arm)	Native portability gate (debug and release)	2026-09-20T11:29:49.4487737Z   Downloaded tempfile v3.27.0
linux-portability (ubuntu-24.04-arm)	Native portability gate (debug and release)	2026-09-20T11:29:49.4502263Z   Downloaded sha2 v0.10.9
linux-portability (ubuntu-24.04-arm)	Native portability gate (debug and release)	2026-09-20T11:29:49.4518680Z   Downloaded rusty-fork v0.3.1
linux-portability (ubuntu-24.04-arm)	Native portability gate (debug and release)	2026-09-20T11:29:49.4527415Z   Downloaded rand_xorshift v0.4.0
linux-portability (ubuntu-24.04-arm)	Native portability gate (debug and release)	2026-09-20T11:29:49.4533873Z   Downloaded rand_core v0.10.1
linux-portability (ubuntu-24.04-arm)	Native portability gate (debug and release)	2026-09-20T11:29:49.4543465Z   Downloaded rand_chacha v0.9.0
linux-portability (ubuntu-24.04-arm)	Native portability gate (debug and release)	2026-09-20T11:29:49.4550823Z   Downloaded getrandom v0.3.4
linux-portability (ubuntu-24.04-arm)	Native portability gate (debug and release)	2026-09-20T11:29:49.4570693Z   Downloaded regex-automata v0.4.14
linux-portability (ubuntu-24.04-arm)	Native portability gate (debug and release)	2026-09-20T11:29:49.4656775Z   Downloaded chacha20 v0.10.0
linux-portability (ubuntu-24.04-arm)	Native portability gate (debug and release)	2026-09-20T11:29:49.4670209Z   Downloaded clap_derive v4.6.1
linux-portability (ubuntu-24.04-arm)	Native portability gate (debug and release)	2026-09-20T11:29:49.4682468Z   Downloaded bitflags v2.11.1
linux-portability (ubuntu-24.04-arm)	Native portability gate (debug and release)	2026-09-20T11:29:49.4705002Z   Downloaded strsim v0.11.1
linux-portability (ubuntu-24.04-arm)	Native portability gate (debug and release)	2026-09-20T11:29:49.4712528Z   Downloaded fnv v1.0.7
linux-portability (ubuntu-24.04-arm)	Native portability gate (debug and release)	2026-09-20T11:29:49.4718484Z   Downloaded block-buffer v0.10.4
linux-portability (ubuntu-24.04-arm)	Native portability gate (debug and release)	2026-09-20T11:29:49.4724713Z   Downloaded aho-corasick v1.1.4
linux-portability (ubuntu-24.04-arm)	Native portability gate (debug and release)	2026-09-20T11:29:49.4757422Z   Downloaded libc v0.2.186
linux-portability (ubuntu-24.04-arm)	Native portability gate (debug and release)	2026-09-20T11:29:49.5054334Z   Downloaded linux-raw-sys v0.12.1
linux-portability (ubuntu-24.04-arm)	Native portability gate (debug and release)	2026-09-20T11:29:49.5823612Z    Compiling proc-macro2 v1.0.106
linux-portability (ubuntu-24.04-arm)	Native portability gate (debug and release)	2026-09-20T11:29:49.5825354Z    Compiling quote v1.0.45
linux-portability (ubuntu-24.04-arm)	Native portability gate (debug and release)	2026-09-20T11:29:49.5825697Z    Compiling libc v0.2.186
linux-portability (ubuntu-24.04-arm)	Native portability gate (debug and release)	2026-09-20T11:29:49.5826120Z    Compiling unicode-ident v1.0.24
linux-portability (ubuntu-24.04-arm)	Native portability gate (debug and release)	2026-09-20T11:29:49.6308340Z     Checking cfg-if v1.0.4
linux-portability (ubuntu-24.04-arm)	Native portability gate (debug and release)	2026-09-20T11:29:49.6410640Z     Checking rand_core v0.10.1
linux-portability (ubuntu-24.04-arm)	Native portability gate (debug and release)	2026-09-20T11:29:49.7028730Z    Compiling getrandom v0.4.2
linux-portability (ubuntu-24.04-arm)	Native portability gate (debug and release)	2026-09-20T11:29:49.7700925Z    Compiling autocfg v1.5.0
linux-portability (ubuntu-24.04-arm)	Native portability gate (debug and release)	2026-09-20T11:29:49.8390313Z     Checking memchr v2.8.0
linux-portability (ubuntu-24.04-arm)	Native portability gate (debug and release)	2026-09-20T11:29:50.0448109Z    Compiling rustix v1.1.4
linux-portability (ubuntu-24.04-arm)	Native portability gate (debug and release)	2026-09-20T11:29:50.0708090Z    Compiling num-traits v0.2.19
linux-portability (ubuntu-24.04-arm)	Native portability gate (debug and release)	2026-09-20T11:29:50.3028670Z    Compiling syn v2.0.117
linux-portability (ubuntu-24.04-arm)	Native portability gate (debug and release)	2026-09-20T11:29:50.3238139Z    Compiling ucd-trie v0.1.7
linux-portability (ubuntu-24.04-arm)	Native portability gate (debug and release)	2026-09-20T11:29:50.3355231Z    Compiling serde_core v1.0.228
linux-portability (ubuntu-24.04-arm)	Native portability gate (debug and release)	2026-09-20T11:29:50.4257882Z     Checking linux-raw-sys v0.12.1
linux-portability (ubuntu-24.04-arm)	Native portability gate (debug and release)	2026-09-20T11:29:50.5097954Z    Compiling getrandom v0.3.4
linux-portability (ubuntu-24.04-arm)	Native portability gate (debug and release)	2026-09-20T11:29:50.6180703Z     Checking bitflags v2.11.1
linux-portability (ubuntu-24.04-arm)	Native portability gate (debug and release)	2026-09-20T11:29:50.6898143Z     Checking utf8parse v0.2.2
linux-portability (ubuntu-24.04-arm)	Native portability gate (debug and release)	2026-09-20T11:29:50.7168072Z     Checking anstyle-parse v1.0.0
linux-portability (ubuntu-24.04-arm)	Native portability gate (debug and release)	2026-09-20T11:29:50.7729241Z    Compiling pest v2.8.6
linux-portability (ubuntu-24.04-arm)	Native portability gate (debug and release)	2026-09-20T11:29:50.8233926Z     Checking anstyle v1.0.14
linux-portability (ubuntu-24.04-arm)	Native portability gate (debug and release)	2026-09-20T11:29:50.9071017Z     Checking anstyle-query v1.1.5
linux-portability (ubuntu-24.04-arm)	Native portability gate (debug and release)	2026-09-20T11:29:50.9304349Z     Checking colorchoice v1.0.5
linux-portability (ubuntu-24.04-arm)	Native portability gate (debug and release)	2026-09-20T11:29:50.9568108Z     Checking fastrand v2.4.1
linux-portability (ubuntu-24.04-arm)	Native portability gate (debug and release)	2026-09-20T11:29:51.0348168Z    Compiling thiserror v2.0.18
linux-portability (ubuntu-24.04-arm)	Native portability gate (debug and release)	2026-09-20T11:29:51.2297967Z     Checking once_cell v1.21.4
linux-portability (ubuntu-24.04-arm)	Native portability gate (debug and release)	2026-09-20T11:29:51.3108286Z    Compiling serde v1.0.228
linux-portability (ubuntu-24.04-arm)	Native portability gate (debug and release)	2026-09-20T11:29:51.4848071Z     Checking regex-syntax v0.8.10
linux-portability (ubuntu-24.04-arm)	Native portability gate (debug and release)	2026-09-20T11:29:51.5238007Z     Checking is_terminal_polyfill v1.70.2
linux-portability (ubuntu-24.04-arm)	Native portability gate (debug and release)	2026-09-20T11:29:51.5518355Z     Checking anstream v1.0.0
linux-portability (ubuntu-24.04-arm)	Native portability gate (debug and release)	2026-09-20T11:29:51.6591019Z    Compiling pest_meta v2.8.6
linux-portability (ubuntu-24.04-arm)	Native portability gate (debug and release)	2026-09-20T11:29:51.6728130Z     Checking tempfile v3.27.0
linux-portability (ubuntu-24.04-arm)	Native portability gate (debug and release)	2026-09-20T11:29:52.5154254Z     Checking aho-corasick v1.1.4
linux-portability (ubuntu-24.04-arm)	Native portability gate (debug and release)	2026-09-20T11:29:52.9698257Z    Compiling heck v0.5.0
linux-portability (ubuntu-24.04-arm)	Native portability gate (debug and release)	2026-09-20T11:29:53.0188642Z    Compiling zerocopy v0.8.48
linux-portability (ubuntu-24.04-arm)	Native portability gate (debug and release)	2026-09-20T11:29:53.0928252Z     Checking strsim v0.11.1
linux-portability (ubuntu-24.04-arm)	Native portability gate (debug and release)	2026-09-20T11:29:53.0965891Z    Compiling serde_derive v1.0.228
linux-portability (ubuntu-24.04-arm)	Native portability gate (debug and release)	2026-09-20T11:29:53.1658309Z    Compiling thiserror-impl v2.0.18
linux-portability (ubuntu-24.04-arm)	Native portability gate (debug and release)	2026-09-20T11:29:53.2648073Z    Compiling anyhow v1.0.102
linux-portability (ubuntu-24.04-arm)	Native portability gate (debug and release)	2026-09-20T11:29:53.3818192Z     Checking clap_lex v1.1.0
linux-portability (ubuntu-24.04-arm)	Native portability gate (debug and release)	2026-09-20T11:29:53.4404665Z     Checking clap_builder v4.6.0
linux-portability (ubuntu-24.04-arm)	Native portability gate (debug and release)	2026-09-20T11:29:53.4839438Z    Compiling clap_derive v4.6.1
linux-portability (ubuntu-24.04-arm)	Native portability gate (debug and release)	2026-09-20T11:29:54.1458120Z     Checking regex-automata v0.4.14
linux-portability (ubuntu-24.04-arm)	Native portability gate (debug and release)	2026-09-20T11:29:54.4208050Z     Checking rand_core v0.9.5
linux-portability (ubuntu-24.04-arm)	Native portability gate (debug and release)	2026-09-20T11:29:54.5055897Z    Compiling pest_generator v2.8.6
linux-portability (ubuntu-24.04-arm)	Native portability gate (debug and release)	2026-09-20T11:29:54.7408112Z     Checking chacha20 v0.10.0
linux-portability (ubuntu-24.04-arm)	Native portability gate (debug and release)	2026-09-20T11:29:54.8258166Z     Checking iana-time-zone v0.1.65
linux-portability (ubuntu-24.04-arm)	Native portability gate (debug and release)	2026-09-20T11:29:54.9428021Z    Compiling pest_derive v2.8.6
linux-portability (ubuntu-24.04-arm)	Native portability gate (debug and release)	2026-09-20T11:29:55.2586027Z     Checking chrono v0.4.44
linux-portability (ubuntu-24.04-arm)	Native portability gate (debug and release)	2026-09-20T11:29:55.5437978Z     Checking quick-xml v0.39.2
linux-portability (ubuntu-24.04-arm)	Native portability gate (debug and release)	2026-09-20T11:29:55.5977970Z     Checking regex v1.12.3
linux-portability (ubuntu-24.04-arm)	Native portability gate (debug and release)	2026-09-20T11:29:55.6455498Z     Checking rand v0.10.1
linux-portability (ubuntu-24.04-arm)	Native portability gate (debug and release)	2026-09-20T11:29:55.7618062Z     Checking clap v4.6.1
linux-portability (ubuntu-24.04-arm)	Native portability gate (debug and release)	2026-09-20T11:29:55.7808325Z     Checking sprintf v0.4.3
linux-portability (ubuntu-24.04-arm)	Native portability gate (debug and release)	2026-09-20T11:29:55.9457996Z     Checking wait-timeout v0.2.1
linux-portability (ubuntu-24.04-arm)	Native portability gate (debug and release)	2026-09-20T11:29:55.9615044Z     Checking quick-error v1.2.3
linux-portability (ubuntu-24.04-arm)	Native portability gate (debug and release)	2026-09-20T11:29:55.9858649Z     Checking bit-vec v0.8.0
linux-portability (ubuntu-24.04-arm)	Native portability gate (debug and release)	2026-09-20T11:29:55.9886407Z     Checking fnv v1.0.7
linux-portability (ubuntu-24.04-arm)	Native portability gate (debug and release)	2026-09-20T11:29:56.0107569Z     Checking rusty-fork v0.3.1
linux-portability (ubuntu-24.04-arm)	Native portability gate (debug and release)	2026-09-20T11:29:56.0818783Z     Checking rand v0.9.4
linux-portability (ubuntu-24.04-arm)	Native portability gate (debug and release)	2026-09-20T11:29:56.0878077Z     Checking bit-set v0.8.0
linux-portability (ubuntu-24.04-arm)	Native portability gate (debug and release)	2026-09-20T11:29:56.1453947Z     Checking rand_xorshift v0.4.0
linux-portability (ubuntu-24.04-arm)	Native portability gate (debug and release)	2026-09-20T11:29:56.1847955Z     Checking unarray v0.1.4
linux-portability (ubuntu-24.04-arm)	Native portability gate (debug and release)	2026-09-20T11:29:56.3071373Z     Checking rawk v0.1.0 (/home/runner/work/rawk/rawk/rawk)
linux-portability (ubuntu-24.04-arm)	Native portability gate (debug and release)	2026-09-20T11:29:58.0846468Z     Checking ppv-lite86 v0.2.21
linux-portability (ubuntu-24.04-arm)	Native portability gate (debug and release)	2026-09-20T11:29:58.1960829Z     Checking rand_chacha v0.9.0
linux-portability (ubuntu-24.04-arm)	Native portability gate (debug and release)	2026-09-20T11:29:58.2657525Z     Checking proptest v1.11.0
linux-portability (ubuntu-24.04-arm)	Native portability gate (debug and release)	2026-09-20T11:30:01.0070755Z     Finished `dev` profile [unoptimized + debuginfo] target(s) in 12.13s
linux-portability (ubuntu-24.04-arm)	Native portability gate (debug and release)	2026-09-20T11:30:01.1112018Z    Compiling proc-macro2 v1.0.106
linux-portability (ubuntu-24.04-arm)	Native portability gate (debug and release)	2026-09-20T11:30:01.1114787Z    Compiling quote v1.0.45
linux-portability (ubuntu-24.04-arm)	Native portability gate (debug and release)	2026-09-20T11:30:01.1115659Z    Compiling unicode-ident v1.0.24
linux-portability (ubuntu-24.04-arm)	Native portability gate (debug and release)	2026-09-20T11:30:01.1116052Z    Compiling libc v0.2.186
linux-portability (ubuntu-24.04-arm)	Native portability gate (debug and release)	2026-09-20T11:30:01.1503167Z    Compiling memchr v2.8.0
linux-portability (ubuntu-24.04-arm)	Native portability gate (debug and release)	2026-09-20T11:30:01.2528284Z    Compiling rand_core v0.10.1
linux-portability (ubuntu-24.04-arm)	Native portability gate (debug and release)	2026-09-20T11:30:01.3077915Z    Compiling serde_core v1.0.228
linux-portability (ubuntu-24.04-arm)	Native portability gate (debug and release)	2026-09-20T11:30:01.3263110Z    Compiling utf8parse v0.2.2
linux-portability (ubuntu-24.04-arm)	Native portability gate (debug and release)	2026-09-20T11:30:01.3808016Z    Compiling getrandom v0.4.2
linux-portability (ubuntu-24.04-arm)	Native portability gate (debug and release)	2026-09-20T11:30:01.4758075Z    Compiling autocfg v1.5.0
linux-portability (ubuntu-24.04-arm)	Native portability gate (debug and release)	2026-09-20T11:30:01.4787887Z    Compiling ucd-trie v0.1.7
linux-portability (ubuntu-24.04-arm)	Native portability gate (debug and release)	2026-09-20T11:30:01.7063000Z    Compiling syn v2.0.117
linux-portability (ubuntu-24.04-arm)	Native portability gate (debug and release)	2026-09-20T11:30:01.7178894Z    Compiling cfg-if v1.0.4
linux-portability (ubuntu-24.04-arm)	Native portability gate (debug and release)	2026-09-20T11:30:01.7394015Z    Compiling num-traits v0.2.19
linux-portability (ubuntu-24.04-arm)	Native portability gate (debug and release)	2026-09-20T11:30:01.7677651Z    Compiling anstyle-parse v1.0.0
linux-portability (ubuntu-24.04-arm)	Native portability gate (debug and release)	2026-09-20T11:30:01.8883468Z    Compiling is_terminal_polyfill v1.70.2
linux-portability (ubuntu-24.04-arm)	Native portability gate (debug and release)	2026-09-20T11:30:01.9182618Z    Compiling anstyle v1.0.14
linux-portability (ubuntu-24.04-arm)	Native portability gate (debug and release)	2026-09-20T11:30:02.0434533Z    Compiling pest v2.8.6
linux-portability (ubuntu-24.04-arm)	Native portability gate (debug and release)	2026-09-20T11:30:02.0678050Z    Compiling thiserror v2.0.18
linux-portability (ubuntu-24.04-arm)	Native portability gate (debug and release)	2026-09-20T11:30:02.2307979Z    Compiling anstyle-query v1.1.5
linux-portability (ubuntu-24.04-arm)	Native portability gate (debug and release)	2026-09-20T11:30:02.2600391Z    Compiling colorchoice v1.0.5
linux-portability (ubuntu-24.04-arm)	Native portability gate (debug and release)	2026-09-20T11:30:02.2978134Z    Compiling serde v1.0.228
linux-portability (ubuntu-24.04-arm)	Native portability gate (debug and release)	2026-09-20T11:30:02.4328885Z    Compiling rustix v1.1.4
linux-portability (ubuntu-24.04-arm)	Native portability gate (debug and release)	2026-09-20T11:30:02.5898023Z    Compiling anstream v1.0.0
linux-portability (ubuntu-24.04-arm)	Native portability gate (debug and release)	2026-09-20T11:30:02.9388479Z    Compiling pest_meta v2.8.6
linux-portability (ubuntu-24.04-arm)	Native portability gate (debug and release)	2026-09-20T11:30:02.9417584Z    Compiling aho-corasick v1.1.4
linux-portability (ubuntu-24.04-arm)	Native portability gate (debug and release)	2026-09-20T11:30:04.0029394Z    Compiling heck v0.5.0
linux-portability (ubuntu-24.04-arm)	Native portability gate (debug and release)	2026-09-20T11:30:04.1079605Z    Compiling linux-raw-sys v0.12.1
linux-portability (ubuntu-24.04-arm)	Native portability gate (debug and release)	2026-09-20T11:30:04.2768283Z    Compiling serde_derive v1.0.228
linux-portability (ubuntu-24.04-arm)	Native portability gate (debug and release)	2026-09-20T11:30:04.3378219Z    Compiling thiserror-impl v2.0.18
linux-portability (ubuntu-24.04-arm)	Native portability gate (debug and release)	2026-09-20T11:30:04.3607982Z    Compiling strsim v0.11.1
linux-portability (ubuntu-24.04-arm)	Native portability gate (debug and release)	2026-09-20T11:30:04.9707974Z    Compiling bitflags v2.11.1
linux-portability (ubuntu-24.04-arm)	Native portability gate (debug and release)	2026-09-20T11:30:05.2268181Z    Compiling clap_lex v1.1.0
linux-portability (ubuntu-24.04-arm)	Native portability gate (debug and release)	2026-09-20T11:30:05.2687953Z    Compiling anyhow v1.0.102
linux-portability (ubuntu-24.04-arm)	Native portability gate (debug and release)	2026-09-20T11:30:05.4388581Z    Compiling regex-syntax v0.8.10
linux-portability (ubuntu-24.04-arm)	Native portability gate (debug and release)	2026-09-20T11:30:05.4948073Z    Compiling clap_builder v4.6.0
linux-portability (ubuntu-24.04-arm)	Native portability gate (debug and release)	2026-09-20T11:30:06.8558308Z    Compiling regex-automata v0.4.14
linux-portability (ubuntu-24.04-arm)	Native portability gate (debug and release)	2026-09-20T11:30:08.5298025Z    Compiling clap_derive v4.6.1
linux-portability (ubuntu-24.04-arm)	Native portability gate (debug and release)	2026-09-20T11:30:09.7248107Z    Compiling pest_generator v2.8.6
linux-portability (ubuntu-24.04-arm)	Native portability gate (debug and release)	2026-09-20T11:30:10.6488432Z    Compiling chacha20 v0.10.0
linux-portability (ubuntu-24.04-arm)	Native portability gate (debug and release)	2026-09-20T11:30:10.7835792Z    Compiling fastrand v2.4.1
linux-portability (ubuntu-24.04-arm)	Native portability gate (debug and release)	2026-09-20T11:30:10.9368306Z    Compiling iana-time-zone v0.1.65
linux-portability (ubuntu-24.04-arm)	Native portability gate (debug and release)	2026-09-20T11:30:11.2638147Z    Compiling once_cell v1.21.4
linux-portability (ubuntu-24.04-arm)	Native portability gate (debug and release)	2026-09-20T11:30:11.3868017Z    Compiling tempfile v3.27.0
linux-portability (ubuntu-24.04-arm)	Native portability gate (debug and release)	2026-09-20T11:30:12.0848076Z    Compiling chrono v0.4.44
linux-portability (ubuntu-24.04-arm)	Native portability gate (debug and release)	2026-09-20T11:30:12.8365344Z    Compiling rand v0.10.1
linux-portability (ubuntu-24.04-arm)	Native portability gate (debug and release)	2026-09-20T11:30:13.3549455Z    Compiling pest_derive v2.8.6
linux-portability (ubuntu-24.04-arm)	Native portability gate (debug and release)	2026-09-20T11:30:13.6214825Z    Compiling clap v4.6.1
linux-portability (ubuntu-24.04-arm)	Native portability gate (debug and release)	2026-09-20T11:30:13.6543450Z    Compiling regex v1.12.3
linux-portability (ubuntu-24.04-arm)	Native portability gate (debug and release)	2026-09-20T11:30:14.7048375Z    Compiling quick-xml v0.39.2
linux-portability (ubuntu-24.04-arm)	Native portability gate (debug and release)	2026-09-20T11:30:14.8168100Z    Compiling sprintf v0.4.3
linux-portability (ubuntu-24.04-arm)	Native portability gate (debug and release)	2026-09-20T11:30:16.8778591Z    Compiling rawk v0.1.0 (/home/runner/work/rawk/rawk/rawk)
linux-portability (ubuntu-24.04-arm)	Native portability gate (debug and release)	2026-09-20T11:30:25.8443330Z     Finished `release` profile [optimized] target(s) in 24.79s
linux-portability (ubuntu-24.04-arm)	Native portability gate (debug and release)	2026-09-20T11:30:25.9072014Z    Compiling cfg-if v1.0.4
linux-portability (ubuntu-24.04-arm)	Native portability gate (debug and release)	2026-09-20T11:30:25.9073446Z    Compiling libc v0.2.186
linux-portability (ubuntu-24.04-arm)	Native portability gate (debug and release)	2026-09-20T11:30:25.9087626Z    Compiling memchr v2.8.0
linux-portability (ubuntu-24.04-arm)	Native portability gate (debug and release)	2026-09-20T11:30:25.9103373Z    Compiling rand_core v0.10.1
linux-portability (ubuntu-24.04-arm)	Native portability gate (debug and release)	2026-09-20T11:30:25.9283722Z    Compiling utf8parse v0.2.2
linux-portability (ubuntu-24.04-arm)	Native portability gate (debug and release)	2026-09-20T11:30:25.9612465Z    Compiling ucd-trie v0.1.7
linux-portability (ubuntu-24.04-arm)	Native portability gate (debug and release)	2026-09-20T11:30:25.9782996Z    Compiling bitflags v2.11.1
linux-portability (ubuntu-24.04-arm)	Native portability gate (debug and release)	2026-09-20T11:30:26.1078351Z    Compiling linux-raw-sys v0.12.1
linux-portability (ubuntu-24.04-arm)	Native portability gate (debug and release)	2026-09-20T11:30:26.1478726Z    Compiling anstyle-parse v1.0.0
linux-portability (ubuntu-24.04-arm)	Native portability gate (debug and release)	2026-09-20T11:30:26.2332633Z    Compiling pest v2.8.6
linux-portability (ubuntu-24.04-arm)	Native portability gate (debug and release)	2026-09-20T11:30:26.2548114Z    Compiling anstyle v1.0.14
linux-portability (ubuntu-24.04-arm)	Native portability gate (debug and release)	2026-09-20T11:30:26.3198308Z    Compiling rustix v1.1.4
linux-portability (ubuntu-24.04-arm)	Native portability gate (debug and release)	2026-09-20T11:30:26.3688175Z    Compiling once_cell v1.21.4
linux-portability (ubuntu-24.04-arm)	Native portability gate (debug and release)	2026-09-20T11:30:26.4737455Z    Compiling getrandom v0.4.2
linux-portability (ubuntu-24.04-arm)	Native portability gate (debug and release)	2026-09-20T11:30:26.4980671Z    Compiling colorchoice v1.0.5
linux-portability (ubuntu-24.04-arm)	Native portability gate (debug and release)	2026-09-20T11:30:26.5388032Z    Compiling fastrand v2.4.1
linux-portability (ubuntu-24.04-arm)	Native portability gate (debug and release)	2026-09-20T11:30:26.6018990Z    Compiling regex-syntax v0.8.10
linux-portability (ubuntu-24.04-arm)	Native portability gate (debug and release)	2026-09-20T11:30:26.6658118Z    Compiling anstyle-query v1.1.5
linux-portability (ubuntu-24.04-arm)	Native portability gate (debug and release)	2026-09-20T11:30:26.6958130Z    Compiling is_terminal_polyfill v1.70.2
linux-portability (ubuntu-24.04-arm)	Native portability gate (debug and release)	2026-09-20T11:30:26.7198001Z    Compiling anstream v1.0.0
linux-portability (ubuntu-24.04-arm)	Native portability gate (debug and release)	2026-09-20T11:30:26.9158190Z    Compiling getrandom v0.3.4
linux-portability (ubuntu-24.04-arm)	Native portability gate (debug and release)	2026-09-20T11:30:27.0364803Z    Compiling pest_meta v2.8.6
linux-portability (ubuntu-24.04-arm)	Native portability gate (debug and release)	2026-09-20T11:30:27.1927979Z    Compiling num-traits v0.2.19
linux-portability (ubuntu-24.04-arm)	Native portability gate (debug and release)	2026-09-20T11:30:27.6138154Z    Compiling tempfile v3.27.0
linux-portability (ubuntu-24.04-arm)	Native portability gate (debug and release)	2026-09-20T11:30:27.6568126Z    Compiling aho-corasick v1.1.4
linux-portability (ubuntu-24.04-arm)	Native portability gate (debug and release)	2026-09-20T11:30:27.9235500Z    Compiling serde_core v1.0.228
linux-portability (ubuntu-24.04-arm)	Native portability gate (debug and release)	2026-09-20T11:30:28.2790331Z    Compiling strsim v0.11.1
linux-portability (ubuntu-24.04-arm)	Native portability gate (debug and release)	2026-09-20T11:30:28.5694189Z    Compiling clap_lex v1.1.0
linux-portability (ubuntu-24.04-arm)	Native portability gate (debug and release)	2026-09-20T11:30:28.7118202Z    Compiling clap_builder v4.6.0
linux-portability (ubuntu-24.04-arm)	Native portability gate (debug and release)	2026-09-20T11:30:28.8578190Z    Compiling thiserror v2.0.18
linux-portability (ubuntu-24.04-arm)	Native portability gate (debug and release)	2026-09-20T11:30:28.8857993Z    Compiling regex-automata v0.4.14
linux-portability (ubuntu-24.04-arm)	Native portability gate (debug and release)	2026-09-20T11:30:29.1457826Z    Compiling pest_generator v2.8.6
linux-portability (ubuntu-24.04-arm)	Native portability gate (debug and release)	2026-09-20T11:30:29.4165523Z    Compiling serde v1.0.228
linux-portability (ubuntu-24.04-arm)	Native portability gate (debug and release)	2026-09-20T11:30:29.5697873Z    Compiling rand_core v0.9.5
linux-portability (ubuntu-24.04-arm)	Native portability gate (debug and release)	2026-09-20T11:30:29.6789399Z    Compiling chacha20 v0.10.0
linux-portability (ubuntu-24.04-arm)	Native portability gate (debug and release)	2026-09-20T11:30:29.7985743Z    Compiling iana-time-zone v0.1.65
linux-portability (ubuntu-24.04-arm)	Native portability gate (debug and release)	2026-09-20T11:30:29.8009671Z    Compiling rand v0.10.1
linux-portability (ubuntu-24.04-arm)	Native portability gate (debug and release)	2026-09-20T11:30:29.9738114Z    Compiling chrono v0.4.44
linux-portability (ubuntu-24.04-arm)	Native portability gate (debug and release)	2026-09-20T11:30:30.2517933Z    Compiling clap v4.6.1
linux-portability (ubuntu-24.04-arm)	Native portability gate (debug and release)	2026-09-20T11:30:30.2757984Z    Compiling quick-xml v0.39.2
linux-portability (ubuntu-24.04-arm)	Native portability gate (debug and release)	2026-09-20T11:30:31.2288375Z    Compiling regex v1.12.3
linux-portability (ubuntu-24.04-arm)	Native portability gate (debug and release)	2026-09-20T11:30:31.5396154Z    Compiling pest_derive v2.8.6
linux-portability (ubuntu-24.04-arm)	Native portability gate (debug and release)	2026-09-20T11:30:31.5688642Z    Compiling sprintf v0.4.3
linux-portability (ubuntu-24.04-arm)	Native portability gate (debug and release)	2026-09-20T11:30:31.7737274Z    Compiling anyhow v1.0.102
linux-portability (ubuntu-24.04-arm)	Native portability gate (debug and release)	2026-09-20T11:30:31.8708353Z    Compiling zerocopy v0.8.48
linux-portability (ubuntu-24.04-arm)	Native portability gate (debug and release)	2026-09-20T11:30:32.0448509Z    Compiling wait-timeout v0.2.1
linux-portability (ubuntu-24.04-arm)	Native portability gate (debug and release)	2026-09-20T11:30:32.0749256Z    Compiling quick-error v1.2.3
linux-portability (ubuntu-24.04-arm)	Native portability gate (debug and release)	2026-09-20T11:30:32.1031601Z    Compiling bit-vec v0.8.0
linux-portability (ubuntu-24.04-arm)	Native portability gate (debug and release)	2026-09-20T11:30:32.2258138Z    Compiling fnv v1.0.7
linux-portability (ubuntu-24.04-arm)	Native portability gate (debug and release)	2026-09-20T11:30:32.2287913Z    Compiling bit-set v0.8.0
linux-portability (ubuntu-24.04-arm)	Native portability gate (debug and release)	2026-09-20T11:30:32.2497827Z    Compiling rusty-fork v0.3.1
linux-portability (ubuntu-24.04-arm)	Native portability gate (debug and release)	2026-09-20T11:30:32.2958305Z    Compiling rawk v0.1.0 (/home/runner/work/rawk/rawk/rawk)
linux-portability (ubuntu-24.04-arm)	Native portability gate (debug and release)	2026-09-20T11:30:32.5158113Z    Compiling rand v0.9.4
linux-portability (ubuntu-24.04-arm)	Native portability gate (debug and release)	2026-09-20T11:30:32.8518190Z    Compiling rand_xorshift v0.4.0
linux-portability (ubuntu-24.04-arm)	Native portability gate (debug and release)	2026-09-20T11:30:32.9078080Z    Compiling unarray v0.1.4
linux-portability (ubuntu-24.04-arm)	Native portability gate (debug and release)	2026-09-20T11:30:34.3233831Z    Compiling ppv-lite86 v0.2.21
linux-portability (ubuntu-24.04-arm)	Native portability gate (debug and release)	2026-09-20T11:30:34.4479542Z    Compiling rand_chacha v0.9.0
linux-portability (ubuntu-24.04-arm)	Native portability gate (debug and release)	2026-09-20T11:30:34.5279920Z    Compiling proptest v1.11.0
linux-portability (ubuntu-24.04-arm)	Native portability gate (debug and release)	2026-09-20T11:30:38.9592041Z     Finished `test` profile [unoptimized + debuginfo] target(s) in 13.10s
linux-portability (ubuntu-24.04-arm)	Native portability gate (debug and release)	2026-09-20T11:30:38.9651893Z      Running unittests src/lib.rs (target/debug/deps/rawk-cf2e1085fda57426)
linux-portability (ubuntu-24.04-arm)	Native portability gate (debug and release)	2026-09-20T11:30:38.9661085Z 
linux-portability (ubuntu-24.04-arm)	Native portability gate (debug and release)	2026-09-20T11:30:38.9661234Z running 0 tests
linux-portability (ubuntu-24.04-arm)	Native portability gate (debug and release)	2026-09-20T11:30:38.9662542Z 
linux-portability (ubuntu-24.04-arm)	Native portability gate (debug and release)	2026-09-20T11:30:38.9663146Z test result: ok. 0 passed; 0 failed; 0 ignored; 0 measured; 0 filtered out; finished in 0.00s
linux-portability (ubuntu-24.04-arm)	Native portability gate (debug and release)	2026-09-20T11:30:38.9663596Z 
linux-portability (ubuntu-24.04-arm)	Native portability gate (debug and release)	2026-09-20T11:30:38.9663845Z      Running unittests src/bin/diffrun.rs (target/debug/deps/diffrun-3b6e51535cd91098)
linux-portability (ubuntu-24.04-arm)	Native portability gate (debug and release)	2026-09-20T11:30:38.9670059Z 
linux-portability (ubuntu-24.04-arm)	Native portability gate (debug and release)	2026-09-20T11:30:38.9670343Z running 0 tests
linux-portability (ubuntu-24.04-arm)	Native portability gate (debug and release)	2026-09-20T11:30:38.9670505Z 
linux-portability (ubuntu-24.04-arm)	Native portability gate (debug and release)	2026-09-20T11:30:38.9670932Z test result: ok. 0 passed; 0 failed; 0 ignored; 0 measured; 0 filtered out; finished in 0.00s
linux-portability (ubuntu-24.04-arm)	Native portability gate (debug and release)	2026-09-20T11:30:38.9671287Z 
linux-portability (ubuntu-24.04-arm)	Native portability gate (debug and release)	2026-09-20T11:30:38.9681718Z      Running unittests src/main.rs (target/debug/deps/rawk-992d587babbada91)
linux-portability (ubuntu-24.04-arm)	Native portability gate (debug and release)	2026-09-20T11:30:38.9682054Z 
linux-portability (ubuntu-24.04-arm)	Native portability gate (debug and release)	2026-09-20T11:30:38.9682241Z running 4 tests
linux-portability (ubuntu-24.04-arm)	Native portability gate (debug and release)	2026-09-20T11:30:38.9689488Z test unicode_ere::tests::encoding_preserves_offsets_and_invalid_bytes_without_sentinels ... ok
linux-portability (ubuntu-24.04-arm)	Native portability gate (debug and release)	2026-09-20T11:30:38.9757894Z test unicode_ere::tests::compiled_intervals_cover_only_the_requested_runes ... ok
linux-portability (ubuntu-24.04-arm)	Native portability gate (debug and release)	2026-09-20T11:30:38.9805462Z test input::tests::separators_are_independent_of_read_boundaries ... ok
linux-portability (ubuntu-24.04-arm)	Native portability gate (debug and release)	2026-09-20T11:30:39.0098853Z test ere::stream::tests::physical_short_reads_do_not_change_bwk_lookahead ... ok
linux-portability (ubuntu-24.04-arm)	Native portability gate (debug and release)	2026-09-20T11:30:39.0099246Z 
linux-portability (ubuntu-24.04-arm)	Native portability gate (debug and release)	2026-09-20T11:30:39.0099638Z test result: ok. 4 passed; 0 failed; 0 ignored; 0 measured; 0 filtered out; finished in 0.04s
linux-portability (ubuntu-24.04-arm)	Native portability gate (debug and release)	2026-09-20T11:30:39.0100009Z 
linux-portability (ubuntu-24.04-arm)	Native portability gate (debug and release)	2026-09-20T11:30:39.0101986Z      Running tests/bytes_array_keys.rs (target/debug/deps/bytes_array_keys-8912e42706625c48)
linux-portability (ubuntu-24.04-arm)	Native portability gate (debug and release)	2026-09-20T11:30:39.0109524Z 
linux-portability (ubuntu-24.04-arm)	Native portability gate (debug and release)	2026-09-20T11:30:39.0109923Z running 3 tests
linux-portability (ubuntu-24.04-arm)	Native portability gate (debug and release)	2026-09-20T11:30:39.0235814Z test for_in_returns_all_distinct_byte_keys ... ok
linux-portability (ubuntu-24.04-arm)	Native portability gate (debug and release)	2026-09-20T11:30:39.0236251Z test nul_embedded_key_round_trips ... ok
linux-portability (ubuntu-24.04-arm)	Native portability gate (debug and release)	2026-09-20T11:30:39.0236727Z test distinct_high_byte_keys_do_not_collide ... ok
linux-portability (ubuntu-24.04-arm)	Native portability gate (debug and release)	2026-09-20T11:30:39.0237301Z 
linux-portability (ubuntu-24.04-arm)	Native portability gate (debug and release)	2026-09-20T11:30:39.0237580Z test result: ok. 3 passed; 0 failed; 0 ignored; 0 measured; 0 filtered out; finished in 0.01s
linux-portability (ubuntu-24.04-arm)	Native portability gate (debug and release)	2026-09-20T11:30:39.0237937Z 
linux-portability (ubuntu-24.04-arm)	Native portability gate (debug and release)	2026-09-20T11:30:39.0238171Z      Running tests/bytes_printf.rs (target/debug/deps/bytes_printf-d8adb88f194b5935)
linux-portability (ubuntu-24.04-arm)	Native portability gate (debug and release)	2026-09-20T11:30:39.0243988Z 
linux-portability (ubuntu-24.04-arm)	Native portability gate (debug and release)	2026-09-20T11:30:39.0244857Z running 6 tests
linux-portability (ubuntu-24.04-arm)	Native portability gate (debug and release)	2026-09-20T11:30:39.0327167Z test field_split_with_high_byte_fs ... ok
linux-portability (ubuntu-24.04-arm)	Native portability gate (debug and release)	2026-09-20T11:30:39.0328164Z test print_with_high_byte_ofs ... ok
linux-portability (ubuntu-24.04-arm)	Native portability gate (debug and release)	2026-09-20T11:30:39.0334152Z test printf_format_string_with_high_bytes ... ok
linux-portability (ubuntu-24.04-arm)	Native portability gate (debug and release)	2026-09-20T11:30:39.0336187Z test printf_c_emits_first_byte_raw ... ok
linux-portability (ubuntu-24.04-arm)	Native portability gate (debug and release)	2026-09-20T11:30:39.0395782Z test printf_s_preserves_high_byte ... ok
linux-portability (ubuntu-24.04-arm)	Native portability gate (debug and release)	2026-09-20T11:30:39.0405729Z test sprintf_high_byte_round_trip ... ok
linux-portability (ubuntu-24.04-arm)	Native portability gate (debug and release)	2026-09-20T11:30:39.0406027Z 
linux-portability (ubuntu-24.04-arm)	Native portability gate (debug and release)	2026-09-20T11:30:39.0406279Z test result: ok. 6 passed; 0 failed; 0 ignored; 0 measured; 0 filtered out; finished in 0.02s
linux-portability (ubuntu-24.04-arm)	Native portability gate (debug and release)	2026-09-20T11:30:39.0406633Z 
linux-portability (ubuntu-24.04-arm)	Native portability gate (debug and release)	2026-09-20T11:30:39.0407526Z      Running tests/bytes_regex_match.rs (target/debug/deps/bytes_regex_match-42c23aa5e737afa6)
linux-portability (ubuntu-24.04-arm)	Native portability gate (debug and release)	2026-09-20T11:30:39.0413981Z 
linux-portability (ubuntu-24.04-arm)	Native portability gate (debug and release)	2026-09-20T11:30:39.0414181Z running 6 tests
linux-portability (ubuntu-24.04-arm)	Native portability gate (debug and release)	2026-09-20T11:30:39.0478845Z test match_builtin_high_byte_pattern_position ... ok
linux-portability (ubuntu-24.04-arm)	Native portability gate (debug and release)	2026-09-20T11:30:39.0495213Z test gsub_ampersand_includes_whole_match ... ok
linux-portability (ubuntu-24.04-arm)	Native portability gate (debug and release)	2026-09-20T11:30:39.0497045Z test nul_inside_subject_with_rs_regex ... ok
linux-portability (ubuntu-24.04-arm)	Native portability gate (debug and release)	2026-09-20T11:30:39.0508545Z test match_distinguishes_high_bytes ... ok
linux-portability (ubuntu-24.04-arm)	Native portability gate (debug and release)	2026-09-20T11:30:39.0540350Z test rs_regex_high_byte_separator_splits_correctly ... ok
linux-portability (ubuntu-24.04-arm)	Native portability gate (debug and release)	2026-09-20T11:30:39.0555013Z test sub_replaces_high_byte_run ... ok
linux-portability (ubuntu-24.04-arm)	Native portability gate (debug and release)	2026-09-20T11:30:39.0555245Z 
linux-portability (ubuntu-24.04-arm)	Native portability gate (debug and release)	2026-09-20T11:30:39.0555631Z test result: ok. 6 passed; 0 failed; 0 ignored; 0 measured; 0 filtered out; finished in 0.01s
linux-portability (ubuntu-24.04-arm)	Native portability gate (debug and release)	2026-09-20T11:30:39.0555995Z 
linux-portability (ubuntu-24.04-arm)	Native portability gate (debug and release)	2026-09-20T11:30:39.0557287Z      Running tests/data_contract.rs (target/debug/deps/data_contract-65cc91f870523ded)
linux-portability (ubuntu-24.04-arm)	Native portability gate (debug and release)	2026-09-20T11:30:39.0564179Z 
linux-portability (ubuntu-24.04-arm)	Native portability gate (debug and release)	2026-09-20T11:30:39.0564432Z running 6 tests
linux-portability (ubuntu-24.04-arm)	Native portability gate (debug and release)	2026-09-20T11:30:39.0629278Z test fields_accept_regex_separator ... ok
linux-portability (ubuntu-24.04-arm)	Native portability gate (debug and release)	2026-09-20T11:30:39.0633706Z test regex_uses_leftmost_longest ... ok
linux-portability (ubuntu-24.04-arm)	Native portability gate (debug and release)	2026-09-20T11:30:39.0634924Z test csv_handles_quoted_delimiters_newlines_and_escaped_quotes ... ok
linux-portability (ubuntu-24.04-arm)	Native portability gate (debug and release)	2026-09-20T11:30:39.0639120Z test invalid_regex_is_reported ... ok
linux-portability (ubuntu-24.04-arm)	Native portability gate (debug and release)	2026-09-20T11:30:39.0689505Z test split_preserves_empty_fields_and_clears_array ... ok
linux-portability (ubuntu-24.04-arm)	Native portability gate (debug and release)	2026-09-20T11:30:39.0696120Z test substitutions_report_count_not_changed_text ... ok
linux-portability (ubuntu-24.04-arm)	Native portability gate (debug and release)	2026-09-20T11:30:39.0696425Z 
linux-portability (ubuntu-24.04-arm)	Native portability gate (debug and release)	2026-09-20T11:30:39.0696693Z test result: ok. 6 passed; 0 failed; 0 ignored; 0 measured; 0 filtered out; finished in 0.01s
linux-portability (ubuntu-24.04-arm)	Native portability gate (debug and release)	2026-09-20T11:30:39.0697500Z 
linux-portability (ubuntu-24.04-arm)	Native portability gate (debug and release)	2026-09-20T11:30:39.0697910Z      Running tests/driver_regressions.rs (target/debug/deps/driver_regressions-7b3f66b843422112)
linux-portability (ubuntu-24.04-arm)	Native portability gate (debug and release)	2026-09-20T11:30:39.0704694Z 
linux-portability (ubuntu-24.04-arm)	Native portability gate (debug and release)	2026-09-20T11:30:39.0705174Z running 6 tests
linux-portability (ubuntu-24.04-arm)	Native portability gate (debug and release)	2026-09-20T11:30:39.0777631Z test multifile_syntax_error_names_offending_source ... ok
linux-portability (ubuntu-24.04-arm)	Native portability gate (debug and release)	2026-09-20T11:30:39.0795938Z test field_index_beyond_reference_integer_range_is_an_error ... ok
linux-portability (ubuntu-24.04-arm)	Native portability gate (debug and release)	2026-09-20T11:30:39.0797369Z test getline_comparison_is_not_part_of_filename ... ok
linux-portability (ubuntu-24.04-arm)	Native portability gate (debug and release)	2026-09-20T11:30:39.0910390Z test invalid_function_parameters_are_errors_before_execution ... ok
linux-portability (ubuntu-24.04-arm)	Native portability gate (debug and release)	2026-09-20T11:30:39.1133890Z test redirected_stdin_shares_buffer_with_main_input ... ok
linux-portability (ubuntu-24.04-arm)	Native portability gate (debug and release)	2026-09-20T11:30:39.1159780Z test stdin_program_and_empty_statements ... ok
linux-portability (ubuntu-24.04-arm)	Native portability gate (debug and release)	2026-09-20T11:30:39.1160191Z 
linux-portability (ubuntu-24.04-arm)	Native portability gate (debug and release)	2026-09-20T11:30:39.1160485Z test result: ok. 6 passed; 0 failed; 0 ignored; 0 measured; 0 filtered out; finished in 0.05s
linux-portability (ubuntu-24.04-arm)	Native portability gate (debug and release)	2026-09-20T11:30:39.1160827Z 
linux-portability (ubuntu-24.04-arm)	Native portability gate (debug and release)	2026-09-20T11:30:39.1162071Z      Running tests/dynamic_format.rs (target/debug/deps/dynamic_format-da660803ed5b773d)
linux-portability (ubuntu-24.04-arm)	Native portability gate (debug and release)	2026-09-20T11:30:39.1168634Z 
linux-portability (ubuntu-24.04-arm)	Native portability gate (debug and release)	2026-09-20T11:30:39.1168831Z running 8 tests
linux-portability (ubuntu-24.04-arm)	Native portability gate (debug and release)	2026-09-20T11:30:39.1304110Z test missing_star_arguments_are_errors ... ok
linux-portability (ubuntu-24.04-arm)	Native portability gate (debug and release)	2026-09-20T11:30:39.1378509Z test negative_precision_keeps_binary_and_multibyte_paths ... ok
linux-portability (ubuntu-24.04-arm)	Native portability gate (debug and release)	2026-09-20T11:30:39.1494919Z test string_and_literal_range_errors_do_not_discard_arithmetic_subnormals ... ok
linux-portability (ubuntu-24.04-arm)	Native portability gate (debug and release)	2026-09-20T11:30:39.2633343Z test unsigned_conversion_matches_native_oracle ... ok
linux-portability (ubuntu-24.04-arm)	Native portability gate (debug and release)	2026-09-20T11:30:39.2869729Z test zero_padded_strings_match_native_oracle ... ok
linux-portability (ubuntu-24.04-arm)	Native portability gate (debug and release)	2026-09-20T11:30:39.7729204Z test dynamic_width_precision_and_consumption ... ok
linux-portability (ubuntu-24.04-arm)	Native portability gate (debug and release)	2026-09-20T11:30:41.0744576Z test integer_flags_precision_and_signs ... ok
linux-portability (ubuntu-24.04-arm)	Native portability gate (debug and release)	2026-09-20T11:30:41.6353944Z test negative_dynamic_precision_preserves_flags_and_argument_consumption ... ok
linux-portability (ubuntu-24.04-arm)	Native portability gate (debug and release)	2026-09-20T11:30:41.6354386Z 
linux-portability (ubuntu-24.04-arm)	Native portability gate (debug and release)	2026-09-20T11:30:41.6354652Z test result: ok. 8 passed; 0 failed; 0 ignored; 0 measured; 0 filtered out; finished in 2.52s
linux-portability (ubuntu-24.04-arm)	Native portability gate (debug and release)	2026-09-20T11:30:41.6355028Z 
linux-portability (ubuntu-24.04-arm)	Native portability gate (debug and release)	2026-09-20T11:30:41.6355430Z      Running tests/harness.rs (target/debug/deps/harness-3a6b5b406c659a96)
linux-portability (ubuntu-24.04-arm)	Native portability gate (debug and release)	2026-09-20T11:30:41.6362722Z 
linux-portability (ubuntu-24.04-arm)	Native portability gate (debug and release)	2026-09-20T11:30:41.6363250Z running 5 tests
linux-portability (ubuntu-24.04-arm)	Native portability gate (debug and release)	2026-09-20T11:30:41.6369931Z test annotation_does_not_accept_new_failures ... ok
linux-portability (ubuntu-24.04-arm)	Native portability gate (debug and release)	2026-09-20T11:30:41.6386735Z test preserves_bytes_whitespace_and_status ... ok
linux-portability (ubuntu-24.04-arm)	Native portability gate (debug and release)	2026-09-20T11:30:41.6426281Z test aggregate_gate_reports_an_intermediate_failure ... ok
linux-portability (ubuntu-24.04-arm)	Native portability gate (debug and release)	2026-09-20T11:30:41.6494604Z test each_run_has_a_fresh_directory ... ok
linux-portability (ubuntu-24.04-arm)	Native portability gate (debug and release)	2026-09-20T11:30:42.0704749Z test timeout_kills_descendants ... ok
linux-portability (ubuntu-24.04-arm)	Native portability gate (debug and release)	2026-09-20T11:30:42.0705325Z 
linux-portability (ubuntu-24.04-arm)	Native portability gate (debug and release)	2026-09-20T11:30:42.0705624Z test result: ok. 5 passed; 0 failed; 0 ignored; 0 measured; 0 filtered out; finished in 0.43s
linux-portability (ubuntu-24.04-arm)	Native portability gate (debug and release)	2026-09-20T11:30:42.0706020Z 
linux-portability (ubuntu-24.04-arm)	Native portability gate (debug and release)	2026-09-20T11:30:42.0706284Z      Running tests/input_contract.rs (target/debug/deps/input_contract-ead71b1d543e31fb)
linux-portability (ubuntu-24.04-arm)	Native portability gate (debug and release)	2026-09-20T11:30:42.0715184Z 
linux-portability (ubuntu-24.04-arm)	Native portability gate (debug and release)	2026-09-20T11:30:42.0716186Z running 5 tests
linux-portability (ubuntu-24.04-arm)	Native portability gate (debug and release)	2026-09-20T11:30:42.0782339Z test file_getline_and_interleaved_assignments ... ok
linux-portability (ubuntu-24.04-arm)	Native portability gate (debug and release)	2026-09-20T11:30:42.0784952Z test rewriting_record_does_not_count_a_read ... ok
linux-portability (ubuntu-24.04-arm)	Native portability gate (debug and release)	2026-09-20T11:30:42.0785395Z test getline_uses_main_stream_and_counts_every_read ... ok
linux-portability (ubuntu-24.04-arm)	Native portability gate (debug and release)	2026-09-20T11:30:42.0795272Z test missing_getline_file_is_an_error_not_eof ... ok
linux-portability (ubuntu-24.04-arm)	Native portability gate (debug and release)	2026-09-20T11:30:42.0843623Z test rs_changes_apply_to_unconsumed_input ... ok
linux-portability (ubuntu-24.04-arm)	Native portability gate (debug and release)	2026-09-20T11:30:42.0843947Z 
linux-portability (ubuntu-24.04-arm)	Native portability gate (debug and release)	2026-09-20T11:30:42.0844206Z test result: ok. 5 passed; 0 failed; 0 ignored; 0 measured; 0 filtered out; finished in 0.01s
linux-portability (ubuntu-24.04-arm)	Native portability gate (debug and release)	2026-09-20T11:30:42.0844564Z 
linux-portability (ubuntu-24.04-arm)	Native portability gate (debug and release)	2026-09-20T11:30:42.0845501Z      Running tests/language_contract.rs (target/debug/deps/language_contract-f9cbf1434eb43d63)
linux-portability (ubuntu-24.04-arm)	Native portability gate (debug and release)	2026-09-20T11:30:42.0852441Z 
linux-portability (ubuntu-24.04-arm)	Native portability gate (debug and release)	2026-09-20T11:30:42.0852906Z running 7 tests
linux-portability (ubuntu-24.04-arm)	Native portability gate (debug and release)	2026-09-20T11:30:42.0920101Z test expressions_and_escapes ... ok
linux-portability (ubuntu-24.04-arm)	Native portability gate (debug and release)	2026-09-20T11:30:42.0938603Z test array_parameters_are_references ... ok
linux-portability (ubuntu-24.04-arm)	Native portability gate (debug and release)	2026-09-20T11:30:42.0939191Z test convfmt_is_used_for_comparisons_fields_and_keys ... ok
linux-portability (ubuntu-24.04-arm)	Native portability gate (debug and release)	2026-09-20T11:30:42.0939842Z test array_reads_create_entries ... ok
linux-portability (ubuntu-24.04-arm)	Native portability gate (debug and release)	2026-09-20T11:30:42.0982225Z test numeric_and_string_values_keep_their_types ... ok
linux-portability (ubuntu-24.04-arm)	Native portability gate (debug and release)	2026-09-20T11:30:42.0992273Z test range_patterns_and_empty_actions ... ok
linux-portability (ubuntu-24.04-arm)	Native portability gate (debug and release)	2026-09-20T11:30:42.0995339Z test lvalue_indices_are_evaluated_once ... ok
linux-portability (ubuntu-24.04-arm)	Native portability gate (debug and release)	2026-09-20T11:30:42.0995589Z 
linux-portability (ubuntu-24.04-arm)	Native portability gate (debug and release)	2026-09-20T11:30:42.0995861Z test result: ok. 7 passed; 0 failed; 0 ignored; 0 measured; 0 filtered out; finished in 0.01s
linux-portability (ubuntu-24.04-arm)	Native portability gate (debug and release)	2026-09-20T11:30:42.0996207Z 
linux-portability (ubuntu-24.04-arm)	Native portability gate (debug and release)	2026-09-20T11:30:42.0997668Z      Running tests/legacy_locale.rs (target/debug/deps/legacy_locale-973d0649f6bb55b6)
linux-portability (ubuntu-24.04-arm)	Native portability gate (debug and release)	2026-09-20T11:30:42.1004014Z 
linux-portability (ubuntu-24.04-arm)	Native portability gate (debug and release)	2026-09-20T11:30:42.1004277Z running 6 tests
linux-portability (ubuntu-24.04-arm)	Native portability gate (debug and release)	2026-09-20T11:30:42.1357920Z test every_nonzero_byte_case_conversion_matches_c ... ok
linux-portability (ubuntu-24.04-arm)	Native portability gate (debug and release)	2026-09-20T11:30:42.1432582Z test legacy_locale_selection_obeys_precedence_and_is_fixed_at_startup ... ok
linux-portability (ubuntu-24.04-arm)	Native portability gate (debug and release)	2026-09-20T11:30:42.1476126Z test byte_positions_ranges_splits_and_substitution_match_c ... ok
linux-portability (ubuntu-24.04-arm)	Native portability gate (debug and release)	2026-09-20T11:30:42.1493879Z test nul_preservation_remains_an_explicit_rust_extension ... ok
linux-portability (ubuntu-24.04-arm)	Native portability gate (debug and release)	2026-09-20T11:30:42.1777963Z test required_single_byte_locales_are_active ... ok
linux-portability (ubuntu-24.04-arm)	Native portability gate (debug and release)	2026-09-20T11:30:42.6833357Z test every_nonzero_byte_in_each_posix_class_matches_c ... ok
linux-portability (ubuntu-24.04-arm)	Native portability gate (debug and release)	2026-09-20T11:30:42.6833759Z 
linux-portability (ubuntu-24.04-arm)	Native portability gate (debug and release)	2026-09-20T11:30:42.6834008Z test result: ok. 6 passed; 0 failed; 0 ignored; 0 measured; 0 filtered out; finished in 0.58s
linux-portability (ubuntu-24.04-arm)	Native portability gate (debug and release)	2026-09-20T11:30:42.6834357Z 
linux-portability (ubuntu-24.04-arm)	Native portability gate (debug and release)	2026-09-20T11:30:42.6836524Z      Running tests/runtime_contract.rs (target/debug/deps/runtime_contract-aae3b40f5cf0db99)
linux-portability (ubuntu-24.04-arm)	Native portability gate (debug and release)	2026-09-20T11:30:42.6843386Z 
linux-portability (ubuntu-24.04-arm)	Native portability gate (debug and release)	2026-09-20T11:30:42.6843657Z running 3 tests
linux-portability (ubuntu-24.04-arm)	Native portability gate (debug and release)	2026-09-20T11:30:42.6907755Z test return_escapes_all_loop_forms ... ok
linux-portability (ubuntu-24.04-arm)	Native portability gate (debug and release)	2026-09-20T11:30:42.6908354Z test exit_executes_end_and_interrupts_expressions ... ok
linux-portability (ubuntu-24.04-arm)	Native portability gate (debug and release)	2026-09-20T11:30:42.6909626Z test short_circuit_preserves_side_effects ... ok
linux-portability (ubuntu-24.04-arm)	Native portability gate (debug and release)	2026-09-20T11:30:42.6909893Z 
linux-portability (ubuntu-24.04-arm)	Native portability gate (debug and release)	2026-09-20T11:30:42.6910211Z test result: ok. 3 passed; 0 failed; 0 ignored; 0 measured; 0 filtered out; finished in 0.01s
linux-portability (ubuntu-24.04-arm)	Native portability gate (debug and release)	2026-09-20T11:30:42.6910555Z 
linux-portability (ubuntu-24.04-arm)	Native portability gate (debug and release)	2026-09-20T11:30:42.6911763Z      Running tests/unicode_contract.rs (target/debug/deps/unicode_contract-7b87809897e07017)
linux-portability (ubuntu-24.04-arm)	Native portability gate (debug and release)	2026-09-20T11:30:42.6919207Z 
linux-portability (ubuntu-24.04-arm)	Native portability gate (debug and release)	2026-09-20T11:30:42.6919412Z running 10 tests
linux-portability (ubuntu-24.04-arm)	Native portability gate (debug and release)	2026-09-20T11:30:42.7049900Z test binary_nul_extension_and_case_conversion_errors ... ok
linux-portability (ubuntu-24.04-arm)	Native portability gate (debug and release)	2026-09-20T11:30:42.7654126Z test repeated_matches_and_index_inside_a_multibyte_unit ... ok
linux-portability (ubuntu-24.04-arm)	Native portability gate (debug and release)	2026-09-20T11:30:42.7867270Z test locale_precedence_and_character_operations ... ok
linux-portability (ubuntu-24.04-arm)	Native portability gate (debug and release)	2026-09-20T11:30:42.8012749Z test required_locales_are_active_in_both_interpreters ... ok
linux-portability (ubuntu-24.04-arm)	Native portability gate (debug and release)	2026-09-20T11:30:42.8206180Z test unicode_formatting_and_source_escapes ... ok
linux-portability (ubuntu-24.04-arm)	Native portability gate (debug and release)	2026-09-20T11:30:42.8828182Z test utf8_record_separators_across_buffers ... ok
linux-portability (ubuntu-24.04-arm)	Native portability gate (debug and release)	2026-09-20T11:30:42.9056362Z test boolean_regex_search_preserves_rune_alignment_and_empty_matches ... ok
linux-portability (ubuntu-24.04-arm)	Native portability gate (debug and release)	2026-09-20T11:30:42.9397335Z test utf8_regex_empty_matches_and_mixed_bytes ... ok
linux-portability (ubuntu-24.04-arm)	Native portability gate (debug and release)	2026-09-20T11:30:42.9536282Z test unicode_classes_ranges_and_anchors ... ok
linux-portability (ubuntu-24.04-arm)	Native portability gate (debug and release)	2026-09-20T11:30:45.5071462Z test original_utf8_drivers ... ok
linux-portability (ubuntu-24.04-arm)	Native portability gate (debug and release)	2026-09-20T11:30:45.5071811Z 
linux-portability (ubuntu-24.04-arm)	Native portability gate (debug and release)	2026-09-20T11:30:45.5072153Z test result: ok. 10 passed; 0 failed; 0 ignored; 0 measured; 0 filtered out; finished in 2.82s
linux-portability (ubuntu-24.04-arm)	Native portability gate (debug and release)	2026-09-20T11:30:45.5072525Z 
linux-portability (ubuntu-24.04-arm)	Native portability gate (debug and release)	2026-09-20T11:30:45.5638956Z    Compiling num-traits v0.2.19
linux-portability (ubuntu-24.04-arm)	Native portability gate (debug and release)	2026-09-20T11:30:45.5641163Z    Compiling getrandom v0.3.4
linux-portability (ubuntu-24.04-arm)	Native portability gate (debug and release)	2026-09-20T11:30:45.5677624Z    Compiling zerocopy v0.8.48
linux-portability (ubuntu-24.04-arm)	Native portability gate (debug and release)	2026-09-20T11:30:45.5691142Z    Compiling wait-timeout v0.2.1
linux-portability (ubuntu-24.04-arm)	Native portability gate (debug and release)	2026-09-20T11:30:45.8398811Z    Compiling rand_core v0.9.5
linux-portability (ubuntu-24.04-arm)	Native portability gate (debug and release)	2026-09-20T11:30:45.8738726Z    Compiling fnv v1.0.7
linux-portability (ubuntu-24.04-arm)	Native portability gate (debug and release)	2026-09-20T11:30:45.8992061Z    Compiling quick-error v1.2.3
linux-portability (ubuntu-24.04-arm)	Native portability gate (debug and release)	2026-09-20T11:30:45.9328194Z    Compiling bit-vec v0.8.0
linux-portability (ubuntu-24.04-arm)	Native portability gate (debug and release)	2026-09-20T11:30:45.9818049Z    Compiling rand_xorshift v0.4.0
linux-portability (ubuntu-24.04-arm)	Native portability gate (debug and release)	2026-09-20T11:30:46.0408552Z    Compiling rand v0.9.4
linux-portability (ubuntu-24.04-arm)	Native portability gate (debug and release)	2026-09-20T11:30:46.1107144Z    Compiling chrono v0.4.44
linux-portability (ubuntu-24.04-arm)	Native portability gate (debug and release)	2026-09-20T11:30:46.2079527Z    Compiling bit-set v0.8.0
linux-portability (ubuntu-24.04-arm)	Native portability gate (debug and release)	2026-09-20T11:30:46.2910558Z    Compiling rusty-fork v0.3.1
linux-portability (ubuntu-24.04-arm)	Native portability gate (debug and release)	2026-09-20T11:30:46.4558210Z    Compiling unarray v0.1.4
linux-portability (ubuntu-24.04-arm)	Native portability gate (debug and release)	2026-09-20T11:30:46.9141446Z    Compiling rawk v0.1.0 (/home/runner/work/rawk/rawk/rawk)
linux-portability (ubuntu-24.04-arm)	Native portability gate (debug and release)	2026-09-20T11:30:48.4176313Z    Compiling ppv-lite86 v0.2.21
linux-portability (ubuntu-24.04-arm)	Native portability gate (debug and release)	2026-09-20T11:30:48.5625902Z    Compiling rand_chacha v0.9.0
linux-portability (ubuntu-24.04-arm)	Native portability gate (debug and release)	2026-09-20T11:30:48.7848384Z    Compiling proptest v1.11.0
linux-portability (ubuntu-24.04-arm)	Native portability gate (debug and release)	2026-09-20T11:30:58.0665502Z     Finished `release` profile [optimized] target(s) in 12.55s
linux-portability (ubuntu-24.04-arm)	Native portability gate (debug and release)	2026-09-20T11:30:58.0727314Z      Running unittests src/lib.rs (target/release/deps/rawk-f01313c0880b44e3)
linux-portability (ubuntu-24.04-arm)	Native portability gate (debug and release)	2026-09-20T11:30:58.0736466Z 
linux-portability (ubuntu-24.04-arm)	Native portability gate (debug and release)	2026-09-20T11:30:58.0737112Z running 0 tests
linux-portability (ubuntu-24.04-arm)	Native portability gate (debug and release)	2026-09-20T11:30:58.0737336Z 
linux-portability (ubuntu-24.04-arm)	Native portability gate (debug and release)	2026-09-20T11:30:58.0738264Z test result: ok. 0 passed; 0 failed; 0 ignored; 0 measured; 0 filtered out; finished in 0.00s
linux-portability (ubuntu-24.04-arm)	Native portability gate (debug and release)	2026-09-20T11:30:58.0738698Z 
linux-portability (ubuntu-24.04-arm)	Native portability gate (debug and release)	2026-09-20T11:30:58.0738958Z      Running unittests src/bin/diffrun.rs (target/release/deps/diffrun-f69a7b3d0e0963fc)
linux-portability (ubuntu-24.04-arm)	Native portability gate (debug and release)	2026-09-20T11:30:58.0745116Z 
linux-portability (ubuntu-24.04-arm)	Native portability gate (debug and release)	2026-09-20T11:30:58.0745330Z running 0 tests
linux-portability (ubuntu-24.04-arm)	Native portability gate (debug and release)	2026-09-20T11:30:58.0745605Z 
linux-portability (ubuntu-24.04-arm)	Native portability gate (debug and release)	2026-09-20T11:30:58.0746131Z test result: ok. 0 passed; 0 failed; 0 ignored; 0 measured; 0 filtered out; finished in 0.00s
linux-portability (ubuntu-24.04-arm)	Native portability gate (debug and release)	2026-09-20T11:30:58.0746498Z 
linux-portability (ubuntu-24.04-arm)	Native portability gate (debug and release)	2026-09-20T11:30:58.0746736Z      Running unittests src/main.rs (target/release/deps/rawk-481f660a10639138)
linux-portability (ubuntu-24.04-arm)	Native portability gate (debug and release)	2026-09-20T11:30:58.0754473Z 
linux-portability (ubuntu-24.04-arm)	Native portability gate (debug and release)	2026-09-20T11:30:58.0754941Z running 4 tests
linux-portability (ubuntu-24.04-arm)	Native portability gate (debug and release)	2026-09-20T11:30:58.0766992Z test unicode_ere::tests::encoding_preserves_offsets_and_invalid_bytes_without_sentinels ... ok
linux-portability (ubuntu-24.04-arm)	Native portability gate (debug and release)	2026-09-20T11:30:58.0767704Z test unicode_ere::tests::compiled_intervals_cover_only_the_requested_runes ... ok
linux-portability (ubuntu-24.04-arm)	Native portability gate (debug and release)	2026-09-20T11:30:58.0768403Z test input::tests::separators_are_independent_of_read_boundaries ... ok
linux-portability (ubuntu-24.04-arm)	Native portability gate (debug and release)	2026-09-20T11:30:58.0788157Z test ere::stream::tests::physical_short_reads_do_not_change_bwk_lookahead ... ok
linux-portability (ubuntu-24.04-arm)	Native portability gate (debug and release)	2026-09-20T11:30:58.0788590Z 
linux-portability (ubuntu-24.04-arm)	Native portability gate (debug and release)	2026-09-20T11:30:58.0788961Z test result: ok. 4 passed; 0 failed; 0 ignored; 0 measured; 0 filtered out; finished in 0.00s
linux-portability (ubuntu-24.04-arm)	Native portability gate (debug and release)	2026-09-20T11:30:58.0789361Z 
linux-portability (ubuntu-24.04-arm)	Native portability gate (debug and release)	2026-09-20T11:30:58.0789951Z      Running tests/bytes_array_keys.rs (target/release/deps/bytes_array_keys-d155b0d8da843dda)
linux-portability (ubuntu-24.04-arm)	Native portability gate (debug and release)	2026-09-20T11:30:58.0796677Z 
linux-portability (ubuntu-24.04-arm)	Native portability gate (debug and release)	2026-09-20T11:30:58.0797123Z running 3 tests
linux-portability (ubuntu-24.04-arm)	Native portability gate (debug and release)	2026-09-20T11:30:58.0861194Z test distinct_high_byte_keys_do_not_collide ... ok
linux-portability (ubuntu-24.04-arm)	Native portability gate (debug and release)	2026-09-20T11:30:58.0861792Z test for_in_returns_all_distinct_byte_keys ... ok
linux-portability (ubuntu-24.04-arm)	Native portability gate (debug and release)	2026-09-20T11:30:58.0863113Z test nul_embedded_key_round_trips ... ok
linux-portability (ubuntu-24.04-arm)	Native portability gate (debug and release)	2026-09-20T11:30:58.0863323Z 
linux-portability (ubuntu-24.04-arm)	Native portability gate (debug and release)	2026-09-20T11:30:58.0863591Z test result: ok. 3 passed; 0 failed; 0 ignored; 0 measured; 0 filtered out; finished in 0.01s
linux-portability (ubuntu-24.04-arm)	Native portability gate (debug and release)	2026-09-20T11:30:58.0863923Z 
linux-portability (ubuntu-24.04-arm)	Native portability gate (debug and release)	2026-09-20T11:30:58.0864714Z      Running tests/bytes_printf.rs (target/release/deps/bytes_printf-6c7eea9fe464e227)
linux-portability (ubuntu-24.04-arm)	Native portability gate (debug and release)	2026-09-20T11:30:58.0870079Z 
linux-portability (ubuntu-24.04-arm)	Native portability gate (debug and release)	2026-09-20T11:30:58.0870393Z running 6 tests
linux-portability (ubuntu-24.04-arm)	Native portability gate (debug and release)	2026-09-20T11:30:58.0893025Z test field_split_with_high_byte_fs ... ok
linux-portability (ubuntu-24.04-arm)	Native portability gate (debug and release)	2026-09-20T11:30:58.0934915Z test print_with_high_byte_ofs ... ok
linux-portability (ubuntu-24.04-arm)	Native portability gate (debug and release)	2026-09-20T11:30:58.0943203Z test printf_format_string_with_high_bytes ... ok
linux-portability (ubuntu-24.04-arm)	Native portability gate (debug and release)	2026-09-20T11:30:58.0947363Z test printf_c_emits_first_byte_raw ... ok
linux-portability (ubuntu-24.04-arm)	Native portability gate (debug and release)	2026-09-20T11:30:58.0952984Z test printf_s_preserves_high_byte ... ok
linux-portability (ubuntu-24.04-arm)	Native portability gate (debug and release)	2026-09-20T11:30:58.0995086Z test sprintf_high_byte_round_trip ... ok
linux-portability (ubuntu-24.04-arm)	Native portability gate (debug and release)	2026-09-20T11:30:58.0995491Z 
linux-portability (ubuntu-24.04-arm)	Native portability gate (debug and release)	2026-09-20T11:30:58.0995872Z test result: ok. 6 passed; 0 failed; 0 ignored; 0 measured; 0 filtered out; finished in 0.01s
linux-portability (ubuntu-24.04-arm)	Native portability gate (debug and release)	2026-09-20T11:30:58.0996242Z 
linux-portability (ubuntu-24.04-arm)	Native portability gate (debug and release)	2026-09-20T11:30:58.0996532Z      Running tests/bytes_regex_match.rs (target/release/deps/bytes_regex_match-310b2dc819533d4b)
linux-portability (ubuntu-24.04-arm)	Native portability gate (debug and release)	2026-09-20T11:30:58.1003114Z 
linux-portability (ubuntu-24.04-arm)	Native portability gate (debug and release)	2026-09-20T11:30:58.1003464Z running 6 tests
linux-portability (ubuntu-24.04-arm)	Native portability gate (debug and release)	2026-09-20T11:30:58.1066177Z test gsub_ampersand_includes_whole_match ... ok
linux-portability (ubuntu-24.04-arm)	Native portability gate (debug and release)	2026-09-20T11:30:58.1068719Z test match_distinguishes_high_bytes ... ok
linux-portability (ubuntu-24.04-arm)	Native portability gate (debug and release)	2026-09-20T11:30:58.1069595Z test match_builtin_high_byte_pattern_position ... ok
linux-portability (ubuntu-24.04-arm)	Native portability gate (debug and release)	2026-09-20T11:30:58.1084668Z test nul_inside_subject_with_rs_regex ... ok
linux-portability (ubuntu-24.04-arm)	Native portability gate (debug and release)	2026-09-20T11:30:58.1128137Z test rs_regex_high_byte_separator_splits_correctly ... ok
linux-portability (ubuntu-24.04-arm)	Native portability gate (debug and release)	2026-09-20T11:30:58.1128971Z test sub_replaces_high_byte_run ... ok
linux-portability (ubuntu-24.04-arm)	Native portability gate (debug and release)	2026-09-20T11:30:58.1129185Z 
linux-portability (ubuntu-24.04-arm)	Native portability gate (debug and release)	2026-09-20T11:30:58.1129424Z test result: ok. 6 passed; 0 failed; 0 ignored; 0 measured; 0 filtered out; finished in 0.01s
linux-portability (ubuntu-24.04-arm)	Native portability gate (debug and release)	2026-09-20T11:30:58.1129766Z 
linux-portability (ubuntu-24.04-arm)	Native portability gate (debug and release)	2026-09-20T11:30:58.1130234Z      Running tests/data_contract.rs (target/release/deps/data_contract-777ee05770f2a4c8)
linux-portability (ubuntu-24.04-arm)	Native portability gate (debug and release)	2026-09-20T11:30:58.1135779Z 
linux-portability (ubuntu-24.04-arm)	Native portability gate (debug and release)	2026-09-20T11:30:58.1136133Z running 6 tests
linux-portability (ubuntu-24.04-arm)	Native portability gate (debug and release)	2026-09-20T11:30:58.1199019Z test csv_handles_quoted_delimiters_newlines_and_escaped_quotes ... ok
linux-portability (ubuntu-24.04-arm)	Native portability gate (debug and release)	2026-09-20T11:30:58.1199833Z test fields_accept_regex_separator ... ok
linux-portability (ubuntu-24.04-arm)	Native portability gate (debug and release)	2026-09-20T11:30:58.1211805Z test invalid_regex_is_reported ... ok
linux-portability (ubuntu-24.04-arm)	Native portability gate (debug and release)	2026-09-20T11:30:58.1220065Z test regex_uses_leftmost_longest ... ok
linux-portability (ubuntu-24.04-arm)	Native portability gate (debug and release)	2026-09-20T11:30:58.1260535Z test split_preserves_empty_fields_and_clears_array ... ok
linux-portability (ubuntu-24.04-arm)	Native portability gate (debug and release)	2026-09-20T11:30:58.1261167Z test substitutions_report_count_not_changed_text ... ok
linux-portability (ubuntu-24.04-arm)	Native portability gate (debug and release)	2026-09-20T11:30:58.1261644Z 
linux-portability (ubuntu-24.04-arm)	Native portability gate (debug and release)	2026-09-20T11:30:58.1262269Z test result: ok. 6 passed; 0 failed; 0 ignored; 0 measured; 0 filtered out; finished in 0.01s
linux-portability (ubuntu-24.04-arm)	Native portability gate (debug and release)	2026-09-20T11:30:58.1262703Z 
linux-portability (ubuntu-24.04-arm)	Native portability gate (debug and release)	2026-09-20T11:30:58.1262996Z      Running tests/driver_regressions.rs (target/release/deps/driver_regressions-fff89f77cc57c407)
linux-portability (ubuntu-24.04-arm)	Native portability gate (debug and release)	2026-09-20T11:30:58.1269252Z 
linux-portability (ubuntu-24.04-arm)	Native portability gate (debug and release)	2026-09-20T11:30:58.1269607Z running 6 tests
linux-portability (ubuntu-24.04-arm)	Native portability gate (debug and release)	2026-09-20T11:30:58.1293444Z test multifile_syntax_error_names_offending_source ... ok
linux-portability (ubuntu-24.04-arm)	Native portability gate (debug and release)	2026-09-20T11:30:58.1352018Z test getline_comparison_is_not_part_of_filename ... ok
linux-portability (ubuntu-24.04-arm)	Native portability gate (debug and release)	2026-09-20T11:30:58.1391113Z test field_index_beyond_reference_integer_range_is_an_error ... ok
linux-portability (ubuntu-24.04-arm)	Native portability gate (debug and release)	2026-09-20T11:30:58.1510520Z test invalid_function_parameters_are_errors_before_execution ... ok
linux-portability (ubuntu-24.04-arm)	Native portability gate (debug and release)	2026-09-20T11:30:58.1656514Z test redirected_stdin_shares_buffer_with_main_input ... ok
linux-portability (ubuntu-24.04-arm)	Native portability gate (debug and release)	2026-09-20T11:30:58.1708355Z test stdin_program_and_empty_statements ... ok
linux-portability (ubuntu-24.04-arm)	Native portability gate (debug and release)	2026-09-20T11:30:58.1708621Z 
linux-portability (ubuntu-24.04-arm)	Native portability gate (debug and release)	2026-09-20T11:30:58.1708889Z test result: ok. 6 passed; 0 failed; 0 ignored; 0 measured; 0 filtered out; finished in 0.04s
linux-portability (ubuntu-24.04-arm)	Native portability gate (debug and release)	2026-09-20T11:30:58.1709453Z 
linux-portability (ubuntu-24.04-arm)	Native portability gate (debug and release)	2026-09-20T11:30:58.1710236Z      Running tests/dynamic_format.rs (target/release/deps/dynamic_format-5b49c33678791dab)
linux-portability (ubuntu-24.04-arm)	Native portability gate (debug and release)	2026-09-20T11:30:58.1717036Z 
linux-portability (ubuntu-24.04-arm)	Native portability gate (debug and release)	2026-09-20T11:30:58.1717420Z running 8 tests
linux-portability (ubuntu-24.04-arm)	Native portability gate (debug and release)	2026-09-20T11:30:58.1841783Z test missing_star_arguments_are_errors ... ok
linux-portability (ubuntu-24.04-arm)	Native portability gate (debug and release)	2026-09-20T11:30:58.1908728Z test negative_precision_keeps_binary_and_multibyte_paths ... ok
linux-portability (ubuntu-24.04-arm)	Native portability gate (debug and release)	2026-09-20T11:30:58.2032565Z test string_and_literal_range_errors_do_not_discard_arithmetic_subnormals ... ok
linux-portability (ubuntu-24.04-arm)	Native portability gate (debug and release)	2026-09-20T11:30:58.3216132Z test unsigned_conversion_matches_native_oracle ... ok
linux-portability (ubuntu-24.04-arm)	Native portability gate (debug and release)	2026-09-20T11:30:58.3418791Z test zero_padded_strings_match_native_oracle ... ok
linux-portability (ubuntu-24.04-arm)	Native portability gate (debug and release)	2026-09-20T11:30:58.8270160Z test dynamic_width_precision_and_consumption ... ok
linux-portability (ubuntu-24.04-arm)	Native portability gate (debug and release)	2026-09-20T11:31:00.0866652Z test integer_flags_precision_and_signs ... ok
linux-portability (ubuntu-24.04-arm)	Native portability gate (debug and release)	2026-09-20T11:31:00.6533974Z test negative_dynamic_precision_preserves_flags_and_argument_consumption ... ok
linux-portability (ubuntu-24.04-arm)	Native portability gate (debug and release)	2026-09-20T11:31:00.6534432Z 
linux-portability (ubuntu-24.04-arm)	Native portability gate (debug and release)	2026-09-20T11:31:00.6534686Z test result: ok. 8 passed; 0 failed; 0 ignored; 0 measured; 0 filtered out; finished in 2.48s
linux-portability (ubuntu-24.04-arm)	Native portability gate (debug and release)	2026-09-20T11:31:00.6535256Z 
linux-portability (ubuntu-24.04-arm)	Native portability gate (debug and release)	2026-09-20T11:31:00.6535497Z      Running tests/harness.rs (target/release/deps/harness-d2eb8f676666579c)
linux-portability (ubuntu-24.04-arm)	Native portability gate (debug and release)	2026-09-20T11:31:00.6542826Z 
linux-portability (ubuntu-24.04-arm)	Native portability gate (debug and release)	2026-09-20T11:31:00.6543067Z running 5 tests
linux-portability (ubuntu-24.04-arm)	Native portability gate (debug and release)	2026-09-20T11:31:00.6554269Z test annotation_does_not_accept_new_failures ... ok
linux-portability (ubuntu-24.04-arm)	Native portability gate (debug and release)	2026-09-20T11:31:00.6605617Z test preserves_bytes_whitespace_and_status ... ok
linux-portability (ubuntu-24.04-arm)	Native portability gate (debug and release)	2026-09-20T11:31:00.6610899Z test aggregate_gate_reports_an_intermediate_failure ... ok
linux-portability (ubuntu-24.04-arm)	Native portability gate (debug and release)	2026-09-20T11:31:00.6669179Z test each_run_has_a_fresh_directory ... ok
linux-portability (ubuntu-24.04-arm)	Native portability gate (debug and release)	2026-09-20T11:31:01.0883157Z test timeout_kills_descendants ... ok
linux-portability (ubuntu-24.04-arm)	Native portability gate (debug and release)	2026-09-20T11:31:01.0883666Z 
linux-portability (ubuntu-24.04-arm)	Native portability gate (debug and release)	2026-09-20T11:31:01.0883973Z test result: ok. 5 passed; 0 failed; 0 ignored; 0 measured; 0 filtered out; finished in 0.43s
linux-portability (ubuntu-24.04-arm)	Native portability gate (debug and release)	2026-09-20T11:31:01.0884322Z 
linux-portability (ubuntu-24.04-arm)	Native portability gate (debug and release)	2026-09-20T11:31:01.0884689Z      Running tests/input_contract.rs (target/release/deps/input_contract-7af55302e2598d8a)
linux-portability (ubuntu-24.04-arm)	Native portability gate (debug and release)	2026-09-20T11:31:01.0893793Z 
linux-portability (ubuntu-24.04-arm)	Native portability gate (debug and release)	2026-09-20T11:31:01.0894728Z running 5 tests
linux-portability (ubuntu-24.04-arm)	Native portability gate (debug and release)	2026-09-20T11:31:01.0921024Z test missing_getline_file_is_an_error_not_eof ... ok
linux-portability (ubuntu-24.04-arm)	Native portability gate (debug and release)	2026-09-20T11:31:01.0957475Z test rewriting_record_does_not_count_a_read ... ok
linux-portability (ubuntu-24.04-arm)	Native portability gate (debug and release)	2026-09-20T11:31:01.0960154Z test file_getline_and_interleaved_assignments ... ok
linux-portability (ubuntu-24.04-arm)	Native portability gate (debug and release)	2026-09-20T11:31:01.0960767Z test getline_uses_main_stream_and_counts_every_read ... ok
linux-portability (ubuntu-24.04-arm)	Native portability gate (debug and release)	2026-09-20T11:31:01.0980878Z test rs_changes_apply_to_unconsumed_input ... ok
linux-portability (ubuntu-24.04-arm)	Native portability gate (debug and release)	2026-09-20T11:31:01.0981143Z 
linux-portability (ubuntu-24.04-arm)	Native portability gate (debug and release)	2026-09-20T11:31:01.0981419Z test result: ok. 5 passed; 0 failed; 0 ignored; 0 measured; 0 filtered out; finished in 0.01s
linux-portability (ubuntu-24.04-arm)	Native portability gate (debug and release)	2026-09-20T11:31:01.0981805Z 
linux-portability (ubuntu-24.04-arm)	Native portability gate (debug and release)	2026-09-20T11:31:01.0984267Z      Running tests/language_contract.rs (target/release/deps/language_contract-3857c07be8374753)
linux-portability (ubuntu-24.04-arm)	Native portability gate (debug and release)	2026-09-20T11:31:01.0989860Z 
linux-portability (ubuntu-24.04-arm)	Native portability gate (debug and release)	2026-09-20T11:31:01.0990121Z running 7 tests
linux-portability (ubuntu-24.04-arm)	Native portability gate (debug and release)	2026-09-20T11:31:01.1052410Z test expressions_and_escapes ... ok
linux-portability (ubuntu-24.04-arm)	Native portability gate (debug and release)	2026-09-20T11:31:01.1054471Z test array_reads_create_entries ... ok
linux-portability (ubuntu-24.04-arm)	Native portability gate (debug and release)	2026-09-20T11:31:01.1069257Z test array_parameters_are_references ... ok
linux-portability (ubuntu-24.04-arm)	Native portability gate (debug and release)	2026-09-20T11:31:01.1069766Z test convfmt_is_used_for_comparisons_fields_and_keys ... ok
linux-portability (ubuntu-24.04-arm)	Native portability gate (debug and release)	2026-09-20T11:31:01.1076110Z test numeric_and_string_values_keep_their_types ... ok
linux-portability (ubuntu-24.04-arm)	Native portability gate (debug and release)	2026-09-20T11:31:01.1114486Z test lvalue_indices_are_evaluated_once ... ok
linux-portability (ubuntu-24.04-arm)	Native portability gate (debug and release)	2026-09-20T11:31:01.1124875Z test range_patterns_and_empty_actions ... ok
linux-portability (ubuntu-24.04-arm)	Native portability gate (debug and release)	2026-09-20T11:31:01.1125191Z 
linux-portability (ubuntu-24.04-arm)	Native portability gate (debug and release)	2026-09-20T11:31:01.1125519Z test result: ok. 7 passed; 0 failed; 0 ignored; 0 measured; 0 filtered out; finished in 0.01s
linux-portability (ubuntu-24.04-arm)	Native portability gate (debug and release)	2026-09-20T11:31:01.1125871Z 
linux-portability (ubuntu-24.04-arm)	Native portability gate (debug and release)	2026-09-20T11:31:01.1126543Z      Running tests/legacy_locale.rs (target/release/deps/legacy_locale-8b632052e75975eb)
linux-portability (ubuntu-24.04-arm)	Native portability gate (debug and release)	2026-09-20T11:31:01.1132625Z 
linux-portability (ubuntu-24.04-arm)	Native portability gate (debug and release)	2026-09-20T11:31:01.1132850Z running 6 tests
linux-portability (ubuntu-24.04-arm)	Native portability gate (debug and release)	2026-09-20T11:31:01.1372761Z test byte_positions_ranges_splits_and_substitution_match_c ... ok
linux-portability (ubuntu-24.04-arm)	Native portability gate (debug and release)	2026-09-20T11:31:01.1394048Z test every_nonzero_byte_case_conversion_matches_c ... ok
linux-portability (ubuntu-24.04-arm)	Native portability gate (debug and release)	2026-09-20T11:31:01.1491318Z test nul_preservation_remains_an_explicit_rust_extension ... ok
linux-portability (ubuntu-24.04-arm)	Native portability gate (debug and release)	2026-09-20T11:31:01.1571743Z test legacy_locale_selection_obeys_precedence_and_is_fixed_at_startup ... ok
linux-portability (ubuntu-24.04-arm)	Native portability gate (debug and release)	2026-09-20T11:31:01.1630264Z test required_single_byte_locales_are_active ... ok
linux-portability (ubuntu-24.04-arm)	Native portability gate (debug and release)	2026-09-20T11:31:01.3985188Z test every_nonzero_byte_in_each_posix_class_matches_c ... ok
linux-portability (ubuntu-24.04-arm)	Native portability gate (debug and release)	2026-09-20T11:31:01.3985594Z 
linux-portability (ubuntu-24.04-arm)	Native portability gate (debug and release)	2026-09-20T11:31:01.3986015Z test result: ok. 6 passed; 0 failed; 0 ignored; 0 measured; 0 filtered out; finished in 0.29s
linux-portability (ubuntu-24.04-arm)	Native portability gate (debug and release)	2026-09-20T11:31:01.3986448Z 
linux-portability (ubuntu-24.04-arm)	Native portability gate (debug and release)	2026-09-20T11:31:01.3986749Z      Running tests/runtime_contract.rs (target/release/deps/runtime_contract-ac624beca28deeec)
linux-portability (ubuntu-24.04-arm)	Native portability gate (debug and release)	2026-09-20T11:31:01.3994140Z 
linux-portability (ubuntu-24.04-arm)	Native portability gate (debug and release)	2026-09-20T11:31:01.3994378Z running 3 tests
linux-portability (ubuntu-24.04-arm)	Native portability gate (debug and release)	2026-09-20T11:31:01.4057615Z test return_escapes_all_loop_forms ... ok
linux-portability (ubuntu-24.04-arm)	Native portability gate (debug and release)	2026-09-20T11:31:01.4058079Z test exit_executes_end_and_interrupts_expressions ... ok
linux-portability (ubuntu-24.04-arm)	Native portability gate (debug and release)	2026-09-20T11:31:01.4059543Z test short_circuit_preserves_side_effects ... ok
linux-portability (ubuntu-24.04-arm)	Native portability gate (debug and release)	2026-09-20T11:31:01.4059795Z 
linux-portability (ubuntu-24.04-arm)	Native portability gate (debug and release)	2026-09-20T11:31:01.4060064Z test result: ok. 3 passed; 0 failed; 0 ignored; 0 measured; 0 filtered out; finished in 0.01s
linux-portability (ubuntu-24.04-arm)	Native portability gate (debug and release)	2026-09-20T11:31:01.4060403Z 
linux-portability (ubuntu-24.04-arm)	Native portability gate (debug and release)	2026-09-20T11:31:01.4060731Z      Running tests/unicode_contract.rs (target/release/deps/unicode_contract-ed05e2a14edbe220)
linux-portability (ubuntu-24.04-arm)	Native portability gate (debug and release)	2026-09-20T11:31:01.4067492Z 
linux-portability (ubuntu-24.04-arm)	Native portability gate (debug and release)	2026-09-20T11:31:01.4067761Z running 10 tests
linux-portability (ubuntu-24.04-arm)	Native portability gate (debug and release)	2026-09-20T11:31:01.4158246Z test binary_nul_extension_and_case_conversion_errors ... ok
linux-portability (ubuntu-24.04-arm)	Native portability gate (debug and release)	2026-09-20T11:31:01.4441852Z test repeated_matches_and_index_inside_a_multibyte_unit ... ok
linux-portability (ubuntu-24.04-arm)	Native portability gate (debug and release)	2026-09-20T11:31:01.4802579Z test required_locales_are_active_in_both_interpreters ... ok
linux-portability (ubuntu-24.04-arm)	Native portability gate (debug and release)	2026-09-20T11:31:01.5015887Z test locale_precedence_and_character_operations ... ok
linux-portability (ubuntu-24.04-arm)	Native portability gate (debug and release)	2026-09-20T11:31:01.5118694Z test boolean_regex_search_preserves_rune_alignment_and_empty_matches ... ok
linux-portability (ubuntu-24.04-arm)	Native portability gate (debug and release)	2026-09-20T11:31:01.5251691Z test unicode_formatting_and_source_escapes ... ok
linux-portability (ubuntu-24.04-arm)	Native portability gate (debug and release)	2026-09-20T11:31:01.5592609Z test utf8_record_separators_across_buffers ... ok
linux-portability (ubuntu-24.04-arm)	Native portability gate (debug and release)	2026-09-20T11:31:01.5843220Z test utf8_regex_empty_matches_and_mixed_bytes ... ok
linux-portability (ubuntu-24.04-arm)	Native portability gate (debug and release)	2026-09-20T11:31:01.6106520Z test unicode_classes_ranges_and_anchors ... ok
linux-portability (ubuntu-24.04-arm)	Native portability gate (debug and release)	2026-09-20T11:31:03.0367174Z test original_utf8_drivers ... ok
linux-portability (ubuntu-24.04-arm)	Native portability gate (debug and release)	2026-09-20T11:31:03.0367543Z 
linux-portability (ubuntu-24.04-arm)	Native portability gate (debug and release)	2026-09-20T11:31:03.0367818Z test result: ok. 10 passed; 0 failed; 0 ignored; 0 measured; 0 filtered out; finished in 1.63s
linux-portability (ubuntu-24.04-arm)	Native portability gate (debug and release)	2026-09-20T11:31:03.0368486Z 
linux-portability (ubuntu-24.04-arm)	Inventory original drivers on this platform	﻿2026-09-20T11:31:03.0444521Z ##[group]Run python3 scripts/full_driver_audit.py --output diary/linux-driver-results-ci.json
linux-portability (ubuntu-24.04-arm)	Inventory original drivers on this platform	2026-09-20T11:31:03.0445469Z [36;1mpython3 scripts/full_driver_audit.py --output diary/linux-driver-results-ci.json[0m
linux-portability (ubuntu-24.04-arm)	Inventory original drivers on this platform	2026-09-20T11:31:03.0479584Z shell: /usr/bin/bash -e {0}
linux-portability (ubuntu-24.04-arm)	Inventory original drivers on this platform	2026-09-20T11:31:03.0479888Z env:
linux-portability (ubuntu-24.04-arm)	Inventory original drivers on this platform	2026-09-20T11:31:03.0480226Z   LC_ALL: C
linux-portability (ubuntu-24.04-arm)	Inventory original drivers on this platform	2026-09-20T11:31:03.0480447Z   CARGO_INCREMENTAL: 0
linux-portability (ubuntu-24.04-arm)	Inventory original drivers on this platform	2026-09-20T11:31:03.0480764Z   RUSTUP_TOOLCHAIN: 1.96.0
linux-portability (ubuntu-24.04-arm)	Inventory original drivers on this platform	2026-09-20T11:31:03.0481029Z ##[endgroup]
linux-portability (ubuntu-24.04-arm)	Inventory original drivers on this platform	2026-09-20T11:31:03.2380431Z T.-f-f pass 
linux-portability (ubuntu-24.04-arm)	Inventory original drivers on this platform	2026-09-20T11:31:03.4065531Z T.argv pass 
linux-portability (ubuntu-24.04-arm)	Inventory original drivers on this platform	2026-09-20T11:31:03.6784545Z T.arnold pass 
linux-portability (ubuntu-24.04-arm)	Inventory original drivers on this platform	2026-09-20T11:31:04.1487154Z T.beebe open 
linux-portability (ubuntu-24.04-arm)	Inventory original drivers on this platform	2026-09-20T11:31:04.3014829Z T.builtin open BAD: T.builtin (rand)
linux-portability (ubuntu-24.04-arm)	Inventory original drivers on this platform	2026-09-20T11:31:04.5007042Z T.chem pass 
linux-portability (ubuntu-24.04-arm)	Inventory original drivers on this platform	2026-09-20T11:31:04.7305407Z T.close pass 
linux-portability (ubuntu-24.04-arm)	Inventory original drivers on this platform	2026-09-20T11:31:04.9294672Z T.clv pass 
linux-portability (ubuntu-24.04-arm)	Inventory original drivers on this platform	2026-09-20T11:31:05.0579093Z T.csconcat pass 
linux-portability (ubuntu-24.04-arm)	Inventory original drivers on this platform	2026-09-20T11:31:05.2979261Z T.csv pass 
linux-portability (ubuntu-24.04-arm)	Inventory original drivers on this platform	2026-09-20T11:31:05.4225270Z T.delete pass 
linux-portability (ubuntu-24.04-arm)	Inventory original drivers on this platform	2026-09-20T11:31:05.7089515Z T.errmsg reference-failure BAD: illegal primary in regular expression failed BAD: illegal break, continue, next or nextfile from BEGIN failed BAD: illegal break, continue, next or nextfile from END failed BAD: nextfile is illegal inside a function failed BAD: nonterminated character class failed BAD: nonterminated character class failed BAD: nonterminated character cl
linux-portability (ubuntu-24.04-arm)	Inventory original drivers on this platform	2026-09-20T11:31:06.3848034Z T.expr pass 
linux-portability (ubuntu-24.04-arm)	Inventory original drivers on this platform	2026-09-20T11:31:06.5090288Z T.exprconv pass 
linux-portability (ubuntu-24.04-arm)	Inventory original drivers on this platform	2026-09-20T11:31:06.6449253Z T.flags open T.flags: bad no program T.flags: bad can.t open program T.flags: bad can.t open program 2 T.flags: bad missing field separator
linux-portability (ubuntu-24.04-arm)	Inventory original drivers on this platform	2026-09-20T11:31:07.4976371Z T.func pass 
linux-portability (ubuntu-24.04-arm)	Inventory original drivers on this platform	2026-09-20T11:31:08.4031219Z T.gawk pass 
linux-portability (ubuntu-24.04-arm)	Inventory original drivers on this platform	2026-09-20T11:31:08.5634830Z T.getline pass 
linux-portability (ubuntu-24.04-arm)	Inventory original drivers on this platform	2026-09-20T11:31:08.6987339Z T.int-expr pass 
linux-portability (ubuntu-24.04-arm)	Inventory original drivers on this platform	2026-09-20T11:31:08.8455189Z T.latin1 pass 
linux-portability (ubuntu-24.04-arm)	Inventory original drivers on this platform	2026-09-20T11:31:09.6187364Z T.lilly pass 
linux-portability (ubuntu-24.04-arm)	Inventory original drivers on this platform	2026-09-20T11:31:09.7574043Z T.main pass 
linux-portability (ubuntu-24.04-arm)	Inventory original drivers on this platform	2026-09-20T11:31:10.0918629Z T.misc open BAD: T.misc split error BAD: T.misc hello error BAD: T.misc pile error BAD: T.misc gsub banana error BAD: T.misc sub banana error BAD: T.misc lineno BAD: T.misc can't open BAD: T.misc continuation line number BAD: T.misc syntax error line number �BAD: T.misc escape sequences in strings mishandled BAD: T.misc fcn args BAD: T.misc undefine
linux-portability (ubuntu-24.04-arm)	Inventory original drivers on this platform	2026-09-20T11:31:10.3667663Z T.nextfile pass 
linux-portability (ubuntu-24.04-arm)	Inventory original drivers on this platform	2026-09-20T11:31:10.8020927Z T.overflow pass 
linux-portability (ubuntu-24.04-arm)	Inventory original drivers on this platform	2026-09-20T11:31:11.7778158Z T.re pass 
linux-portability (ubuntu-24.04-arm)	Inventory original drivers on this platform	2026-09-20T11:31:11.9075748Z T.recache pass 
linux-portability (ubuntu-24.04-arm)	Inventory original drivers on this platform	2026-09-20T11:31:12.6119763Z T.redir pass 
linux-portability (ubuntu-24.04-arm)	Inventory original drivers on this platform	2026-09-20T11:31:12.7888307Z T.split pass 
linux-portability (ubuntu-24.04-arm)	Inventory original drivers on this platform	2026-09-20T11:31:13.3328372Z T.sub pass 
linux-portability (ubuntu-24.04-arm)	Inventory original drivers on this platform	2026-09-20T11:31:13.4581229Z T.system pass 
linux-portability (ubuntu-24.04-arm)	Inventory original drivers on this platform	2026-09-20T11:31:14.1113544Z T.utf reference-failure test 1.3 failed test 1.4 failed test 1.5 failed test 1.6 failed test 1.7 failed test 1.8 failed test 1.9 failed test 1.10 failed test 1.11 failed test 1.12 failed test 1.13 failed test 1.14 failed test 1.15 failed test 1.16 failed test 1.17 failed test 1.18 failed test 1.19 failed test 1.20 failed test 1.21 fail
linux-portability (ubuntu-24.04-arm)	Inventory original drivers on this platform	2026-09-20T11:31:14.7850360Z T.utfre reference-failure 43 fails ^λ.$ ~ λλ 51 fails ^.해 ~ め해 52 fails ^.해 ~ め해해 64 fails 해* ~  68 fails 해* ~ めめめめ 69 fails 해해* ~ 해 71 fails 해해* ~ め해 84 fails xθ+y ~ xθθy 85 fails xθ+y ~ xθθθθθθy 89 fails xθ?y ~ xy 92 fails θ?b?の? ~  93 fails θ?b?の? ~ x 106 fails [Α-Ω] !~ β 108 fails [^Α-Ω] ~ δ 119 fails [Α-ΔΦ-Ω] !~ Π 120 fails [Α-ΔΦ-Ω] !~ Σ
linux-portability (ubuntu-24.04-arm)	Retain platform evidence	﻿2026-09-20T11:31:14.8126278Z Node 20 is being deprecated. This workflow is running with Node 24 by default. If you need to temporarily use Node 20, you can set the ACTIONS_ALLOW_USE_UNSECURE_NODE_VERSION=true environment variable. For more information see: https://github.blog/changelog/2025-09-19-deprecation-of-node-20-on-github-actions-runners/
linux-portability (ubuntu-24.04-arm)	Retain platform evidence	2026-09-20T11:31:14.8128643Z ##[group]Run actions/upload-artifact@ea165f8d65b6e75b540449e92b4886f43607fa02
linux-portability (ubuntu-24.04-arm)	Retain platform evidence	2026-09-20T11:31:14.8129009Z with:
linux-portability (ubuntu-24.04-arm)	Retain platform evidence	2026-09-20T11:31:14.8129189Z   name: portability-ubuntu-24.04-arm
linux-portability (ubuntu-24.04-arm)	Retain platform evidence	2026-09-20T11:31:14.8129675Z   path: rawk/diary/format-platform-ci.json
linux-portability (ubuntu-24.04-arm)	Retain platform evidence	rawk/diary/portability-ci.log
linux-portability (ubuntu-24.04-arm)	Retain platform evidence	rawk/diary/linux-driver-results-ci.json
linux-portability (ubuntu-24.04-arm)	Retain platform evidence	
linux-portability (ubuntu-24.04-arm)	Retain platform evidence	2026-09-20T11:31:14.8130491Z   if-no-files-found: error
linux-portability (ubuntu-24.04-arm)	Retain platform evidence	2026-09-20T11:31:14.8130701Z   compression-level: 6
linux-portability (ubuntu-24.04-arm)	Retain platform evidence	2026-09-20T11:31:14.8130888Z   overwrite: false
linux-portability (ubuntu-24.04-arm)	Retain platform evidence	2026-09-20T11:31:14.8131070Z   include-hidden-files: false
linux-portability (ubuntu-24.04-arm)	Retain platform evidence	2026-09-20T11:31:14.8131273Z env:
linux-portability (ubuntu-24.04-arm)	Retain platform evidence	2026-09-20T11:31:14.8131416Z   LC_ALL: C
linux-portability (ubuntu-24.04-arm)	Retain platform evidence	2026-09-20T11:31:14.8131574Z   CARGO_INCREMENTAL: 0
linux-portability (ubuntu-24.04-arm)	Retain platform evidence	2026-09-20T11:31:14.8131822Z   RUSTUP_TOOLCHAIN: 1.96.0
linux-portability (ubuntu-24.04-arm)	Retain platform evidence	2026-09-20T11:31:14.8132011Z ##[endgroup]
linux-portability (ubuntu-24.04-arm)	Retain platform evidence	2026-09-20T11:31:14.9533741Z (node:26857) [DEP0040] DeprecationWarning: The `punycode` module is deprecated. Please use a userland alternative instead.
linux-portability (ubuntu-24.04-arm)	Retain platform evidence	2026-09-20T11:31:14.9534453Z (Use `node --trace-deprecation ...` to show where the warning was created)
linux-portability (ubuntu-24.04-arm)	Retain platform evidence	2026-09-20T11:31:14.9582956Z Multiple search paths detected. Calculating the least common ancestor of all paths
linux-portability (ubuntu-24.04-arm)	Retain platform evidence	2026-09-20T11:31:14.9585751Z The least common ancestor is /home/runner/work/rawk/rawk/rawk/diary. This will be the root directory of the artifact
linux-portability (ubuntu-24.04-arm)	Retain platform evidence	2026-09-20T11:31:14.9586313Z With the provided path, there will be 3 files uploaded
linux-portability (ubuntu-24.04-arm)	Retain platform evidence	2026-09-20T11:31:14.9637762Z Artifact name is valid!
linux-portability (ubuntu-24.04-arm)	Retain platform evidence	2026-09-20T11:31:14.9667610Z Root directory input is valid!
linux-portability (ubuntu-24.04-arm)	Retain platform evidence	2026-09-20T11:31:15.3272995Z Beginning upload of artifact content to blob storage
linux-portability (ubuntu-24.04-arm)	Retain platform evidence	2026-09-20T11:31:15.3480455Z (node:26857) [DEP0169] DeprecationWarning: `url.parse()` behavior is not standardized and prone to errors that have security implications. Use the WHATWG URL API instead. CVEs are not issued for `url.parse()` vulnerabilities.
linux-portability (ubuntu-24.04-arm)	Retain platform evidence	2026-09-20T11:31:15.6961997Z Uploaded bytes 16554
linux-portability (ubuntu-24.04-arm)	Retain platform evidence	2026-09-20T11:31:15.7728413Z Finished uploading artifact content to blob storage!
linux-portability (ubuntu-24.04-arm)	Retain platform evidence	2026-09-20T11:31:15.7729007Z SHA256 digest of uploaded artifact zip is ae3cfd33bb588b7c2cef11f5877e0094f5a817174c95af7946a37788ed188667
linux-portability (ubuntu-24.04-arm)	Retain platform evidence	2026-09-20T11:31:15.7729951Z Finalizing artifact upload
linux-portability (ubuntu-24.04-arm)	Retain platform evidence	2026-09-20T11:31:16.0597533Z Artifact portability-ubuntu-24.04-arm.zip successfully finalized. Artifact ID 10603888010
linux-portability (ubuntu-24.04-arm)	Retain platform evidence	2026-09-20T11:31:16.0598315Z Artifact portability-ubuntu-24.04-arm has been successfully uploaded! Final size is 16554 bytes. Artifact ID is 10603888010
linux-portability (ubuntu-24.04-arm)	Retain platform evidence	2026-09-20T11:31:16.0604164Z Artifact download URL: https://github.com/francescotinti/rawk/actions/runs/35507960469/artifacts/10603888010
linux-portability (ubuntu-24.04-arm)	Post Run actions/checkout@11bd71901bbe5b1630ceea73d27597364c9af683	﻿2026-09-20T11:31:16.0793801Z Node 20 is being deprecated. This workflow is running with Node 24 by default. If you need to temporarily use Node 20, you can set the ACTIONS_ALLOW_USE_UNSECURE_NODE_VERSION=true environment variable. For more information see: https://github.blog/changelog/2025-09-19-deprecation-of-node-20-on-github-actions-runners/
linux-portability (ubuntu-24.04-arm)	Post Run actions/checkout@11bd71901bbe5b1630ceea73d27597364c9af683	2026-09-20T11:31:16.0795151Z Post job cleanup.
linux-portability (ubuntu-24.04-arm)	Post Run actions/checkout@11bd71901bbe5b1630ceea73d27597364c9af683	2026-09-20T11:31:16.1484900Z [command]/usr/bin/git version
linux-portability (ubuntu-24.04-arm)	Post Run actions/checkout@11bd71901bbe5b1630ceea73d27597364c9af683	2026-09-20T11:31:16.1519996Z git version 2.55.0
linux-portability (ubuntu-24.04-arm)	Post Run actions/checkout@11bd71901bbe5b1630ceea73d27597364c9af683	2026-09-20T11:31:16.1552784Z Temporarily overriding HOME='/home/runner/work/_temp/828dac53-2a12-44ef-af23-856005a6bbeb' before making global git config changes
linux-portability (ubuntu-24.04-arm)	Post Run actions/checkout@11bd71901bbe5b1630ceea73d27597364c9af683	2026-09-20T11:31:16.1554765Z Adding repository directory to the temporary git global config as a safe directory
linux-portability (ubuntu-24.04-arm)	Post Run actions/checkout@11bd71901bbe5b1630ceea73d27597364c9af683	2026-09-20T11:31:16.1557373Z [command]/usr/bin/git config --global --add safe.directory /home/runner/work/rawk/rawk/rawk
linux-portability (ubuntu-24.04-arm)	Post Run actions/checkout@11bd71901bbe5b1630ceea73d27597364c9af683	2026-09-20T11:31:16.1596316Z [command]/usr/bin/git config --local --name-only --get-regexp core\.sshCommand
linux-portability (ubuntu-24.04-arm)	Post Run actions/checkout@11bd71901bbe5b1630ceea73d27597364c9af683	2026-09-20T11:31:16.1623513Z [command]/usr/bin/git submodule foreach --recursive sh -c "git config --local --name-only --get-regexp 'core\.sshCommand' && git config --local --unset-all 'core.sshCommand' || :"
linux-portability (ubuntu-24.04-arm)	Post Run actions/checkout@11bd71901bbe5b1630ceea73d27597364c9af683	2026-09-20T11:31:16.1782547Z [command]/usr/bin/git config --local --name-only --get-regexp http\.https\:\/\/github\.com\/\.extraheader
linux-portability (ubuntu-24.04-arm)	Post Run actions/checkout@11bd71901bbe5b1630ceea73d27597364c9af683	2026-09-20T11:31:16.1803016Z http.https://github.com/.extraheader
linux-portability (ubuntu-24.04-arm)	Post Run actions/checkout@11bd71901bbe5b1630ceea73d27597364c9af683	2026-09-20T11:31:16.1810702Z [command]/usr/bin/git config --local --unset-all http.https://github.com/.extraheader
linux-portability (ubuntu-24.04-arm)	Post Run actions/checkout@11bd71901bbe5b1630ceea73d27597364c9af683	2026-09-20T11:31:16.1840883Z [command]/usr/bin/git submodule foreach --recursive sh -c "git config --local --name-only --get-regexp 'http\.https\:\/\/github\.com\/\.extraheader' && git config --local --unset-all 'http.https://github.com/.extraheader' || :"
linux-portability (ubuntu-24.04-arm)	Complete job	﻿2026-09-20T11:31:16.2109370Z Cleaning up orphan processes
linux-portability (ubuntu-24.04-arm)	Complete job	2026-09-20T11:31:16.2597673Z ##[warning]Node.js 20 is deprecated. The following actions target Node.js 20 but are being forced to run on Node.js 24: actions/checkout@11bd71901bbe5b1630ceea73d27597364c9af683, actions/upload-artifact@ea165f8d65b6e75b540449e92b4886f43607fa02. For more information see: https://github.blog/changelog/2025-09-19-deprecation-of-node-20-on-github-actions-runners/
