compatibility	Set up job	﻿2026-09-20T12:18:09.4961020Z Current runner version: '2.337.0'
compatibility	Set up job	2026-09-20T12:18:09.4983320Z ##[group]Runner Image Provisioner
compatibility	Set up job	2026-09-20T12:18:09.4983970Z Hosted Compute Agent
compatibility	Set up job	2026-09-20T12:18:09.4984370Z Version: 20260828.587
compatibility	Set up job	2026-09-20T12:18:09.4984800Z Commit: abac92662cab4cc7352de4f9f9d2e2419aad9c29
compatibility	Set up job	2026-09-20T12:18:09.4985340Z Build Date: 2026-08-28T16:44:25Z
compatibility	Set up job	2026-09-20T12:18:09.4985820Z Worker ID: {7a06ae37-d634-43a6-847a-675bddf37a3a}
compatibility	Set up job	2026-09-20T12:18:09.4986300Z Azure Region: westus
compatibility	Set up job	2026-09-20T12:18:09.4986670Z ##[endgroup]
compatibility	Set up job	2026-09-20T12:18:09.4987590Z ##[group]Operating System
compatibility	Set up job	2026-09-20T12:18:09.4987990Z macOS
compatibility	Set up job	2026-09-20T12:18:09.4988310Z 15.7.9
compatibility	Set up job	2026-09-20T12:18:09.4988630Z 24G830
compatibility	Set up job	2026-09-20T12:18:09.4989010Z ##[endgroup]
compatibility	Set up job	2026-09-20T12:18:09.4989400Z ##[group]Runner Image
compatibility	Set up job	2026-09-20T12:18:09.4989770Z Image: macos-15-arm64
compatibility	Set up job	2026-09-20T12:18:09.4990140Z Version: 20260907.0337.1
compatibility	Set up job	2026-09-20T12:18:09.4990950Z Included Software: https://github.com/actions/runner-images/blob/macos-15-arm64/20260907.0337/images/macos/macos-15-arm64-Readme.md
compatibility	Set up job	2026-09-20T12:18:09.4992110Z Image Release: https://github.com/actions/runner-images/releases/tag/macos-15-arm64%2F20260907.0337
compatibility	Set up job	2026-09-20T12:18:09.4992840Z ##[endgroup]
compatibility	Set up job	2026-09-20T12:18:09.4993630Z ##[group]GITHUB_TOKEN Permissions
compatibility	Set up job	2026-09-20T12:18:09.4994890Z Contents: read
compatibility	Set up job	2026-09-20T12:18:09.4995280Z Metadata: read
compatibility	Set up job	2026-09-20T12:18:09.4995650Z ##[endgroup]
compatibility	Set up job	2026-09-20T12:18:09.4998420Z Secret source: Actions
compatibility	Set up job	2026-09-20T12:18:09.4999120Z Cache mode: write
compatibility	Set up job	2026-09-20T12:18:09.4999600Z Prepare workflow directory
compatibility	Set up job	2026-09-20T12:18:09.5421720Z Prepare all required actions
compatibility	Set up job	2026-09-20T12:18:09.5481440Z Getting action download info
compatibility	Set up job	2026-09-20T12:18:09.9915700Z Download action repository 'actions/checkout@11bd71901bbe5b1630ceea73d27597364c9af683' (SHA:11bd71901bbe5b1630ceea73d27597364c9af683)
compatibility	Set up job	2026-09-20T12:18:10.4518950Z Download action repository 'actions/upload-artifact@ea165f8d65b6e75b540449e92b4886f43607fa02' (SHA:ea165f8d65b6e75b540449e92b4886f43607fa02)
compatibility	Set up job	2026-09-20T12:18:10.7440060Z Complete job name: compatibility
compatibility	Run actions/checkout@11bd71901bbe5b1630ceea73d27597364c9af683	﻿2026-09-20T12:18:10.8147850Z Node 20 is being deprecated. This workflow is running with Node 24 by default. If you need to temporarily use Node 20, you can set the ACTIONS_ALLOW_USE_UNSECURE_NODE_VERSION=true environment variable. For more information see: https://github.blog/changelog/2025-09-19-deprecation-of-node-20-on-github-actions-runners/
compatibility	Run actions/checkout@11bd71901bbe5b1630ceea73d27597364c9af683	2026-09-20T12:18:10.8155130Z ##[group]Run actions/checkout@11bd71901bbe5b1630ceea73d27597364c9af683
compatibility	Run actions/checkout@11bd71901bbe5b1630ceea73d27597364c9af683	2026-09-20T12:18:10.8155840Z with:
compatibility	Run actions/checkout@11bd71901bbe5b1630ceea73d27597364c9af683	2026-09-20T12:18:10.8156190Z   path: rawk
compatibility	Run actions/checkout@11bd71901bbe5b1630ceea73d27597364c9af683	2026-09-20T12:18:10.8156560Z   repository: francescotinti/rawk
compatibility	Run actions/checkout@11bd71901bbe5b1630ceea73d27597364c9af683	2026-09-20T12:18:10.8159540Z   token: ***
compatibility	Run actions/checkout@11bd71901bbe5b1630ceea73d27597364c9af683	2026-09-20T12:18:10.8159890Z   ssh-strict: true
compatibility	Run actions/checkout@11bd71901bbe5b1630ceea73d27597364c9af683	2026-09-20T12:18:10.8160250Z   ssh-user: git
compatibility	Run actions/checkout@11bd71901bbe5b1630ceea73d27597364c9af683	2026-09-20T12:18:10.8160610Z   persist-credentials: true
compatibility	Run actions/checkout@11bd71901bbe5b1630ceea73d27597364c9af683	2026-09-20T12:18:10.8161000Z   clean: true
compatibility	Run actions/checkout@11bd71901bbe5b1630ceea73d27597364c9af683	2026-09-20T12:18:10.8161380Z   sparse-checkout-cone-mode: true
compatibility	Run actions/checkout@11bd71901bbe5b1630ceea73d27597364c9af683	2026-09-20T12:18:10.8161800Z   fetch-depth: 1
compatibility	Run actions/checkout@11bd71901bbe5b1630ceea73d27597364c9af683	2026-09-20T12:18:10.8162170Z   fetch-tags: false
compatibility	Run actions/checkout@11bd71901bbe5b1630ceea73d27597364c9af683	2026-09-20T12:18:10.8162550Z   show-progress: true
compatibility	Run actions/checkout@11bd71901bbe5b1630ceea73d27597364c9af683	2026-09-20T12:18:10.8163010Z   lfs: false
compatibility	Run actions/checkout@11bd71901bbe5b1630ceea73d27597364c9af683	2026-09-20T12:18:10.8163350Z   submodules: false
compatibility	Run actions/checkout@11bd71901bbe5b1630ceea73d27597364c9af683	2026-09-20T12:18:10.8163720Z   set-safe-directory: true
compatibility	Run actions/checkout@11bd71901bbe5b1630ceea73d27597364c9af683	2026-09-20T12:18:10.8164320Z env:
compatibility	Run actions/checkout@11bd71901bbe5b1630ceea73d27597364c9af683	2026-09-20T12:18:10.8164680Z   LC_ALL: C
compatibility	Run actions/checkout@11bd71901bbe5b1630ceea73d27597364c9af683	2026-09-20T12:18:10.8165020Z   CARGO_INCREMENTAL: 0
compatibility	Run actions/checkout@11bd71901bbe5b1630ceea73d27597364c9af683	2026-09-20T12:18:10.8165410Z   RUSTUP_TOOLCHAIN: 1.96.0
compatibility	Run actions/checkout@11bd71901bbe5b1630ceea73d27597364c9af683	2026-09-20T12:18:10.8165790Z ##[endgroup]
compatibility	Run actions/checkout@11bd71901bbe5b1630ceea73d27597364c9af683	2026-09-20T12:18:11.2909320Z Syncing repository: francescotinti/rawk
compatibility	Run actions/checkout@11bd71901bbe5b1630ceea73d27597364c9af683	2026-09-20T12:18:11.2911390Z ##[group]Getting Git version info
compatibility	Run actions/checkout@11bd71901bbe5b1630ceea73d27597364c9af683	2026-09-20T12:18:11.2912420Z Working directory is '/Users/runner/work/rawk/rawk/rawk'
compatibility	Run actions/checkout@11bd71901bbe5b1630ceea73d27597364c9af683	2026-09-20T12:18:11.2913630Z [command]/opt/homebrew/bin/git version
compatibility	Run actions/checkout@11bd71901bbe5b1630ceea73d27597364c9af683	2026-09-20T12:18:11.3449570Z git version 2.55.0
compatibility	Run actions/checkout@11bd71901bbe5b1630ceea73d27597364c9af683	2026-09-20T12:18:11.3476580Z ##[endgroup]
compatibility	Run actions/checkout@11bd71901bbe5b1630ceea73d27597364c9af683	2026-09-20T12:18:11.3482780Z Copying '/Users/runner/.gitconfig' to '/Users/runner/work/_temp/f8f7fc6e-e47c-459c-b2f8-29d643615449/.gitconfig'
compatibility	Run actions/checkout@11bd71901bbe5b1630ceea73d27597364c9af683	2026-09-20T12:18:11.3501520Z Temporarily overriding HOME='/Users/runner/work/_temp/f8f7fc6e-e47c-459c-b2f8-29d643615449' before making global git config changes
compatibility	Run actions/checkout@11bd71901bbe5b1630ceea73d27597364c9af683	2026-09-20T12:18:11.3508480Z Adding repository directory to the temporary git global config as a safe directory
compatibility	Run actions/checkout@11bd71901bbe5b1630ceea73d27597364c9af683	2026-09-20T12:18:11.3512820Z [command]/opt/homebrew/bin/git config --global --add safe.directory /Users/runner/work/rawk/rawk/rawk
compatibility	Run actions/checkout@11bd71901bbe5b1630ceea73d27597364c9af683	2026-09-20T12:18:11.3650670Z ##[group]Initializing the repository
compatibility	Run actions/checkout@11bd71901bbe5b1630ceea73d27597364c9af683	2026-09-20T12:18:11.3653340Z [command]/opt/homebrew/bin/git init /Users/runner/work/rawk/rawk/rawk
compatibility	Run actions/checkout@11bd71901bbe5b1630ceea73d27597364c9af683	2026-09-20T12:18:11.3981410Z hint: Using 'master' as the name for the initial branch. This default branch name
compatibility	Run actions/checkout@11bd71901bbe5b1630ceea73d27597364c9af683	2026-09-20T12:18:11.3983520Z hint: will change to "main" in Git 3.0. To configure the initial branch name
compatibility	Run actions/checkout@11bd71901bbe5b1630ceea73d27597364c9af683	2026-09-20T12:18:11.3986220Z hint: to use in all of your new repositories, which will suppress this warning,
compatibility	Run actions/checkout@11bd71901bbe5b1630ceea73d27597364c9af683	2026-09-20T12:18:11.3990240Z hint: call:
compatibility	Run actions/checkout@11bd71901bbe5b1630ceea73d27597364c9af683	2026-09-20T12:18:11.3992250Z hint:
compatibility	Run actions/checkout@11bd71901bbe5b1630ceea73d27597364c9af683	2026-09-20T12:18:11.3993450Z hint: 	git config --global init.defaultBranch <name>
compatibility	Run actions/checkout@11bd71901bbe5b1630ceea73d27597364c9af683	2026-09-20T12:18:11.4010360Z hint:
compatibility	Run actions/checkout@11bd71901bbe5b1630ceea73d27597364c9af683	2026-09-20T12:18:11.4011650Z hint: Names commonly chosen instead of 'master' are 'main', 'trunk' and
compatibility	Run actions/checkout@11bd71901bbe5b1630ceea73d27597364c9af683	2026-09-20T12:18:11.4013710Z hint: 'development'. The just-created branch can be renamed via this command:
compatibility	Run actions/checkout@11bd71901bbe5b1630ceea73d27597364c9af683	2026-09-20T12:18:11.4015390Z hint:
compatibility	Run actions/checkout@11bd71901bbe5b1630ceea73d27597364c9af683	2026-09-20T12:18:11.4016270Z hint: 	git branch -m <name>
compatibility	Run actions/checkout@11bd71901bbe5b1630ceea73d27597364c9af683	2026-09-20T12:18:11.4017200Z hint:
compatibility	Run actions/checkout@11bd71901bbe5b1630ceea73d27597364c9af683	2026-09-20T12:18:11.4018510Z hint: Disable this message with "git config set advice.defaultBranchName false"
compatibility	Run actions/checkout@11bd71901bbe5b1630ceea73d27597364c9af683	2026-09-20T12:18:11.4020730Z Initialized empty Git repository in /Users/runner/work/rawk/rawk/rawk/.git/
compatibility	Run actions/checkout@11bd71901bbe5b1630ceea73d27597364c9af683	2026-09-20T12:18:11.4024330Z [command]/opt/homebrew/bin/git remote add origin https://github.com/francescotinti/rawk
compatibility	Run actions/checkout@11bd71901bbe5b1630ceea73d27597364c9af683	2026-09-20T12:18:11.4116060Z ##[endgroup]
compatibility	Run actions/checkout@11bd71901bbe5b1630ceea73d27597364c9af683	2026-09-20T12:18:11.4120440Z ##[group]Disabling automatic garbage collection
compatibility	Run actions/checkout@11bd71901bbe5b1630ceea73d27597364c9af683	2026-09-20T12:18:11.4123970Z [command]/opt/homebrew/bin/git config --local gc.auto 0
compatibility	Run actions/checkout@11bd71901bbe5b1630ceea73d27597364c9af683	2026-09-20T12:18:11.4202150Z ##[endgroup]
compatibility	Run actions/checkout@11bd71901bbe5b1630ceea73d27597364c9af683	2026-09-20T12:18:11.4203470Z ##[group]Setting up auth
compatibility	Run actions/checkout@11bd71901bbe5b1630ceea73d27597364c9af683	2026-09-20T12:18:11.4207420Z [command]/opt/homebrew/bin/git config --local --name-only --get-regexp core\.sshCommand
compatibility	Run actions/checkout@11bd71901bbe5b1630ceea73d27597364c9af683	2026-09-20T12:18:11.4305560Z [command]/opt/homebrew/bin/git submodule foreach --recursive sh -c "git config --local --name-only --get-regexp 'core\.sshCommand' && git config --local --unset-all 'core.sshCommand' || :"
compatibility	Run actions/checkout@11bd71901bbe5b1630ceea73d27597364c9af683	2026-09-20T12:18:11.5835220Z [command]/opt/homebrew/bin/git config --local --name-only --get-regexp http\.https\:\/\/github\.com\/\.extraheader
compatibility	Run actions/checkout@11bd71901bbe5b1630ceea73d27597364c9af683	2026-09-20T12:18:11.5950920Z [command]/opt/homebrew/bin/git submodule foreach --recursive sh -c "git config --local --name-only --get-regexp 'http\.https\:\/\/github\.com\/\.extraheader' && git config --local --unset-all 'http.https://github.com/.extraheader' || :"
compatibility	Run actions/checkout@11bd71901bbe5b1630ceea73d27597364c9af683	2026-09-20T12:18:11.7754110Z [command]/opt/homebrew/bin/git config --local http.https://github.com/.extraheader AUTHORIZATION: basic ***
compatibility	Run actions/checkout@11bd71901bbe5b1630ceea73d27597364c9af683	2026-09-20T12:18:11.7762390Z ##[endgroup]
compatibility	Run actions/checkout@11bd71901bbe5b1630ceea73d27597364c9af683	2026-09-20T12:18:11.7763950Z ##[group]Fetching the repository
compatibility	Run actions/checkout@11bd71901bbe5b1630ceea73d27597364c9af683	2026-09-20T12:18:11.7770910Z [command]/opt/homebrew/bin/git -c protocol.version=2 fetch --no-tags --prune --no-recurse-submodules --depth=1 origin +b1adc821e768a2d16567fc1f4b36a94aced17c8c:refs/remotes/origin/master
compatibility	Run actions/checkout@11bd71901bbe5b1630ceea73d27597364c9af683	2026-09-20T12:18:12.3869950Z From https://github.com/francescotinti/rawk
compatibility	Run actions/checkout@11bd71901bbe5b1630ceea73d27597364c9af683	2026-09-20T12:18:12.3871890Z  * [new ref]         b1adc821e768a2d16567fc1f4b36a94aced17c8c -> origin/master
compatibility	Run actions/checkout@11bd71901bbe5b1630ceea73d27597364c9af683	2026-09-20T12:18:12.3875660Z ##[endgroup]
compatibility	Run actions/checkout@11bd71901bbe5b1630ceea73d27597364c9af683	2026-09-20T12:18:12.3876890Z ##[group]Determining the checkout info
compatibility	Run actions/checkout@11bd71901bbe5b1630ceea73d27597364c9af683	2026-09-20T12:18:12.3881260Z ##[endgroup]
compatibility	Run actions/checkout@11bd71901bbe5b1630ceea73d27597364c9af683	2026-09-20T12:18:12.3897510Z [command]/opt/homebrew/bin/git sparse-checkout disable
compatibility	Run actions/checkout@11bd71901bbe5b1630ceea73d27597364c9af683	2026-09-20T12:18:12.4031380Z [command]/opt/homebrew/bin/git config --local --unset-all extensions.worktreeConfig
compatibility	Run actions/checkout@11bd71901bbe5b1630ceea73d27597364c9af683	2026-09-20T12:18:12.4179790Z ##[group]Checking out the ref
compatibility	Run actions/checkout@11bd71901bbe5b1630ceea73d27597364c9af683	2026-09-20T12:18:12.4181610Z [command]/opt/homebrew/bin/git checkout --progress --force -B master refs/remotes/origin/master
compatibility	Run actions/checkout@11bd71901bbe5b1630ceea73d27597364c9af683	2026-09-20T12:18:12.5478930Z Reset branch 'master'
compatibility	Run actions/checkout@11bd71901bbe5b1630ceea73d27597364c9af683	2026-09-20T12:18:12.5495760Z branch 'master' set up to track 'origin/master'.
compatibility	Run actions/checkout@11bd71901bbe5b1630ceea73d27597364c9af683	2026-09-20T12:18:12.5506720Z ##[endgroup]
compatibility	Run actions/checkout@11bd71901bbe5b1630ceea73d27597364c9af683	2026-09-20T12:18:12.5704090Z [command]/opt/homebrew/bin/git log -1 --format=%H
compatibility	Run actions/checkout@11bd71901bbe5b1630ceea73d27597364c9af683	2026-09-20T12:18:12.5842900Z b1adc821e768a2d16567fc1f4b36a94aced17c8c
compatibility	Install pinned Rust toolchain	﻿2026-09-20T12:18:12.6238130Z ##[group]Run rustup toolchain install 1.96.0 --profile minimal --component rustfmt --component clippy
compatibility	Install pinned Rust toolchain	2026-09-20T12:18:12.6242250Z [36;1mrustup toolchain install 1.96.0 --profile minimal --component rustfmt --component clippy[0m
compatibility	Install pinned Rust toolchain	2026-09-20T12:18:12.6329960Z shell: /bin/bash -e {0}
compatibility	Install pinned Rust toolchain	2026-09-20T12:18:12.6330900Z env:
compatibility	Install pinned Rust toolchain	2026-09-20T12:18:12.6331530Z   LC_ALL: C
compatibility	Install pinned Rust toolchain	2026-09-20T12:18:12.6332190Z   CARGO_INCREMENTAL: 0
compatibility	Install pinned Rust toolchain	2026-09-20T12:18:12.6333080Z   RUSTUP_TOOLCHAIN: 1.96.0
compatibility	Install pinned Rust toolchain	2026-09-20T12:18:12.6333870Z ##[endgroup]
compatibility	Install pinned Rust toolchain	2026-09-20T12:18:12.7992850Z info: syncing channel updates for 1.96.0-aarch64-apple-darwin
compatibility	Install pinned Rust toolchain	2026-09-20T12:18:13.0008250Z info: latest update on 2026-05-28 for version 1.96.0 (ac68faa20 2026-05-25)
compatibility	Install pinned Rust toolchain	2026-09-20T12:18:13.0010840Z info: downloading 5 components
compatibility	Install pinned Rust toolchain	2026-09-20T12:18:23.5937990Z 
compatibility	Install pinned Rust toolchain	2026-09-20T12:18:26.1640950Z info: self-update is disabled for this build of rustup
compatibility	Install pinned Rust toolchain	2026-09-20T12:18:26.1641910Z   1.96.0-aarch64-apple-darwin installed - rustc 1.96.0 (ac68faa20 2026-05-25)
compatibility	Install pinned Rust toolchain	2026-09-20T12:18:26.1647710Z info: any updates to rustup will need to be fetched with your system package manager
compatibility	Install pinned Rust toolchain	2026-09-20T12:18:26.1649380Z 
compatibility	Build pinned original C oracle	﻿2026-09-20T12:18:26.2634910Z ##[group]Run git init ../c_awk
compatibility	Build pinned original C oracle	2026-09-20T12:18:26.2635270Z [36;1mgit init ../c_awk[0m
compatibility	Build pinned original C oracle	2026-09-20T12:18:26.2637170Z [36;1mgit -C ../c_awk remote add origin https://github.com/onetrueawk/awk.git[0m
compatibility	Build pinned original C oracle	2026-09-20T12:18:26.2637780Z [36;1mgit -C ../c_awk fetch --depth 1 origin 5739fd79bcfc75ba7526773d0cf634521f8aca3c[0m
compatibility	Build pinned original C oracle	2026-09-20T12:18:26.2638310Z [36;1mgit -C ../c_awk checkout --detach FETCH_HEAD[0m
compatibility	Build pinned original C oracle	2026-09-20T12:18:26.2638770Z [36;1mmake -C ../c_awk[0m
compatibility	Build pinned original C oracle	2026-09-20T12:18:26.2639050Z [36;1m../c_awk/a.out --version[0m
compatibility	Build pinned original C oracle	2026-09-20T12:18:26.2703530Z shell: /bin/bash -e {0}
compatibility	Build pinned original C oracle	2026-09-20T12:18:26.2704030Z env:
compatibility	Build pinned original C oracle	2026-09-20T12:18:26.2704340Z   LC_ALL: C
compatibility	Build pinned original C oracle	2026-09-20T12:18:26.2704760Z   CARGO_INCREMENTAL: 0
compatibility	Build pinned original C oracle	2026-09-20T12:18:26.2705270Z   RUSTUP_TOOLCHAIN: 1.96.0
compatibility	Build pinned original C oracle	2026-09-20T12:18:26.2705600Z ##[endgroup]
compatibility	Build pinned original C oracle	2026-09-20T12:18:26.7665220Z hint: Using 'master' as the name for the initial branch. This default branch name
compatibility	Build pinned original C oracle	2026-09-20T12:18:26.7667520Z hint: will change to "main" in Git 3.0. To configure the initial branch name
compatibility	Build pinned original C oracle	2026-09-20T12:18:26.7670550Z Initialized empty Git repository in /Users/runner/work/rawk/rawk/c_awk/.git/
compatibility	Build pinned original C oracle	2026-09-20T12:18:26.7671990Z hint: to use in all of your new repositories, which will suppress this warning,
compatibility	Build pinned original C oracle	2026-09-20T12:18:26.7674380Z hint: call:
compatibility	Build pinned original C oracle	2026-09-20T12:18:26.7692110Z hint:
compatibility	Build pinned original C oracle	2026-09-20T12:18:26.7692980Z hint: 	git config --global init.defaultBranch <name>
compatibility	Build pinned original C oracle	2026-09-20T12:18:26.7697240Z hint:
compatibility	Build pinned original C oracle	2026-09-20T12:18:26.7698240Z hint: Names commonly chosen instead of 'master' are 'main', 'trunk' and
compatibility	Build pinned original C oracle	2026-09-20T12:18:26.7699100Z hint: 'development'. The just-created branch can be renamed via this command:
compatibility	Build pinned original C oracle	2026-09-20T12:18:26.7709460Z hint:
compatibility	Build pinned original C oracle	2026-09-20T12:18:26.7710030Z hint: 	git branch -m <name>
compatibility	Build pinned original C oracle	2026-09-20T12:18:26.7710600Z hint:
compatibility	Build pinned original C oracle	2026-09-20T12:18:26.7748440Z hint: Disable this message with "git config set advice.defaultBranchName false"
compatibility	Build pinned original C oracle	2026-09-20T12:18:27.6763330Z From https://github.com/onetrueawk/awk
compatibility	Build pinned original C oracle	2026-09-20T12:18:27.6764370Z  * branch            5739fd79bcfc75ba7526773d0cf634521f8aca3c -> FETCH_HEAD
compatibility	Build pinned original C oracle	2026-09-20T12:18:27.8697040Z HEAD is now at 5739fd7 updated.
compatibility	Build pinned original C oracle	2026-09-20T12:18:29.3746480Z bison -d  awkgram.y
compatibility	Build pinned original C oracle	2026-09-20T12:18:30.2591740Z awkgram.y: conflicts: 44 shift/reduce, 85 reduce/reduce
compatibility	Build pinned original C oracle	2026-09-20T12:18:30.3149750Z cc -g -Wall -pedantic -Wcast-qual   -O2   -c -o awkgram.tab.o awkgram.tab.c
compatibility	Build pinned original C oracle	2026-09-20T12:18:31.4187260Z cc -g -Wall -pedantic -Wcast-qual   -O2   -c -o b.o b.c
compatibility	Build pinned original C oracle	2026-09-20T12:18:31.6212230Z cc -g -Wall -pedantic -Wcast-qual   -O2   -c -o main.o main.c
compatibility	Build pinned original C oracle	2026-09-20T12:18:31.6720150Z cc -g -Wall -pedantic -Wcast-qual   -O2   -c -o parse.o parse.c
compatibility	Build pinned original C oracle	2026-09-20T12:18:31.7224990Z cc -g -Wall -pedantic -Wcast-qual -O2 maketab.c -o maketab
compatibility	Build pinned original C oracle	2026-09-20T12:18:32.0093560Z ./maketab awkgram.tab.h >proctab.c
compatibility	Build pinned original C oracle	2026-09-20T12:18:32.0153210Z cc -g -Wall -pedantic -Wcast-qual   -O2   -c -o proctab.o proctab.c
compatibility	Build pinned original C oracle	2026-09-20T12:18:32.0473770Z cc -g -Wall -pedantic -Wcast-qual   -O2   -c -o tran.o tran.c
compatibility	Build pinned original C oracle	2026-09-20T12:18:32.1585080Z cc -g -Wall -pedantic -Wcast-qual   -O2   -c -o lib.o lib.c
compatibility	Build pinned original C oracle	2026-09-20T12:18:32.1995010Z lib.c:758:11: warning: a function declaration without a prototype is deprecated in all versions of C [-Wstrict-prototypes]
compatibility	Build pinned original C oracle	2026-09-20T12:18:32.1995990Z   758 | void error()
compatibility	Build pinned original C oracle	2026-09-20T12:18:32.1996230Z       |           ^
compatibility	Build pinned original C oracle	2026-09-20T12:18:32.1996560Z       |            void
compatibility	Build pinned original C oracle	2026-09-20T12:18:32.3228960Z 1 warning generated.
compatibility	Build pinned original C oracle	2026-09-20T12:18:32.3249560Z cc -g -Wall -pedantic -Wcast-qual   -O2   -c -o run.o run.c
compatibility	Build pinned original C oracle	2026-09-20T12:18:32.4004980Z run.c:1981:6: warning: variable 'unused' set but not used [-Wunused-but-set-variable]
compatibility	Build pinned original C oracle	2026-09-20T12:18:32.4005640Z  1981 |         int unused;
compatibility	Build pinned original C oracle	2026-09-20T12:18:32.4005950Z       |             ^
compatibility	Build pinned original C oracle	2026-09-20T12:18:32.8891370Z 1 warning generated.
compatibility	Build pinned original C oracle	2026-09-20T12:18:32.8935740Z cc -g -Wall -pedantic -Wcast-qual   -O2   -c -o lex.o lex.c
compatibility	Build pinned original C oracle	2026-09-20T12:18:33.0367990Z cc -g -Wall -pedantic -Wcast-qual   -O2 awkgram.tab.o b.o main.o parse.o proctab.o tran.o lib.o run.o lex.o   -lm
compatibility	Build pinned original C oracle	2026-09-20T12:18:33.1032740Z awk version 20260426
compatibility	Complete correctness gate	﻿2026-09-20T12:18:33.1085430Z ##[group]Run bash scripts/checks.sh
compatibility	Complete correctness gate	2026-09-20T12:18:33.1085840Z [36;1mbash scripts/checks.sh[0m
compatibility	Complete correctness gate	2026-09-20T12:18:33.1146290Z shell: /bin/bash -e {0}
compatibility	Complete correctness gate	2026-09-20T12:18:33.1146710Z env:
compatibility	Complete correctness gate	2026-09-20T12:18:33.1146930Z   LC_ALL: C
compatibility	Complete correctness gate	2026-09-20T12:18:33.1147210Z   CARGO_INCREMENTAL: 0
compatibility	Complete correctness gate	2026-09-20T12:18:33.1147460Z   RUSTUP_TOOLCHAIN: 1.96.0
compatibility	Complete correctness gate	2026-09-20T12:18:33.1147750Z ##[endgroup]
compatibility	Complete correctness gate	2026-09-20T12:18:55.3450510Z check_clippy                   OK
compatibility	Complete correctness gate	2026-09-20T12:18:55.5190840Z    Compiling proc-macro2 v1.0.106
compatibility	Complete correctness gate	2026-09-20T12:18:55.5191590Z    Compiling unicode-ident v1.0.24
compatibility	Complete correctness gate	2026-09-20T12:18:55.5192050Z    Compiling quote v1.0.45
compatibility	Complete correctness gate	2026-09-20T12:18:55.5640940Z    Compiling libc v0.2.186
compatibility	Complete correctness gate	2026-09-20T12:18:55.6883250Z    Compiling memchr v2.8.0
compatibility	Complete correctness gate	2026-09-20T12:18:56.2122580Z    Compiling rand_core v0.10.1
compatibility	Complete correctness gate	2026-09-20T12:18:56.2932900Z    Compiling syn v2.0.117
compatibility	Complete correctness gate	2026-09-20T12:18:56.3222940Z    Compiling getrandom v0.4.2
compatibility	Complete correctness gate	2026-09-20T12:18:56.3804890Z    Compiling autocfg v1.5.0
compatibility	Complete correctness gate	2026-09-20T12:18:56.4549830Z    Compiling cfg-if v1.0.4
compatibility	Complete correctness gate	2026-09-20T12:18:56.4761670Z    Compiling utf8parse v0.2.2
compatibility	Complete correctness gate	2026-09-20T12:18:56.5198210Z    Compiling serde_core v1.0.228
compatibility	Complete correctness gate	2026-09-20T12:18:56.5983760Z    Compiling ucd-trie v0.1.7
compatibility	Complete correctness gate	2026-09-20T12:18:56.7382340Z    Compiling num-traits v0.2.19
compatibility	Complete correctness gate	2026-09-20T12:18:56.8391320Z    Compiling anstyle-parse v1.0.0
compatibility	Complete correctness gate	2026-09-20T12:18:56.9279810Z    Compiling pest v2.8.6
compatibility	Complete correctness gate	2026-09-20T12:18:56.9375650Z    Compiling anstyle-query v1.1.5
compatibility	Complete correctness gate	2026-09-20T12:18:56.9667060Z    Compiling serde v1.0.228
compatibility	Complete correctness gate	2026-09-20T12:18:57.1184720Z    Compiling anstyle v1.0.14
compatibility	Complete correctness gate	2026-09-20T12:18:57.2482230Z    Compiling thiserror v2.0.18
compatibility	Complete correctness gate	2026-09-20T12:18:57.4124080Z    Compiling is_terminal_polyfill v1.70.2
compatibility	Complete correctness gate	2026-09-20T12:18:57.4366330Z    Compiling colorchoice v1.0.5
compatibility	Complete correctness gate	2026-09-20T12:18:57.4789840Z    Compiling rustix v1.1.4
compatibility	Complete correctness gate	2026-09-20T12:18:57.7236240Z    Compiling pest_meta v2.8.6
compatibility	Complete correctness gate	2026-09-20T12:18:57.7514040Z    Compiling anstream v1.0.0
compatibility	Complete correctness gate	2026-09-20T12:18:58.6256750Z    Compiling thiserror-impl v2.0.18
compatibility	Complete correctness gate	2026-09-20T12:18:58.7501350Z    Compiling serde_derive v1.0.228
compatibility	Complete correctness gate	2026-09-20T12:18:59.4661400Z    Compiling errno v0.3.14
compatibility	Complete correctness gate	2026-09-20T12:18:59.5456900Z    Compiling aho-corasick v1.1.4
compatibility	Complete correctness gate	2026-09-20T12:19:00.2058170Z    Compiling anyhow v1.0.102
compatibility	Complete correctness gate	2026-09-20T12:19:00.4965940Z    Compiling core-foundation-sys v0.8.7
compatibility	Complete correctness gate	2026-09-20T12:19:00.6817110Z    Compiling heck v0.5.0
compatibility	Complete correctness gate	2026-09-20T12:19:00.8069370Z    Compiling regex-syntax v0.8.10
compatibility	Complete correctness gate	2026-09-20T12:19:01.3451450Z    Compiling clap_lex v1.1.0
compatibility	Complete correctness gate	2026-09-20T12:19:01.6263160Z    Compiling strsim v0.11.1
compatibility	Complete correctness gate	2026-09-20T12:19:02.6982830Z    Compiling bitflags v2.11.1
compatibility	Complete correctness gate	2026-09-20T12:19:04.6595010Z    Compiling regex-automata v0.4.14
compatibility	Complete correctness gate	2026-09-20T12:19:04.9933250Z    Compiling clap_builder v4.6.0
compatibility	Complete correctness gate	2026-09-20T12:19:09.6228090Z    Compiling clap_derive v4.6.1
compatibility	Complete correctness gate	2026-09-20T12:19:11.1410710Z    Compiling iana-time-zone v0.1.65
compatibility	Complete correctness gate	2026-09-20T12:19:11.8886720Z    Compiling pest_generator v2.8.6
compatibility	Complete correctness gate	2026-09-20T12:19:12.3800170Z    Compiling chacha20 v0.10.0
compatibility	Complete correctness gate	2026-09-20T12:19:12.6437890Z    Compiling once_cell v1.21.4
compatibility	Complete correctness gate	2026-09-20T12:19:12.8556990Z    Compiling fastrand v2.4.1
compatibility	Complete correctness gate	2026-09-20T12:19:14.8708800Z    Compiling tempfile v3.27.0
compatibility	Complete correctness gate	2026-09-20T12:19:15.5424500Z    Compiling rand v0.10.1
compatibility	Complete correctness gate	2026-09-20T12:19:16.4768870Z    Compiling pest_derive v2.8.6
compatibility	Complete correctness gate	2026-09-20T12:19:16.4971030Z    Compiling chrono v0.4.44
compatibility	Complete correctness gate	2026-09-20T12:19:16.7701680Z    Compiling sprintf v0.4.3
compatibility	Complete correctness gate	2026-09-20T12:19:17.7753440Z    Compiling clap v4.6.1
compatibility	Complete correctness gate	2026-09-20T12:19:17.8290280Z    Compiling quick-xml v0.39.2
compatibility	Complete correctness gate	2026-09-20T12:19:19.5416330Z    Compiling regex v1.12.3
compatibility	Complete correctness gate	2026-09-20T12:19:20.7214920Z    Compiling rawk v0.1.0 (/Users/runner/work/rawk/rawk/rawk)
compatibility	Complete correctness gate	2026-09-20T12:19:31.4235000Z     Finished `release` profile [optimized] target(s) in 36.04s
compatibility	Complete correctness gate	2026-09-20T12:19:31.4564040Z check_diffrun_no_unexpected    Reference awk: /Users/runner/work/rawk/rawk/c_awk/a.out
compatibility	Complete correctness gate	2026-09-20T12:19:31.4564730Z Total testcase: 109
compatibility	Complete correctness gate	2026-09-20T12:19:36.8351170Z   MATCH: 97
compatibility	Complete correctness gate	2026-09-20T12:19:36.8352250Z   EXPECTED-DIVERGE: 12
compatibility	Complete correctness gate	2026-09-20T12:19:36.8353270Z   UNEXPECTED-DIVERGE: 0
compatibility	Complete correctness gate	2026-09-20T12:19:36.8353910Z   SKIPPED: 0
compatibility	Complete correctness gate	2026-09-20T12:19:36.8356300Z OK
compatibility	Complete correctness gate	2026-09-20T12:19:37.0157910Z check_fmt                      OK
compatibility	Complete correctness gate	2026-09-20T12:19:37.0264460Z check_no_exit_outside_main     OK
compatibility	Complete correctness gate	2026-09-20T12:19:37.0429710Z check_no_macos_forks           OK
compatibility	Complete correctness gate	2026-09-20T12:19:37.0430060Z check_no_scratch_root          OK
compatibility	Complete correctness gate	2026-09-20T12:19:37.0430690Z check_runner_split             OK
compatibility	Complete correctness gate	2026-09-20T12:19:37.1931970Z    Compiling libc v0.2.186
compatibility	Complete correctness gate	2026-09-20T12:19:37.1933530Z    Compiling cfg-if v1.0.4
compatibility	Complete correctness gate	2026-09-20T12:19:37.1935280Z    Compiling memchr v2.8.0
compatibility	Complete correctness gate	2026-09-20T12:19:37.2279730Z    Compiling rand_core v0.10.1
compatibility	Complete correctness gate	2026-09-20T12:19:37.3081670Z    Compiling ucd-trie v0.1.7
compatibility	Complete correctness gate	2026-09-20T12:19:37.4722950Z    Compiling utf8parse v0.2.2
compatibility	Complete correctness gate	2026-09-20T12:19:37.5063060Z    Compiling errno v0.3.14
compatibility	Complete correctness gate	2026-09-20T12:19:37.5097630Z    Compiling getrandom v0.4.2
compatibility	Complete correctness gate	2026-09-20T12:19:37.5299620Z    Compiling bitflags v2.11.1
compatibility	Complete correctness gate	2026-09-20T12:19:37.5751140Z    Compiling anstyle-parse v1.0.0
compatibility	Complete correctness gate	2026-09-20T12:19:37.5969040Z    Compiling pest v2.8.6
compatibility	Complete correctness gate	2026-09-20T12:19:37.6749360Z    Compiling rustix v1.1.4
compatibility	Complete correctness gate	2026-09-20T12:19:37.6842310Z    Compiling once_cell v1.21.4
compatibility	Complete correctness gate	2026-09-20T12:19:37.7870400Z    Compiling colorchoice v1.0.5
compatibility	Complete correctness gate	2026-09-20T12:19:37.8206210Z    Compiling anstyle v1.0.14
compatibility	Complete correctness gate	2026-09-20T12:19:37.9314350Z    Compiling regex-syntax v0.8.10
compatibility	Complete correctness gate	2026-09-20T12:19:38.4629410Z    Compiling anstyle-query v1.1.5
compatibility	Complete correctness gate	2026-09-20T12:19:38.4857730Z    Compiling is_terminal_polyfill v1.70.2
compatibility	Complete correctness gate	2026-09-20T12:19:38.5027260Z    Compiling fastrand v2.4.1
compatibility	Complete correctness gate	2026-09-20T12:19:38.5146060Z    Compiling anstream v1.0.0
compatibility	Complete correctness gate	2026-09-20T12:19:38.6333940Z    Compiling tempfile v3.27.0
compatibility	Complete correctness gate	2026-09-20T12:19:38.7106940Z    Compiling pest_meta v2.8.6
compatibility	Complete correctness gate	2026-09-20T12:19:38.8786500Z    Compiling num-traits v0.2.19
compatibility	Complete correctness gate	2026-09-20T12:19:39.3221160Z    Compiling serde_core v1.0.228
compatibility	Complete correctness gate	2026-09-20T12:19:39.8441320Z    Compiling getrandom v0.3.4
compatibility	Complete correctness gate	2026-09-20T12:19:39.9412310Z    Compiling aho-corasick v1.1.4
compatibility	Complete correctness gate	2026-09-20T12:19:39.9804010Z    Compiling core-foundation-sys v0.8.7
compatibility	Complete correctness gate	2026-09-20T12:19:40.0786280Z    Compiling strsim v0.11.1
compatibility	Complete correctness gate	2026-09-20T12:19:40.2973130Z    Compiling clap_lex v1.1.0
compatibility	Complete correctness gate	2026-09-20T12:19:40.4172620Z    Compiling clap_builder v4.6.0
compatibility	Complete correctness gate	2026-09-20T12:19:40.6788820Z    Compiling serde v1.0.228
compatibility	Complete correctness gate	2026-09-20T12:19:41.0667380Z    Compiling regex-automata v0.4.14
compatibility	Complete correctness gate	2026-09-20T12:19:41.2621950Z    Compiling iana-time-zone v0.1.65
compatibility	Complete correctness gate	2026-09-20T12:19:41.3260810Z    Compiling thiserror v2.0.18
compatibility	Complete correctness gate	2026-09-20T12:19:41.3581500Z    Compiling rand_core v0.9.5
compatibility	Complete correctness gate	2026-09-20T12:19:41.4583350Z    Compiling pest_generator v2.8.6
compatibility	Complete correctness gate	2026-09-20T12:19:41.8997520Z    Compiling chacha20 v0.10.0
compatibility	Complete correctness gate	2026-09-20T12:19:42.0179790Z    Compiling rand v0.10.1
compatibility	Complete correctness gate	2026-09-20T12:19:42.4760840Z    Compiling pest_derive v2.8.6
compatibility	Complete correctness gate	2026-09-20T12:19:42.7079100Z    Compiling clap v4.6.1
compatibility	Complete correctness gate	2026-09-20T12:19:42.7423990Z    Compiling sprintf v0.4.3
compatibility	Complete correctness gate	2026-09-20T12:19:42.9213610Z    Compiling chrono v0.4.44
compatibility	Complete correctness gate	2026-09-20T12:19:43.4437010Z    Compiling regex v1.12.3
compatibility	Complete correctness gate	2026-09-20T12:19:43.9950480Z    Compiling anyhow v1.0.102
compatibility	Complete correctness gate	2026-09-20T12:19:44.2504910Z    Compiling zerocopy v0.8.48
compatibility	Complete correctness gate	2026-09-20T12:19:44.3417710Z    Compiling quick-xml v0.39.2
compatibility	Complete correctness gate	2026-09-20T12:19:45.4901030Z    Compiling wait-timeout v0.2.1
compatibility	Complete correctness gate	2026-09-20T12:19:45.6737080Z    Compiling bit-vec v0.8.0
compatibility	Complete correctness gate	2026-09-20T12:19:45.7068760Z    Compiling fnv v1.0.7
compatibility	Complete correctness gate	2026-09-20T12:19:45.7330030Z    Compiling quick-error v1.2.3
compatibility	Complete correctness gate	2026-09-20T12:19:45.7628960Z    Compiling rusty-fork v0.3.1
compatibility	Complete correctness gate	2026-09-20T12:19:45.7878090Z    Compiling bit-set v0.8.0
compatibility	Complete correctness gate	2026-09-20T12:19:45.8622500Z    Compiling rawk v0.1.0 (/Users/runner/work/rawk/rawk/rawk)
compatibility	Complete correctness gate	2026-09-20T12:19:46.0254130Z    Compiling rand_xorshift v0.4.0
compatibility	Complete correctness gate	2026-09-20T12:19:46.0880720Z    Compiling rand v0.9.4
compatibility	Complete correctness gate	2026-09-20T12:19:46.4425590Z    Compiling unarray v0.1.4
compatibility	Complete correctness gate	2026-09-20T12:19:46.7397070Z    Compiling ppv-lite86 v0.2.21
compatibility	Complete correctness gate	2026-09-20T12:19:46.8770790Z    Compiling rand_chacha v0.9.0
compatibility	Complete correctness gate	2026-09-20T12:19:46.9511830Z    Compiling proptest v1.11.0
compatibility	Complete correctness gate	2026-09-20T12:19:53.1064960Z     Finished `test` profile [unoptimized + debuginfo] target(s) in 16.04s
compatibility	Complete correctness gate	2026-09-20T12:19:53.1120870Z      Running unittests src/lib.rs (target/debug/deps/rawk-9dbe7698d42ed002)
compatibility	Complete correctness gate	2026-09-20T12:19:53.1146840Z check_tests                    
compatibility	Complete correctness gate	2026-09-20T12:19:53.1150450Z      Running unittests src/bin/diffrun.rs (target/debug/deps/diffrun-8286b0db4d8fbf11)
compatibility	Complete correctness gate	2026-09-20T12:19:53.1150950Z running 0 tests
compatibility	Complete correctness gate	2026-09-20T12:19:53.1151110Z 
compatibility	Complete correctness gate	2026-09-20T12:19:53.1151310Z test result: ok. 0 passed; 0 failed; 0 ignored; 0 measured; 0 filtered out; finished in 0.00s
compatibility	Complete correctness gate	2026-09-20T12:19:53.1151640Z 
compatibility	Complete correctness gate	2026-09-20T12:19:53.1171140Z 
compatibility	Complete correctness gate	2026-09-20T12:19:53.1172350Z running 0 tests
compatibility	Complete correctness gate	2026-09-20T12:19:53.1172540Z 
compatibility	Complete correctness gate	2026-09-20T12:19:53.1172810Z test result: ok. 0 passed; 0 failed; 0 ignored; 0 measured; 0 filtered out; finished in 0.00s
compatibility	Complete correctness gate	2026-09-20T12:19:53.1173100Z 
compatibility	Complete correctness gate	2026-09-20T12:19:53.1211220Z      Running unittests src/main.rs (target/debug/deps/rawk-2bc2f632572d6b98)
compatibility	Complete correctness gate	2026-09-20T12:19:53.1211600Z 
compatibility	Complete correctness gate	2026-09-20T12:19:53.1212620Z running 4 tests
compatibility	Complete correctness gate	2026-09-20T12:19:53.1270290Z test unicode_ere::tests::compiled_intervals_cover_only_the_requested_runes ... ok
compatibility	Complete correctness gate	2026-09-20T12:19:53.1271130Z test unicode_ere::tests::encoding_preserves_offsets_and_invalid_bytes_without_sentinels ... ok
compatibility	Complete correctness gate	2026-09-20T12:19:53.1293010Z test input::tests::separators_are_independent_of_read_boundaries ... ok
compatibility	Complete correctness gate	2026-09-20T12:19:53.1496840Z test ere::stream::tests::physical_short_reads_do_not_change_bwk_lookahead ... ok
compatibility	Complete correctness gate	2026-09-20T12:19:53.1497480Z 
compatibility	Complete correctness gate	2026-09-20T12:19:53.1497820Z test result: ok. 4 passed; 0 failed; 0 ignored; 0 measured; 0 filtered out; finished in 0.03s
compatibility	Complete correctness gate	2026-09-20T12:19:53.1498120Z 
compatibility	Complete correctness gate	2026-09-20T12:19:53.1500820Z      Running tests/builtins_sanity.rs (target/debug/deps/builtins_sanity-2a45869b271f02d7)
compatibility	Complete correctness gate	2026-09-20T12:19:53.1542770Z 
compatibility	Complete correctness gate	2026-09-20T12:19:53.1549520Z running 5 tests
compatibility	Complete correctness gate	2026-09-20T12:19:53.1858180Z test match_basic ... ok
compatibility	Complete correctness gate	2026-09-20T12:19:53.1898480Z test split_basic ... ok
compatibility	Complete correctness gate	2026-09-20T12:19:53.2009710Z test length_string ... ok
compatibility	Complete correctness gate	2026-09-20T12:19:53.2145560Z test substr_basic ... ok
compatibility	Complete correctness gate	2026-09-20T12:19:53.2148100Z test sprintf_int ... ok
compatibility	Complete correctness gate	2026-09-20T12:19:53.2148340Z 
compatibility	Complete correctness gate	2026-09-20T12:19:53.2148600Z test result: ok. 5 passed; 0 failed; 0 ignored; 0 measured; 0 filtered out; finished in 0.06s
compatibility	Complete correctness gate	2026-09-20T12:19:53.2149050Z 
compatibility	Complete correctness gate	2026-09-20T12:19:53.2150000Z      Running tests/bytes_array_keys.rs (target/debug/deps/bytes_array_keys-5870b8ef60de3eae)
compatibility	Complete correctness gate	2026-09-20T12:19:53.2174280Z 
compatibility	Complete correctness gate	2026-09-20T12:19:53.2181390Z running 3 tests
compatibility	Complete correctness gate	2026-09-20T12:19:53.2278050Z test for_in_returns_all_distinct_byte_keys ... ok
compatibility	Complete correctness gate	2026-09-20T12:19:53.2375070Z test nul_embedded_key_round_trips ... ok
compatibility	Complete correctness gate	2026-09-20T12:19:53.2406450Z test distinct_high_byte_keys_do_not_collide ... ok
compatibility	Complete correctness gate	2026-09-20T12:19:53.2406830Z 
compatibility	Complete correctness gate	2026-09-20T12:19:53.2407280Z test result: ok. 3 passed; 0 failed; 0 ignored; 0 measured; 0 filtered out; finished in 0.02s
compatibility	Complete correctness gate	2026-09-20T12:19:53.2407780Z 
compatibility	Complete correctness gate	2026-09-20T12:19:53.2408420Z      Running tests/bytes_printf.rs (target/debug/deps/bytes_printf-0921065dadc2b1b7)
compatibility	Complete correctness gate	2026-09-20T12:19:53.2432640Z 
compatibility	Complete correctness gate	2026-09-20T12:19:53.2437540Z running 6 tests
compatibility	Complete correctness gate	2026-09-20T12:19:53.2591820Z test field_split_with_high_byte_fs ... ok
compatibility	Complete correctness gate	2026-09-20T12:19:53.2615110Z test printf_c_emits_first_byte_raw ... ok
compatibility	Complete correctness gate	2026-09-20T12:19:53.2713850Z test printf_format_string_with_high_bytes ... ok
compatibility	Complete correctness gate	2026-09-20T12:19:53.2714260Z test printf_s_preserves_high_byte ... ok
compatibility	Complete correctness gate	2026-09-20T12:19:53.2714630Z test print_with_high_byte_ofs ... ok
compatibility	Complete correctness gate	2026-09-20T12:19:53.2790810Z test sprintf_high_byte_round_trip ... ok
compatibility	Complete correctness gate	2026-09-20T12:19:53.2791160Z 
compatibility	Complete correctness gate	2026-09-20T12:19:53.2791490Z test result: ok. 6 passed; 0 failed; 0 ignored; 0 measured; 0 filtered out; finished in 0.04s
compatibility	Complete correctness gate	2026-09-20T12:19:53.2791850Z 
compatibility	Complete correctness gate	2026-09-20T12:19:53.2792240Z      Running tests/bytes_regex_match.rs (target/debug/deps/bytes_regex_match-feaf9f241fc4d15b)
compatibility	Complete correctness gate	2026-09-20T12:19:53.2817030Z 
compatibility	Complete correctness gate	2026-09-20T12:19:53.2820300Z running 6 tests
compatibility	Complete correctness gate	2026-09-20T12:19:53.2982740Z test match_distinguishes_high_bytes ... ok
compatibility	Complete correctness gate	2026-09-20T12:19:53.2985230Z test match_builtin_high_byte_pattern_position ... ok
compatibility	Complete correctness gate	2026-09-20T12:19:53.2995110Z test gsub_ampersand_includes_whole_match ... ok
compatibility	Complete correctness gate	2026-09-20T12:19:53.3161800Z test rs_regex_high_byte_separator_splits_correctly ... ok
compatibility	Complete correctness gate	2026-09-20T12:19:53.3163980Z test sub_replaces_high_byte_run ... ok
compatibility	Complete correctness gate	2026-09-20T12:19:53.3167670Z test nul_inside_subject_with_rs_regex ... ok
compatibility	Complete correctness gate	2026-09-20T12:19:53.3168370Z 
compatibility	Complete correctness gate	2026-09-20T12:19:53.3168830Z test result: ok. 6 passed; 0 failed; 0 ignored; 0 measured; 0 filtered out; finished in 0.04s
compatibility	Complete correctness gate	2026-09-20T12:19:53.3169210Z 
compatibility	Complete correctness gate	2026-09-20T12:19:53.3170770Z      Running tests/cli_contract.rs (target/debug/deps/cli_contract-c2a8f5582d9448e4)
compatibility	Complete correctness gate	2026-09-20T12:19:53.3205530Z 
compatibility	Complete correctness gate	2026-09-20T12:19:53.3213670Z running 5 tests
compatibility	Complete correctness gate	2026-09-20T12:19:53.3340730Z test file_program_keeps_all_input_files ... ok
compatibility	Complete correctness gate	2026-09-20T12:19:53.3800640Z test arrays_and_scalars_cannot_be_interchanged ... ok
compatibility	Complete correctness gate	2026-09-20T12:19:53.3959610Z test invalid_builtin_arity_is_a_language_error ... ok
compatibility	Complete correctness gate	2026-09-20T12:19:53.4607020Z test malformed_formats_and_invalid_runtime_arguments_do_not_panic ... ok
compatibility	Complete correctness gate	2026-09-20T12:19:53.5107300Z test safe_mode_rejects_even_unexecuted_forbidden_operations ... ok
compatibility	Complete correctness gate	2026-09-20T12:19:53.5107690Z 
compatibility	Complete correctness gate	2026-09-20T12:19:53.5108560Z test result: ok. 5 passed; 0 failed; 0 ignored; 0 measured; 0 filtered out; finished in 0.19s
compatibility	Complete correctness gate	2026-09-20T12:19:53.5109830Z 
compatibility	Complete correctness gate	2026-09-20T12:19:53.5110500Z      Running tests/compatibility.rs (target/debug/deps/compatibility-1b1275e14835aeb4)
compatibility	Complete correctness gate	2026-09-20T12:19:53.5146460Z 
compatibility	Complete correctness gate	2026-09-20T12:19:53.5154410Z running 8 tests
compatibility	Complete correctness gate	2026-09-20T12:19:53.5636850Z test braces_in_bracket_expressions_are_not_repetitions ... ok
compatibility	Complete correctness gate	2026-09-20T12:19:53.7274710Z test composed_input_and_control_flow ... ok
compatibility	Complete correctness gate	2026-09-20T12:19:53.7397320Z test arrays_forwarding_recursion_and_local_parameters ... ok
compatibility	Complete correctness gate	2026-09-20T12:19:53.9487470Z test numeric_conversion_matches_original_buffer_limit ... ok
compatibility	Complete correctness gate	2026-09-20T12:19:55.7357940Z test regex_compositions_match_original ... ok
compatibility	Complete correctness gate	2026-09-20T12:19:55.8129630Z test tuple_membership_uses_current_subsep_between_components ... ok
compatibility	Complete correctness gate	2026-09-20T12:19:56.3561840Z test generated_record_array_function_programs ... ok
compatibility	Complete correctness gate	2026-09-20T12:19:58.1381730Z test hex_floats_precision_flags_and_boundaries ... ok
compatibility	Complete correctness gate	2026-09-20T12:19:58.1383590Z      Running tests/corpus.rs (target/debug/deps/corpus-e61ffb70b04a8df8)
compatibility	Complete correctness gate	2026-09-20T12:19:58.1383910Z 
compatibility	Complete correctness gate	2026-09-20T12:19:58.1384120Z test result: ok. 8 passed; 0 failed; 0 ignored; 0 measured; 0 filtered out; finished in 4.62s
compatibility	Complete correctness gate	2026-09-20T12:19:58.1384620Z 
compatibility	Complete correctness gate	2026-09-20T12:19:58.1407650Z 
compatibility	Complete correctness gate	2026-09-20T12:19:58.1408090Z running 1 test
compatibility	Complete correctness gate	2026-09-20T12:20:09.7232640Z test original_small_programs ... ok
compatibility	Complete correctness gate	2026-09-20T12:20:09.7233700Z 
compatibility	Complete correctness gate	2026-09-20T12:20:09.7234150Z test result: ok. 1 passed; 0 failed; 0 ignored; 0 measured; 0 filtered out; finished in 11.58s
compatibility	Complete correctness gate	2026-09-20T12:20:09.7234600Z 
compatibility	Complete correctness gate	2026-09-20T12:20:09.7235960Z      Running tests/corpus_contracts.rs (target/debug/deps/corpus_contracts-a0f22865482f63b5)
compatibility	Complete correctness gate	2026-09-20T12:20:09.7266910Z 
compatibility	Complete correctness gate	2026-09-20T12:20:09.7267350Z running 3 tests
compatibility	Complete correctness gate	2026-09-20T12:20:09.7678340Z test rng_is_bounded_repeatable_and_srand_returns_previous_seed ... ok
compatibility	Complete correctness gate	2026-09-20T12:20:10.1193100Z test contracts_reject_new_differences ... ok
compatibility	Complete correctness gate	2026-09-20T12:20:14.3446560Z test entire_small_corpus_obeys_explicit_contracts ... ok
compatibility	Complete correctness gate	2026-09-20T12:20:14.3447440Z 
compatibility	Complete correctness gate	2026-09-20T12:20:14.3447740Z test result: ok. 3 passed; 0 failed; 0 ignored; 0 measured; 0 filtered out; finished in 4.62s
compatibility	Complete correctness gate	2026-09-20T12:20:14.3448210Z 
compatibility	Complete correctness gate	2026-09-20T12:20:14.3448460Z      Running tests/data_contract.rs (target/debug/deps/data_contract-a0619d1bf76e7467)
compatibility	Complete correctness gate	2026-09-20T12:20:14.3474500Z 
compatibility	Complete correctness gate	2026-09-20T12:20:14.3474980Z running 6 tests
compatibility	Complete correctness gate	2026-09-20T12:20:14.3647360Z test invalid_regex_is_reported ... ok
compatibility	Complete correctness gate	2026-09-20T12:20:14.3662270Z test csv_handles_quoted_delimiters_newlines_and_escaped_quotes ... ok
compatibility	Complete correctness gate	2026-09-20T12:20:14.3701350Z test fields_accept_regex_separator ... ok
compatibility	Complete correctness gate	2026-09-20T12:20:14.3815000Z test split_preserves_empty_fields_and_clears_array ... ok
compatibility	Complete correctness gate	2026-09-20T12:20:14.3829690Z test regex_uses_leftmost_longest ... ok
compatibility	Complete correctness gate	2026-09-20T12:20:14.3831880Z test substitutions_report_count_not_changed_text ... ok
compatibility	Complete correctness gate	2026-09-20T12:20:14.3832200Z 
compatibility	Complete correctness gate	2026-09-20T12:20:14.3832580Z test result: ok. 6 passed; 0 failed; 0 ignored; 0 measured; 0 filtered out; finished in 0.04s
compatibility	Complete correctness gate	2026-09-20T12:20:14.3832960Z 
compatibility	Complete correctness gate	2026-09-20T12:20:14.3834300Z      Running tests/diffrun_buckets.rs (target/debug/deps/diffrun_buckets-c0ae24e50169eaf7)
compatibility	Complete correctness gate	2026-09-20T12:20:14.3858800Z 
compatibility	Complete correctness gate	2026-09-20T12:20:14.3860100Z running 3 tests
compatibility	Complete correctness gate	2026-09-20T12:20:19.3867630Z test diffrun_emits_four_bucket_summary ... ok
compatibility	Complete correctness gate	2026-09-20T12:20:19.4164690Z test diffrun_step23_target_counts ... ok
compatibility	Complete correctness gate	2026-09-20T12:20:19.5273870Z test diffrun_exits_nonzero_when_unexpected_divergences_present ... ok
compatibility	Complete correctness gate	2026-09-20T12:20:19.5275000Z 
compatibility	Complete correctness gate	2026-09-20T12:20:19.5275900Z test result: ok. 3 passed; 0 failed; 0 ignored; 0 measured; 0 filtered out; finished in 5.14s
compatibility	Complete correctness gate	2026-09-20T12:20:19.5276390Z 
compatibility	Complete correctness gate	2026-09-20T12:20:19.5280640Z      Running tests/driver_regressions.rs (target/debug/deps/driver_regressions-5f1e2d53ab8fb804)
compatibility	Complete correctness gate	2026-09-20T12:20:19.5318120Z 
compatibility	Complete correctness gate	2026-09-20T12:20:19.5332330Z running 8 tests
compatibility	Complete correctness gate	2026-09-20T12:20:19.5771450Z test field_index_beyond_reference_integer_range_is_an_error ... ok
compatibility	Complete correctness gate	2026-09-20T12:20:19.5777550Z test getline_comparison_is_not_part_of_filename ... ok
compatibility	Complete correctness gate	2026-09-20T12:20:19.6078380Z test multifile_syntax_error_names_offending_source ... ok
compatibility	Complete correctness gate	2026-09-20T12:20:19.6693810Z test invalid_function_parameters_are_errors_before_execution ... ok
compatibility	Complete correctness gate	2026-09-20T12:20:19.7553430Z test redirected_stdin_shares_buffer_with_main_input ... ok
compatibility	Complete correctness gate	2026-09-20T12:20:19.8798440Z test stdin_program_and_empty_statements ... ok
compatibility	Complete correctness gate	2026-09-20T12:20:20.2667240Z test standard_output_aliases_share_streams_and_lifecycle ... ok
compatibility	Complete correctness gate	2026-09-20T12:20:20.5846650Z test checked_math_matches_native_oracle ... ok
compatibility	Complete correctness gate	2026-09-20T12:20:20.5847010Z 
compatibility	Complete correctness gate	2026-09-20T12:20:20.5847330Z test result: ok. 8 passed; 0 failed; 0 ignored; 0 measured; 0 filtered out; finished in 1.05s
compatibility	Complete correctness gate	2026-09-20T12:20:20.5847680Z 
compatibility	Complete correctness gate	2026-09-20T12:20:20.5849890Z      Running tests/dynamic_format.rs (target/debug/deps/dynamic_format-dc2803db40b3264c)
compatibility	Complete correctness gate	2026-09-20T12:20:20.5888610Z 
compatibility	Complete correctness gate	2026-09-20T12:20:20.5889910Z running 8 tests
compatibility	Complete correctness gate	2026-09-20T12:20:20.6343380Z test missing_star_arguments_are_errors ... ok
compatibility	Complete correctness gate	2026-09-20T12:20:22.9800890Z test dynamic_width_precision_and_consumption ... ok
compatibility	Complete correctness gate	2026-09-20T12:20:23.0020950Z test negative_precision_keeps_binary_and_multibyte_paths ... ok
compatibility	Complete correctness gate	2026-09-20T12:20:23.0399920Z test string_and_literal_range_errors_do_not_discard_arithmetic_subnormals ... ok
compatibility	Complete correctness gate	2026-09-20T12:20:23.5017250Z test unsigned_conversion_matches_native_oracle ... ok
compatibility	Complete correctness gate	2026-09-20T12:20:23.6035530Z test zero_padded_strings_match_native_oracle ... ok
compatibility	Complete correctness gate	2026-09-20T12:20:27.9711570Z test integer_flags_precision_and_signs ... ok
compatibility	Complete correctness gate	2026-09-20T12:20:30.4916740Z test negative_dynamic_precision_preserves_flags_and_argument_consumption ... ok
compatibility	Complete correctness gate	2026-09-20T12:20:30.4917570Z 
compatibility	Complete correctness gate	2026-09-20T12:20:30.4918130Z test result: ok. 8 passed; 0 failed; 0 ignored; 0 measured; 0 filtered out; finished in 9.90s
compatibility	Complete correctness gate	2026-09-20T12:20:30.4918980Z 
compatibility	Complete correctness gate	2026-09-20T12:20:30.4920030Z      Running tests/error_messages.rs (target/debug/deps/error_messages-e64895121661739b)
compatibility	Complete correctness gate	2026-09-20T12:20:30.4960940Z 
compatibility	Complete correctness gate	2026-09-20T12:20:30.4961370Z running 2 tests
compatibility	Complete correctness gate	2026-09-20T12:20:30.5003050Z test missing_program_file_mentions_filename ... ok
compatibility	Complete correctness gate	2026-09-20T12:20:30.5007170Z test output_to_unwritable_path_mentions_filename ... ok
compatibility	Complete correctness gate	2026-09-20T12:20:30.5007480Z 
compatibility	Complete correctness gate	2026-09-20T12:20:30.5148350Z test result: ok. 2 passed; 0 failed; 0 ignored; 0 measured; 0 filtered out; finished in 0.00s
compatibility	Complete correctness gate	2026-09-20T12:20:30.5148850Z 
compatibility	Complete correctness gate	2026-09-20T12:20:30.5149850Z      Running tests/exit_codes.rs (target/debug/deps/exit_codes-012261b8652a4c67)
compatibility	Complete correctness gate	2026-09-20T12:20:30.5150140Z 
compatibility	Complete correctness gate	2026-09-20T12:20:30.5153150Z running 4 tests
compatibility	Complete correctness gate	2026-09-20T12:20:30.5153480Z test exit_from_end_block ... ok
compatibility	Complete correctness gate	2026-09-20T12:20:30.5153730Z test exit_with_value ... ok
compatibility	Complete correctness gate	2026-09-20T12:20:30.5154020Z test exit_zero_default ... ok
compatibility	Complete correctness gate	2026-09-20T12:20:30.5179520Z test syntax_error_nonzero ... ok
compatibility	Complete correctness gate	2026-09-20T12:20:30.5179790Z 
compatibility	Complete correctness gate	2026-09-20T12:20:30.5180140Z test result: ok. 4 passed; 0 failed; 0 ignored; 0 measured; 0 filtered out; finished in 0.01s
compatibility	Complete correctness gate	2026-09-20T12:20:30.5180490Z 
compatibility	Complete correctness gate	2026-09-20T12:20:30.5181570Z      Running tests/harness.rs (target/debug/deps/harness-77036443891c6712)
compatibility	Complete correctness gate	2026-09-20T12:20:30.5208460Z 
compatibility	Complete correctness gate	2026-09-20T12:20:30.5208800Z running 5 tests
compatibility	Complete correctness gate	2026-09-20T12:20:30.5216680Z test annotation_does_not_accept_new_failures ... ok
compatibility	Complete correctness gate	2026-09-20T12:20:30.5328090Z test aggregate_gate_reports_an_intermediate_failure ... ok
compatibility	Complete correctness gate	2026-09-20T12:20:30.5478320Z test preserves_bytes_whitespace_and_status ... ok
compatibility	Complete correctness gate	2026-09-20T12:20:30.5605830Z test each_run_has_a_fresh_directory ... ok
compatibility	Complete correctness gate	2026-09-20T12:20:31.0136860Z test timeout_kills_descendants ... ok
compatibility	Complete correctness gate	2026-09-20T12:20:31.0137330Z 
compatibility	Complete correctness gate	2026-09-20T12:20:31.0137850Z test result: ok. 5 passed; 0 failed; 0 ignored; 0 measured; 0 filtered out; finished in 0.49s
compatibility	Complete correctness gate	2026-09-20T12:20:31.0138770Z      Running tests/historical.rs (target/debug/deps/historical-d2aa7e6e2d02f6e9)
compatibility	Complete correctness gate	2026-09-20T12:20:31.0139050Z 
compatibility	Complete correctness gate	2026-09-20T12:20:31.0167860Z 
compatibility	Complete correctness gate	2026-09-20T12:20:31.0168080Z running 2 tests
compatibility	Complete correctness gate	2026-09-20T12:20:31.2684240Z test original_invalid_programs_are_rejected_without_panicking ... ok
compatibility	Complete correctness gate	2026-09-20T12:20:32.7264590Z test original_positive_regressions ... ok
compatibility	Complete correctness gate	2026-09-20T12:20:32.7265150Z 
compatibility	Complete correctness gate	2026-09-20T12:20:32.7265510Z test result: ok. 2 passed; 0 failed; 0 ignored; 0 measured; 0 filtered out; finished in 1.71s
compatibility	Complete correctness gate	2026-09-20T12:20:32.7266020Z 
compatibility	Complete correctness gate	2026-09-20T12:20:32.7269770Z      Running tests/input_contract.rs (target/debug/deps/input_contract-d3a16d22dd2df171)
compatibility	Complete correctness gate	2026-09-20T12:20:32.7309170Z 
compatibility	Complete correctness gate	2026-09-20T12:20:32.7309540Z running 5 tests
compatibility	Complete correctness gate	2026-09-20T12:20:32.7558240Z test missing_getline_file_is_an_error_not_eof ... ok
compatibility	Complete correctness gate	2026-09-20T12:20:32.7823910Z test rewriting_record_does_not_count_a_read ... ok
compatibility	Complete correctness gate	2026-09-20T12:20:32.7953380Z test getline_uses_main_stream_and_counts_every_read ... ok
compatibility	Complete correctness gate	2026-09-20T12:20:32.7954050Z test file_getline_and_interleaved_assignments ... ok
compatibility	Complete correctness gate	2026-09-20T12:20:32.8223380Z test rs_changes_apply_to_unconsumed_input ... ok
compatibility	Complete correctness gate	2026-09-20T12:20:32.8223890Z 
compatibility	Complete correctness gate	2026-09-20T12:20:32.8225350Z test result: ok. 5 passed; 0 failed; 0 ignored; 0 measured; 0 filtered out; finished in 0.09s
compatibility	Complete correctness gate	2026-09-20T12:20:32.8227000Z      Running tests/language_contract.rs (target/debug/deps/language_contract-cde8066e1d7c2b70)
compatibility	Complete correctness gate	2026-09-20T12:20:32.8227870Z 
compatibility	Complete correctness gate	2026-09-20T12:20:32.8263100Z 
compatibility	Complete correctness gate	2026-09-20T12:20:32.8268920Z running 7 tests
compatibility	Complete correctness gate	2026-09-20T12:20:32.8545300Z test convfmt_is_used_for_comparisons_fields_and_keys ... ok
compatibility	Complete correctness gate	2026-09-20T12:20:32.8606830Z test array_parameters_are_references ... ok
compatibility	Complete correctness gate	2026-09-20T12:20:32.8740870Z test array_reads_create_entries ... ok
compatibility	Complete correctness gate	2026-09-20T12:20:32.8915810Z test lvalue_indices_are_evaluated_once ... ok
compatibility	Complete correctness gate	2026-09-20T12:20:32.8980580Z test expressions_and_escapes ... ok
compatibility	Complete correctness gate	2026-09-20T12:20:32.8981260Z test numeric_and_string_values_keep_their_types ... ok
compatibility	Complete correctness gate	2026-09-20T12:20:32.9214460Z test range_patterns_and_empty_actions ... ok
compatibility	Complete correctness gate	2026-09-20T12:20:32.9214740Z 
compatibility	Complete correctness gate	2026-09-20T12:20:32.9215000Z test result: ok. 7 passed; 0 failed; 0 ignored; 0 measured; 0 filtered out; finished in 0.10s
compatibility	Complete correctness gate	2026-09-20T12:20:32.9215340Z 
compatibility	Complete correctness gate	2026-09-20T12:20:32.9216820Z      Running tests/legacy_locale.rs (target/debug/deps/legacy_locale-8bcee91200be312f)
compatibility	Complete correctness gate	2026-09-20T12:20:32.9246090Z 
compatibility	Complete correctness gate	2026-09-20T12:20:32.9247190Z running 6 tests
compatibility	Complete correctness gate	2026-09-20T12:20:33.0921390Z test every_nonzero_byte_case_conversion_matches_c ... ok
compatibility	Complete correctness gate	2026-09-20T12:20:33.1064440Z test byte_positions_ranges_splits_and_substitution_match_c ... ok
compatibility	Complete correctness gate	2026-09-20T12:20:33.1660770Z test nul_preservation_remains_an_explicit_rust_extension ... ok
compatibility	Complete correctness gate	2026-09-20T12:20:33.3251350Z test required_single_byte_locales_are_active ... ok
compatibility	Complete correctness gate	2026-09-20T12:20:33.3394780Z test legacy_locale_selection_obeys_precedence_and_is_fixed_at_startup ... ok
compatibility	Complete correctness gate	2026-09-20T12:20:34.2791900Z test every_nonzero_byte_in_each_posix_class_matches_c ... ok
compatibility	Complete correctness gate	2026-09-20T12:20:34.2792200Z 
compatibility	Complete correctness gate	2026-09-20T12:20:34.2792480Z test result: ok. 6 passed; 0 failed; 0 ignored; 0 measured; 0 filtered out; finished in 1.35s
compatibility	Complete correctness gate	2026-09-20T12:20:34.2792870Z 
compatibility	Complete correctness gate	2026-09-20T12:20:34.2793530Z      Running tests/phase7_closure.rs (target/debug/deps/phase7_closure-34ec5d4b37cf044e)
compatibility	Complete correctness gate	2026-09-20T12:20:34.2821270Z 
compatibility	Complete correctness gate	2026-09-20T12:20:34.2822040Z running 7 tests
compatibility	Complete correctness gate	2026-09-20T12:20:34.3372200Z test closed_output_pipe_reports_language_error ... ok
compatibility	Complete correctness gate	2026-09-20T12:20:34.3839100Z test contracts_reject_mutations ... ok
compatibility	Complete correctness gate	2026-09-20T12:20:34.8077210Z test keyword_prefixes_and_integral_precision ... ok
compatibility	Complete correctness gate	2026-09-20T12:20:34.8356870Z test generated_octal_regex_atoms_and_literal_operators ... ok
compatibility	Complete correctness gate	2026-09-20T12:20:34.9402990Z test raw_source_bytes_survive_inline_file_and_stdin ... ok
compatibility	Complete correctness gate	2026-09-20T12:20:35.1283010Z test separators_keep_string_and_regex_semantics ... ok
compatibility	Complete correctness gate	2026-09-20T12:20:37.2424590Z test individual_driver_contracts ... ok
compatibility	Complete correctness gate	2026-09-20T12:20:37.2424990Z 
compatibility	Complete correctness gate	2026-09-20T12:20:37.2426000Z      Running tests/printf_sanity.rs (target/debug/deps/printf_sanity-7136c99a55f18e88)
compatibility	Complete correctness gate	2026-09-20T12:20:37.2426550Z test result: ok. 7 passed; 0 failed; 0 ignored; 0 measured; 0 filtered out; finished in 2.96s
compatibility	Complete correctness gate	2026-09-20T12:20:37.2426950Z 
compatibility	Complete correctness gate	2026-09-20T12:20:37.2453710Z 
compatibility	Complete correctness gate	2026-09-20T12:20:37.2454200Z running 5 tests
compatibility	Complete correctness gate	2026-09-20T12:20:37.2596360Z test f_precision ... ok
compatibility	Complete correctness gate	2026-09-20T12:20:37.2624300Z test e_scientific ... ok
compatibility	Complete correctness gate	2026-09-20T12:20:37.2728580Z test d_padding ... ok
compatibility	Complete correctness gate	2026-09-20T12:20:37.2769950Z test s_truncate ... ok
compatibility	Complete correctness gate	2026-09-20T12:20:37.2903180Z test x_hex ... ok
compatibility	Complete correctness gate	2026-09-20T12:20:37.2903390Z 
compatibility	Complete correctness gate	2026-09-20T12:20:37.2903630Z test result: ok. 5 passed; 0 failed; 0 ignored; 0 measured; 0 filtered out; finished in 0.04s
compatibility	Complete correctness gate	2026-09-20T12:20:37.2903960Z 
compatibility	Complete correctness gate	2026-09-20T12:20:37.2904900Z      Running tests/proptest_diff.rs (target/debug/deps/proptest_diff-e5009bf092758d21)
compatibility	Complete correctness gate	2026-09-20T12:20:37.2935020Z 
compatibility	Complete correctness gate	2026-09-20T12:20:37.2935920Z running 6 tests
compatibility	Complete correctness gate	2026-09-20T12:20:40.3683890Z test template_multiply ... ok
compatibility	Complete correctness gate	2026-09-20T12:20:40.3821850Z test template_add ... ok
compatibility	Complete correctness gate	2026-09-20T12:20:40.3832500Z test template_concat_string ... ok
compatibility	Complete correctness gate	2026-09-20T12:20:41.9886600Z test template_scientific_no_orphan_dot ... ok
compatibility	Complete correctness gate	2026-09-20T12:20:43.3390310Z test template_printf_int ... ok
compatibility	Complete correctness gate	2026-09-20T12:20:43.4913630Z test template_printf_float ... ok
compatibility	Complete correctness gate	2026-09-20T12:20:43.4914080Z 
compatibility	Complete correctness gate	2026-09-20T12:20:43.4914580Z test result: ok. 6 passed; 0 failed; 0 ignored; 0 measured; 0 filtered out; finished in 6.20s
compatibility	Complete correctness gate	2026-09-20T12:20:43.4915210Z 
compatibility	Complete correctness gate	2026-09-20T12:20:43.4916320Z      Running tests/remaining_contract.rs (target/debug/deps/remaining_contract-7a9f8e2e6bedf0e8)
compatibility	Complete correctness gate	2026-09-20T12:20:43.4945320Z 
compatibility	Complete correctness gate	2026-09-20T12:20:43.4946130Z running 7 tests
compatibility	Complete correctness gate	2026-09-20T12:20:43.5090140Z test bracket_normalization_preserves_the_binary_profile ... ok
compatibility	Complete correctness gate	2026-09-20T12:20:43.5686690Z test character_format_distinguishes_numeric_fields_from_literal_strings ... ok
compatibility	Complete correctness gate	2026-09-20T12:20:43.6193290Z test missing_fields_are_empty_strings_not_uninitialized_variables ... ok
compatibility	Complete correctness gate	2026-09-20T12:20:44.1716400Z test descending_bracket_ranges_follow_original_c ... ok
compatibility	Complete correctness gate	2026-09-20T12:20:46.2902820Z test generated_rational_values_and_float_formats ... ok
compatibility	Complete correctness gate	2026-09-20T12:20:48.3379710Z test replacement_escapes_have_separate_lexical_and_runtime_stages ... ok
compatibility	Complete correctness gate	2026-09-20T12:20:49.3783710Z test numeric_rounding_uses_the_exact_binary_value ... ok
compatibility	Complete correctness gate	2026-09-20T12:20:49.3784070Z 
compatibility	Complete correctness gate	2026-09-20T12:20:49.3784400Z test result: ok. 7 passed; 0 failed; 0 ignored; 0 measured; 0 filtered out; finished in 5.88s
compatibility	Complete correctness gate	2026-09-20T12:20:49.3785380Z 
compatibility	Complete correctness gate	2026-09-20T12:20:49.3785660Z      Running tests/runtime_contract.rs (target/debug/deps/runtime_contract-d65bacc50385039a)
compatibility	Complete correctness gate	2026-09-20T12:20:49.3811740Z 
compatibility	Complete correctness gate	2026-09-20T12:20:49.3812390Z running 3 tests
compatibility	Complete correctness gate	2026-09-20T12:20:49.3960940Z test short_circuit_preserves_side_effects ... ok
compatibility	Complete correctness gate	2026-09-20T12:20:49.4059570Z test return_escapes_all_loop_forms ... ok
compatibility	Complete correctness gate	2026-09-20T12:20:49.4131140Z      Running tests/shell_drivers.rs (target/debug/deps/shell_drivers-b33b16bb97343606)
compatibility	Complete correctness gate	2026-09-20T12:20:49.4132430Z test exit_executes_end_and_interrupts_expressions ... ok
compatibility	Complete correctness gate	2026-09-20T12:20:49.4133200Z 
compatibility	Complete correctness gate	2026-09-20T12:20:49.4133810Z test result: ok. 3 passed; 0 failed; 0 ignored; 0 measured; 0 filtered out; finished in 0.03s
compatibility	Complete correctness gate	2026-09-20T12:20:49.4134610Z 
compatibility	Complete correctness gate	2026-09-20T12:20:49.4174590Z 
compatibility	Complete correctness gate	2026-09-20T12:20:49.4181320Z running 3 tests
compatibility	Complete correctness gate	2026-09-20T12:20:51.4820520Z test shell_driver_gate_rejects_missing_interpreter_output ... ok
compatibility	Complete correctness gate	2026-09-20T12:20:52.1306650Z test original_cli_and_array_shell_drivers ... ok
compatibility	Complete correctness gate	2026-09-20T12:21:31.8303570Z test admitted_original_shell_drivers ... ok
compatibility	Complete correctness gate	2026-09-20T12:21:31.8304140Z 
compatibility	Complete correctness gate	2026-09-20T12:21:31.8304380Z test result: ok. 3 passed; 0 failed; 0 ignored; 0 measured; 0 filtered out; finished in 42.41s
compatibility	Complete correctness gate	2026-09-20T12:21:31.8312240Z 
compatibility	Complete correctness gate	2026-09-20T12:21:31.8312780Z      Running tests/shift_jis.rs (target/debug/deps/shift_jis-1c1b9bb11ce40504)
compatibility	Complete correctness gate	2026-09-20T12:21:31.8439640Z 
compatibility	Complete correctness gate	2026-09-20T12:21:31.8440090Z running 12 tests
compatibility	Complete correctness gate	2026-09-20T12:21:31.9300010Z test embedded_nul_preserves_the_rust_binary_extension ... ok
compatibility	Complete correctness gate	2026-09-20T12:21:31.9334350Z test conversion_failure_preserves_atomic_print_contract ... ok
compatibility	Complete correctness gate	2026-09-20T12:21:32.0181600Z test decoded_character_with_unencodable_case_mapping_matches_c ... ok
compatibility	Complete correctness gate	2026-09-20T12:21:32.3850870Z test record_separators_and_locale_precedence_match_c ... ok
compatibility	Complete correctness gate	2026-09-20T12:21:32.4594000Z test regex_rs_with_three_or_four_byte_structural_units_matches_c ... ok
compatibility	Complete correctness gate	2026-09-20T12:21:32.5402080Z test required_sjis_locale_has_observable_case_mapping ... ok
compatibility	Complete correctness gate	2026-09-20T12:21:32.9062530Z test regex_rs_sjis_refill_across_input_buffers_and_getline_matches_c ... ok
compatibility	Complete correctness gate	2026-09-20T12:21:32.9727170Z test streaming_rs_keeps_binary_data_distinct_from_eof ... ok
compatibility	Complete correctness gate	2026-09-20T12:21:33.9599410Z test structural_units_regex_fields_and_formatting_match_c ... ok
compatibility	Complete correctness gate	2026-09-20T12:21:34.4757630Z test valid_case_conversion_and_truncated_suffixes_match_c ... ok
compatibility	Complete correctness gate	2026-09-20T12:21:43.3102780Z test regex_rs_refill_restart_longest_and_anchors_match_c ... ok
compatibility	Complete correctness gate	2026-09-20T12:22:17.0108100Z test single_bytes_and_lead_trail_boundaries_match_c ... ok
compatibility	Complete correctness gate	2026-09-20T12:22:17.0109050Z 
compatibility	Complete correctness gate	2026-09-20T12:22:17.0109960Z test result: ok. 12 passed; 0 failed; 0 ignored; 0 measured; 0 filtered out; finished in 45.17s
compatibility	Complete correctness gate	2026-09-20T12:22:17.0111090Z 
compatibility	Complete correctness gate	2026-09-20T12:22:17.0115620Z      Running tests/unicode_contract.rs (target/debug/deps/unicode_contract-ff53360e0ff39268)
compatibility	Complete correctness gate	2026-09-20T12:22:17.0248970Z 
compatibility	Complete correctness gate	2026-09-20T12:22:17.0249450Z running 10 tests
compatibility	Complete correctness gate	2026-09-20T12:22:17.0944930Z test binary_nul_extension_and_case_conversion_errors ... ok
compatibility	Complete correctness gate	2026-09-20T12:22:17.5450730Z test locale_precedence_and_character_operations ... ok
compatibility	Complete correctness gate	2026-09-20T12:22:17.7370770Z test repeated_matches_and_index_inside_a_multibyte_unit ... ok
compatibility	Complete correctness gate	2026-09-20T12:22:17.8782140Z test boolean_regex_search_preserves_rune_alignment_and_empty_matches ... ok
compatibility	Complete correctness gate	2026-09-20T12:22:17.9033480Z test required_locales_are_active_in_both_interpreters ... ok
compatibility	Complete correctness gate	2026-09-20T12:22:18.0273770Z test unicode_formatting_and_source_escapes ... ok
compatibility	Complete correctness gate	2026-09-20T12:22:18.4357000Z test utf8_record_separators_across_buffers ... ok
compatibility	Complete correctness gate	2026-09-20T12:22:18.8785710Z test unicode_classes_ranges_and_anchors ... ok
compatibility	Complete correctness gate	2026-09-20T12:22:18.8842920Z test utf8_regex_empty_matches_and_mixed_bytes ... ok
compatibility	Complete correctness gate	2026-09-20T12:22:24.8700040Z test original_utf8_drivers ... ok
compatibility	Complete correctness gate	2026-09-20T12:22:24.8700540Z 
compatibility	Complete correctness gate	2026-09-20T12:22:24.8700940Z test result: ok. 10 passed; 0 failed; 0 ignored; 0 measured; 0 filtered out; finished in 7.85s
compatibility	Complete correctness gate	2026-09-20T12:22:24.8701340Z 
compatibility	Complete correctness gate	2026-09-20T12:22:24.8702170Z      Running tests/xml_runner_test.rs (target/debug/deps/xml_runner_test-bbb04a9a34486b5f)
compatibility	Complete correctness gate	2026-09-20T12:22:24.8780610Z 
compatibility	Complete correctness gate	2026-09-20T12:22:24.8780940Z running 1 test
compatibility	Complete correctness gate	2026-09-20T12:22:28.4055140Z test run_xml_testsuite ... ok
compatibility	Complete correctness gate	2026-09-20T12:22:28.4055880Z 
compatibility	Complete correctness gate	2026-09-20T12:22:28.4056510Z test result: ok. 1 passed; 0 failed; 0 ignored; 0 measured; 0 filtered out; finished in 3.53s
compatibility	Complete correctness gate	2026-09-20T12:22:28.4057370Z 
compatibility	Complete correctness gate	2026-09-20T12:22:28.4057670Z    Doc-tests rawk
compatibility	Complete correctness gate	2026-09-20T12:22:28.4944040Z 
compatibility	Complete correctness gate	2026-09-20T12:22:28.4944540Z running 0 tests
compatibility	Complete correctness gate	2026-09-20T12:22:28.4944750Z 
compatibility	Complete correctness gate	2026-09-20T12:22:28.4944960Z test result: ok. 0 passed; 0 failed; 0 ignored; 0 measured; 0 filtered out; finished in 0.00s
compatibility	Complete correctness gate	2026-09-20T12:22:28.4945320Z 
compatibility	Complete correctness gate	2026-09-20T12:22:28.4999530Z OK
compatibility	Audit all original shell drivers (includes documented diagnostic and locale differences)	﻿2026-09-20T12:22:28.5091530Z ##[group]Run python3 scripts/full_driver_audit.py --output diary/full-driver-results-ci.json
compatibility	Audit all original shell drivers (includes documented diagnostic and locale differences)	2026-09-20T12:22:28.5092300Z [36;1mpython3 scripts/full_driver_audit.py --output diary/full-driver-results-ci.json[0m
compatibility	Audit all original shell drivers (includes documented diagnostic and locale differences)	2026-09-20T12:22:28.5251080Z shell: /bin/bash -e {0}
compatibility	Audit all original shell drivers (includes documented diagnostic and locale differences)	2026-09-20T12:22:28.5251390Z env:
compatibility	Audit all original shell drivers (includes documented diagnostic and locale differences)	2026-09-20T12:22:28.5251660Z   LC_ALL: C
compatibility	Audit all original shell drivers (includes documented diagnostic and locale differences)	2026-09-20T12:22:28.5251880Z   CARGO_INCREMENTAL: 0
compatibility	Audit all original shell drivers (includes documented diagnostic and locale differences)	2026-09-20T12:22:28.5252210Z   RUSTUP_TOOLCHAIN: 1.96.0
compatibility	Audit all original shell drivers (includes documented diagnostic and locale differences)	2026-09-20T12:22:28.5252430Z ##[endgroup]
compatibility	Audit all original shell drivers (includes documented diagnostic and locale differences)	2026-09-20T12:22:29.2170200Z T.-f-f pass 
compatibility	Audit all original shell drivers (includes documented diagnostic and locale differences)	2026-09-20T12:22:30.3416550Z T.argv pass 
compatibility	Audit all original shell drivers (includes documented diagnostic and locale differences)	2026-09-20T12:22:31.0519480Z T.arnold pass 
compatibility	Audit all original shell drivers (includes documented diagnostic and locale differences)	2026-09-20T12:22:33.2800010Z T.beebe pass 
compatibility	Audit all original shell drivers (includes documented diagnostic and locale differences)	2026-09-20T12:22:34.0398830Z T.builtin reference-failure BAD: T.builtin (rand) BAD: T.builtin (toupper/tolower) for utf-8
compatibility	Audit all original shell drivers (includes documented diagnostic and locale differences)	2026-09-20T12:22:34.4642420Z T.chem pass 
compatibility	Audit all original shell drivers (includes documented diagnostic and locale differences)	2026-09-20T12:22:35.1315840Z T.close pass 
compatibility	Audit all original shell drivers (includes documented diagnostic and locale differences)	2026-09-20T12:22:36.5051210Z T.clv pass 
compatibility	Audit all original shell drivers (includes documented diagnostic and locale differences)	2026-09-20T12:22:36.8197540Z T.csconcat pass 
compatibility	Audit all original shell drivers (includes documented diagnostic and locale differences)	2026-09-20T12:22:37.8678620Z T.csv pass 
compatibility	Audit all original shell drivers (includes documented diagnostic and locale differences)	2026-09-20T12:22:38.2652890Z T.delete pass 
compatibility	Audit all original shell drivers (includes documented diagnostic and locale differences)	2026-09-20T12:22:39.2672260Z T.errmsg reference-failure BAD: illegal primary in regular expression failed BAD: illegal break, continue, next or nextfile from BEGIN failed BAD: illegal break, continue, next or nextfile from END failed BAD: nextfile is illegal inside a function failed BAD: nonterminated character class failed BAD: nonterminated character class failed BAD: nonterminated character cl
compatibility	Audit all original shell drivers (includes documented diagnostic and locale differences)	2026-09-20T12:22:41.9514520Z T.expr pass 
compatibility	Audit all original shell drivers (includes documented diagnostic and locale differences)	2026-09-20T12:22:42.2613780Z T.exprconv pass 
compatibility	Audit all original shell drivers (includes documented diagnostic and locale differences)	2026-09-20T12:22:42.5982690Z T.flags open T.flags: bad no program T.flags: bad can.t open program T.flags: bad can.t open program 2 T.flags: bad missing field separator
compatibility	Audit all original shell drivers (includes documented diagnostic and locale differences)	2026-09-20T12:22:43.4776650Z T.func pass 
compatibility	Audit all original shell drivers (includes documented diagnostic and locale differences)	2026-09-20T12:22:45.4384930Z T.gawk pass 
compatibility	Audit all original shell drivers (includes documented diagnostic and locale differences)	2026-09-20T12:22:45.9720440Z T.getline pass 
compatibility	Audit all original shell drivers (includes documented diagnostic and locale differences)	2026-09-20T12:22:46.3547160Z T.int-expr pass 
compatibility	Audit all original shell drivers (includes documented diagnostic and locale differences)	2026-09-20T12:22:46.7935520Z T.latin1 pass 
compatibility	Audit all original shell drivers (includes documented diagnostic and locale differences)	2026-09-20T12:22:50.2122730Z T.lilly pass 
compatibility	Audit all original shell drivers (includes documented diagnostic and locale differences)	2026-09-20T12:22:50.7692160Z T.main pass 
compatibility	Audit all original shell drivers (includes documented diagnostic and locale differences)	2026-09-20T12:22:52.9366410Z T.misc open BAD: T.misc split error BAD: T.misc hello error BAD: T.misc pile error BAD: T.misc gsub banana error BAD: T.misc sub banana error BAD: T.misc lineno BAD: T.misc can't open BAD: T.misc continuation line number BAD: T.misc syntax error line number �BAD: T.misc escape sequences in strings mishandled BAD: T.misc fcn args BAD: T.misc undefine
compatibility	Audit all original shell drivers (includes documented diagnostic and locale differences)	2026-09-20T12:22:54.2219260Z T.nextfile pass 
compatibility	Audit all original shell drivers (includes documented diagnostic and locale differences)	2026-09-20T12:22:55.3645090Z T.overflow pass 
compatibility	Audit all original shell drivers (includes documented diagnostic and locale differences)	2026-09-20T12:23:02.2397930Z T.re pass 
compatibility	Audit all original shell drivers (includes documented diagnostic and locale differences)	2026-09-20T12:23:02.6654320Z T.recache pass 
compatibility	Audit all original shell drivers (includes documented diagnostic and locale differences)	2026-09-20T12:23:03.2211070Z T.redir pass 
compatibility	Audit all original shell drivers (includes documented diagnostic and locale differences)	2026-09-20T12:23:04.3164340Z T.split pass 
compatibility	Audit all original shell drivers (includes documented diagnostic and locale differences)	2026-09-20T12:23:08.7303120Z T.sub pass 
compatibility	Audit all original shell drivers (includes documented diagnostic and locale differences)	2026-09-20T12:23:09.4027700Z T.system pass 
compatibility	Audit all original shell drivers (includes documented diagnostic and locale differences)	2026-09-20T12:23:13.3133640Z T.utf reference-failure test 1.3 failed test 1.4 failed test 1.5 failed test 1.6 failed test 1.7 failed test 1.8 failed test 1.9 failed test 1.10 failed test 1.11 failed test 1.12 failed test 1.13 failed test 1.14 failed test 1.15 failed test 1.16 failed test 1.17 failed test 1.18 failed test 1.19 failed test 1.20 failed test 1.21 fail
compatibility	Audit all original shell drivers (includes documented diagnostic and locale differences)	2026-09-20T12:23:18.0077930Z T.utfre reference-failure 43 fails ^λ.$ ~ λλ 51 fails ^.해 ~ め해 52 fails ^.해 ~ め해해 64 fails 해* ~  68 fails 해* ~ めめめめ 69 fails 해해* ~ 해 71 fails 해해* ~ め해 84 fails xθ+y ~ xθθy 85 fails xθ+y ~ xθθθθθθy 89 fails xθ?y ~ xy 92 fails θ?b?の? ~  93 fails θ?b?の? ~ x 106 fails [Α-Ω] !~ β 108 fails [^Α-Ω] ~ δ 119 fails [Α-ΔΦ-Ω] !~ Π 120 fails [Α-ΔΦ-Ω] !~ Σ
compatibility	Audit original UTF-8 drivers	﻿2026-09-20T12:23:18.0283300Z ##[group]Run python3 scripts/full_driver_audit.py --drivers T.utf T.utfre --locale en_US.UTF-8 --check --output diary/unicode-driver-results-ci.json
compatibility	Audit original UTF-8 drivers	2026-09-20T12:23:18.0285760Z [36;1mpython3 scripts/full_driver_audit.py --drivers T.utf T.utfre --locale en_US.UTF-8 --check --output diary/unicode-driver-results-ci.json[0m
compatibility	Audit original UTF-8 drivers	2026-09-20T12:23:18.0361900Z shell: /bin/bash -e {0}
compatibility	Audit original UTF-8 drivers	2026-09-20T12:23:18.0362230Z env:
compatibility	Audit original UTF-8 drivers	2026-09-20T12:23:18.0362520Z   LC_ALL: C
compatibility	Audit original UTF-8 drivers	2026-09-20T12:23:18.0362810Z   CARGO_INCREMENTAL: 0
compatibility	Audit original UTF-8 drivers	2026-09-20T12:23:18.0363190Z   RUSTUP_TOOLCHAIN: 1.96.0
compatibility	Audit original UTF-8 drivers	2026-09-20T12:23:18.0363420Z ##[endgroup]
compatibility	Audit original UTF-8 drivers	2026-09-20T12:23:23.3596660Z T.utf pass 
compatibility	Audit original UTF-8 drivers	2026-09-20T12:23:29.6315280Z T.utfre pass 
compatibility	Retain full driver evidence	﻿2026-09-20T12:23:29.6640980Z Node 20 is being deprecated. This workflow is running with Node 24 by default. If you need to temporarily use Node 20, you can set the ACTIONS_ALLOW_USE_UNSECURE_NODE_VERSION=true environment variable. For more information see: https://github.blog/changelog/2025-09-19-deprecation-of-node-20-on-github-actions-runners/
compatibility	Retain full driver evidence	2026-09-20T12:23:29.6642980Z ##[group]Run actions/upload-artifact@ea165f8d65b6e75b540449e92b4886f43607fa02
compatibility	Retain full driver evidence	2026-09-20T12:23:29.6643370Z with:
compatibility	Retain full driver evidence	2026-09-20T12:23:29.6643520Z   name: original-driver-audit
compatibility	Retain full driver evidence	2026-09-20T12:23:29.6643870Z   path: rawk/diary/full-driver-results-ci.json
compatibility	Retain full driver evidence	rawk/diary/unicode-driver-results-ci.json
compatibility	Retain full driver evidence	
compatibility	Retain full driver evidence	2026-09-20T12:23:29.6644250Z   if-no-files-found: error
compatibility	Retain full driver evidence	2026-09-20T12:23:29.6644520Z   compression-level: 6
compatibility	Retain full driver evidence	2026-09-20T12:23:29.6644770Z   overwrite: false
compatibility	Retain full driver evidence	2026-09-20T12:23:29.6644940Z   include-hidden-files: false
compatibility	Retain full driver evidence	2026-09-20T12:23:29.6645230Z env:
compatibility	Retain full driver evidence	2026-09-20T12:23:29.6645580Z   LC_ALL: C
compatibility	Retain full driver evidence	2026-09-20T12:23:29.6645820Z   CARGO_INCREMENTAL: 0
compatibility	Retain full driver evidence	2026-09-20T12:23:29.6646150Z   RUSTUP_TOOLCHAIN: 1.96.0
compatibility	Retain full driver evidence	2026-09-20T12:23:29.6646510Z ##[endgroup]
compatibility	Retain full driver evidence	2026-09-20T12:23:30.2269690Z (node:55274) [DEP0040] DeprecationWarning: The `punycode` module is deprecated. Please use a userland alternative instead.
compatibility	Retain full driver evidence	2026-09-20T12:23:30.2274890Z (Use `node --trace-deprecation ...` to show where the warning was created)
compatibility	Retain full driver evidence	2026-09-20T12:23:30.2334970Z Multiple search paths detected. Calculating the least common ancestor of all paths
compatibility	Retain full driver evidence	2026-09-20T12:23:30.2337570Z The least common ancestor is /Users/runner/work/rawk/rawk/rawk/diary. This will be the root directory of the artifact
compatibility	Retain full driver evidence	2026-09-20T12:23:30.2348800Z With the provided path, there will be 2 files uploaded
compatibility	Retain full driver evidence	2026-09-20T12:23:30.2350490Z Artifact name is valid!
compatibility	Retain full driver evidence	2026-09-20T12:23:30.2350770Z Root directory input is valid!
compatibility	Retain full driver evidence	2026-09-20T12:23:30.6940380Z Beginning upload of artifact content to blob storage
compatibility	Retain full driver evidence	2026-09-20T12:23:30.7248040Z (node:55274) [DEP0169] DeprecationWarning: `url.parse()` behavior is not standardized and prone to errors that have security implications. Use the WHATWG URL API instead. CVEs are not issued for `url.parse()` vulnerabilities.
compatibility	Retain full driver evidence	2026-09-20T12:23:31.0150540Z Uploaded bytes 11670
compatibility	Retain full driver evidence	2026-09-20T12:23:31.0925810Z Finished uploading artifact content to blob storage!
compatibility	Retain full driver evidence	2026-09-20T12:23:31.0944020Z SHA256 digest of uploaded artifact zip is e40cb844ee5a9beb3bf053d264ade2047cc3b7a66972d66d86c840c4c466b40e
compatibility	Retain full driver evidence	2026-09-20T12:23:31.0944940Z Finalizing artifact upload
compatibility	Retain full driver evidence	2026-09-20T12:23:31.3481160Z Artifact original-driver-audit.zip successfully finalized. Artifact ID 10605910351
compatibility	Retain full driver evidence	2026-09-20T12:23:31.3482000Z Artifact original-driver-audit has been successfully uploaded! Final size is 11670 bytes. Artifact ID is 10605910351
compatibility	Retain full driver evidence	2026-09-20T12:23:31.3483660Z Artifact download URL: https://github.com/francescotinti/rawk/actions/runs/35510218505/artifacts/10605910351
compatibility	Post Run actions/checkout@11bd71901bbe5b1630ceea73d27597364c9af683	﻿2026-09-20T12:23:31.3685860Z Node 20 is being deprecated. This workflow is running with Node 24 by default. If you need to temporarily use Node 20, you can set the ACTIONS_ALLOW_USE_UNSECURE_NODE_VERSION=true environment variable. For more information see: https://github.blog/changelog/2025-09-19-deprecation-of-node-20-on-github-actions-runners/
compatibility	Post Run actions/checkout@11bd71901bbe5b1630ceea73d27597364c9af683	2026-09-20T12:23:31.3687310Z Post job cleanup.
compatibility	Post Run actions/checkout@11bd71901bbe5b1630ceea73d27597364c9af683	2026-09-20T12:23:31.4894500Z [command]/opt/homebrew/bin/git version
compatibility	Post Run actions/checkout@11bd71901bbe5b1630ceea73d27597364c9af683	2026-09-20T12:23:31.4992720Z git version 2.55.0
compatibility	Post Run actions/checkout@11bd71901bbe5b1630ceea73d27597364c9af683	2026-09-20T12:23:31.5091390Z Copying '/Users/runner/.gitconfig' to '/Users/runner/work/_temp/1ca55168-9d30-4d01-a13d-eaf5ad72060c/.gitconfig'
compatibility	Post Run actions/checkout@11bd71901bbe5b1630ceea73d27597364c9af683	2026-09-20T12:23:31.5092330Z Temporarily overriding HOME='/Users/runner/work/_temp/1ca55168-9d30-4d01-a13d-eaf5ad72060c' before making global git config changes
compatibility	Post Run actions/checkout@11bd71901bbe5b1630ceea73d27597364c9af683	2026-09-20T12:23:31.5093070Z Adding repository directory to the temporary git global config as a safe directory
compatibility	Post Run actions/checkout@11bd71901bbe5b1630ceea73d27597364c9af683	2026-09-20T12:23:31.5093710Z [command]/opt/homebrew/bin/git config --global --add safe.directory /Users/runner/work/rawk/rawk/rawk
compatibility	Post Run actions/checkout@11bd71901bbe5b1630ceea73d27597364c9af683	2026-09-20T12:23:31.5155900Z [command]/opt/homebrew/bin/git config --local --name-only --get-regexp core\.sshCommand
compatibility	Post Run actions/checkout@11bd71901bbe5b1630ceea73d27597364c9af683	2026-09-20T12:23:31.5220580Z [command]/opt/homebrew/bin/git submodule foreach --recursive sh -c "git config --local --name-only --get-regexp 'core\.sshCommand' && git config --local --unset-all 'core.sshCommand' || :"
compatibility	Post Run actions/checkout@11bd71901bbe5b1630ceea73d27597364c9af683	2026-09-20T12:23:31.6271450Z [command]/opt/homebrew/bin/git config --local --name-only --get-regexp http\.https\:\/\/github\.com\/\.extraheader
compatibility	Post Run actions/checkout@11bd71901bbe5b1630ceea73d27597364c9af683	2026-09-20T12:23:31.6337280Z http.https://github.com/.extraheader
compatibility	Post Run actions/checkout@11bd71901bbe5b1630ceea73d27597364c9af683	2026-09-20T12:23:31.6390430Z [command]/opt/homebrew/bin/git config --local --unset-all http.https://github.com/.extraheader
compatibility	Post Run actions/checkout@11bd71901bbe5b1630ceea73d27597364c9af683	2026-09-20T12:23:31.6510440Z [command]/opt/homebrew/bin/git submodule foreach --recursive sh -c "git config --local --name-only --get-regexp 'http\.https\:\/\/github\.com\/\.extraheader' && git config --local --unset-all 'http.https://github.com/.extraheader' || :"
compatibility	Complete job	﻿2026-09-20T12:23:31.7469930Z Cleaning up orphan processes
compatibility	Complete job	2026-09-20T12:23:34.4933550Z ##[warning]Node.js 20 is deprecated. The following actions target Node.js 20 but are being forced to run on Node.js 24: actions/checkout@11bd71901bbe5b1630ceea73d27597364c9af683, actions/upload-artifact@ea165f8d65b6e75b540449e92b4886f43607fa02. For more information see: https://github.blog/changelog/2025-09-19-deprecation-of-node-20-on-github-actions-runners/
linux-portability (ubuntu-24.04)	Set up job	﻿2026-09-20T12:18:04.1322809Z Current runner version: '2.337.0'
linux-portability (ubuntu-24.04)	Set up job	2026-09-20T12:18:04.1348999Z ##[group]Runner Image Provisioner
linux-portability (ubuntu-24.04)	Set up job	2026-09-20T12:18:04.1349941Z Hosted Compute Agent
linux-portability (ubuntu-24.04)	Set up job	2026-09-20T12:18:04.1350558Z Version: 20260828.587
linux-portability (ubuntu-24.04)	Set up job	2026-09-20T12:18:04.1351281Z Commit: abac92662cab4cc7352de4f9f9d2e2419aad9c29
linux-portability (ubuntu-24.04)	Set up job	2026-09-20T12:18:04.1352070Z Build Date: 2026-08-28T16:44:25Z
linux-portability (ubuntu-24.04)	Set up job	2026-09-20T12:18:04.1352748Z Worker ID: {4cdc71fd-bcb7-4719-86e8-595be118899d}
linux-portability (ubuntu-24.04)	Set up job	2026-09-20T12:18:04.1353542Z Azure Region: westus
linux-portability (ubuntu-24.04)	Set up job	2026-09-20T12:18:04.1354129Z ##[endgroup]
linux-portability (ubuntu-24.04)	Set up job	2026-09-20T12:18:04.1356235Z ##[group]Operating System
linux-portability (ubuntu-24.04)	Set up job	2026-09-20T12:18:04.1356945Z Ubuntu
linux-portability (ubuntu-24.04)	Set up job	2026-09-20T12:18:04.1357524Z 24.04.5
linux-portability (ubuntu-24.04)	Set up job	2026-09-20T12:18:04.1358117Z LTS
linux-portability (ubuntu-24.04)	Set up job	2026-09-20T12:18:04.1358646Z ##[endgroup]
linux-portability (ubuntu-24.04)	Set up job	2026-09-20T12:18:04.1359658Z ##[group]Runner Image
linux-portability (ubuntu-24.04)	Set up job	2026-09-20T12:18:04.1360341Z Image: ubuntu-24.04
linux-portability (ubuntu-24.04)	Set up job	2026-09-20T12:18:04.1360925Z Version: 20260907.300.1
linux-portability (ubuntu-24.04)	Set up job	2026-09-20T12:18:04.1362050Z Included Software: https://github.com/actions/runner-images/blob/ubuntu24/20260907.300/images/ubuntu/Ubuntu2404-Readme.md
linux-portability (ubuntu-24.04)	Set up job	2026-09-20T12:18:04.1363795Z Image Release: https://github.com/actions/runner-images/releases/tag/ubuntu24%2F20260907.300
linux-portability (ubuntu-24.04)	Set up job	2026-09-20T12:18:04.1365192Z ##[endgroup]
linux-portability (ubuntu-24.04)	Set up job	2026-09-20T12:18:04.1366413Z ##[group]GITHUB_TOKEN Permissions
linux-portability (ubuntu-24.04)	Set up job	2026-09-20T12:18:04.1368582Z Contents: read
linux-portability (ubuntu-24.04)	Set up job	2026-09-20T12:18:04.1369224Z Metadata: read
linux-portability (ubuntu-24.04)	Set up job	2026-09-20T12:18:04.1369944Z ##[endgroup]
linux-portability (ubuntu-24.04)	Set up job	2026-09-20T12:18:04.1372080Z Secret source: Actions
linux-portability (ubuntu-24.04)	Set up job	2026-09-20T12:18:04.1373205Z Cache mode: write
linux-portability (ubuntu-24.04)	Set up job	2026-09-20T12:18:04.1373929Z Prepare workflow directory
linux-portability (ubuntu-24.04)	Set up job	2026-09-20T12:18:04.1806951Z Prepare all required actions
linux-portability (ubuntu-24.04)	Set up job	2026-09-20T12:18:04.1857430Z Getting action download info
linux-portability (ubuntu-24.04)	Set up job	2026-09-20T12:18:04.5545267Z Download action repository 'actions/checkout@11bd71901bbe5b1630ceea73d27597364c9af683' (SHA:11bd71901bbe5b1630ceea73d27597364c9af683)
linux-portability (ubuntu-24.04)	Set up job	2026-09-20T12:18:04.6939870Z Download action repository 'actions/upload-artifact@ea165f8d65b6e75b540449e92b4886f43607fa02' (SHA:ea165f8d65b6e75b540449e92b4886f43607fa02)
linux-portability (ubuntu-24.04)	Set up job	2026-09-20T12:18:04.8986108Z Complete job name: linux-portability (ubuntu-24.04)
linux-portability (ubuntu-24.04)	Run actions/checkout@11bd71901bbe5b1630ceea73d27597364c9af683	﻿2026-09-20T12:18:04.9755807Z Node 20 is being deprecated. This workflow is running with Node 24 by default. If you need to temporarily use Node 20, you can set the ACTIONS_ALLOW_USE_UNSECURE_NODE_VERSION=true environment variable. For more information see: https://github.blog/changelog/2025-09-19-deprecation-of-node-20-on-github-actions-runners/
linux-portability (ubuntu-24.04)	Run actions/checkout@11bd71901bbe5b1630ceea73d27597364c9af683	2026-09-20T12:18:04.9765067Z ##[group]Run actions/checkout@11bd71901bbe5b1630ceea73d27597364c9af683
linux-portability (ubuntu-24.04)	Run actions/checkout@11bd71901bbe5b1630ceea73d27597364c9af683	2026-09-20T12:18:04.9766087Z with:
linux-portability (ubuntu-24.04)	Run actions/checkout@11bd71901bbe5b1630ceea73d27597364c9af683	2026-09-20T12:18:04.9766598Z   path: rawk
linux-portability (ubuntu-24.04)	Run actions/checkout@11bd71901bbe5b1630ceea73d27597364c9af683	2026-09-20T12:18:04.9767073Z   repository: francescotinti/rawk
linux-portability (ubuntu-24.04)	Run actions/checkout@11bd71901bbe5b1630ceea73d27597364c9af683	2026-09-20T12:18:04.9770673Z   token: ***
linux-portability (ubuntu-24.04)	Run actions/checkout@11bd71901bbe5b1630ceea73d27597364c9af683	2026-09-20T12:18:04.9771139Z   ssh-strict: true
linux-portability (ubuntu-24.04)	Run actions/checkout@11bd71901bbe5b1630ceea73d27597364c9af683	2026-09-20T12:18:04.9771592Z   ssh-user: git
linux-portability (ubuntu-24.04)	Run actions/checkout@11bd71901bbe5b1630ceea73d27597364c9af683	2026-09-20T12:18:04.9772054Z   persist-credentials: true
linux-portability (ubuntu-24.04)	Run actions/checkout@11bd71901bbe5b1630ceea73d27597364c9af683	2026-09-20T12:18:04.9772568Z   clean: true
linux-portability (ubuntu-24.04)	Run actions/checkout@11bd71901bbe5b1630ceea73d27597364c9af683	2026-09-20T12:18:04.9773041Z   sparse-checkout-cone-mode: true
linux-portability (ubuntu-24.04)	Run actions/checkout@11bd71901bbe5b1630ceea73d27597364c9af683	2026-09-20T12:18:04.9773583Z   fetch-depth: 1
linux-portability (ubuntu-24.04)	Run actions/checkout@11bd71901bbe5b1630ceea73d27597364c9af683	2026-09-20T12:18:04.9774030Z   fetch-tags: false
linux-portability (ubuntu-24.04)	Run actions/checkout@11bd71901bbe5b1630ceea73d27597364c9af683	2026-09-20T12:18:04.9774661Z   show-progress: true
linux-portability (ubuntu-24.04)	Run actions/checkout@11bd71901bbe5b1630ceea73d27597364c9af683	2026-09-20T12:18:04.9775199Z   lfs: false
linux-portability (ubuntu-24.04)	Run actions/checkout@11bd71901bbe5b1630ceea73d27597364c9af683	2026-09-20T12:18:04.9775674Z   submodules: false
linux-portability (ubuntu-24.04)	Run actions/checkout@11bd71901bbe5b1630ceea73d27597364c9af683	2026-09-20T12:18:04.9776143Z   set-safe-directory: true
linux-portability (ubuntu-24.04)	Run actions/checkout@11bd71901bbe5b1630ceea73d27597364c9af683	2026-09-20T12:18:04.9776896Z env:
linux-portability (ubuntu-24.04)	Run actions/checkout@11bd71901bbe5b1630ceea73d27597364c9af683	2026-09-20T12:18:04.9777322Z   LC_ALL: C
linux-portability (ubuntu-24.04)	Run actions/checkout@11bd71901bbe5b1630ceea73d27597364c9af683	2026-09-20T12:18:04.9777753Z   CARGO_INCREMENTAL: 0
linux-portability (ubuntu-24.04)	Run actions/checkout@11bd71901bbe5b1630ceea73d27597364c9af683	2026-09-20T12:18:04.9778242Z   RUSTUP_TOOLCHAIN: 1.96.0
linux-portability (ubuntu-24.04)	Run actions/checkout@11bd71901bbe5b1630ceea73d27597364c9af683	2026-09-20T12:18:04.9778734Z ##[endgroup]
linux-portability (ubuntu-24.04)	Run actions/checkout@11bd71901bbe5b1630ceea73d27597364c9af683	2026-09-20T12:18:05.0768218Z Syncing repository: francescotinti/rawk
linux-portability (ubuntu-24.04)	Run actions/checkout@11bd71901bbe5b1630ceea73d27597364c9af683	2026-09-20T12:18:05.0770768Z ##[group]Getting Git version info
linux-portability (ubuntu-24.04)	Run actions/checkout@11bd71901bbe5b1630ceea73d27597364c9af683	2026-09-20T12:18:05.0771891Z Working directory is '/home/runner/work/rawk/rawk/rawk'
linux-portability (ubuntu-24.04)	Run actions/checkout@11bd71901bbe5b1630ceea73d27597364c9af683	2026-09-20T12:18:05.0773506Z [command]/usr/bin/git version
linux-portability (ubuntu-24.04)	Run actions/checkout@11bd71901bbe5b1630ceea73d27597364c9af683	2026-09-20T12:18:05.0858470Z git version 2.55.0
linux-portability (ubuntu-24.04)	Run actions/checkout@11bd71901bbe5b1630ceea73d27597364c9af683	2026-09-20T12:18:05.0883950Z ##[endgroup]
linux-portability (ubuntu-24.04)	Run actions/checkout@11bd71901bbe5b1630ceea73d27597364c9af683	2026-09-20T12:18:05.0900970Z Temporarily overriding HOME='/home/runner/work/_temp/6898b00c-2407-4f17-aaa9-9d0981922aea' before making global git config changes
linux-portability (ubuntu-24.04)	Run actions/checkout@11bd71901bbe5b1630ceea73d27597364c9af683	2026-09-20T12:18:05.0907412Z Adding repository directory to the temporary git global config as a safe directory
linux-portability (ubuntu-24.04)	Run actions/checkout@11bd71901bbe5b1630ceea73d27597364c9af683	2026-09-20T12:18:05.0910239Z [command]/usr/bin/git config --global --add safe.directory /home/runner/work/rawk/rawk/rawk
linux-portability (ubuntu-24.04)	Run actions/checkout@11bd71901bbe5b1630ceea73d27597364c9af683	2026-09-20T12:18:05.0960191Z ##[group]Initializing the repository
linux-portability (ubuntu-24.04)	Run actions/checkout@11bd71901bbe5b1630ceea73d27597364c9af683	2026-09-20T12:18:05.0968739Z [command]/usr/bin/git init /home/runner/work/rawk/rawk/rawk
linux-portability (ubuntu-24.04)	Run actions/checkout@11bd71901bbe5b1630ceea73d27597364c9af683	2026-09-20T12:18:05.1122076Z hint: Using 'master' as the name for the initial branch. This default branch name
linux-portability (ubuntu-24.04)	Run actions/checkout@11bd71901bbe5b1630ceea73d27597364c9af683	2026-09-20T12:18:05.1123855Z hint: will change to "main" in Git 3.0. To configure the initial branch name
linux-portability (ubuntu-24.04)	Run actions/checkout@11bd71901bbe5b1630ceea73d27597364c9af683	2026-09-20T12:18:05.1125332Z hint: to use in all of your new repositories, which will suppress this warning,
linux-portability (ubuntu-24.04)	Run actions/checkout@11bd71901bbe5b1630ceea73d27597364c9af683	2026-09-20T12:18:05.1126264Z hint: call:
linux-portability (ubuntu-24.04)	Run actions/checkout@11bd71901bbe5b1630ceea73d27597364c9af683	2026-09-20T12:18:05.1126759Z hint:
linux-portability (ubuntu-24.04)	Run actions/checkout@11bd71901bbe5b1630ceea73d27597364c9af683	2026-09-20T12:18:05.1127376Z hint: 	git config --global init.defaultBranch <name>
linux-portability (ubuntu-24.04)	Run actions/checkout@11bd71901bbe5b1630ceea73d27597364c9af683	2026-09-20T12:18:05.1128141Z hint:
linux-portability (ubuntu-24.04)	Run actions/checkout@11bd71901bbe5b1630ceea73d27597364c9af683	2026-09-20T12:18:05.1128853Z hint: Names commonly chosen instead of 'master' are 'main', 'trunk' and
linux-portability (ubuntu-24.04)	Run actions/checkout@11bd71901bbe5b1630ceea73d27597364c9af683	2026-09-20T12:18:05.1130024Z hint: 'development'. The just-created branch can be renamed via this command:
linux-portability (ubuntu-24.04)	Run actions/checkout@11bd71901bbe5b1630ceea73d27597364c9af683	2026-09-20T12:18:05.1130983Z hint:
linux-portability (ubuntu-24.04)	Run actions/checkout@11bd71901bbe5b1630ceea73d27597364c9af683	2026-09-20T12:18:05.1131502Z hint: 	git branch -m <name>
linux-portability (ubuntu-24.04)	Run actions/checkout@11bd71901bbe5b1630ceea73d27597364c9af683	2026-09-20T12:18:05.1132084Z hint:
linux-portability (ubuntu-24.04)	Run actions/checkout@11bd71901bbe5b1630ceea73d27597364c9af683	2026-09-20T12:18:05.1132856Z hint: Disable this message with "git config set advice.defaultBranchName false"
linux-portability (ubuntu-24.04)	Run actions/checkout@11bd71901bbe5b1630ceea73d27597364c9af683	2026-09-20T12:18:05.1139005Z Initialized empty Git repository in /home/runner/work/rawk/rawk/rawk/.git/
linux-portability (ubuntu-24.04)	Run actions/checkout@11bd71901bbe5b1630ceea73d27597364c9af683	2026-09-20T12:18:05.1151861Z [command]/usr/bin/git remote add origin https://github.com/francescotinti/rawk
linux-portability (ubuntu-24.04)	Run actions/checkout@11bd71901bbe5b1630ceea73d27597364c9af683	2026-09-20T12:18:05.1210605Z ##[endgroup]
linux-portability (ubuntu-24.04)	Run actions/checkout@11bd71901bbe5b1630ceea73d27597364c9af683	2026-09-20T12:18:05.1211999Z ##[group]Disabling automatic garbage collection
linux-portability (ubuntu-24.04)	Run actions/checkout@11bd71901bbe5b1630ceea73d27597364c9af683	2026-09-20T12:18:05.1215370Z [command]/usr/bin/git config --local gc.auto 0
linux-portability (ubuntu-24.04)	Run actions/checkout@11bd71901bbe5b1630ceea73d27597364c9af683	2026-09-20T12:18:05.1248980Z ##[endgroup]
linux-portability (ubuntu-24.04)	Run actions/checkout@11bd71901bbe5b1630ceea73d27597364c9af683	2026-09-20T12:18:05.1250350Z ##[group]Setting up auth
linux-portability (ubuntu-24.04)	Run actions/checkout@11bd71901bbe5b1630ceea73d27597364c9af683	2026-09-20T12:18:05.1257662Z [command]/usr/bin/git config --local --name-only --get-regexp core\.sshCommand
linux-portability (ubuntu-24.04)	Run actions/checkout@11bd71901bbe5b1630ceea73d27597364c9af683	2026-09-20T12:18:05.1292707Z [command]/usr/bin/git submodule foreach --recursive sh -c "git config --local --name-only --get-regexp 'core\.sshCommand' && git config --local --unset-all 'core.sshCommand' || :"
linux-portability (ubuntu-24.04)	Run actions/checkout@11bd71901bbe5b1630ceea73d27597364c9af683	2026-09-20T12:18:05.1661697Z [command]/usr/bin/git config --local --name-only --get-regexp http\.https\:\/\/github\.com\/\.extraheader
linux-portability (ubuntu-24.04)	Run actions/checkout@11bd71901bbe5b1630ceea73d27597364c9af683	2026-09-20T12:18:05.1700208Z [command]/usr/bin/git submodule foreach --recursive sh -c "git config --local --name-only --get-regexp 'http\.https\:\/\/github\.com\/\.extraheader' && git config --local --unset-all 'http.https://github.com/.extraheader' || :"
linux-portability (ubuntu-24.04)	Run actions/checkout@11bd71901bbe5b1630ceea73d27597364c9af683	2026-09-20T12:18:05.1923104Z [command]/usr/bin/git config --local http.https://github.com/.extraheader AUTHORIZATION: basic ***
linux-portability (ubuntu-24.04)	Run actions/checkout@11bd71901bbe5b1630ceea73d27597364c9af683	2026-09-20T12:18:05.1971089Z ##[endgroup]
linux-portability (ubuntu-24.04)	Run actions/checkout@11bd71901bbe5b1630ceea73d27597364c9af683	2026-09-20T12:18:05.1971924Z ##[group]Fetching the repository
linux-portability (ubuntu-24.04)	Run actions/checkout@11bd71901bbe5b1630ceea73d27597364c9af683	2026-09-20T12:18:05.1986198Z [command]/usr/bin/git -c protocol.version=2 fetch --no-tags --prune --no-recurse-submodules --depth=1 origin +b1adc821e768a2d16567fc1f4b36a94aced17c8c:refs/remotes/origin/master
linux-portability (ubuntu-24.04)	Run actions/checkout@11bd71901bbe5b1630ceea73d27597364c9af683	2026-09-20T12:18:05.7759754Z From https://github.com/francescotinti/rawk
linux-portability (ubuntu-24.04)	Run actions/checkout@11bd71901bbe5b1630ceea73d27597364c9af683	2026-09-20T12:18:05.7761887Z  * [new ref]         b1adc821e768a2d16567fc1f4b36a94aced17c8c -> origin/master
linux-portability (ubuntu-24.04)	Run actions/checkout@11bd71901bbe5b1630ceea73d27597364c9af683	2026-09-20T12:18:05.7766962Z ##[endgroup]
linux-portability (ubuntu-24.04)	Run actions/checkout@11bd71901bbe5b1630ceea73d27597364c9af683	2026-09-20T12:18:05.7769527Z ##[group]Determining the checkout info
linux-portability (ubuntu-24.04)	Run actions/checkout@11bd71901bbe5b1630ceea73d27597364c9af683	2026-09-20T12:18:05.7771937Z ##[endgroup]
linux-portability (ubuntu-24.04)	Run actions/checkout@11bd71901bbe5b1630ceea73d27597364c9af683	2026-09-20T12:18:05.7778267Z [command]/usr/bin/git sparse-checkout disable
linux-portability (ubuntu-24.04)	Run actions/checkout@11bd71901bbe5b1630ceea73d27597364c9af683	2026-09-20T12:18:05.7832451Z [command]/usr/bin/git config --local --unset-all extensions.worktreeConfig
linux-portability (ubuntu-24.04)	Run actions/checkout@11bd71901bbe5b1630ceea73d27597364c9af683	2026-09-20T12:18:05.7863032Z ##[group]Checking out the ref
linux-portability (ubuntu-24.04)	Run actions/checkout@11bd71901bbe5b1630ceea73d27597364c9af683	2026-09-20T12:18:05.7868695Z [command]/usr/bin/git checkout --progress --force -B master refs/remotes/origin/master
linux-portability (ubuntu-24.04)	Run actions/checkout@11bd71901bbe5b1630ceea73d27597364c9af683	2026-09-20T12:18:05.8234064Z Reset branch 'master'
linux-portability (ubuntu-24.04)	Run actions/checkout@11bd71901bbe5b1630ceea73d27597364c9af683	2026-09-20T12:18:05.8240496Z branch 'master' set up to track 'origin/master'.
linux-portability (ubuntu-24.04)	Run actions/checkout@11bd71901bbe5b1630ceea73d27597364c9af683	2026-09-20T12:18:05.8248637Z ##[endgroup]
linux-portability (ubuntu-24.04)	Run actions/checkout@11bd71901bbe5b1630ceea73d27597364c9af683	2026-09-20T12:18:05.8294018Z [command]/usr/bin/git log -1 --format=%H
linux-portability (ubuntu-24.04)	Run actions/checkout@11bd71901bbe5b1630ceea73d27597364c9af683	2026-09-20T12:18:05.8323396Z b1adc821e768a2d16567fc1f4b36a94aced17c8c
linux-portability (ubuntu-24.04)	Install pinned Rust toolchain	﻿2026-09-20T12:18:05.8537792Z ##[group]Run rustup toolchain install 1.96.0 --profile minimal --component rustfmt --component clippy
linux-portability (ubuntu-24.04)	Install pinned Rust toolchain	2026-09-20T12:18:05.8539211Z [36;1mrustup toolchain install 1.96.0 --profile minimal --component rustfmt --component clippy[0m
linux-portability (ubuntu-24.04)	Install pinned Rust toolchain	2026-09-20T12:18:05.8580550Z shell: /usr/bin/bash -e {0}
linux-portability (ubuntu-24.04)	Install pinned Rust toolchain	2026-09-20T12:18:05.8581122Z env:
linux-portability (ubuntu-24.04)	Install pinned Rust toolchain	2026-09-20T12:18:05.8581544Z   LC_ALL: C
linux-portability (ubuntu-24.04)	Install pinned Rust toolchain	2026-09-20T12:18:05.8581979Z   CARGO_INCREMENTAL: 0
linux-portability (ubuntu-24.04)	Install pinned Rust toolchain	2026-09-20T12:18:05.8582468Z   RUSTUP_TOOLCHAIN: 1.96.0
linux-portability (ubuntu-24.04)	Install pinned Rust toolchain	2026-09-20T12:18:05.8582970Z ##[endgroup]
linux-portability (ubuntu-24.04)	Install pinned Rust toolchain	2026-09-20T12:18:05.9801017Z info: syncing channel updates for 1.96.0-x86_64-unknown-linux-gnu
linux-portability (ubuntu-24.04)	Install pinned Rust toolchain	2026-09-20T12:18:06.2400032Z info: latest update on 2026-05-28 for version 1.96.0 (ac68faa20 2026-05-25)
linux-portability (ubuntu-24.04)	Install pinned Rust toolchain	2026-09-20T12:18:06.2402724Z info: downloading 5 components
linux-portability (ubuntu-24.04)	Install pinned Rust toolchain	2026-09-20T12:18:14.1392749Z 
linux-portability (ubuntu-24.04)	Install pinned Rust toolchain	2026-09-20T12:18:14.1465179Z   1.96.0-x86_64-unknown-linux-gnu installed - rustc 1.96.0 (ac68faa20 2026-05-25)
linux-portability (ubuntu-24.04)	Install pinned Rust toolchain	2026-09-20T12:18:14.1465812Z 
linux-portability (ubuntu-24.04)	Prepare tested locales and C build tools	﻿2026-09-20T12:18:14.1584457Z ##[group]Run sudo apt-get update
linux-portability (ubuntu-24.04)	Prepare tested locales and C build tools	2026-09-20T12:18:14.1585285Z [36;1msudo apt-get update[0m
linux-portability (ubuntu-24.04)	Prepare tested locales and C build tools	2026-09-20T12:18:14.1585700Z [36;1msudo apt-get install -y build-essential bison locales[0m
linux-portability (ubuntu-24.04)	Prepare tested locales and C build tools	2026-09-20T12:18:14.1586173Z [36;1msudo localedef -i en_US -f UTF-8 en_US.UTF-8[0m
linux-portability (ubuntu-24.04)	Prepare tested locales and C build tools	2026-09-20T12:18:14.1586632Z [36;1msudo localedef -i tr_TR -f UTF-8 tr_TR.UTF-8[0m
linux-portability (ubuntu-24.04)	Prepare tested locales and C build tools	2026-09-20T12:18:14.1587069Z [36;1msudo localedef -i en_US -f ISO-8859-1 en_US.ISO8859-1[0m
linux-portability (ubuntu-24.04)	Prepare tested locales and C build tools	2026-09-20T12:18:14.1587539Z [36;1msudo localedef -i tr_TR -f ISO-8859-9 tr_TR.ISO8859-9[0m
linux-portability (ubuntu-24.04)	Prepare tested locales and C build tools	2026-09-20T12:18:14.1588063Z [36;1msudo localedef --no-warnings=ascii -i ja_JP -f SHIFT_JIS ja_JP.SJIS[0m
linux-portability (ubuntu-24.04)	Prepare tested locales and C build tools	2026-09-20T12:18:14.1588514Z [36;1mlocale -a[0m
linux-portability (ubuntu-24.04)	Prepare tested locales and C build tools	2026-09-20T12:18:14.1589019Z [36;1mcc -std=c11 -Wall -Wextra -Werror scripts/shift_jis_locale_probe.c -o /tmp/rawk-sjis-locale-probe[0m
linux-portability (ubuntu-24.04)	Prepare tested locales and C build tools	2026-09-20T12:18:14.1589576Z [36;1mset -o pipefail[0m
linux-portability (ubuntu-24.04)	Prepare tested locales and C build tools	2026-09-20T12:18:14.1590001Z [36;1m/tmp/rawk-sjis-locale-probe 2>&1 | tee diary/shift-jis-locale-ci.log[0m
linux-portability (ubuntu-24.04)	Prepare tested locales and C build tools	2026-09-20T12:18:14.1628880Z shell: /usr/bin/bash -e {0}
linux-portability (ubuntu-24.04)	Prepare tested locales and C build tools	2026-09-20T12:18:14.1629208Z env:
linux-portability (ubuntu-24.04)	Prepare tested locales and C build tools	2026-09-20T12:18:14.1629457Z   LC_ALL: C
linux-portability (ubuntu-24.04)	Prepare tested locales and C build tools	2026-09-20T12:18:14.1629714Z   CARGO_INCREMENTAL: 0
linux-portability (ubuntu-24.04)	Prepare tested locales and C build tools	2026-09-20T12:18:14.1629998Z   RUSTUP_TOOLCHAIN: 1.96.0
linux-portability (ubuntu-24.04)	Prepare tested locales and C build tools	2026-09-20T12:18:14.1630295Z ##[endgroup]
linux-portability (ubuntu-24.04)	Prepare tested locales and C build tools	2026-09-20T12:18:14.2761985Z Get:1 file:/etc/apt/apt-mirrors.txt Mirrorlist [144 B]
linux-portability (ubuntu-24.04)	Prepare tested locales and C build tools	2026-09-20T12:18:14.2909569Z Get:6 https://packages.microsoft.com/ubuntu/24.04/prod noble InRelease [3600 B]
linux-portability (ubuntu-24.04)	Prepare tested locales and C build tools	2026-09-20T12:18:14.3078323Z Hit:2 http://azure.archive.ubuntu.com/ubuntu noble InRelease
linux-portability (ubuntu-24.04)	Prepare tested locales and C build tools	2026-09-20T12:18:14.3145694Z Get:3 http://azure.archive.ubuntu.com/ubuntu noble-updates InRelease [126 kB]
linux-portability (ubuntu-24.04)	Prepare tested locales and C build tools	2026-09-20T12:18:14.3205804Z Get:7 https://dl.google.com/linux/chrome-stable/deb stable InRelease [2548 B]
linux-portability (ubuntu-24.04)	Prepare tested locales and C build tools	2026-09-20T12:18:14.3520301Z Get:4 http://azure.archive.ubuntu.com/ubuntu noble-backports InRelease [126 kB]
linux-portability (ubuntu-24.04)	Prepare tested locales and C build tools	2026-09-20T12:18:14.3579193Z Get:5 http://azure.archive.ubuntu.com/ubuntu noble-security InRelease [126 kB]
linux-portability (ubuntu-24.04)	Prepare tested locales and C build tools	2026-09-20T12:18:14.3961664Z Get:8 https://packages.microsoft.com/ubuntu/24.04/prod noble/main arm64 Packages [429 kB]
linux-portability (ubuntu-24.04)	Prepare tested locales and C build tools	2026-09-20T12:18:14.4286108Z Get:9 https://packages.microsoft.com/ubuntu/24.04/prod noble/main amd64 Packages [478 kB]
linux-portability (ubuntu-24.04)	Prepare tested locales and C build tools	2026-09-20T12:18:14.6531961Z Get:10 https://dl.google.com/linux/chrome-stable/deb stable/main amd64 Packages [1408 B]
linux-portability (ubuntu-24.04)	Prepare tested locales and C build tools	2026-09-20T12:18:14.6824058Z Get:11 http://azure.archive.ubuntu.com/ubuntu noble-updates/main amd64 Packages [1275 kB]
linux-portability (ubuntu-24.04)	Prepare tested locales and C build tools	2026-09-20T12:18:14.6915764Z Get:12 http://azure.archive.ubuntu.com/ubuntu noble-updates/main Translation-en [294 kB]
linux-portability (ubuntu-24.04)	Prepare tested locales and C build tools	2026-09-20T12:18:14.7146333Z Get:13 http://azure.archive.ubuntu.com/ubuntu noble-updates/main amd64 Components [180 kB]
linux-portability (ubuntu-24.04)	Prepare tested locales and C build tools	2026-09-20T12:18:14.7158792Z Get:14 http://azure.archive.ubuntu.com/ubuntu noble-updates/universe amd64 Packages [1689 kB]
linux-portability (ubuntu-24.04)	Prepare tested locales and C build tools	2026-09-20T12:18:14.7280462Z Get:15 http://azure.archive.ubuntu.com/ubuntu noble-updates/universe Translation-en [338 kB]
linux-portability (ubuntu-24.04)	Prepare tested locales and C build tools	2026-09-20T12:18:14.7315137Z Get:16 http://azure.archive.ubuntu.com/ubuntu noble-updates/universe amd64 Components [388 kB]
linux-portability (ubuntu-24.04)	Prepare tested locales and C build tools	2026-09-20T12:18:14.7636187Z Get:17 http://azure.archive.ubuntu.com/ubuntu noble-updates/restricted amd64 Packages [1580 kB]
linux-portability (ubuntu-24.04)	Prepare tested locales and C build tools	2026-09-20T12:18:14.7825595Z Get:18 http://azure.archive.ubuntu.com/ubuntu noble-updates/restricted Translation-en [359 kB]
linux-portability (ubuntu-24.04)	Prepare tested locales and C build tools	2026-09-20T12:18:14.7837515Z Get:19 http://azure.archive.ubuntu.com/ubuntu noble-updates/multiverse amd64 Packages [45.7 kB]
linux-portability (ubuntu-24.04)	Prepare tested locales and C build tools	2026-09-20T12:18:14.8111835Z Get:20 http://azure.archive.ubuntu.com/ubuntu noble-updates/multiverse Translation-en [13.1 kB]
linux-portability (ubuntu-24.04)	Prepare tested locales and C build tools	2026-09-20T12:18:14.8542736Z Get:21 http://azure.archive.ubuntu.com/ubuntu noble-updates/multiverse amd64 Components [940 B]
linux-portability (ubuntu-24.04)	Prepare tested locales and C build tools	2026-09-20T12:18:14.8726412Z Get:22 http://azure.archive.ubuntu.com/ubuntu noble-backports/main amd64 Packages [65.9 kB]
linux-portability (ubuntu-24.04)	Prepare tested locales and C build tools	2026-09-20T12:18:14.9214933Z Get:23 http://azure.archive.ubuntu.com/ubuntu noble-backports/main amd64 Components [5768 B]
linux-portability (ubuntu-24.04)	Prepare tested locales and C build tools	2026-09-20T12:18:14.9240585Z Get:24 http://azure.archive.ubuntu.com/ubuntu noble-backports/universe amd64 Packages [34.6 kB]
linux-portability (ubuntu-24.04)	Prepare tested locales and C build tools	2026-09-20T12:18:14.9248910Z Get:25 http://azure.archive.ubuntu.com/ubuntu noble-backports/universe Translation-en [18.7 kB]
linux-portability (ubuntu-24.04)	Prepare tested locales and C build tools	2026-09-20T12:18:14.9257663Z Get:26 http://azure.archive.ubuntu.com/ubuntu noble-backports/universe amd64 Components [12.6 kB]
linux-portability (ubuntu-24.04)	Prepare tested locales and C build tools	2026-09-20T12:18:14.9267625Z Get:27 http://azure.archive.ubuntu.com/ubuntu noble-security/main amd64 Packages [1009 kB]
linux-portability (ubuntu-24.04)	Prepare tested locales and C build tools	2026-09-20T12:18:14.9335688Z Get:28 http://azure.archive.ubuntu.com/ubuntu noble-security/main Translation-en [214 kB]
linux-portability (ubuntu-24.04)	Prepare tested locales and C build tools	2026-09-20T12:18:14.9337110Z Get:29 http://azure.archive.ubuntu.com/ubuntu noble-security/main amd64 Components [46.4 kB]
linux-portability (ubuntu-24.04)	Prepare tested locales and C build tools	2026-09-20T12:18:14.9343750Z Get:30 http://azure.archive.ubuntu.com/ubuntu noble-security/universe amd64 Packages [1208 kB]
linux-portability (ubuntu-24.04)	Prepare tested locales and C build tools	2026-09-20T12:18:14.9686869Z Get:31 http://azure.archive.ubuntu.com/ubuntu noble-security/universe Translation-en [243 kB]
linux-portability (ubuntu-24.04)	Prepare tested locales and C build tools	2026-09-20T12:18:14.9708510Z Get:32 http://azure.archive.ubuntu.com/ubuntu noble-security/universe amd64 Components [76.2 kB]
linux-portability (ubuntu-24.04)	Prepare tested locales and C build tools	2026-09-20T12:18:14.9745322Z Get:33 http://azure.archive.ubuntu.com/ubuntu noble-security/restricted amd64 Packages [1449 kB]
linux-portability (ubuntu-24.04)	Prepare tested locales and C build tools	2026-09-20T12:18:14.9876086Z Get:34 http://azure.archive.ubuntu.com/ubuntu noble-security/restricted Translation-en [336 kB]
linux-portability (ubuntu-24.04)	Prepare tested locales and C build tools	2026-09-20T12:18:15.0358691Z Get:35 http://azure.archive.ubuntu.com/ubuntu noble-security/multiverse Translation-en [11.3 kB]
linux-portability (ubuntu-24.04)	Prepare tested locales and C build tools	2026-09-20T12:18:19.2241596Z Fetched 12.2 MB in 2s (7803 kB/s)
linux-portability (ubuntu-24.04)	Prepare tested locales and C build tools	2026-09-20T12:18:20.0393770Z Reading package lists...
linux-portability (ubuntu-24.04)	Prepare tested locales and C build tools	2026-09-20T12:18:20.0712963Z Reading package lists...
linux-portability (ubuntu-24.04)	Prepare tested locales and C build tools	2026-09-20T12:18:20.2470115Z Building dependency tree...
linux-portability (ubuntu-24.04)	Prepare tested locales and C build tools	2026-09-20T12:18:20.2476960Z Reading state information...
linux-portability (ubuntu-24.04)	Prepare tested locales and C build tools	2026-09-20T12:18:20.4037968Z The following additional packages will be installed:
linux-portability (ubuntu-24.04)	Prepare tested locales and C build tools	2026-09-20T12:18:20.4046053Z   libc-bin libc-dev-bin libc6 libc6-dev libc6-i386
linux-portability (ubuntu-24.04)	Prepare tested locales and C build tools	2026-09-20T12:18:20.4052621Z Suggested packages:
linux-portability (ubuntu-24.04)	Prepare tested locales and C build tools	2026-09-20T12:18:20.4053298Z   bison-doc glibc-doc libnss-nis libnss-nisplus manpages-dev
linux-portability (ubuntu-24.04)	Prepare tested locales and C build tools	2026-09-20T12:18:20.4053685Z Recommended packages:
linux-portability (ubuntu-24.04)	Prepare tested locales and C build tools	2026-09-20T12:18:20.4053936Z   manpages-dev libc-devtools
linux-portability (ubuntu-24.04)	Prepare tested locales and C build tools	2026-09-20T12:18:20.4334870Z The following NEW packages will be installed:
linux-portability (ubuntu-24.04)	Prepare tested locales and C build tools	2026-09-20T12:18:20.4345022Z   build-essential
linux-portability (ubuntu-24.04)	Prepare tested locales and C build tools	2026-09-20T12:18:20.4350716Z The following packages will be upgraded:
linux-portability (ubuntu-24.04)	Prepare tested locales and C build tools	2026-09-20T12:18:20.4360415Z   bison libc-bin libc-dev-bin libc6 libc6-dev libc6-i386 locales
linux-portability (ubuntu-24.04)	Prepare tested locales and C build tools	2026-09-20T12:18:20.4563006Z 7 upgraded, 1 newly installed, 0 to remove and 66 not upgraded.
linux-portability (ubuntu-24.04)	Prepare tested locales and C build tools	2026-09-20T12:18:20.4563741Z Need to get 13.9 MB of archives.
linux-portability (ubuntu-24.04)	Prepare tested locales and C build tools	2026-09-20T12:18:20.4564349Z After this operation, 27.6 kB of additional disk space will be used.
linux-portability (ubuntu-24.04)	Prepare tested locales and C build tools	2026-09-20T12:18:20.4565308Z Get:1 file:/etc/apt/apt-mirrors.txt Mirrorlist [144 B]
linux-portability (ubuntu-24.04)	Prepare tested locales and C build tools	2026-09-20T12:18:20.5319999Z Get:2 http://azure.archive.ubuntu.com/ubuntu noble-updates/main amd64 libc6-dev amd64 2.39-0ubuntu8.9 [2126 kB]
linux-portability (ubuntu-24.04)	Prepare tested locales and C build tools	2026-09-20T12:18:20.6316514Z Get:3 http://azure.archive.ubuntu.com/ubuntu noble-updates/main amd64 libc-dev-bin amd64 2.39-0ubuntu8.9 [20.4 kB]
linux-portability (ubuntu-24.04)	Prepare tested locales and C build tools	2026-09-20T12:18:20.6922006Z Get:4 http://azure.archive.ubuntu.com/ubuntu noble-updates/main amd64 libc6-i386 amd64 2.39-0ubuntu8.9 [2787 kB]
linux-portability (ubuntu-24.04)	Prepare tested locales and C build tools	2026-09-20T12:18:20.8053283Z Get:5 http://azure.archive.ubuntu.com/ubuntu noble-updates/main amd64 libc6 amd64 2.39-0ubuntu8.9 [3264 kB]
linux-portability (ubuntu-24.04)	Prepare tested locales and C build tools	2026-09-20T12:18:20.9327366Z Get:6 http://azure.archive.ubuntu.com/ubuntu noble-updates/main amd64 libc-bin amd64 2.39-0ubuntu8.9 [682 kB]
linux-portability (ubuntu-24.04)	Prepare tested locales and C build tools	2026-09-20T12:18:21.0054160Z Get:7 http://azure.archive.ubuntu.com/ubuntu noble-updates/main amd64 locales all 2.39-0ubuntu8.9 [4232 kB]
linux-portability (ubuntu-24.04)	Prepare tested locales and C build tools	2026-09-20T12:18:21.1472363Z Get:8 http://azure.archive.ubuntu.com/ubuntu noble-updates/main amd64 bison amd64 2:3.8.2+dfsg-1ubuntu0.24.04.1 [749 kB]
linux-portability (ubuntu-24.04)	Prepare tested locales and C build tools	2026-09-20T12:18:21.2219323Z Get:9 http://azure.archive.ubuntu.com/ubuntu noble/main amd64 build-essential amd64 12.10ubuntu1 [4928 B]
linux-portability (ubuntu-24.04)	Prepare tested locales and C build tools	2026-09-20T12:18:21.4425622Z Preconfiguring packages ...
linux-portability (ubuntu-24.04)	Prepare tested locales and C build tools	2026-09-20T12:18:21.5288299Z Fetched 13.9 MB in 1s (17.8 MB/s)
linux-portability (ubuntu-24.04)	Prepare tested locales and C build tools	2026-09-20T12:18:21.5801986Z (Reading database ... 
linux-portability (ubuntu-24.04)	Prepare tested locales and C build tools	2026-09-20T12:18:21.5802607Z (Reading database ... 5%
linux-portability (ubuntu-24.04)	Prepare tested locales and C build tools	2026-09-20T12:18:21.5802891Z (Reading database ... 10%
linux-portability (ubuntu-24.04)	Prepare tested locales and C build tools	2026-09-20T12:18:21.5805023Z (Reading database ... 15%
linux-portability (ubuntu-24.04)	Prepare tested locales and C build tools	2026-09-20T12:18:21.5805536Z (Reading database ... 20%
linux-portability (ubuntu-24.04)	Prepare tested locales and C build tools	2026-09-20T12:18:21.5805982Z (Reading database ... 25%
linux-portability (ubuntu-24.04)	Prepare tested locales and C build tools	2026-09-20T12:18:21.5806421Z (Reading database ... 30%
linux-portability (ubuntu-24.04)	Prepare tested locales and C build tools	2026-09-20T12:18:21.5806851Z (Reading database ... 35%
linux-portability (ubuntu-24.04)	Prepare tested locales and C build tools	2026-09-20T12:18:21.5807314Z (Reading database ... 40%
linux-portability (ubuntu-24.04)	Prepare tested locales and C build tools	2026-09-20T12:18:21.5807743Z (Reading database ... 45%
linux-portability (ubuntu-24.04)	Prepare tested locales and C build tools	2026-09-20T12:18:21.5808134Z (Reading database ... 50%
linux-portability (ubuntu-24.04)	Prepare tested locales and C build tools	2026-09-20T12:18:21.5867550Z (Reading database ... 55%
linux-portability (ubuntu-24.04)	Prepare tested locales and C build tools	2026-09-20T12:18:21.7327704Z (Reading database ... 60%
linux-portability (ubuntu-24.04)	Prepare tested locales and C build tools	2026-09-20T12:18:21.9099408Z (Reading database ... 65%
linux-portability (ubuntu-24.04)	Prepare tested locales and C build tools	2026-09-20T12:18:22.1304850Z (Reading database ... 70%
linux-portability (ubuntu-24.04)	Prepare tested locales and C build tools	2026-09-20T12:18:22.2640152Z (Reading database ... 75%
linux-portability (ubuntu-24.04)	Prepare tested locales and C build tools	2026-09-20T12:18:22.4462488Z (Reading database ... 80%
linux-portability (ubuntu-24.04)	Prepare tested locales and C build tools	2026-09-20T12:18:22.6342148Z (Reading database ... 85%
linux-portability (ubuntu-24.04)	Prepare tested locales and C build tools	2026-09-20T12:18:22.8175835Z (Reading database ... 90%
linux-portability (ubuntu-24.04)	Prepare tested locales and C build tools	2026-09-20T12:18:22.9893462Z (Reading database ... 95%
linux-portability (ubuntu-24.04)	Prepare tested locales and C build tools	2026-09-20T12:18:22.9894150Z (Reading database ... 100%
linux-portability (ubuntu-24.04)	Prepare tested locales and C build tools	2026-09-20T12:18:22.9895183Z (Reading database ... 201818 files and directories currently installed.)
linux-portability (ubuntu-24.04)	Prepare tested locales and C build tools	2026-09-20T12:18:22.9939331Z Preparing to unpack .../libc6-dev_2.39-0ubuntu8.9_amd64.deb ...
linux-portability (ubuntu-24.04)	Prepare tested locales and C build tools	2026-09-20T12:18:22.9993650Z Unpacking libc6-dev:amd64 (2.39-0ubuntu8.9) over (2.39-0ubuntu8.8) ...
linux-portability (ubuntu-24.04)	Prepare tested locales and C build tools	2026-09-20T12:18:23.2029248Z Preparing to unpack .../libc-dev-bin_2.39-0ubuntu8.9_amd64.deb ...
linux-portability (ubuntu-24.04)	Prepare tested locales and C build tools	2026-09-20T12:18:23.2058768Z Unpacking libc-dev-bin (2.39-0ubuntu8.9) over (2.39-0ubuntu8.8) ...
linux-portability (ubuntu-24.04)	Prepare tested locales and C build tools	2026-09-20T12:18:23.2459125Z Preparing to unpack .../libc6-i386_2.39-0ubuntu8.9_amd64.deb ...
linux-portability (ubuntu-24.04)	Prepare tested locales and C build tools	2026-09-20T12:18:23.2592981Z Unpacking libc6-i386 (2.39-0ubuntu8.9) over (2.39-0ubuntu8.8) ...
linux-portability (ubuntu-24.04)	Prepare tested locales and C build tools	2026-09-20T12:18:23.3910855Z Preparing to unpack .../libc6_2.39-0ubuntu8.9_amd64.deb ...
linux-portability (ubuntu-24.04)	Prepare tested locales and C build tools	2026-09-20T12:18:23.5369125Z Unpacking libc6:amd64 (2.39-0ubuntu8.9) over (2.39-0ubuntu8.8) ...
linux-portability (ubuntu-24.04)	Prepare tested locales and C build tools	2026-09-20T12:18:23.6781168Z Setting up libc6:amd64 (2.39-0ubuntu8.9) ...
linux-portability (ubuntu-24.04)	Prepare tested locales and C build tools	2026-09-20T12:18:24.1079490Z (Reading database ... 
linux-portability (ubuntu-24.04)	Prepare tested locales and C build tools	2026-09-20T12:18:24.1080464Z (Reading database ... 5%
linux-portability (ubuntu-24.04)	Prepare tested locales and C build tools	2026-09-20T12:18:24.1081327Z (Reading database ... 10%
linux-portability (ubuntu-24.04)	Prepare tested locales and C build tools	2026-09-20T12:18:24.1081822Z (Reading database ... 15%
linux-portability (ubuntu-24.04)	Prepare tested locales and C build tools	2026-09-20T12:18:24.1082221Z (Reading database ... 20%
linux-portability (ubuntu-24.04)	Prepare tested locales and C build tools	2026-09-20T12:18:24.1082600Z (Reading database ... 25%
linux-portability (ubuntu-24.04)	Prepare tested locales and C build tools	2026-09-20T12:18:24.1082999Z (Reading database ... 30%
linux-portability (ubuntu-24.04)	Prepare tested locales and C build tools	2026-09-20T12:18:24.1083459Z (Reading database ... 35%
linux-portability (ubuntu-24.04)	Prepare tested locales and C build tools	2026-09-20T12:18:24.1083857Z (Reading database ... 40%
linux-portability (ubuntu-24.04)	Prepare tested locales and C build tools	2026-09-20T12:18:24.1084257Z (Reading database ... 45%
linux-portability (ubuntu-24.04)	Prepare tested locales and C build tools	2026-09-20T12:18:24.1084880Z (Reading database ... 50%
linux-portability (ubuntu-24.04)	Prepare tested locales and C build tools	2026-09-20T12:18:24.1106692Z (Reading database ... 55%
linux-portability (ubuntu-24.04)	Prepare tested locales and C build tools	2026-09-20T12:18:24.1231548Z (Reading database ... 60%
linux-portability (ubuntu-24.04)	Prepare tested locales and C build tools	2026-09-20T12:18:24.1259246Z (Reading database ... 65%
linux-portability (ubuntu-24.04)	Prepare tested locales and C build tools	2026-09-20T12:18:24.1292957Z (Reading database ... 70%
linux-portability (ubuntu-24.04)	Prepare tested locales and C build tools	2026-09-20T12:18:24.1317281Z (Reading database ... 75%
linux-portability (ubuntu-24.04)	Prepare tested locales and C build tools	2026-09-20T12:18:24.1454656Z (Reading database ... 80%
linux-portability (ubuntu-24.04)	Prepare tested locales and C build tools	2026-09-20T12:18:24.1476607Z (Reading database ... 85%
linux-portability (ubuntu-24.04)	Prepare tested locales and C build tools	2026-09-20T12:18:24.1554401Z (Reading database ... 90%
linux-portability (ubuntu-24.04)	Prepare tested locales and C build tools	2026-09-20T12:18:24.1772596Z (Reading database ... 95%
linux-portability (ubuntu-24.04)	Prepare tested locales and C build tools	2026-09-20T12:18:24.1773056Z (Reading database ... 100%
linux-portability (ubuntu-24.04)	Prepare tested locales and C build tools	2026-09-20T12:18:24.1773671Z (Reading database ... 201818 files and directories currently installed.)
linux-portability (ubuntu-24.04)	Prepare tested locales and C build tools	2026-09-20T12:18:24.1813790Z Preparing to unpack .../libc-bin_2.39-0ubuntu8.9_amd64.deb ...
linux-portability (ubuntu-24.04)	Prepare tested locales and C build tools	2026-09-20T12:18:24.1857090Z Unpacking libc-bin (2.39-0ubuntu8.9) over (2.39-0ubuntu8.8) ...
linux-portability (ubuntu-24.04)	Prepare tested locales and C build tools	2026-09-20T12:18:24.2417166Z Setting up libc-bin (2.39-0ubuntu8.9) ...
linux-portability (ubuntu-24.04)	Prepare tested locales and C build tools	2026-09-20T12:18:24.3076957Z (Reading database ... 
linux-portability (ubuntu-24.04)	Prepare tested locales and C build tools	2026-09-20T12:18:24.3077370Z (Reading database ... 5%
linux-portability (ubuntu-24.04)	Prepare tested locales and C build tools	2026-09-20T12:18:24.3077720Z (Reading database ... 10%
linux-portability (ubuntu-24.04)	Prepare tested locales and C build tools	2026-09-20T12:18:24.3078103Z (Reading database ... 15%
linux-portability (ubuntu-24.04)	Prepare tested locales and C build tools	2026-09-20T12:18:24.3078467Z (Reading database ... 20%
linux-portability (ubuntu-24.04)	Prepare tested locales and C build tools	2026-09-20T12:18:24.3078768Z (Reading database ... 25%
linux-portability (ubuntu-24.04)	Prepare tested locales and C build tools	2026-09-20T12:18:24.3079068Z (Reading database ... 30%
linux-portability (ubuntu-24.04)	Prepare tested locales and C build tools	2026-09-20T12:18:24.3079370Z (Reading database ... 35%
linux-portability (ubuntu-24.04)	Prepare tested locales and C build tools	2026-09-20T12:18:24.3079675Z (Reading database ... 40%
linux-portability (ubuntu-24.04)	Prepare tested locales and C build tools	2026-09-20T12:18:24.3079985Z (Reading database ... 45%
linux-portability (ubuntu-24.04)	Prepare tested locales and C build tools	2026-09-20T12:18:24.3080290Z (Reading database ... 50%
linux-portability (ubuntu-24.04)	Prepare tested locales and C build tools	2026-09-20T12:18:24.3091382Z (Reading database ... 55%
linux-portability (ubuntu-24.04)	Prepare tested locales and C build tools	2026-09-20T12:18:24.3194373Z (Reading database ... 60%
linux-portability (ubuntu-24.04)	Prepare tested locales and C build tools	2026-09-20T12:18:24.3216926Z (Reading database ... 65%
linux-portability (ubuntu-24.04)	Prepare tested locales and C build tools	2026-09-20T12:18:24.3247887Z (Reading database ... 70%
linux-portability (ubuntu-24.04)	Prepare tested locales and C build tools	2026-09-20T12:18:24.3271247Z (Reading database ... 75%
linux-portability (ubuntu-24.04)	Prepare tested locales and C build tools	2026-09-20T12:18:24.3404559Z (Reading database ... 80%
linux-portability (ubuntu-24.04)	Prepare tested locales and C build tools	2026-09-20T12:18:24.3425910Z (Reading database ... 85%
linux-portability (ubuntu-24.04)	Prepare tested locales and C build tools	2026-09-20T12:18:24.3503733Z (Reading database ... 90%
linux-portability (ubuntu-24.04)	Prepare tested locales and C build tools	2026-09-20T12:18:24.3713428Z (Reading database ... 95%
linux-portability (ubuntu-24.04)	Prepare tested locales and C build tools	2026-09-20T12:18:24.3713990Z (Reading database ... 100%
linux-portability (ubuntu-24.04)	Prepare tested locales and C build tools	2026-09-20T12:18:24.3714986Z (Reading database ... 201818 files and directories currently installed.)
linux-portability (ubuntu-24.04)	Prepare tested locales and C build tools	2026-09-20T12:18:24.3751835Z Preparing to unpack .../locales_2.39-0ubuntu8.9_all.deb ...
linux-portability (ubuntu-24.04)	Prepare tested locales and C build tools	2026-09-20T12:18:24.3813621Z Unpacking locales (2.39-0ubuntu8.9) over (2.39-0ubuntu8.8) ...
linux-portability (ubuntu-24.04)	Prepare tested locales and C build tools	2026-09-20T12:18:24.5948278Z Preparing to unpack .../bison_2%3a3.8.2+dfsg-1ubuntu0.24.04.1_amd64.deb ...
linux-portability (ubuntu-24.04)	Prepare tested locales and C build tools	2026-09-20T12:18:24.6035239Z Unpacking bison (2:3.8.2+dfsg-1ubuntu0.24.04.1) over (2:3.8.2+dfsg-1build2) ...
linux-portability (ubuntu-24.04)	Prepare tested locales and C build tools	2026-09-20T12:18:24.6830773Z Selecting previously unselected package build-essential.
linux-portability (ubuntu-24.04)	Prepare tested locales and C build tools	2026-09-20T12:18:24.6956409Z Preparing to unpack .../build-essential_12.10ubuntu1_amd64.deb ...
linux-portability (ubuntu-24.04)	Prepare tested locales and C build tools	2026-09-20T12:18:24.6966484Z Unpacking build-essential (12.10ubuntu1) ...
linux-portability (ubuntu-24.04)	Prepare tested locales and C build tools	2026-09-20T12:18:24.7331962Z Setting up locales (2.39-0ubuntu8.9) ...
linux-portability (ubuntu-24.04)	Prepare tested locales and C build tools	2026-09-20T12:18:25.2288360Z Generating locales (this might take a while)...
linux-portability (ubuntu-24.04)	Prepare tested locales and C build tools	2026-09-20T12:18:26.3270730Z   en_US.UTF-8... done
linux-portability (ubuntu-24.04)	Prepare tested locales and C build tools	2026-09-20T12:18:26.3273080Z Generation complete.
linux-portability (ubuntu-24.04)	Prepare tested locales and C build tools	2026-09-20T12:18:26.3465386Z Setting up bison (2:3.8.2+dfsg-1ubuntu0.24.04.1) ...
linux-portability (ubuntu-24.04)	Prepare tested locales and C build tools	2026-09-20T12:18:26.3541828Z Setting up libc6-i386 (2.39-0ubuntu8.9) ...
linux-portability (ubuntu-24.04)	Prepare tested locales and C build tools	2026-09-20T12:18:26.3587053Z Setting up libc-dev-bin (2.39-0ubuntu8.9) ...
linux-portability (ubuntu-24.04)	Prepare tested locales and C build tools	2026-09-20T12:18:26.3624164Z Setting up libc6-dev:amd64 (2.39-0ubuntu8.9) ...
linux-portability (ubuntu-24.04)	Prepare tested locales and C build tools	2026-09-20T12:18:26.3649428Z Setting up build-essential (12.10ubuntu1) ...
linux-portability (ubuntu-24.04)	Prepare tested locales and C build tools	2026-09-20T12:18:26.3680974Z Processing triggers for man-db (2.12.0-4build2) ...
linux-portability (ubuntu-24.04)	Prepare tested locales and C build tools	2026-09-20T12:18:26.3704619Z Not building database; man-db/auto-update is not 'true'.
linux-portability (ubuntu-24.04)	Prepare tested locales and C build tools	2026-09-20T12:18:26.3719351Z Processing triggers for libc-bin (2.39-0ubuntu8.9) ...
linux-portability (ubuntu-24.04)	Prepare tested locales and C build tools	2026-09-20T12:18:26.7798927Z 
linux-portability (ubuntu-24.04)	Prepare tested locales and C build tools	2026-09-20T12:18:26.7799570Z Running kernel seems to be up-to-date.
linux-portability (ubuntu-24.04)	Prepare tested locales and C build tools	2026-09-20T12:18:26.7799965Z 
linux-portability (ubuntu-24.04)	Prepare tested locales and C build tools	2026-09-20T12:18:26.7800126Z Restarting services...
linux-portability (ubuntu-24.04)	Prepare tested locales and C build tools	2026-09-20T12:18:26.9365908Z  systemctl restart chrony.service containerd.service cron.service haveged.service hv-kvp-daemon.service multipathd.service packagekit.service php8.3-fpm.service polkit.service rsyslog.service systemd-journald.service systemd-networkd.service systemd-resolved.service systemd-udevd.service udisks2.service
linux-portability (ubuntu-24.04)	Prepare tested locales and C build tools	2026-09-20T12:18:27.3604102Z 
linux-portability (ubuntu-24.04)	Prepare tested locales and C build tools	2026-09-20T12:18:27.3605391Z Service restarts being deferred:
linux-portability (ubuntu-24.04)	Prepare tested locales and C build tools	2026-09-20T12:18:27.3615396Z  systemctl restart ModemManager.service
linux-portability (ubuntu-24.04)	Prepare tested locales and C build tools	2026-09-20T12:18:27.3616642Z  /etc/needrestart/restart.d/dbus.service
linux-portability (ubuntu-24.04)	Prepare tested locales and C build tools	2026-09-20T12:18:27.3617289Z  systemctl restart docker.service
linux-portability (ubuntu-24.04)	Prepare tested locales and C build tools	2026-09-20T12:18:27.3617792Z  systemctl restart getty@tty1.service
linux-portability (ubuntu-24.04)	Prepare tested locales and C build tools	2026-09-20T12:18:27.3618315Z  systemctl restart hosted-compute-agent.service
linux-portability (ubuntu-24.04)	Prepare tested locales and C build tools	2026-09-20T12:18:27.3618966Z  systemctl restart networkd-dispatcher.service
linux-portability (ubuntu-24.04)	Prepare tested locales and C build tools	2026-09-20T12:18:27.3619530Z  systemctl restart serial-getty@ttyS0.service
linux-portability (ubuntu-24.04)	Prepare tested locales and C build tools	2026-09-20T12:18:27.3619881Z  systemctl restart systemd-logind.service
linux-portability (ubuntu-24.04)	Prepare tested locales and C build tools	2026-09-20T12:18:27.3620487Z  systemctl restart walinuxagent.service
linux-portability (ubuntu-24.04)	Prepare tested locales and C build tools	2026-09-20T12:18:27.3620692Z 
linux-portability (ubuntu-24.04)	Prepare tested locales and C build tools	2026-09-20T12:18:27.3620800Z No containers need to be restarted.
linux-portability (ubuntu-24.04)	Prepare tested locales and C build tools	2026-09-20T12:18:27.3620980Z 
linux-portability (ubuntu-24.04)	Prepare tested locales and C build tools	2026-09-20T12:18:27.3621094Z User sessions running outdated binaries:
linux-portability (ubuntu-24.04)	Prepare tested locales and C build tools	2026-09-20T12:18:27.3621411Z  runner @ user manager service: systemd[1198]
linux-portability (ubuntu-24.04)	Prepare tested locales and C build tools	2026-09-20T12:18:27.3700572Z 
linux-portability (ubuntu-24.04)	Prepare tested locales and C build tools	2026-09-20T12:18:27.3725522Z No VM guests are running outdated hypervisor (qemu) binaries on this host.
linux-portability (ubuntu-24.04)	Prepare tested locales and C build tools	2026-09-20T12:18:31.3934301Z C
linux-portability (ubuntu-24.04)	Prepare tested locales and C build tools	2026-09-20T12:18:31.3934918Z C.utf8
linux-portability (ubuntu-24.04)	Prepare tested locales and C build tools	2026-09-20T12:18:31.3935143Z POSIX
linux-portability (ubuntu-24.04)	Prepare tested locales and C build tools	2026-09-20T12:18:31.3935343Z en_US.iso88591
linux-portability (ubuntu-24.04)	Prepare tested locales and C build tools	2026-09-20T12:18:31.3935557Z en_US.utf8
linux-portability (ubuntu-24.04)	Prepare tested locales and C build tools	2026-09-20T12:18:31.3935746Z ja_JP.sjis
linux-portability (ubuntu-24.04)	Prepare tested locales and C build tools	2026-09-20T12:18:31.3936026Z tr_TR.iso88599
linux-portability (ubuntu-24.04)	Prepare tested locales and C build tools	2026-09-20T12:18:31.3936286Z tr_TR.utf8
linux-portability (ubuntu-24.04)	Prepare tested locales and C build tools	2026-09-20T12:18:31.5506874Z locale=ja_JP.SJIS codeset=SHIFT_JIS MB_CUR_MAX=2 wchar_t=4
linux-portability (ubuntu-24.04)	Prepare tested locales and C build tools	2026-09-20T12:18:31.5508047Z decode=2 wchar=0xff41
linux-portability (ubuntu-24.04)	Prepare tested locales and C build tools	2026-09-20T12:18:31.5508519Z encode=2
linux-portability (ubuntu-24.04)	Prepare tested locales and C build tools	2026-09-20T12:18:31.5510181Z truncated=incomplete
linux-portability (ubuntu-24.04)	Prepare tested locales and C build tools	2026-09-20T12:18:31.5510674Z invalid=error errno=84
linux-portability (ubuntu-24.04)	Build pinned original C oracle	﻿2026-09-20T12:18:31.5544134Z ##[group]Run git init ../c_awk
linux-portability (ubuntu-24.04)	Build pinned original C oracle	2026-09-20T12:18:31.5544472Z [36;1mgit init ../c_awk[0m
linux-portability (ubuntu-24.04)	Build pinned original C oracle	2026-09-20T12:18:31.5545327Z [36;1mgit -C ../c_awk remote add origin https://github.com/onetrueawk/awk.git[0m
linux-portability (ubuntu-24.04)	Build pinned original C oracle	2026-09-20T12:18:31.5545926Z [36;1mgit -C ../c_awk fetch --depth 1 origin 5739fd79bcfc75ba7526773d0cf634521f8aca3c[0m
linux-portability (ubuntu-24.04)	Build pinned original C oracle	2026-09-20T12:18:31.5546416Z [36;1mgit -C ../c_awk checkout --detach FETCH_HEAD[0m
linux-portability (ubuntu-24.04)	Build pinned original C oracle	2026-09-20T12:18:31.5546742Z [36;1mmake -C ../c_awk[0m
linux-portability (ubuntu-24.04)	Build pinned original C oracle	2026-09-20T12:18:31.5546988Z [36;1m../c_awk/a.out --version[0m
linux-portability (ubuntu-24.04)	Build pinned original C oracle	2026-09-20T12:18:31.5584154Z shell: /usr/bin/bash -e {0}
linux-portability (ubuntu-24.04)	Build pinned original C oracle	2026-09-20T12:18:31.5584425Z env:
linux-portability (ubuntu-24.04)	Build pinned original C oracle	2026-09-20T12:18:31.5584934Z   LC_ALL: C
linux-portability (ubuntu-24.04)	Build pinned original C oracle	2026-09-20T12:18:31.5585142Z   CARGO_INCREMENTAL: 0
linux-portability (ubuntu-24.04)	Build pinned original C oracle	2026-09-20T12:18:31.5585383Z   RUSTUP_TOOLCHAIN: 1.96.0
linux-portability (ubuntu-24.04)	Build pinned original C oracle	2026-09-20T12:18:31.5585626Z ##[endgroup]
linux-portability (ubuntu-24.04)	Build pinned original C oracle	2026-09-20T12:18:31.5668203Z hint: Using 'master' as the name for the initial branch. This default branch name
linux-portability (ubuntu-24.04)	Build pinned original C oracle	2026-09-20T12:18:31.5668929Z hint: will change to "main" in Git 3.0. To configure the initial branch name
linux-portability (ubuntu-24.04)	Build pinned original C oracle	2026-09-20T12:18:31.5669633Z hint: to use in all of your new repositories, which will suppress this warning,
linux-portability (ubuntu-24.04)	Build pinned original C oracle	2026-09-20T12:18:31.5670127Z hint: call:
linux-portability (ubuntu-24.04)	Build pinned original C oracle	2026-09-20T12:18:31.5670373Z hint:
linux-portability (ubuntu-24.04)	Build pinned original C oracle	2026-09-20T12:18:31.5670679Z hint: 	git config --global init.defaultBranch <name>
linux-portability (ubuntu-24.04)	Build pinned original C oracle	2026-09-20T12:18:31.5671071Z hint:
linux-portability (ubuntu-24.04)	Build pinned original C oracle	2026-09-20T12:18:31.5671436Z hint: Names commonly chosen instead of 'master' are 'main', 'trunk' and
linux-portability (ubuntu-24.04)	Build pinned original C oracle	2026-09-20T12:18:31.5672200Z hint: 'development'. The just-created branch can be renamed via this command:
linux-portability (ubuntu-24.04)	Build pinned original C oracle	2026-09-20T12:18:31.5672701Z hint:
linux-portability (ubuntu-24.04)	Build pinned original C oracle	2026-09-20T12:18:31.5672960Z hint: 	git branch -m <name>
linux-portability (ubuntu-24.04)	Build pinned original C oracle	2026-09-20T12:18:31.5673251Z hint:
linux-portability (ubuntu-24.04)	Build pinned original C oracle	2026-09-20T12:18:31.5673657Z hint: Disable this message with "git config set advice.defaultBranchName false"
linux-portability (ubuntu-24.04)	Build pinned original C oracle	2026-09-20T12:18:31.5674400Z Initialized empty Git repository in /home/runner/work/rawk/rawk/c_awk/.git/
linux-portability (ubuntu-24.04)	Build pinned original C oracle	2026-09-20T12:18:32.4458233Z From https://github.com/onetrueawk/awk
linux-portability (ubuntu-24.04)	Build pinned original C oracle	2026-09-20T12:18:32.4459343Z  * branch            5739fd79bcfc75ba7526773d0cf634521f8aca3c -> FETCH_HEAD
linux-portability (ubuntu-24.04)	Build pinned original C oracle	2026-09-20T12:18:32.4910523Z HEAD is now at 5739fd7 updated.
linux-portability (ubuntu-24.04)	Build pinned original C oracle	2026-09-20T12:18:32.4946442Z make: Entering directory '/home/runner/work/rawk/rawk/c_awk'
linux-portability (ubuntu-24.04)	Build pinned original C oracle	2026-09-20T12:18:32.4947279Z bison -d  awkgram.y
linux-portability (ubuntu-24.04)	Build pinned original C oracle	2026-09-20T12:18:32.4986102Z awkgram.y: warning: 44 shift/reduce conflicts [-Wconflicts-sr]
linux-portability (ubuntu-24.04)	Build pinned original C oracle	2026-09-20T12:18:32.4987251Z awkgram.y: warning: 85 reduce/reduce conflicts [-Wconflicts-rr]
linux-portability (ubuntu-24.04)	Build pinned original C oracle	2026-09-20T12:18:32.4988601Z awkgram.y: note: rerun with option '-Wcounterexamples' to generate conflict counterexamples
linux-portability (ubuntu-24.04)	Build pinned original C oracle	2026-09-20T12:18:32.6588307Z cc -g -Wall -pedantic -Wcast-qual   -O2   -c -o awkgram.tab.o awkgram.tab.c
linux-portability (ubuntu-24.04)	Build pinned original C oracle	2026-09-20T12:18:32.9391445Z cc -g -Wall -pedantic -Wcast-qual   -O2   -c -o b.o b.c
linux-portability (ubuntu-24.04)	Build pinned original C oracle	2026-09-20T12:18:33.3456591Z cc -g -Wall -pedantic -Wcast-qual   -O2   -c -o main.o main.c
linux-portability (ubuntu-24.04)	Build pinned original C oracle	2026-09-20T12:18:33.4189714Z cc -g -Wall -pedantic -Wcast-qual   -O2   -c -o parse.o parse.c
linux-portability (ubuntu-24.04)	Build pinned original C oracle	2026-09-20T12:18:33.5110980Z cc -g -Wall -pedantic -Wcast-qual -O2 maketab.c -o maketab
linux-portability (ubuntu-24.04)	Build pinned original C oracle	2026-09-20T12:18:33.5777604Z ./maketab awkgram.tab.h >proctab.c
linux-portability (ubuntu-24.04)	Build pinned original C oracle	2026-09-20T12:18:33.5791400Z cc -g -Wall -pedantic -Wcast-qual   -O2   -c -o proctab.o proctab.c
linux-portability (ubuntu-24.04)	Build pinned original C oracle	2026-09-20T12:18:33.6029714Z cc -g -Wall -pedantic -Wcast-qual   -O2   -c -o tran.o tran.c
linux-portability (ubuntu-24.04)	Build pinned original C oracle	2026-09-20T12:18:33.8705697Z cc -g -Wall -pedantic -Wcast-qual   -O2   -c -o lib.o lib.c
linux-portability (ubuntu-24.04)	Build pinned original C oracle	2026-09-20T12:18:34.1820184Z cc -g -Wall -pedantic -Wcast-qual   -O2   -c -o run.o run.c
linux-portability (ubuntu-24.04)	Build pinned original C oracle	2026-09-20T12:18:34.9610803Z cc -g -Wall -pedantic -Wcast-qual   -O2   -c -o lex.o lex.c
linux-portability (ubuntu-24.04)	Build pinned original C oracle	2026-09-20T12:18:35.1856095Z cc -g -Wall -pedantic -Wcast-qual   -O2 awkgram.tab.o b.o main.o parse.o proctab.o tran.o lib.o run.o lex.o   -lm
linux-portability (ubuntu-24.04)	Build pinned original C oracle	2026-09-20T12:18:35.2106248Z make: Leaving directory '/home/runner/work/rawk/rawk/c_awk'
linux-portability (ubuntu-24.04)	Build pinned original C oracle	2026-09-20T12:18:35.2114967Z awk version 20260426
linux-portability (ubuntu-24.04)	Record native oracle formatting behavior	﻿2026-09-20T12:18:35.2148301Z ##[group]Run python3 scripts/format_platform_probe.py --output diary/format-platform-ci.json
linux-portability (ubuntu-24.04)	Record native oracle formatting behavior	2026-09-20T12:18:35.2149073Z [36;1mpython3 scripts/format_platform_probe.py --output diary/format-platform-ci.json[0m
linux-portability (ubuntu-24.04)	Record native oracle formatting behavior	2026-09-20T12:18:35.2186089Z shell: /usr/bin/bash -e {0}
linux-portability (ubuntu-24.04)	Record native oracle formatting behavior	2026-09-20T12:18:35.2186367Z env:
linux-portability (ubuntu-24.04)	Record native oracle formatting behavior	2026-09-20T12:18:35.2186558Z   LC_ALL: C
linux-portability (ubuntu-24.04)	Record native oracle formatting behavior	2026-09-20T12:18:35.2186764Z   CARGO_INCREMENTAL: 0
linux-portability (ubuntu-24.04)	Record native oracle formatting behavior	2026-09-20T12:18:35.2187001Z   RUSTUP_TOOLCHAIN: 1.96.0
linux-portability (ubuntu-24.04)	Record native oracle formatting behavior	2026-09-20T12:18:35.2187243Z ##[endgroup]
linux-portability (ubuntu-24.04)	Record native oracle formatting behavior	2026-09-20T12:18:35.4712736Z Recorded 220 native oracle cases in diary/format-platform-ci.json
linux-portability (ubuntu-24.04)	Native portability gate (debug and release)	﻿2026-09-20T12:18:35.4805590Z ##[group]Run set -o pipefail
linux-portability (ubuntu-24.04)	Native portability gate (debug and release)	2026-09-20T12:18:35.4805937Z [36;1mset -o pipefail[0m
linux-portability (ubuntu-24.04)	Native portability gate (debug and release)	2026-09-20T12:18:35.4806337Z [36;1mbash scripts/check_portability.sh 2>&1 | tee diary/portability-ci.log[0m
linux-portability (ubuntu-24.04)	Native portability gate (debug and release)	2026-09-20T12:18:35.4841651Z shell: /usr/bin/bash -e {0}
linux-portability (ubuntu-24.04)	Native portability gate (debug and release)	2026-09-20T12:18:35.4841910Z env:
linux-portability (ubuntu-24.04)	Native portability gate (debug and release)	2026-09-20T12:18:35.4842102Z   LC_ALL: C
linux-portability (ubuntu-24.04)	Native portability gate (debug and release)	2026-09-20T12:18:35.4842304Z   CARGO_INCREMENTAL: 0
linux-portability (ubuntu-24.04)	Native portability gate (debug and release)	2026-09-20T12:18:35.4842538Z   RUSTUP_TOOLCHAIN: 1.96.0
linux-portability (ubuntu-24.04)	Native portability gate (debug and release)	2026-09-20T12:18:35.4842780Z ##[endgroup]
linux-portability (ubuntu-24.04)	Native portability gate (debug and release)	2026-09-20T12:18:35.4919574Z Linux runnervmlun5p 6.17.0-1022-azure #22-Ubuntu SMP Mon Jul 27 17:24:03 UTC 2026 x86_64 x86_64 x86_64 GNU/Linux
linux-portability (ubuntu-24.04)	Native portability gate (debug and release)	2026-09-20T12:18:35.5027476Z rustc 1.96.0 (ac68faa20 2026-05-25)
linux-portability (ubuntu-24.04)	Native portability gate (debug and release)	2026-09-20T12:18:35.7090418Z     Updating crates.io index
linux-portability (ubuntu-24.04)	Native portability gate (debug and release)	2026-09-20T12:18:35.9349065Z  Downloading crates ...
linux-portability (ubuntu-24.04)	Native portability gate (debug and release)	2026-09-20T12:18:35.9583249Z   Downloaded cfg-if v1.0.4
linux-portability (ubuntu-24.04)	Native portability gate (debug and release)	2026-09-20T12:18:35.9601081Z   Downloaded clap_lex v1.1.0
linux-portability (ubuntu-24.04)	Native portability gate (debug and release)	2026-09-20T12:18:35.9616671Z   Downloaded clap v4.6.1
linux-portability (ubuntu-24.04)	Native portability gate (debug and release)	2026-09-20T12:18:35.9717531Z   Downloaded rand_chacha v0.9.0
linux-portability (ubuntu-24.04)	Native portability gate (debug and release)	2026-09-20T12:18:35.9732501Z   Downloaded quote v1.0.45
linux-portability (ubuntu-24.04)	Native portability gate (debug and release)	2026-09-20T12:18:35.9762666Z   Downloaded anyhow v1.0.102
linux-portability (ubuntu-24.04)	Native portability gate (debug and release)	2026-09-20T12:18:35.9806434Z   Downloaded generic-array v0.14.7
linux-portability (ubuntu-24.04)	Native portability gate (debug and release)	2026-09-20T12:18:35.9822667Z   Downloaded aho-corasick v1.1.4
linux-portability (ubuntu-24.04)	Native portability gate (debug and release)	2026-09-20T12:18:35.9877326Z   Downloaded bit-vec v0.8.0
linux-portability (ubuntu-24.04)	Native portability gate (debug and release)	2026-09-20T12:18:35.9899299Z   Downloaded clap_builder v4.6.0
linux-portability (ubuntu-24.04)	Native portability gate (debug and release)	2026-09-20T12:18:35.9964838Z   Downloaded quick-error v1.2.3
linux-portability (ubuntu-24.04)	Native portability gate (debug and release)	2026-09-20T12:18:35.9984268Z   Downloaded crypto-common v0.1.7
linux-portability (ubuntu-24.04)	Native portability gate (debug and release)	2026-09-20T12:18:35.9996716Z   Downloaded unarray v0.1.4
linux-portability (ubuntu-24.04)	Native portability gate (debug and release)	2026-09-20T12:18:36.0011252Z   Downloaded fnv v1.0.7
linux-portability (ubuntu-24.04)	Native portability gate (debug and release)	2026-09-20T12:18:36.0022445Z   Downloaded cpufeatures v0.3.0
linux-portability (ubuntu-24.04)	Native portability gate (debug and release)	2026-09-20T12:18:36.0039960Z   Downloaded is_terminal_polyfill v1.70.2
linux-portability (ubuntu-24.04)	Native portability gate (debug and release)	2026-09-20T12:18:36.0051995Z   Downloaded wait-timeout v0.2.1
linux-portability (ubuntu-24.04)	Native portability gate (debug and release)	2026-09-20T12:18:36.0070003Z   Downloaded utf8parse v0.2.2
linux-portability (ubuntu-24.04)	Native portability gate (debug and release)	2026-09-20T12:18:36.0082564Z   Downloaded sprintf v0.4.3
linux-portability (ubuntu-24.04)	Native portability gate (debug and release)	2026-09-20T12:18:36.0099218Z   Downloaded thiserror-impl v2.0.18
linux-portability (ubuntu-24.04)	Native portability gate (debug and release)	2026-09-20T12:18:36.0116118Z   Downloaded rusty-fork v0.3.1
linux-portability (ubuntu-24.04)	Native portability gate (debug and release)	2026-09-20T12:18:36.0133532Z   Downloaded digest v0.10.7
linux-portability (ubuntu-24.04)	Native portability gate (debug and release)	2026-09-20T12:18:36.0153941Z   Downloaded thiserror v2.0.18
linux-portability (ubuntu-24.04)	Native portability gate (debug and release)	2026-09-20T12:18:36.0222482Z   Downloaded version_check v0.9.5
linux-portability (ubuntu-24.04)	Native portability gate (debug and release)	2026-09-20T12:18:36.0237214Z   Downloaded sha2 v0.10.9
linux-portability (ubuntu-24.04)	Native portability gate (debug and release)	2026-09-20T12:18:36.0265183Z   Downloaded ppv-lite86 v0.2.21
linux-portability (ubuntu-24.04)	Native portability gate (debug and release)	2026-09-20T12:18:36.0280388Z   Downloaded clap_derive v4.6.1
linux-portability (ubuntu-24.04)	Native portability gate (debug and release)	2026-09-20T12:18:36.0304426Z   Downloaded tempfile v3.27.0
linux-portability (ubuntu-24.04)	Native portability gate (debug and release)	2026-09-20T12:18:36.0332213Z   Downloaded chacha20 v0.10.0
linux-portability (ubuntu-24.04)	Native portability gate (debug and release)	2026-09-20T12:18:36.0358329Z   Downloaded rand_core v0.10.1
linux-portability (ubuntu-24.04)	Native portability gate (debug and release)	2026-09-20T12:18:36.0376638Z   Downloaded once_cell v1.21.4
linux-portability (ubuntu-24.04)	Native portability gate (debug and release)	2026-09-20T12:18:36.0406968Z   Downloaded serde_derive v1.0.228
linux-portability (ubuntu-24.04)	Native portability gate (debug and release)	2026-09-20T12:18:36.0440501Z   Downloaded ucd-trie v0.1.7
linux-portability (ubuntu-24.04)	Native portability gate (debug and release)	2026-09-20T12:18:36.0457668Z   Downloaded proc-macro2 v1.0.106
linux-portability (ubuntu-24.04)	Native portability gate (debug and release)	2026-09-20T12:18:36.0489185Z   Downloaded unicode-ident v1.0.24
linux-portability (ubuntu-24.04)	Native portability gate (debug and release)	2026-09-20T12:18:36.0518173Z   Downloaded iana-time-zone v0.1.65
linux-portability (ubuntu-24.04)	Native portability gate (debug and release)	2026-09-20T12:18:36.0549836Z   Downloaded serde_core v1.0.228
linux-portability (ubuntu-24.04)	Native portability gate (debug and release)	2026-09-20T12:18:36.0580306Z   Downloaded pest_meta v2.8.6
linux-portability (ubuntu-24.04)	Native portability gate (debug and release)	2026-09-20T12:18:36.0605734Z   Downloaded memchr v2.8.0
linux-portability (ubuntu-24.04)	Native portability gate (debug and release)	2026-09-20T12:18:36.0662575Z   Downloaded serde v1.0.228
linux-portability (ubuntu-24.04)	Native portability gate (debug and release)	2026-09-20T12:18:36.0698852Z   Downloaded pest_generator v2.8.6
linux-portability (ubuntu-24.04)	Native portability gate (debug and release)	2026-09-20T12:18:36.0716974Z   Downloaded typenum v1.20.0
linux-portability (ubuntu-24.04)	Native portability gate (debug and release)	2026-09-20T12:18:36.0753632Z   Downloaded rand v0.10.1
linux-portability (ubuntu-24.04)	Native portability gate (debug and release)	2026-09-20T12:18:36.0795234Z   Downloaded rand v0.9.4
linux-portability (ubuntu-24.04)	Native portability gate (debug and release)	2026-09-20T12:18:36.0838051Z   Downloaded pest v2.8.6
linux-portability (ubuntu-24.04)	Native portability gate (debug and release)	2026-09-20T12:18:36.0884577Z   Downloaded getrandom v0.3.4
linux-portability (ubuntu-24.04)	Native portability gate (debug and release)	2026-09-20T12:18:36.0921153Z   Downloaded regex v1.12.3
linux-portability (ubuntu-24.04)	Native portability gate (debug and release)	2026-09-20T12:18:36.0975956Z   Downloaded pest_derive v2.8.6
linux-portability (ubuntu-24.04)	Native portability gate (debug and release)	2026-09-20T12:18:36.1001657Z   Downloaded quick-xml v0.39.2
linux-portability (ubuntu-24.04)	Native portability gate (debug and release)	2026-09-20T12:18:36.1060488Z   Downloaded proptest v1.11.0
linux-portability (ubuntu-24.04)	Native portability gate (debug and release)	2026-09-20T12:18:36.1162603Z   Downloaded getrandom v0.4.2
linux-portability (ubuntu-24.04)	Native portability gate (debug and release)	2026-09-20T12:18:36.1203099Z   Downloaded chrono v0.4.44
linux-portability (ubuntu-24.04)	Native portability gate (debug and release)	2026-09-20T12:18:36.1276786Z   Downloaded num-traits v0.2.19
linux-portability (ubuntu-24.04)	Native portability gate (debug and release)	2026-09-20T12:18:36.1304589Z   Downloaded rand_core v0.9.5
linux-portability (ubuntu-24.04)	Native portability gate (debug and release)	2026-09-20T12:18:36.1319408Z   Downloaded zerocopy v0.8.48
linux-portability (ubuntu-24.04)	Native portability gate (debug and release)	2026-09-20T12:18:36.1542876Z   Downloaded syn v2.0.117
linux-portability (ubuntu-24.04)	Native portability gate (debug and release)	2026-09-20T12:18:36.1651466Z   Downloaded fastrand v2.4.1
linux-portability (ubuntu-24.04)	Native portability gate (debug and release)	2026-09-20T12:18:36.1667188Z   Downloaded regex-syntax v0.8.10
linux-portability (ubuntu-24.04)	Native portability gate (debug and release)	2026-09-20T12:18:36.1735966Z   Downloaded strsim v0.11.1
linux-portability (ubuntu-24.04)	Native portability gate (debug and release)	2026-09-20T12:18:36.1750288Z   Downloaded rand_xorshift v0.4.0
linux-portability (ubuntu-24.04)	Native portability gate (debug and release)	2026-09-20T12:18:36.1762281Z   Downloaded rustix v1.1.4
linux-portability (ubuntu-24.04)	Native portability gate (debug and release)	2026-09-20T12:18:36.2042413Z   Downloaded errno v0.3.14
linux-portability (ubuntu-24.04)	Native portability gate (debug and release)	2026-09-20T12:18:36.2058694Z   Downloaded cpufeatures v0.2.17
linux-portability (ubuntu-24.04)	Native portability gate (debug and release)	2026-09-20T12:18:36.2073501Z   Downloaded block-buffer v0.10.4
linux-portability (ubuntu-24.04)	Native portability gate (debug and release)	2026-09-20T12:18:36.2085562Z   Downloaded heck v0.5.0
linux-portability (ubuntu-24.04)	Native portability gate (debug and release)	2026-09-20T12:18:36.2099261Z   Downloaded colorchoice v1.0.5
linux-portability (ubuntu-24.04)	Native portability gate (debug and release)	2026-09-20T12:18:36.2110255Z   Downloaded bit-set v0.8.0
linux-portability (ubuntu-24.04)	Native portability gate (debug and release)	2026-09-20T12:18:36.2124761Z   Downloaded bitflags v2.11.1
linux-portability (ubuntu-24.04)	Native portability gate (debug and release)	2026-09-20T12:18:36.2169102Z   Downloaded anstyle-parse v1.0.0
linux-portability (ubuntu-24.04)	Native portability gate (debug and release)	2026-09-20T12:18:36.2185267Z   Downloaded anstyle v1.0.14
linux-portability (ubuntu-24.04)	Native portability gate (debug and release)	2026-09-20T12:18:36.2200119Z   Downloaded autocfg v1.5.0
linux-portability (ubuntu-24.04)	Native portability gate (debug and release)	2026-09-20T12:18:36.2219968Z   Downloaded regex-automata v0.4.14
linux-portability (ubuntu-24.04)	Native portability gate (debug and release)	2026-09-20T12:18:36.2360401Z   Downloaded anstream v1.0.0
linux-portability (ubuntu-24.04)	Native portability gate (debug and release)	2026-09-20T12:18:36.2380482Z   Downloaded anstyle-query v1.1.5
linux-portability (ubuntu-24.04)	Native portability gate (debug and release)	2026-09-20T12:18:36.2423337Z   Downloaded libc v0.2.186
linux-portability (ubuntu-24.04)	Native portability gate (debug and release)	2026-09-20T12:18:36.2956969Z   Downloaded linux-raw-sys v0.12.1
linux-portability (ubuntu-24.04)	Native portability gate (debug and release)	2026-09-20T12:18:36.4011755Z    Compiling proc-macro2 v1.0.106
linux-portability (ubuntu-24.04)	Native portability gate (debug and release)	2026-09-20T12:18:36.4012667Z    Compiling unicode-ident v1.0.24
linux-portability (ubuntu-24.04)	Native portability gate (debug and release)	2026-09-20T12:18:36.4013319Z    Compiling libc v0.2.186
linux-portability (ubuntu-24.04)	Native portability gate (debug and release)	2026-09-20T12:18:36.4013811Z    Compiling quote v1.0.45
linux-portability (ubuntu-24.04)	Native portability gate (debug and release)	2026-09-20T12:18:36.4635693Z     Checking cfg-if v1.0.4
linux-portability (ubuntu-24.04)	Native portability gate (debug and release)	2026-09-20T12:18:36.4850494Z    Compiling getrandom v0.4.2
linux-portability (ubuntu-24.04)	Native portability gate (debug and release)	2026-09-20T12:18:36.6232013Z     Checking rand_core v0.10.1
linux-portability (ubuntu-24.04)	Native portability gate (debug and release)	2026-09-20T12:18:36.6629225Z    Compiling autocfg v1.5.0
linux-portability (ubuntu-24.04)	Native portability gate (debug and release)	2026-09-20T12:18:36.6965200Z    Compiling rustix v1.1.4
linux-portability (ubuntu-24.04)	Native portability gate (debug and release)	2026-09-20T12:18:36.9095497Z     Checking memchr v2.8.0
linux-portability (ubuntu-24.04)	Native portability gate (debug and release)	2026-09-20T12:18:36.9875640Z    Compiling num-traits v0.2.19
linux-portability (ubuntu-24.04)	Native portability gate (debug and release)	2026-09-20T12:18:37.3305838Z    Compiling syn v2.0.117
linux-portability (ubuntu-24.04)	Native portability gate (debug and release)	2026-09-20T12:18:37.3391470Z     Checking utf8parse v0.2.2
linux-portability (ubuntu-24.04)	Native portability gate (debug and release)	2026-09-20T12:18:37.3766455Z    Compiling serde_core v1.0.228
linux-portability (ubuntu-24.04)	Native portability gate (debug and release)	2026-09-20T12:18:37.5585711Z     Checking linux-raw-sys v0.12.1
linux-portability (ubuntu-24.04)	Native portability gate (debug and release)	2026-09-20T12:18:37.6225992Z    Compiling getrandom v0.3.4
linux-portability (ubuntu-24.04)	Native portability gate (debug and release)	2026-09-20T12:18:37.8195556Z     Checking bitflags v2.11.1
linux-portability (ubuntu-24.04)	Native portability gate (debug and release)	2026-09-20T12:18:37.8532819Z    Compiling ucd-trie v0.1.7
linux-portability (ubuntu-24.04)	Native portability gate (debug and release)	2026-09-20T12:18:37.9710649Z     Checking anstyle-parse v1.0.0
linux-portability (ubuntu-24.04)	Native portability gate (debug and release)	2026-09-20T12:18:38.0430492Z    Compiling pest v2.8.6
linux-portability (ubuntu-24.04)	Native portability gate (debug and release)	2026-09-20T12:18:38.1296225Z     Checking anstyle-query v1.1.5
linux-portability (ubuntu-24.04)	Native portability gate (debug and release)	2026-09-20T12:18:38.1626275Z     Checking once_cell v1.21.4
linux-portability (ubuntu-24.04)	Native portability gate (debug and release)	2026-09-20T12:18:38.2798474Z     Checking colorchoice v1.0.5
linux-portability (ubuntu-24.04)	Native portability gate (debug and release)	2026-09-20T12:18:38.3195807Z     Checking anstyle v1.0.14
linux-portability (ubuntu-24.04)	Native portability gate (debug and release)	2026-09-20T12:18:38.4495625Z    Compiling serde v1.0.228
linux-portability (ubuntu-24.04)	Native portability gate (debug and release)	2026-09-20T12:18:38.6336110Z    Compiling thiserror v2.0.18
linux-portability (ubuntu-24.04)	Native portability gate (debug and release)	2026-09-20T12:18:38.8502990Z     Checking fastrand v2.4.1
linux-portability (ubuntu-24.04)	Native portability gate (debug and release)	2026-09-20T12:18:38.9795851Z     Checking is_terminal_polyfill v1.70.2
linux-portability (ubuntu-24.04)	Native portability gate (debug and release)	2026-09-20T12:18:39.0116404Z     Checking regex-syntax v0.8.10
linux-portability (ubuntu-24.04)	Native portability gate (debug and release)	2026-09-20T12:18:39.1657007Z     Checking tempfile v3.27.0
linux-portability (ubuntu-24.04)	Native portability gate (debug and release)	2026-09-20T12:18:39.3005758Z    Compiling pest_meta v2.8.6
linux-portability (ubuntu-24.04)	Native portability gate (debug and release)	2026-09-20T12:18:39.3405658Z     Checking anstream v1.0.0
linux-portability (ubuntu-24.04)	Native portability gate (debug and release)	2026-09-20T12:18:40.5703543Z     Checking aho-corasick v1.1.4
linux-portability (ubuntu-24.04)	Native portability gate (debug and release)	2026-09-20T12:18:41.0585257Z    Compiling heck v0.5.0
linux-portability (ubuntu-24.04)	Native portability gate (debug and release)	2026-09-20T12:18:41.1506409Z    Compiling serde_derive v1.0.228
linux-portability (ubuntu-24.04)	Native portability gate (debug and release)	2026-09-20T12:18:41.2345497Z    Compiling thiserror-impl v2.0.18
linux-portability (ubuntu-24.04)	Native portability gate (debug and release)	2026-09-20T12:18:41.2765740Z    Compiling zerocopy v0.8.48
linux-portability (ubuntu-24.04)	Native portability gate (debug and release)	2026-09-20T12:18:41.5275923Z     Checking clap_lex v1.1.0
linux-portability (ubuntu-24.04)	Native portability gate (debug and release)	2026-09-20T12:18:41.6114028Z     Checking cpufeatures v0.3.0
linux-portability (ubuntu-24.04)	Native portability gate (debug and release)	2026-09-20T12:18:41.6364971Z    Compiling anyhow v1.0.102
linux-portability (ubuntu-24.04)	Native portability gate (debug and release)	2026-09-20T12:18:41.8194069Z     Checking strsim v0.11.1
linux-portability (ubuntu-24.04)	Native portability gate (debug and release)	2026-09-20T12:18:41.9195966Z     Checking clap_builder v4.6.0
linux-portability (ubuntu-24.04)	Native portability gate (debug and release)	2026-09-20T12:18:42.1413673Z     Checking chacha20 v0.10.0
linux-portability (ubuntu-24.04)	Native portability gate (debug and release)	2026-09-20T12:18:42.3076284Z     Checking regex-automata v0.4.14
linux-portability (ubuntu-24.04)	Native portability gate (debug and release)	2026-09-20T12:18:42.4080333Z    Compiling clap_derive v4.6.1
linux-portability (ubuntu-24.04)	Native portability gate (debug and release)	2026-09-20T12:18:43.3026513Z     Checking rand_core v0.9.5
linux-portability (ubuntu-24.04)	Native portability gate (debug and release)	2026-09-20T12:18:43.4056473Z    Compiling pest_generator v2.8.6
linux-portability (ubuntu-24.04)	Native portability gate (debug and release)	2026-09-20T12:18:44.1225587Z     Checking iana-time-zone v0.1.65
linux-portability (ubuntu-24.04)	Native portability gate (debug and release)	2026-09-20T12:18:44.1865383Z     Checking chrono v0.4.44
linux-portability (ubuntu-24.04)	Native portability gate (debug and release)	2026-09-20T12:18:44.4069896Z     Checking regex v1.12.3
linux-portability (ubuntu-24.04)	Native portability gate (debug and release)	2026-09-20T12:18:44.6415680Z     Checking clap v4.6.1
linux-portability (ubuntu-24.04)	Native portability gate (debug and release)	2026-09-20T12:18:44.6715697Z    Compiling pest_derive v2.8.6
linux-portability (ubuntu-24.04)	Native portability gate (debug and release)	2026-09-20T12:18:44.7216542Z     Checking quick-xml v0.39.2
linux-portability (ubuntu-24.04)	Native portability gate (debug and release)	2026-09-20T12:18:44.8476019Z     Checking sprintf v0.4.3
linux-portability (ubuntu-24.04)	Native portability gate (debug and release)	2026-09-20T12:18:45.0306901Z     Checking rand v0.10.1
linux-portability (ubuntu-24.04)	Native portability gate (debug and release)	2026-09-20T12:18:45.4636137Z     Checking wait-timeout v0.2.1
linux-portability (ubuntu-24.04)	Native portability gate (debug and release)	2026-09-20T12:18:45.4713002Z     Checking fnv v1.0.7
linux-portability (ubuntu-24.04)	Native portability gate (debug and release)	2026-09-20T12:18:45.5015773Z     Checking bit-vec v0.8.0
linux-portability (ubuntu-24.04)	Native portability gate (debug and release)	2026-09-20T12:18:45.5166583Z     Checking quick-error v1.2.3
linux-portability (ubuntu-24.04)	Native portability gate (debug and release)	2026-09-20T12:18:45.5536241Z     Checking rusty-fork v0.3.1
linux-portability (ubuntu-24.04)	Native portability gate (debug and release)	2026-09-20T12:18:45.6395868Z     Checking bit-set v0.8.0
linux-portability (ubuntu-24.04)	Native portability gate (debug and release)	2026-09-20T12:18:45.6538211Z     Checking rand_xorshift v0.4.0
linux-portability (ubuntu-24.04)	Native portability gate (debug and release)	2026-09-20T12:18:45.7005687Z     Checking rand v0.9.4
linux-portability (ubuntu-24.04)	Native portability gate (debug and release)	2026-09-20T12:18:45.7245539Z     Checking unarray v0.1.4
linux-portability (ubuntu-24.04)	Native portability gate (debug and release)	2026-09-20T12:18:45.7587423Z     Checking rawk v0.1.0 (/home/runner/work/rawk/rawk/rawk)
linux-portability (ubuntu-24.04)	Native portability gate (debug and release)	2026-09-20T12:18:47.5496640Z     Checking ppv-lite86 v0.2.21
linux-portability (ubuntu-24.04)	Native portability gate (debug and release)	2026-09-20T12:18:47.7170348Z     Checking rand_chacha v0.9.0
linux-portability (ubuntu-24.04)	Native portability gate (debug and release)	2026-09-20T12:18:47.7853224Z     Checking proptest v1.11.0
linux-portability (ubuntu-24.04)	Native portability gate (debug and release)	2026-09-20T12:18:50.7426097Z     Finished `dev` profile [unoptimized + debuginfo] target(s) in 15.06s
linux-portability (ubuntu-24.04)	Native portability gate (debug and release)	2026-09-20T12:18:50.8650287Z    Compiling proc-macro2 v1.0.106
linux-portability (ubuntu-24.04)	Native portability gate (debug and release)	2026-09-20T12:18:50.8650895Z    Compiling quote v1.0.45
linux-portability (ubuntu-24.04)	Native portability gate (debug and release)	2026-09-20T12:18:50.8655665Z    Compiling unicode-ident v1.0.24
linux-portability (ubuntu-24.04)	Native portability gate (debug and release)	2026-09-20T12:18:50.8656158Z    Compiling memchr v2.8.0
linux-portability (ubuntu-24.04)	Native portability gate (debug and release)	2026-09-20T12:18:50.9248492Z    Compiling libc v0.2.186
linux-portability (ubuntu-24.04)	Native portability gate (debug and release)	2026-09-20T12:18:51.0029188Z    Compiling autocfg v1.5.0
linux-portability (ubuntu-24.04)	Native portability gate (debug and release)	2026-09-20T12:18:51.1726853Z    Compiling serde_core v1.0.228
linux-portability (ubuntu-24.04)	Native portability gate (debug and release)	2026-09-20T12:18:51.2965707Z    Compiling ucd-trie v0.1.7
linux-portability (ubuntu-24.04)	Native portability gate (debug and release)	2026-09-20T12:18:51.3160929Z    Compiling cfg-if v1.0.4
linux-portability (ubuntu-24.04)	Native portability gate (debug and release)	2026-09-20T12:18:51.4556661Z    Compiling rand_core v0.10.1
linux-portability (ubuntu-24.04)	Native portability gate (debug and release)	2026-09-20T12:18:51.6855660Z    Compiling getrandom v0.4.2
linux-portability (ubuntu-24.04)	Native portability gate (debug and release)	2026-09-20T12:18:51.7461135Z    Compiling syn v2.0.117
linux-portability (ubuntu-24.04)	Native portability gate (debug and release)	2026-09-20T12:18:51.7905561Z    Compiling utf8parse v0.2.2
linux-portability (ubuntu-24.04)	Native portability gate (debug and release)	2026-09-20T12:18:51.8305662Z    Compiling anstyle-parse v1.0.0
linux-portability (ubuntu-24.04)	Native portability gate (debug and release)	2026-09-20T12:18:51.9305547Z    Compiling pest v2.8.6
linux-portability (ubuntu-24.04)	Native portability gate (debug and release)	2026-09-20T12:18:51.9805639Z    Compiling num-traits v0.2.19
linux-portability (ubuntu-24.04)	Native portability gate (debug and release)	2026-09-20T12:18:52.1595663Z    Compiling anstyle-query v1.1.5
linux-portability (ubuntu-24.04)	Native portability gate (debug and release)	2026-09-20T12:18:52.1995616Z    Compiling serde v1.0.228
linux-portability (ubuntu-24.04)	Native portability gate (debug and release)	2026-09-20T12:18:52.3415591Z    Compiling rustix v1.1.4
linux-portability (ubuntu-24.04)	Native portability gate (debug and release)	2026-09-20T12:18:52.5485949Z    Compiling thiserror v2.0.18
linux-portability (ubuntu-24.04)	Native portability gate (debug and release)	2026-09-20T12:18:52.7195555Z    Compiling colorchoice v1.0.5
linux-portability (ubuntu-24.04)	Native portability gate (debug and release)	2026-09-20T12:18:52.7681310Z    Compiling anstyle v1.0.14
linux-portability (ubuntu-24.04)	Native portability gate (debug and release)	2026-09-20T12:18:52.9782344Z    Compiling is_terminal_polyfill v1.70.2
linux-portability (ubuntu-24.04)	Native portability gate (debug and release)	2026-09-20T12:18:53.0087152Z    Compiling anstream v1.0.0
linux-portability (ubuntu-24.04)	Native portability gate (debug and release)	2026-09-20T12:18:53.1636042Z    Compiling pest_meta v2.8.6
linux-portability (ubuntu-24.04)	Native portability gate (debug and release)	2026-09-20T12:18:53.5215697Z    Compiling aho-corasick v1.1.4
linux-portability (ubuntu-24.04)	Native portability gate (debug and release)	2026-09-20T12:18:54.7925849Z    Compiling cpufeatures v0.3.0
linux-portability (ubuntu-24.04)	Native portability gate (debug and release)	2026-09-20T12:18:54.8265715Z    Compiling strsim v0.11.1
linux-portability (ubuntu-24.04)	Native portability gate (debug and release)	2026-09-20T12:18:55.4736536Z    Compiling thiserror-impl v2.0.18
linux-portability (ubuntu-24.04)	Native portability gate (debug and release)	2026-09-20T12:18:55.6665864Z    Compiling serde_derive v1.0.228
linux-portability (ubuntu-24.04)	Native portability gate (debug and release)	2026-09-20T12:18:55.9016027Z    Compiling anyhow v1.0.102
linux-portability (ubuntu-24.04)	Native portability gate (debug and release)	2026-09-20T12:18:56.0585421Z    Compiling linux-raw-sys v0.12.1
linux-portability (ubuntu-24.04)	Native portability gate (debug and release)	2026-09-20T12:18:56.3785767Z    Compiling bitflags v2.11.1
linux-portability (ubuntu-24.04)	Native portability gate (debug and release)	2026-09-20T12:18:56.5436227Z    Compiling regex-syntax v0.8.10
linux-portability (ubuntu-24.04)	Native portability gate (debug and release)	2026-09-20T12:18:56.7165490Z    Compiling heck v0.5.0
linux-portability (ubuntu-24.04)	Native portability gate (debug and release)	2026-09-20T12:18:56.8695941Z    Compiling clap_lex v1.1.0
linux-portability (ubuntu-24.04)	Native portability gate (debug and release)	2026-09-20T12:18:57.1498766Z    Compiling clap_builder v4.6.0
linux-portability (ubuntu-24.04)	Native portability gate (debug and release)	2026-09-20T12:18:59.2735795Z    Compiling regex-automata v0.4.14
linux-portability (ubuntu-24.04)	Native portability gate (debug and release)	2026-09-20T12:19:00.2906144Z    Compiling clap_derive v4.6.1
linux-portability (ubuntu-24.04)	Native portability gate (debug and release)	2026-09-20T12:19:04.9265643Z    Compiling chacha20 v0.10.0
linux-portability (ubuntu-24.04)	Native portability gate (debug and release)	2026-09-20T12:19:04.9666660Z    Compiling pest_generator v2.8.6
linux-portability (ubuntu-24.04)	Native portability gate (debug and release)	2026-09-20T12:19:05.6565637Z    Compiling iana-time-zone v0.1.65
linux-portability (ubuntu-24.04)	Native portability gate (debug and release)	2026-09-20T12:19:06.0885725Z    Compiling fastrand v2.4.1
linux-portability (ubuntu-24.04)	Native portability gate (debug and release)	2026-09-20T12:19:06.3035739Z    Compiling once_cell v1.21.4
linux-portability (ubuntu-24.04)	Native portability gate (debug and release)	2026-09-20T12:19:06.4815638Z    Compiling tempfile v3.27.0
linux-portability (ubuntu-24.04)	Native portability gate (debug and release)	2026-09-20T12:19:07.4285522Z    Compiling chrono v0.4.44
linux-portability (ubuntu-24.04)	Native portability gate (debug and release)	2026-09-20T12:19:08.2595206Z    Compiling pest_derive v2.8.6
linux-portability (ubuntu-24.04)	Native portability gate (debug and release)	2026-09-20T12:19:08.4116367Z    Compiling rand v0.10.1
linux-portability (ubuntu-24.04)	Native portability gate (debug and release)	2026-09-20T12:19:09.6553965Z    Compiling regex v1.12.3
linux-portability (ubuntu-24.04)	Native portability gate (debug and release)	2026-09-20T12:19:09.7655497Z    Compiling sprintf v0.4.3
linux-portability (ubuntu-24.04)	Native portability gate (debug and release)	2026-09-20T12:19:10.3655492Z    Compiling clap v4.6.1
linux-portability (ubuntu-24.04)	Native portability gate (debug and release)	2026-09-20T12:19:10.4067155Z    Compiling quick-xml v0.39.2
linux-portability (ubuntu-24.04)	Native portability gate (debug and release)	2026-09-20T12:19:13.2125730Z    Compiling rawk v0.1.0 (/home/runner/work/rawk/rawk/rawk)
linux-portability (ubuntu-24.04)	Native portability gate (debug and release)	2026-09-20T12:19:23.5106592Z     Finished `release` profile [optimized] target(s) in 32.72s
linux-portability (ubuntu-24.04)	Native portability gate (debug and release)	2026-09-20T12:19:23.5906541Z    Compiling cfg-if v1.0.4
linux-portability (ubuntu-24.04)	Native portability gate (debug and release)	2026-09-20T12:19:23.5907128Z    Compiling libc v0.2.186
linux-portability (ubuntu-24.04)	Native portability gate (debug and release)	2026-09-20T12:19:23.5909109Z    Compiling memchr v2.8.0
linux-portability (ubuntu-24.04)	Native portability gate (debug and release)	2026-09-20T12:19:23.5926021Z    Compiling rand_core v0.10.1
linux-portability (ubuntu-24.04)	Native portability gate (debug and release)	2026-09-20T12:19:23.6230603Z    Compiling linux-raw-sys v0.12.1
linux-portability (ubuntu-24.04)	Native portability gate (debug and release)	2026-09-20T12:19:23.6742192Z    Compiling bitflags v2.11.1
linux-portability (ubuntu-24.04)	Native portability gate (debug and release)	2026-09-20T12:19:23.8313134Z    Compiling utf8parse v0.2.2
linux-portability (ubuntu-24.04)	Native portability gate (debug and release)	2026-09-20T12:19:23.8747296Z    Compiling ucd-trie v0.1.7
linux-portability (ubuntu-24.04)	Native portability gate (debug and release)	2026-09-20T12:19:23.9456557Z    Compiling rustix v1.1.4
linux-portability (ubuntu-24.04)	Native portability gate (debug and release)	2026-09-20T12:19:24.0935684Z    Compiling pest v2.8.6
linux-portability (ubuntu-24.04)	Native portability gate (debug and release)	2026-09-20T12:19:24.3656299Z    Compiling anstyle-parse v1.0.0
linux-portability (ubuntu-24.04)	Native portability gate (debug and release)	2026-09-20T12:19:24.4785762Z    Compiling is_terminal_polyfill v1.70.2
linux-portability (ubuntu-24.04)	Native portability gate (debug and release)	2026-09-20T12:19:24.5121360Z    Compiling anstyle-query v1.1.5
linux-portability (ubuntu-24.04)	Native portability gate (debug and release)	2026-09-20T12:19:24.5535769Z    Compiling getrandom v0.4.2
linux-portability (ubuntu-24.04)	Native portability gate (debug and release)	2026-09-20T12:19:24.5675624Z    Compiling fastrand v2.4.1
linux-portability (ubuntu-24.04)	Native portability gate (debug and release)	2026-09-20T12:19:24.6934973Z    Compiling once_cell v1.21.4
linux-portability (ubuntu-24.04)	Native portability gate (debug and release)	2026-09-20T12:19:24.7081835Z    Compiling anstyle v1.0.14
linux-portability (ubuntu-24.04)	Native portability gate (debug and release)	2026-09-20T12:19:24.8483056Z    Compiling colorchoice v1.0.5
linux-portability (ubuntu-24.04)	Native portability gate (debug and release)	2026-09-20T12:19:24.8663039Z    Compiling regex-syntax v0.8.10
linux-portability (ubuntu-24.04)	Native portability gate (debug and release)	2026-09-20T12:19:24.8997266Z    Compiling anstream v1.0.0
linux-portability (ubuntu-24.04)	Native portability gate (debug and release)	2026-09-20T12:19:25.1465738Z    Compiling getrandom v0.3.4
linux-portability (ubuntu-24.04)	Native portability gate (debug and release)	2026-09-20T12:19:25.2875651Z    Compiling pest_meta v2.8.6
linux-portability (ubuntu-24.04)	Native portability gate (debug and release)	2026-09-20T12:19:25.3962169Z    Compiling tempfile v3.27.0
linux-portability (ubuntu-24.04)	Native portability gate (debug and release)	2026-09-20T12:19:25.7875491Z    Compiling num-traits v0.2.19
linux-portability (ubuntu-24.04)	Native portability gate (debug and release)	2026-09-20T12:19:25.8125458Z    Compiling serde_core v1.0.228
linux-portability (ubuntu-24.04)	Native portability gate (debug and release)	2026-09-20T12:19:26.5170652Z    Compiling aho-corasick v1.1.4
linux-portability (ubuntu-24.04)	Native portability gate (debug and release)	2026-09-20T12:19:27.0295109Z    Compiling strsim v0.11.1
linux-portability (ubuntu-24.04)	Native portability gate (debug and release)	2026-09-20T12:19:27.3605634Z    Compiling cpufeatures v0.3.0
linux-portability (ubuntu-24.04)	Native portability gate (debug and release)	2026-09-20T12:19:27.3843310Z    Compiling clap_lex v1.1.0
linux-portability (ubuntu-24.04)	Native portability gate (debug and release)	2026-09-20T12:19:27.5455798Z    Compiling clap_builder v4.6.0
linux-portability (ubuntu-24.04)	Native portability gate (debug and release)	2026-09-20T12:19:27.7776124Z    Compiling regex-automata v0.4.14
linux-portability (ubuntu-24.04)	Native portability gate (debug and release)	2026-09-20T12:19:28.0826196Z    Compiling serde v1.0.228
linux-portability (ubuntu-24.04)	Native portability gate (debug and release)	2026-09-20T12:19:28.6418515Z    Compiling chacha20 v0.10.0
linux-portability (ubuntu-24.04)	Native portability gate (debug and release)	2026-09-20T12:19:28.8355683Z    Compiling thiserror v2.0.18
linux-portability (ubuntu-24.04)	Native portability gate (debug and release)	2026-09-20T12:19:28.8772602Z    Compiling pest_generator v2.8.6
linux-portability (ubuntu-24.04)	Native portability gate (debug and release)	2026-09-20T12:19:28.9395730Z    Compiling rand_core v0.9.5
linux-portability (ubuntu-24.04)	Native portability gate (debug and release)	2026-09-20T12:19:29.0855926Z    Compiling iana-time-zone v0.1.65
linux-portability (ubuntu-24.04)	Native portability gate (debug and release)	2026-09-20T12:19:29.3022497Z    Compiling chrono v0.4.44
linux-portability (ubuntu-24.04)	Native portability gate (debug and release)	2026-09-20T12:19:29.5742696Z    Compiling pest_derive v2.8.6
linux-portability (ubuntu-24.04)	Native portability gate (debug and release)	2026-09-20T12:19:29.7515565Z    Compiling clap v4.6.1
linux-portability (ubuntu-24.04)	Native portability gate (debug and release)	2026-09-20T12:19:29.7796173Z    Compiling sprintf v0.4.3
linux-portability (ubuntu-24.04)	Native portability gate (debug and release)	2026-09-20T12:19:30.0055697Z    Compiling zerocopy v0.8.48
linux-portability (ubuntu-24.04)	Native portability gate (debug and release)	2026-09-20T12:19:30.9765584Z    Compiling regex v1.12.3
linux-portability (ubuntu-24.04)	Native portability gate (debug and release)	2026-09-20T12:19:31.4055883Z    Compiling rand v0.10.1
linux-portability (ubuntu-24.04)	Native portability gate (debug and release)	2026-09-20T12:19:31.7245497Z    Compiling anyhow v1.0.102
linux-portability (ubuntu-24.04)	Native portability gate (debug and release)	2026-09-20T12:19:32.0586101Z    Compiling quick-xml v0.39.2
linux-portability (ubuntu-24.04)	Native portability gate (debug and release)	2026-09-20T12:19:32.0652464Z    Compiling wait-timeout v0.2.1
linux-portability (ubuntu-24.04)	Native portability gate (debug and release)	2026-09-20T12:19:32.3029941Z    Compiling bit-vec v0.8.0
linux-portability (ubuntu-24.04)	Native portability gate (debug and release)	2026-09-20T12:19:32.4775680Z    Compiling fnv v1.0.7
linux-portability (ubuntu-24.04)	Native portability gate (debug and release)	2026-09-20T12:19:32.5137611Z    Compiling quick-error v1.2.3
linux-portability (ubuntu-24.04)	Native portability gate (debug and release)	2026-09-20T12:19:32.5515695Z    Compiling rusty-fork v0.3.1
linux-portability (ubuntu-24.04)	Native portability gate (debug and release)	2026-09-20T12:19:32.8685665Z    Compiling bit-set v0.8.0
linux-portability (ubuntu-24.04)	Native portability gate (debug and release)	2026-09-20T12:19:32.9635494Z    Compiling rand v0.9.4
linux-portability (ubuntu-24.04)	Native portability gate (debug and release)	2026-09-20T12:19:33.4345717Z    Compiling rawk v0.1.0 (/home/runner/work/rawk/rawk/rawk)
linux-portability (ubuntu-24.04)	Native portability gate (debug and release)	2026-09-20T12:19:33.5465704Z    Compiling rand_xorshift v0.4.0
linux-portability (ubuntu-24.04)	Native portability gate (debug and release)	2026-09-20T12:19:33.6120706Z    Compiling unarray v0.1.4
linux-portability (ubuntu-24.04)	Native portability gate (debug and release)	2026-09-20T12:19:33.6687047Z    Compiling ppv-lite86 v0.2.21
linux-portability (ubuntu-24.04)	Native portability gate (debug and release)	2026-09-20T12:19:33.9696441Z    Compiling rand_chacha v0.9.0
linux-portability (ubuntu-24.04)	Native portability gate (debug and release)	2026-09-20T12:19:34.0591392Z    Compiling proptest v1.11.0
linux-portability (ubuntu-24.04)	Native portability gate (debug and release)	2026-09-20T12:19:39.0976642Z     Finished `test` profile [unoptimized + debuginfo] target(s) in 15.57s
linux-portability (ubuntu-24.04)	Native portability gate (debug and release)	2026-09-20T12:19:39.1033500Z      Running unittests src/lib.rs (target/debug/deps/rawk-2af64ff39be528ba)
linux-portability (ubuntu-24.04)	Native portability gate (debug and release)	2026-09-20T12:19:39.1044274Z 
linux-portability (ubuntu-24.04)	Native portability gate (debug and release)	2026-09-20T12:19:39.1044704Z running 0 tests
linux-portability (ubuntu-24.04)	Native portability gate (debug and release)	2026-09-20T12:19:39.1045096Z 
linux-portability (ubuntu-24.04)	Native portability gate (debug and release)	2026-09-20T12:19:39.1045708Z test result: ok. 0 passed; 0 failed; 0 ignored; 0 measured; 0 filtered out; finished in 0.00s
linux-portability (ubuntu-24.04)	Native portability gate (debug and release)	2026-09-20T12:19:39.1046235Z 
linux-portability (ubuntu-24.04)	Native portability gate (debug and release)	2026-09-20T12:19:39.1047086Z      Running unittests src/bin/diffrun.rs (target/debug/deps/diffrun-994f4b85fc4f3254)
linux-portability (ubuntu-24.04)	Native portability gate (debug and release)	2026-09-20T12:19:39.1056192Z 
linux-portability (ubuntu-24.04)	Native portability gate (debug and release)	2026-09-20T12:19:39.1056427Z running 0 tests
linux-portability (ubuntu-24.04)	Native portability gate (debug and release)	2026-09-20T12:19:39.1057258Z 
linux-portability (ubuntu-24.04)	Native portability gate (debug and release)	2026-09-20T12:19:39.1057650Z test result: ok. 0 passed; 0 failed; 0 ignored; 0 measured; 0 filtered out; finished in 0.00s
linux-portability (ubuntu-24.04)	Native portability gate (debug and release)	2026-09-20T12:19:39.1058401Z 
linux-portability (ubuntu-24.04)	Native portability gate (debug and release)	2026-09-20T12:19:39.1058787Z      Running unittests src/main.rs (target/debug/deps/rawk-95b1893c01abdb10)
linux-portability (ubuntu-24.04)	Native portability gate (debug and release)	2026-09-20T12:19:39.1070181Z 
linux-portability (ubuntu-24.04)	Native portability gate (debug and release)	2026-09-20T12:19:39.1070336Z running 4 tests
linux-portability (ubuntu-24.04)	Native portability gate (debug and release)	2026-09-20T12:19:39.1093751Z test unicode_ere::tests::encoding_preserves_offsets_and_invalid_bytes_without_sentinels ... ok
linux-portability (ubuntu-24.04)	Native portability gate (debug and release)	2026-09-20T12:19:39.1205533Z test unicode_ere::tests::compiled_intervals_cover_only_the_requested_runes ... ok
linux-portability (ubuntu-24.04)	Native portability gate (debug and release)	2026-09-20T12:19:39.1247491Z test input::tests::separators_are_independent_of_read_boundaries ... ok
linux-portability (ubuntu-24.04)	Native portability gate (debug and release)	2026-09-20T12:19:39.1429665Z test ere::stream::tests::physical_short_reads_do_not_change_bwk_lookahead ... ok
linux-portability (ubuntu-24.04)	Native portability gate (debug and release)	2026-09-20T12:19:39.1430446Z 
linux-portability (ubuntu-24.04)	Native portability gate (debug and release)	2026-09-20T12:19:39.1430817Z test result: ok. 4 passed; 0 failed; 0 ignored; 0 measured; 0 filtered out; finished in 0.04s
linux-portability (ubuntu-24.04)	Native portability gate (debug and release)	2026-09-20T12:19:39.1431557Z 
linux-portability (ubuntu-24.04)	Native portability gate (debug and release)	2026-09-20T12:19:39.1432673Z      Running tests/bytes_array_keys.rs (target/debug/deps/bytes_array_keys-9114eb559bd3fc79)
linux-portability (ubuntu-24.04)	Native portability gate (debug and release)	2026-09-20T12:19:39.1441602Z 
linux-portability (ubuntu-24.04)	Native portability gate (debug and release)	2026-09-20T12:19:39.1441809Z running 3 tests
linux-portability (ubuntu-24.04)	Native portability gate (debug and release)	2026-09-20T12:19:39.1518029Z test distinct_high_byte_keys_do_not_collide ... ok
linux-portability (ubuntu-24.04)	Native portability gate (debug and release)	2026-09-20T12:19:39.1518707Z test for_in_returns_all_distinct_byte_keys ... ok
linux-portability (ubuntu-24.04)	Native portability gate (debug and release)	2026-09-20T12:19:39.1519279Z test nul_embedded_key_round_trips ... ok
linux-portability (ubuntu-24.04)	Native portability gate (debug and release)	2026-09-20T12:19:39.1519667Z 
linux-portability (ubuntu-24.04)	Native portability gate (debug and release)	2026-09-20T12:19:39.1520080Z test result: ok. 3 passed; 0 failed; 0 ignored; 0 measured; 0 filtered out; finished in 0.01s
linux-portability (ubuntu-24.04)	Native portability gate (debug and release)	2026-09-20T12:19:39.1520471Z 
linux-portability (ubuntu-24.04)	Native portability gate (debug and release)	2026-09-20T12:19:39.1522190Z      Running tests/bytes_printf.rs (target/debug/deps/bytes_printf-cc7330dc1e13afd2)
linux-portability (ubuntu-24.04)	Native portability gate (debug and release)	2026-09-20T12:19:39.1530135Z 
linux-portability (ubuntu-24.04)	Native portability gate (debug and release)	2026-09-20T12:19:39.1530332Z running 6 tests
linux-portability (ubuntu-24.04)	Native portability gate (debug and release)	2026-09-20T12:19:39.1600559Z test print_with_high_byte_ofs ... ok
linux-portability (ubuntu-24.04)	Native portability gate (debug and release)	2026-09-20T12:19:39.1601439Z test field_split_with_high_byte_fs ... ok
linux-portability (ubuntu-24.04)	Native portability gate (debug and release)	2026-09-20T12:19:39.1602055Z test printf_c_emits_first_byte_raw ... ok
linux-portability (ubuntu-24.04)	Native portability gate (debug and release)	2026-09-20T12:19:39.1615340Z test printf_format_string_with_high_bytes ... ok
linux-portability (ubuntu-24.04)	Native portability gate (debug and release)	2026-09-20T12:19:39.1661101Z test sprintf_high_byte_round_trip ... ok
linux-portability (ubuntu-24.04)	Native portability gate (debug and release)	2026-09-20T12:19:39.1668503Z test printf_s_preserves_high_byte ... ok
linux-portability (ubuntu-24.04)	Native portability gate (debug and release)	2026-09-20T12:19:39.1668942Z 
linux-portability (ubuntu-24.04)	Native portability gate (debug and release)	2026-09-20T12:19:39.1669384Z test result: ok. 6 passed; 0 failed; 0 ignored; 0 measured; 0 filtered out; finished in 0.01s
linux-portability (ubuntu-24.04)	Native portability gate (debug and release)	2026-09-20T12:19:39.1669805Z 
linux-portability (ubuntu-24.04)	Native portability gate (debug and release)	2026-09-20T12:19:39.1670709Z      Running tests/bytes_regex_match.rs (target/debug/deps/bytes_regex_match-97728d2c0dfc372b)
linux-portability (ubuntu-24.04)	Native portability gate (debug and release)	2026-09-20T12:19:39.1679978Z 
linux-portability (ubuntu-24.04)	Native portability gate (debug and release)	2026-09-20T12:19:39.1680130Z running 6 tests
linux-portability (ubuntu-24.04)	Native portability gate (debug and release)	2026-09-20T12:19:39.1749941Z test gsub_ampersand_includes_whole_match ... ok
linux-portability (ubuntu-24.04)	Native portability gate (debug and release)	2026-09-20T12:19:39.1751160Z test match_builtin_high_byte_pattern_position ... ok
linux-portability (ubuntu-24.04)	Native portability gate (debug and release)	2026-09-20T12:19:39.1751817Z test match_distinguishes_high_bytes ... ok
linux-portability (ubuntu-24.04)	Native portability gate (debug and release)	2026-09-20T12:19:39.1799364Z test nul_inside_subject_with_rs_regex ... ok
linux-portability (ubuntu-24.04)	Native portability gate (debug and release)	2026-09-20T12:19:39.1813376Z test rs_regex_high_byte_separator_splits_correctly ... ok
linux-portability (ubuntu-24.04)	Native portability gate (debug and release)	2026-09-20T12:19:39.1813955Z test sub_replaces_high_byte_run ... ok
linux-portability (ubuntu-24.04)	Native portability gate (debug and release)	2026-09-20T12:19:39.1814167Z 
linux-portability (ubuntu-24.04)	Native portability gate (debug and release)	2026-09-20T12:19:39.1814817Z test result: ok. 6 passed; 0 failed; 0 ignored; 0 measured; 0 filtered out; finished in 0.01s
linux-portability (ubuntu-24.04)	Native portability gate (debug and release)	2026-09-20T12:19:39.1815567Z 
linux-portability (ubuntu-24.04)	Native portability gate (debug and release)	2026-09-20T12:19:39.1817217Z      Running tests/data_contract.rs (target/debug/deps/data_contract-cd61b34734f48d5d)
linux-portability (ubuntu-24.04)	Native portability gate (debug and release)	2026-09-20T12:19:39.1825936Z 
linux-portability (ubuntu-24.04)	Native portability gate (debug and release)	2026-09-20T12:19:39.1826122Z running 6 tests
linux-portability (ubuntu-24.04)	Native portability gate (debug and release)	2026-09-20T12:19:39.1897531Z test csv_handles_quoted_delimiters_newlines_and_escaped_quotes ... ok
linux-portability (ubuntu-24.04)	Native portability gate (debug and release)	2026-09-20T12:19:39.1898925Z test fields_accept_regex_separator ... ok
linux-portability (ubuntu-24.04)	Native portability gate (debug and release)	2026-09-20T12:19:39.1907707Z test regex_uses_leftmost_longest ... ok
linux-portability (ubuntu-24.04)	Native portability gate (debug and release)	2026-09-20T12:19:39.1912044Z test invalid_regex_is_reported ... ok
linux-portability (ubuntu-24.04)	Native portability gate (debug and release)	2026-09-20T12:19:39.1959861Z test split_preserves_empty_fields_and_clears_array ... ok
linux-portability (ubuntu-24.04)	Native portability gate (debug and release)	2026-09-20T12:19:39.1961033Z test substitutions_report_count_not_changed_text ... ok
linux-portability (ubuntu-24.04)	Native portability gate (debug and release)	2026-09-20T12:19:39.1961475Z 
linux-portability (ubuntu-24.04)	Native portability gate (debug and release)	2026-09-20T12:19:39.1961838Z test result: ok. 6 passed; 0 failed; 0 ignored; 0 measured; 0 filtered out; finished in 0.01s
linux-portability (ubuntu-24.04)	Native portability gate (debug and release)	2026-09-20T12:19:39.1962376Z 
linux-portability (ubuntu-24.04)	Native portability gate (debug and release)	2026-09-20T12:19:39.1962743Z      Running tests/driver_regressions.rs (target/debug/deps/driver_regressions-20f0cb45f6026201)
linux-portability (ubuntu-24.04)	Native portability gate (debug and release)	2026-09-20T12:19:39.1971869Z 
linux-portability (ubuntu-24.04)	Native portability gate (debug and release)	2026-09-20T12:19:39.1972033Z running 8 tests
linux-portability (ubuntu-24.04)	Native portability gate (debug and release)	2026-09-20T12:19:39.2103976Z test field_index_beyond_reference_integer_range_is_an_error ... ok
linux-portability (ubuntu-24.04)	Native portability gate (debug and release)	2026-09-20T12:19:39.2125581Z test getline_comparison_is_not_part_of_filename ... ok
linux-portability (ubuntu-24.04)	Native portability gate (debug and release)	2026-09-20T12:19:39.2168797Z test multifile_syntax_error_names_offending_source ... ok
linux-portability (ubuntu-24.04)	Native portability gate (debug and release)	2026-09-20T12:19:39.2243501Z test invalid_function_parameters_are_errors_before_execution ... ok
linux-portability (ubuntu-24.04)	Native portability gate (debug and release)	2026-09-20T12:19:39.2505696Z test redirected_stdin_shares_buffer_with_main_input ... ok
linux-portability (ubuntu-24.04)	Native portability gate (debug and release)	2026-09-20T12:19:39.2606518Z test stdin_program_and_empty_statements ... ok
linux-portability (ubuntu-24.04)	Native portability gate (debug and release)	2026-09-20T12:19:39.3590676Z test standard_output_aliases_share_streams_and_lifecycle ... ok
linux-portability (ubuntu-24.04)	Native portability gate (debug and release)	2026-09-20T12:19:39.4861933Z test checked_math_matches_native_oracle ... ok
linux-portability (ubuntu-24.04)	Native portability gate (debug and release)	2026-09-20T12:19:39.4862285Z 
linux-portability (ubuntu-24.04)	Native portability gate (debug and release)	2026-09-20T12:19:39.4862666Z test result: ok. 8 passed; 0 failed; 0 ignored; 0 measured; 0 filtered out; finished in 0.29s
linux-portability (ubuntu-24.04)	Native portability gate (debug and release)	2026-09-20T12:19:39.4863239Z 
linux-portability (ubuntu-24.04)	Native portability gate (debug and release)	2026-09-20T12:19:39.4864971Z      Running tests/dynamic_format.rs (target/debug/deps/dynamic_format-27b8cdc066ca99a2)
linux-portability (ubuntu-24.04)	Native portability gate (debug and release)	2026-09-20T12:19:39.4874326Z 
linux-portability (ubuntu-24.04)	Native portability gate (debug and release)	2026-09-20T12:19:39.4874663Z running 8 tests
linux-portability (ubuntu-24.04)	Native portability gate (debug and release)	2026-09-20T12:19:39.5010198Z test missing_star_arguments_are_errors ... ok
linux-portability (ubuntu-24.04)	Native portability gate (debug and release)	2026-09-20T12:19:39.5079205Z test negative_precision_keeps_binary_and_multibyte_paths ... ok
linux-portability (ubuntu-24.04)	Native portability gate (debug and release)	2026-09-20T12:19:39.5256043Z test string_and_literal_range_errors_do_not_discard_arithmetic_subnormals ... ok
linux-portability (ubuntu-24.04)	Native portability gate (debug and release)	2026-09-20T12:19:39.6534187Z test unsigned_conversion_matches_native_oracle ... ok
linux-portability (ubuntu-24.04)	Native portability gate (debug and release)	2026-09-20T12:19:39.6789987Z test zero_padded_strings_match_native_oracle ... ok
linux-portability (ubuntu-24.04)	Native portability gate (debug and release)	2026-09-20T12:19:40.1758305Z test dynamic_width_precision_and_consumption ... ok
linux-portability (ubuntu-24.04)	Native portability gate (debug and release)	2026-09-20T12:19:41.4886316Z test integer_flags_precision_and_signs ... ok
linux-portability (ubuntu-24.04)	Native portability gate (debug and release)	2026-09-20T12:19:42.0823556Z test negative_dynamic_precision_preserves_flags_and_argument_consumption ... ok
linux-portability (ubuntu-24.04)	Native portability gate (debug and release)	2026-09-20T12:19:42.0824310Z 
linux-portability (ubuntu-24.04)	Native portability gate (debug and release)	2026-09-20T12:19:42.0824836Z test result: ok. 8 passed; 0 failed; 0 ignored; 0 measured; 0 filtered out; finished in 2.59s
linux-portability (ubuntu-24.04)	Native portability gate (debug and release)	2026-09-20T12:19:42.0825814Z 
linux-portability (ubuntu-24.04)	Native portability gate (debug and release)	2026-09-20T12:19:42.0826151Z      Running tests/harness.rs (target/debug/deps/harness-84724762e23c52d1)
linux-portability (ubuntu-24.04)	Native portability gate (debug and release)	2026-09-20T12:19:42.0835793Z 
linux-portability (ubuntu-24.04)	Native portability gate (debug and release)	2026-09-20T12:19:42.0835992Z running 5 tests
linux-portability (ubuntu-24.04)	Native portability gate (debug and release)	2026-09-20T12:19:42.0856416Z test annotation_does_not_accept_new_failures ... ok
linux-portability (ubuntu-24.04)	Native portability gate (debug and release)	2026-09-20T12:19:42.0905455Z test preserves_bytes_whitespace_and_status ... ok
linux-portability (ubuntu-24.04)	Native portability gate (debug and release)	2026-09-20T12:19:42.0927302Z test aggregate_gate_reports_an_intermediate_failure ... ok
linux-portability (ubuntu-24.04)	Native portability gate (debug and release)	2026-09-20T12:19:42.0978269Z test each_run_has_a_fresh_directory ... ok
linux-portability (ubuntu-24.04)	Native portability gate (debug and release)	2026-09-20T12:19:42.5173990Z test timeout_kills_descendants ... ok
linux-portability (ubuntu-24.04)	Native portability gate (debug and release)	2026-09-20T12:19:42.5174948Z 
linux-portability (ubuntu-24.04)	Native portability gate (debug and release)	2026-09-20T12:19:42.5175501Z test result: ok. 5 passed; 0 failed; 0 ignored; 0 measured; 0 filtered out; finished in 0.43s
linux-portability (ubuntu-24.04)	Native portability gate (debug and release)	2026-09-20T12:19:42.5176146Z 
linux-portability (ubuntu-24.04)	Native portability gate (debug and release)	2026-09-20T12:19:42.5177805Z      Running tests/input_contract.rs (target/debug/deps/input_contract-df587d5dab3b336c)
linux-portability (ubuntu-24.04)	Native portability gate (debug and release)	2026-09-20T12:19:42.5189355Z 
linux-portability (ubuntu-24.04)	Native portability gate (debug and release)	2026-09-20T12:19:42.5189652Z running 5 tests
linux-portability (ubuntu-24.04)	Native portability gate (debug and release)	2026-09-20T12:19:42.5265217Z test getline_uses_main_stream_and_counts_every_read ... ok
linux-portability (ubuntu-24.04)	Native portability gate (debug and release)	2026-09-20T12:19:42.5266288Z test rewriting_record_does_not_count_a_read ... ok
linux-portability (ubuntu-24.04)	Native portability gate (debug and release)	2026-09-20T12:19:42.5267153Z test missing_getline_file_is_an_error_not_eof ... ok
linux-portability (ubuntu-24.04)	Native portability gate (debug and release)	2026-09-20T12:19:42.5268003Z test file_getline_and_interleaved_assignments ... ok
linux-portability (ubuntu-24.04)	Native portability gate (debug and release)	2026-09-20T12:19:42.5328688Z test rs_changes_apply_to_unconsumed_input ... ok
linux-portability (ubuntu-24.04)	Native portability gate (debug and release)	2026-09-20T12:19:42.5329420Z 
linux-portability (ubuntu-24.04)	Native portability gate (debug and release)	2026-09-20T12:19:42.5329849Z test result: ok. 5 passed; 0 failed; 0 ignored; 0 measured; 0 filtered out; finished in 0.01s
linux-portability (ubuntu-24.04)	Native portability gate (debug and release)	2026-09-20T12:19:42.5330318Z 
linux-portability (ubuntu-24.04)	Native portability gate (debug and release)	2026-09-20T12:19:42.5331431Z      Running tests/language_contract.rs (target/debug/deps/language_contract-2fab3b4b0fc766c6)
linux-portability (ubuntu-24.04)	Native portability gate (debug and release)	2026-09-20T12:19:42.5340479Z 
linux-portability (ubuntu-24.04)	Native portability gate (debug and release)	2026-09-20T12:19:42.5340665Z running 7 tests
linux-portability (ubuntu-24.04)	Native portability gate (debug and release)	2026-09-20T12:19:42.5407624Z test array_parameters_are_references ... ok
linux-portability (ubuntu-24.04)	Native portability gate (debug and release)	2026-09-20T12:19:42.5416049Z test array_reads_create_entries ... ok
linux-portability (ubuntu-24.04)	Native portability gate (debug and release)	2026-09-20T12:19:42.5427614Z test expressions_and_escapes ... ok
linux-portability (ubuntu-24.04)	Native portability gate (debug and release)	2026-09-20T12:19:42.5463533Z test convfmt_is_used_for_comparisons_fields_and_keys ... ok
linux-portability (ubuntu-24.04)	Native portability gate (debug and release)	2026-09-20T12:19:42.5475346Z test lvalue_indices_are_evaluated_once ... ok
linux-portability (ubuntu-24.04)	Native portability gate (debug and release)	2026-09-20T12:19:42.5480644Z test numeric_and_string_values_keep_their_types ... ok
linux-portability (ubuntu-24.04)	Native portability gate (debug and release)	2026-09-20T12:19:42.5491040Z test range_patterns_and_empty_actions ... ok
linux-portability (ubuntu-24.04)	Native portability gate (debug and release)	2026-09-20T12:19:42.5491440Z 
linux-portability (ubuntu-24.04)	Native portability gate (debug and release)	2026-09-20T12:19:42.5491909Z test result: ok. 7 passed; 0 failed; 0 ignored; 0 measured; 0 filtered out; finished in 0.02s
linux-portability (ubuntu-24.04)	Native portability gate (debug and release)	2026-09-20T12:19:42.5492440Z 
linux-portability (ubuntu-24.04)	Native portability gate (debug and release)	2026-09-20T12:19:42.5493390Z      Running tests/legacy_locale.rs (target/debug/deps/legacy_locale-e35a0006ade4badb)
linux-portability (ubuntu-24.04)	Native portability gate (debug and release)	2026-09-20T12:19:42.5503172Z 
linux-portability (ubuntu-24.04)	Native portability gate (debug and release)	2026-09-20T12:19:42.5503457Z running 6 tests
linux-portability (ubuntu-24.04)	Native portability gate (debug and release)	2026-09-20T12:19:42.5935052Z test every_nonzero_byte_case_conversion_matches_c ... ok
linux-portability (ubuntu-24.04)	Native portability gate (debug and release)	2026-09-20T12:19:42.6045781Z test legacy_locale_selection_obeys_precedence_and_is_fixed_at_startup ... ok
linux-portability (ubuntu-24.04)	Native portability gate (debug and release)	2026-09-20T12:19:42.6098792Z test byte_positions_ranges_splits_and_substitution_match_c ... ok
linux-portability (ubuntu-24.04)	Native portability gate (debug and release)	2026-09-20T12:19:42.6122655Z test nul_preservation_remains_an_explicit_rust_extension ... ok
linux-portability (ubuntu-24.04)	Native portability gate (debug and release)	2026-09-20T12:19:42.6436706Z test required_single_byte_locales_are_active ... ok
linux-portability (ubuntu-24.04)	Native portability gate (debug and release)	2026-09-20T12:19:43.1710562Z test every_nonzero_byte_in_each_posix_class_matches_c ... ok
linux-portability (ubuntu-24.04)	Native portability gate (debug and release)	2026-09-20T12:19:43.1711159Z 
linux-portability (ubuntu-24.04)	Native portability gate (debug and release)	2026-09-20T12:19:43.1711574Z test result: ok. 6 passed; 0 failed; 0 ignored; 0 measured; 0 filtered out; finished in 0.62s
linux-portability (ubuntu-24.04)	Native portability gate (debug and release)	2026-09-20T12:19:43.1711968Z 
linux-portability (ubuntu-24.04)	Native portability gate (debug and release)	2026-09-20T12:19:43.1713113Z      Running tests/runtime_contract.rs (target/debug/deps/runtime_contract-e285726cc718c1b4)
linux-portability (ubuntu-24.04)	Native portability gate (debug and release)	2026-09-20T12:19:43.1722461Z 
linux-portability (ubuntu-24.04)	Native portability gate (debug and release)	2026-09-20T12:19:43.1722654Z running 3 tests
linux-portability (ubuntu-24.04)	Native portability gate (debug and release)	2026-09-20T12:19:43.1789582Z test exit_executes_end_and_interrupts_expressions ... ok
linux-portability (ubuntu-24.04)	Native portability gate (debug and release)	2026-09-20T12:19:43.1790737Z test short_circuit_preserves_side_effects ... ok
linux-portability (ubuntu-24.04)	Native portability gate (debug and release)	2026-09-20T12:19:43.1795600Z test return_escapes_all_loop_forms ... ok
linux-portability (ubuntu-24.04)	Native portability gate (debug and release)	2026-09-20T12:19:43.1796024Z 
linux-portability (ubuntu-24.04)	Native portability gate (debug and release)	2026-09-20T12:19:43.1796472Z test result: ok. 3 passed; 0 failed; 0 ignored; 0 measured; 0 filtered out; finished in 0.01s
linux-portability (ubuntu-24.04)	Native portability gate (debug and release)	2026-09-20T12:19:43.1796947Z 
linux-portability (ubuntu-24.04)	Native portability gate (debug and release)	2026-09-20T12:19:43.1797648Z      Running tests/shift_jis.rs (target/debug/deps/shift_jis-37ba6b24f7a6e90f)
linux-portability (ubuntu-24.04)	Native portability gate (debug and release)	2026-09-20T12:19:43.1807379Z 
linux-portability (ubuntu-24.04)	Native portability gate (debug and release)	2026-09-20T12:19:43.1807576Z running 12 tests
linux-portability (ubuntu-24.04)	Native portability gate (debug and release)	2026-09-20T12:19:43.1925948Z test conversion_failure_preserves_atomic_print_contract ... ok
linux-portability (ubuntu-24.04)	Native portability gate (debug and release)	2026-09-20T12:19:43.1953757Z test embedded_nul_preserves_the_rust_binary_extension ... ok
linux-portability (ubuntu-24.04)	Native portability gate (debug and release)	2026-09-20T12:19:43.2076886Z test decoded_character_with_unencodable_case_mapping_matches_c ... ok
linux-portability (ubuntu-24.04)	Native portability gate (debug and release)	2026-09-20T12:19:43.2323047Z test regex_rs_with_three_or_four_byte_structural_units_matches_c ... ok
linux-portability (ubuntu-24.04)	Native portability gate (debug and release)	2026-09-20T12:19:43.2414025Z test required_sjis_locale_has_observable_case_mapping ... ok
linux-portability (ubuntu-24.04)	Native portability gate (debug and release)	2026-09-20T12:19:43.3584233Z test record_separators_and_locale_precedence_match_c ... ok
linux-portability (ubuntu-24.04)	Native portability gate (debug and release)	2026-09-20T12:19:43.3716472Z test streaming_rs_keeps_binary_data_distinct_from_eof ... ok
linux-portability (ubuntu-24.04)	Native portability gate (debug and release)	2026-09-20T12:19:43.7375031Z test regex_rs_sjis_refill_across_input_buffers_and_getline_matches_c ... ok
linux-portability (ubuntu-24.04)	Native portability gate (debug and release)	2026-09-20T12:19:43.8831313Z test valid_case_conversion_and_truncated_suffixes_match_c ... ok
linux-portability (ubuntu-24.04)	Native portability gate (debug and release)	2026-09-20T12:19:43.9596014Z test structural_units_regex_fields_and_formatting_match_c ... ok
linux-portability (ubuntu-24.04)	Native portability gate (debug and release)	2026-09-20T12:19:46.5744273Z test regex_rs_refill_restart_longest_and_anchors_match_c ... ok
linux-portability (ubuntu-24.04)	Native portability gate (debug and release)	2026-09-20T12:19:52.5353212Z test single_bytes_and_lead_trail_boundaries_match_c ... ok
linux-portability (ubuntu-24.04)	Native portability gate (debug and release)	2026-09-20T12:19:52.5353767Z 
linux-portability (ubuntu-24.04)	Native portability gate (debug and release)	2026-09-20T12:19:52.5354195Z test result: ok. 12 passed; 0 failed; 0 ignored; 0 measured; 0 filtered out; finished in 9.35s
linux-portability (ubuntu-24.04)	Native portability gate (debug and release)	2026-09-20T12:19:52.5355159Z 
linux-portability (ubuntu-24.04)	Native portability gate (debug and release)	2026-09-20T12:19:52.5355851Z      Running tests/unicode_contract.rs (target/debug/deps/unicode_contract-28fd1d08d829904c)
linux-portability (ubuntu-24.04)	Native portability gate (debug and release)	2026-09-20T12:19:52.5365964Z 
linux-portability (ubuntu-24.04)	Native portability gate (debug and release)	2026-09-20T12:19:52.5366115Z running 10 tests
linux-portability (ubuntu-24.04)	Native portability gate (debug and release)	2026-09-20T12:19:52.5550581Z test binary_nul_extension_and_case_conversion_errors ... ok
linux-portability (ubuntu-24.04)	Native portability gate (debug and release)	2026-09-20T12:19:52.6349549Z test repeated_matches_and_index_inside_a_multibyte_unit ... ok
linux-portability (ubuntu-24.04)	Native portability gate (debug and release)	2026-09-20T12:19:52.6659228Z test locale_precedence_and_character_operations ... ok
linux-portability (ubuntu-24.04)	Native portability gate (debug and release)	2026-09-20T12:19:52.6742912Z test required_locales_are_active_in_both_interpreters ... ok
linux-portability (ubuntu-24.04)	Native portability gate (debug and release)	2026-09-20T12:19:52.7066584Z test unicode_formatting_and_source_escapes ... ok
linux-portability (ubuntu-24.04)	Native portability gate (debug and release)	2026-09-20T12:19:52.7815666Z test utf8_record_separators_across_buffers ... ok
linux-portability (ubuntu-24.04)	Native portability gate (debug and release)	2026-09-20T12:19:52.8436554Z test boolean_regex_search_preserves_rune_alignment_and_empty_matches ... ok
linux-portability (ubuntu-24.04)	Native portability gate (debug and release)	2026-09-20T12:19:52.8762202Z test utf8_regex_empty_matches_and_mixed_bytes ... ok
linux-portability (ubuntu-24.04)	Native portability gate (debug and release)	2026-09-20T12:19:52.8813875Z test unicode_classes_ranges_and_anchors ... ok
linux-portability (ubuntu-24.04)	Native portability gate (debug and release)	2026-09-20T12:19:55.8590681Z test original_utf8_drivers ... ok
linux-portability (ubuntu-24.04)	Native portability gate (debug and release)	2026-09-20T12:19:55.8591254Z 
linux-portability (ubuntu-24.04)	Native portability gate (debug and release)	2026-09-20T12:19:55.8591767Z test result: ok. 10 passed; 0 failed; 0 ignored; 0 measured; 0 filtered out; finished in 3.32s
linux-portability (ubuntu-24.04)	Native portability gate (debug and release)	2026-09-20T12:19:55.8592257Z 
linux-portability (ubuntu-24.04)	Native portability gate (debug and release)	2026-09-20T12:19:55.9330332Z    Compiling num-traits v0.2.19
linux-portability (ubuntu-24.04)	Native portability gate (debug and release)	2026-09-20T12:19:55.9331782Z    Compiling getrandom v0.3.4
linux-portability (ubuntu-24.04)	Native portability gate (debug and release)	2026-09-20T12:19:55.9366133Z    Compiling zerocopy v0.8.48
linux-portability (ubuntu-24.04)	Native portability gate (debug and release)	2026-09-20T12:19:55.9389727Z    Compiling wait-timeout v0.2.1
linux-portability (ubuntu-24.04)	Native portability gate (debug and release)	2026-09-20T12:19:56.2635670Z    Compiling rand_core v0.9.5
linux-portability (ubuntu-24.04)	Native portability gate (debug and release)	2026-09-20T12:19:56.3646420Z    Compiling quick-error v1.2.3
linux-portability (ubuntu-24.04)	Native portability gate (debug and release)	2026-09-20T12:19:56.4049396Z    Compiling bit-vec v0.8.0
linux-portability (ubuntu-24.04)	Native portability gate (debug and release)	2026-09-20T12:19:56.4272346Z    Compiling fnv v1.0.7
linux-portability (ubuntu-24.04)	Native portability gate (debug and release)	2026-09-20T12:19:56.4656776Z    Compiling rusty-fork v0.3.1
linux-portability (ubuntu-24.04)	Native portability gate (debug and release)	2026-09-20T12:19:56.6125754Z    Compiling bit-set v0.8.0
linux-portability (ubuntu-24.04)	Native portability gate (debug and release)	2026-09-20T12:19:56.7336960Z    Compiling rand_xorshift v0.4.0
linux-portability (ubuntu-24.04)	Native portability gate (debug and release)	2026-09-20T12:19:56.8185734Z    Compiling chrono v0.4.44
linux-portability (ubuntu-24.04)	Native portability gate (debug and release)	2026-09-20T12:19:56.9567334Z    Compiling rand v0.9.4
linux-portability (ubuntu-24.04)	Native portability gate (debug and release)	2026-09-20T12:19:57.3542655Z    Compiling unarray v0.1.4
linux-portability (ubuntu-24.04)	Native portability gate (debug and release)	2026-09-20T12:19:57.7992641Z    Compiling rawk v0.1.0 (/home/runner/work/rawk/rawk/rawk)
linux-portability (ubuntu-24.04)	Native portability gate (debug and release)	2026-09-20T12:19:59.8147162Z    Compiling ppv-lite86 v0.2.21
linux-portability (ubuntu-24.04)	Native portability gate (debug and release)	2026-09-20T12:20:00.1305855Z    Compiling rand_chacha v0.9.0
linux-portability (ubuntu-24.04)	Native portability gate (debug and release)	2026-09-20T12:20:00.5212742Z    Compiling proptest v1.11.0
linux-portability (ubuntu-24.04)	Native portability gate (debug and release)	2026-09-20T12:20:12.3855034Z     Finished `release` profile [optimized] target(s) in 16.51s
linux-portability (ubuntu-24.04)	Native portability gate (debug and release)	2026-09-20T12:20:12.3911945Z      Running unittests src/lib.rs (target/release/deps/rawk-d71ef2789f8844ed)
linux-portability (ubuntu-24.04)	Native portability gate (debug and release)	2026-09-20T12:20:12.3922429Z 
linux-portability (ubuntu-24.04)	Native portability gate (debug and release)	2026-09-20T12:20:12.3923053Z running 0 tests
linux-portability (ubuntu-24.04)	Native portability gate (debug and release)	2026-09-20T12:20:12.3923320Z 
linux-portability (ubuntu-24.04)	Native portability gate (debug and release)	2026-09-20T12:20:12.3923989Z test result: ok. 0 passed; 0 failed; 0 ignored; 0 measured; 0 filtered out; finished in 0.00s
linux-portability (ubuntu-24.04)	Native portability gate (debug and release)	2026-09-20T12:20:12.3924756Z 
linux-portability (ubuntu-24.04)	Native portability gate (debug and release)	2026-09-20T12:20:12.3925502Z      Running unittests src/bin/diffrun.rs (target/release/deps/diffrun-1587e72c588c7ddd)
linux-portability (ubuntu-24.04)	Native portability gate (debug and release)	2026-09-20T12:20:12.3933725Z 
linux-portability (ubuntu-24.04)	Native portability gate (debug and release)	2026-09-20T12:20:12.3933942Z running 0 tests
linux-portability (ubuntu-24.04)	Native portability gate (debug and release)	2026-09-20T12:20:12.3935368Z 
linux-portability (ubuntu-24.04)	Native portability gate (debug and release)	2026-09-20T12:20:12.3936069Z test result: ok. 0 passed; 0 failed; 0 ignored; 0 measured; 0 filtered out; finished in 0.00s
linux-portability (ubuntu-24.04)	Native portability gate (debug and release)	2026-09-20T12:20:12.3937009Z 
linux-portability (ubuntu-24.04)	Native portability gate (debug and release)	2026-09-20T12:20:12.3937402Z      Running unittests src/main.rs (target/release/deps/rawk-4bf34a94d1f24a93)
linux-portability (ubuntu-24.04)	Native portability gate (debug and release)	2026-09-20T12:20:12.3947627Z 
linux-portability (ubuntu-24.04)	Native portability gate (debug and release)	2026-09-20T12:20:12.3947815Z running 4 tests
linux-portability (ubuntu-24.04)	Native portability gate (debug and release)	2026-09-20T12:20:12.3965863Z test input::tests::separators_are_independent_of_read_boundaries ... ok
linux-portability (ubuntu-24.04)	Native portability gate (debug and release)	2026-09-20T12:20:12.3967105Z test unicode_ere::tests::encoding_preserves_offsets_and_invalid_bytes_without_sentinels ... ok
linux-portability (ubuntu-24.04)	Native portability gate (debug and release)	2026-09-20T12:20:12.3988565Z test unicode_ere::tests::compiled_intervals_cover_only_the_requested_runes ... ok
linux-portability (ubuntu-24.04)	Native portability gate (debug and release)	2026-09-20T12:20:12.3989484Z test ere::stream::tests::physical_short_reads_do_not_change_bwk_lookahead ... ok
linux-portability (ubuntu-24.04)	Native portability gate (debug and release)	2026-09-20T12:20:12.3989936Z 
linux-portability (ubuntu-24.04)	Native portability gate (debug and release)	2026-09-20T12:20:12.3990458Z test result: ok. 4 passed; 0 failed; 0 ignored; 0 measured; 0 filtered out; finished in 0.00s
linux-portability (ubuntu-24.04)	Native portability gate (debug and release)	2026-09-20T12:20:12.3990917Z 
linux-portability (ubuntu-24.04)	Native portability gate (debug and release)	2026-09-20T12:20:12.3991412Z      Running tests/bytes_array_keys.rs (target/release/deps/bytes_array_keys-8698c4f8eb149f0b)
linux-portability (ubuntu-24.04)	Native portability gate (debug and release)	2026-09-20T12:20:12.3999054Z 
linux-portability (ubuntu-24.04)	Native portability gate (debug and release)	2026-09-20T12:20:12.3999274Z running 3 tests
linux-portability (ubuntu-24.04)	Native portability gate (debug and release)	2026-09-20T12:20:12.4065995Z test distinct_high_byte_keys_do_not_collide ... ok
linux-portability (ubuntu-24.04)	Native portability gate (debug and release)	2026-09-20T12:20:12.4068588Z test for_in_returns_all_distinct_byte_keys ... ok
linux-portability (ubuntu-24.04)	Native portability gate (debug and release)	2026-09-20T12:20:12.4070176Z test nul_embedded_key_round_trips ... ok
linux-portability (ubuntu-24.04)	Native portability gate (debug and release)	2026-09-20T12:20:12.4070476Z 
linux-portability (ubuntu-24.04)	Native portability gate (debug and release)	2026-09-20T12:20:12.4070755Z test result: ok. 3 passed; 0 failed; 0 ignored; 0 measured; 0 filtered out; finished in 0.01s
linux-portability (ubuntu-24.04)	Native portability gate (debug and release)	2026-09-20T12:20:12.4071157Z 
linux-portability (ubuntu-24.04)	Native portability gate (debug and release)	2026-09-20T12:20:12.4072803Z      Running tests/bytes_printf.rs (target/release/deps/bytes_printf-44671ba9f391bc9e)
linux-portability (ubuntu-24.04)	Native portability gate (debug and release)	2026-09-20T12:20:12.4081497Z 
linux-portability (ubuntu-24.04)	Native portability gate (debug and release)	2026-09-20T12:20:12.4081668Z running 6 tests
linux-portability (ubuntu-24.04)	Native portability gate (debug and release)	2026-09-20T12:20:12.4150500Z test print_with_high_byte_ofs ... ok
linux-portability (ubuntu-24.04)	Native portability gate (debug and release)	2026-09-20T12:20:12.4154905Z test field_split_with_high_byte_fs ... ok
linux-portability (ubuntu-24.04)	Native portability gate (debug and release)	2026-09-20T12:20:12.4155503Z test printf_c_emits_first_byte_raw ... ok
linux-portability (ubuntu-24.04)	Native portability gate (debug and release)	2026-09-20T12:20:12.4156087Z test printf_format_string_with_high_bytes ... ok
linux-portability (ubuntu-24.04)	Native portability gate (debug and release)	2026-09-20T12:20:12.4216621Z test printf_s_preserves_high_byte ... ok
linux-portability (ubuntu-24.04)	Native portability gate (debug and release)	2026-09-20T12:20:12.4218736Z test sprintf_high_byte_round_trip ... ok
linux-portability (ubuntu-24.04)	Native portability gate (debug and release)	2026-09-20T12:20:12.4219030Z 
linux-portability (ubuntu-24.04)	Native portability gate (debug and release)	2026-09-20T12:20:12.4219331Z test result: ok. 6 passed; 0 failed; 0 ignored; 0 measured; 0 filtered out; finished in 0.01s
linux-portability (ubuntu-24.04)	Native portability gate (debug and release)	2026-09-20T12:20:12.4219710Z 
linux-portability (ubuntu-24.04)	Native portability gate (debug and release)	2026-09-20T12:20:12.4220998Z      Running tests/bytes_regex_match.rs (target/release/deps/bytes_regex_match-81890e56ce80a1f7)
linux-portability (ubuntu-24.04)	Native portability gate (debug and release)	2026-09-20T12:20:12.4230438Z 
linux-portability (ubuntu-24.04)	Native portability gate (debug and release)	2026-09-20T12:20:12.4230591Z running 6 tests
linux-portability (ubuntu-24.04)	Native portability gate (debug and release)	2026-09-20T12:20:12.4306397Z test gsub_ampersand_includes_whole_match ... ok
linux-portability (ubuntu-24.04)	Native portability gate (debug and release)	2026-09-20T12:20:12.4307338Z test match_distinguishes_high_bytes ... ok
linux-portability (ubuntu-24.04)	Native portability gate (debug and release)	2026-09-20T12:20:12.4307895Z test nul_inside_subject_with_rs_regex ... ok
linux-portability (ubuntu-24.04)	Native portability gate (debug and release)	2026-09-20T12:20:12.4308445Z test match_builtin_high_byte_pattern_position ... ok
linux-portability (ubuntu-24.04)	Native portability gate (debug and release)	2026-09-20T12:20:12.4359796Z test rs_regex_high_byte_separator_splits_correctly ... ok
linux-portability (ubuntu-24.04)	Native portability gate (debug and release)	2026-09-20T12:20:12.4367786Z test sub_replaces_high_byte_run ... ok
linux-portability (ubuntu-24.04)	Native portability gate (debug and release)	2026-09-20T12:20:12.4368098Z 
linux-portability (ubuntu-24.04)	Native portability gate (debug and release)	2026-09-20T12:20:12.4368415Z test result: ok. 6 passed; 0 failed; 0 ignored; 0 measured; 0 filtered out; finished in 0.01s
linux-portability (ubuntu-24.04)	Native portability gate (debug and release)	2026-09-20T12:20:12.4368893Z 
linux-portability (ubuntu-24.04)	Native portability gate (debug and release)	2026-09-20T12:20:12.4370117Z      Running tests/data_contract.rs (target/release/deps/data_contract-f3cccc134cf87c5a)
linux-portability (ubuntu-24.04)	Native portability gate (debug and release)	2026-09-20T12:20:12.4378743Z 
linux-portability (ubuntu-24.04)	Native portability gate (debug and release)	2026-09-20T12:20:12.4378892Z running 6 tests
linux-portability (ubuntu-24.04)	Native portability gate (debug and release)	2026-09-20T12:20:12.4445734Z test csv_handles_quoted_delimiters_newlines_and_escaped_quotes ... ok
linux-portability (ubuntu-24.04)	Native portability gate (debug and release)	2026-09-20T12:20:12.4451841Z test fields_accept_regex_separator ... ok
linux-portability (ubuntu-24.04)	Native portability gate (debug and release)	2026-09-20T12:20:12.4452618Z test regex_uses_leftmost_longest ... ok
linux-portability (ubuntu-24.04)	Native portability gate (debug and release)	2026-09-20T12:20:12.4454330Z test invalid_regex_is_reported ... ok
linux-portability (ubuntu-24.04)	Native portability gate (debug and release)	2026-09-20T12:20:12.4516086Z test split_preserves_empty_fields_and_clears_array ... ok
linux-portability (ubuntu-24.04)	Native portability gate (debug and release)	2026-09-20T12:20:12.4516679Z test substitutions_report_count_not_changed_text ... ok
linux-portability (ubuntu-24.04)	Native portability gate (debug and release)	2026-09-20T12:20:12.4517019Z 
linux-portability (ubuntu-24.04)	Native portability gate (debug and release)	2026-09-20T12:20:12.4517581Z test result: ok. 6 passed; 0 failed; 0 ignored; 0 measured; 0 filtered out; finished in 0.01s
linux-portability (ubuntu-24.04)	Native portability gate (debug and release)	2026-09-20T12:20:12.4518267Z 
linux-portability (ubuntu-24.04)	Native portability gate (debug and release)	2026-09-20T12:20:12.4518932Z      Running tests/driver_regressions.rs (target/release/deps/driver_regressions-4f12b4c2692c1594)
linux-portability (ubuntu-24.04)	Native portability gate (debug and release)	2026-09-20T12:20:12.4527657Z 
linux-portability (ubuntu-24.04)	Native portability gate (debug and release)	2026-09-20T12:20:12.4527814Z running 8 tests
linux-portability (ubuntu-24.04)	Native portability gate (debug and release)	2026-09-20T12:20:12.4669536Z test field_index_beyond_reference_integer_range_is_an_error ... ok
linux-portability (ubuntu-24.04)	Native portability gate (debug and release)	2026-09-20T12:20:12.4676044Z test getline_comparison_is_not_part_of_filename ... ok
linux-portability (ubuntu-24.04)	Native portability gate (debug and release)	2026-09-20T12:20:12.4747967Z test multifile_syntax_error_names_offending_source ... ok
linux-portability (ubuntu-24.04)	Native portability gate (debug and release)	2026-09-20T12:20:12.4806058Z test invalid_function_parameters_are_errors_before_execution ... ok
linux-portability (ubuntu-24.04)	Native portability gate (debug and release)	2026-09-20T12:20:12.5011152Z test redirected_stdin_shares_buffer_with_main_input ... ok
linux-portability (ubuntu-24.04)	Native portability gate (debug and release)	2026-09-20T12:20:12.5179077Z test stdin_program_and_empty_statements ... ok
linux-portability (ubuntu-24.04)	Native portability gate (debug and release)	2026-09-20T12:20:12.6236705Z test standard_output_aliases_share_streams_and_lifecycle ... ok
linux-portability (ubuntu-24.04)	Native portability gate (debug and release)	2026-09-20T12:20:12.7371127Z test checked_math_matches_native_oracle ... ok
linux-portability (ubuntu-24.04)	Native portability gate (debug and release)	2026-09-20T12:20:12.7371566Z 
linux-portability (ubuntu-24.04)	Native portability gate (debug and release)	2026-09-20T12:20:12.7371940Z test result: ok. 8 passed; 0 failed; 0 ignored; 0 measured; 0 filtered out; finished in 0.28s
linux-portability (ubuntu-24.04)	Native portability gate (debug and release)	2026-09-20T12:20:12.7372463Z 
linux-portability (ubuntu-24.04)	Native portability gate (debug and release)	2026-09-20T12:20:12.7373852Z      Running tests/dynamic_format.rs (target/release/deps/dynamic_format-9a95eacbb0d1f803)
linux-portability (ubuntu-24.04)	Native portability gate (debug and release)	2026-09-20T12:20:12.7382825Z 
linux-portability (ubuntu-24.04)	Native portability gate (debug and release)	2026-09-20T12:20:12.7383040Z running 8 tests
linux-portability (ubuntu-24.04)	Native portability gate (debug and release)	2026-09-20T12:20:12.7537303Z test missing_star_arguments_are_errors ... ok
linux-portability (ubuntu-24.04)	Native portability gate (debug and release)	2026-09-20T12:20:12.7605253Z test negative_precision_keeps_binary_and_multibyte_paths ... ok
linux-portability (ubuntu-24.04)	Native portability gate (debug and release)	2026-09-20T12:20:12.7733130Z test string_and_literal_range_errors_do_not_discard_arithmetic_subnormals ... ok
linux-portability (ubuntu-24.04)	Native portability gate (debug and release)	2026-09-20T12:20:12.8987332Z test unsigned_conversion_matches_native_oracle ... ok
linux-portability (ubuntu-24.04)	Native portability gate (debug and release)	2026-09-20T12:20:12.9238226Z test zero_padded_strings_match_native_oracle ... ok
linux-portability (ubuntu-24.04)	Native portability gate (debug and release)	2026-09-20T12:20:13.4195868Z test dynamic_width_precision_and_consumption ... ok
linux-portability (ubuntu-24.04)	Native portability gate (debug and release)	2026-09-20T12:20:14.7305413Z test integer_flags_precision_and_signs ... ok
linux-portability (ubuntu-24.04)	Native portability gate (debug and release)	2026-09-20T12:20:15.3225127Z test negative_dynamic_precision_preserves_flags_and_argument_consumption ... ok
linux-portability (ubuntu-24.04)	Native portability gate (debug and release)	2026-09-20T12:20:15.3225762Z 
linux-portability (ubuntu-24.04)	Native portability gate (debug and release)	2026-09-20T12:20:15.3226125Z test result: ok. 8 passed; 0 failed; 0 ignored; 0 measured; 0 filtered out; finished in 2.58s
linux-portability (ubuntu-24.04)	Native portability gate (debug and release)	2026-09-20T12:20:15.3226816Z 
linux-portability (ubuntu-24.04)	Native portability gate (debug and release)	2026-09-20T12:20:15.3227218Z      Running tests/harness.rs (target/release/deps/harness-b4a86596c0b64263)
linux-portability (ubuntu-24.04)	Native portability gate (debug and release)	2026-09-20T12:20:15.3236508Z 
linux-portability (ubuntu-24.04)	Native portability gate (debug and release)	2026-09-20T12:20:15.3236680Z running 5 tests
linux-portability (ubuntu-24.04)	Native portability gate (debug and release)	2026-09-20T12:20:15.3251564Z test annotation_does_not_accept_new_failures ... ok
linux-portability (ubuntu-24.04)	Native portability gate (debug and release)	2026-09-20T12:20:15.3307434Z test preserves_bytes_whitespace_and_status ... ok
linux-portability (ubuntu-24.04)	Native portability gate (debug and release)	2026-09-20T12:20:15.3322577Z test aggregate_gate_reports_an_intermediate_failure ... ok
linux-portability (ubuntu-24.04)	Native portability gate (debug and release)	2026-09-20T12:20:15.3366505Z test each_run_has_a_fresh_directory ... ok
linux-portability (ubuntu-24.04)	Native portability gate (debug and release)	2026-09-20T12:20:15.7576024Z test timeout_kills_descendants ... ok
linux-portability (ubuntu-24.04)	Native portability gate (debug and release)	2026-09-20T12:20:15.7576782Z 
linux-portability (ubuntu-24.04)	Native portability gate (debug and release)	2026-09-20T12:20:15.7577406Z test result: ok. 5 passed; 0 failed; 0 ignored; 0 measured; 0 filtered out; finished in 0.43s
linux-portability (ubuntu-24.04)	Native portability gate (debug and release)	2026-09-20T12:20:15.7578281Z 
linux-portability (ubuntu-24.04)	Native portability gate (debug and release)	2026-09-20T12:20:15.7579926Z      Running tests/input_contract.rs (target/release/deps/input_contract-3eac677d339987f7)
linux-portability (ubuntu-24.04)	Native portability gate (debug and release)	2026-09-20T12:20:15.7592255Z 
linux-portability (ubuntu-24.04)	Native portability gate (debug and release)	2026-09-20T12:20:15.7592631Z running 5 tests
linux-portability (ubuntu-24.04)	Native portability gate (debug and release)	2026-09-20T12:20:15.7663829Z test file_getline_and_interleaved_assignments ... ok
linux-portability (ubuntu-24.04)	Native portability gate (debug and release)	2026-09-20T12:20:15.7665080Z test missing_getline_file_is_an_error_not_eof ... ok
linux-portability (ubuntu-24.04)	Native portability gate (debug and release)	2026-09-20T12:20:15.7672394Z test getline_uses_main_stream_and_counts_every_read ... ok
linux-portability (ubuntu-24.04)	Native portability gate (debug and release)	2026-09-20T12:20:15.7678547Z test rewriting_record_does_not_count_a_read ... ok
linux-portability (ubuntu-24.04)	Native portability gate (debug and release)	2026-09-20T12:20:15.7725789Z test rs_changes_apply_to_unconsumed_input ... ok
linux-portability (ubuntu-24.04)	Native portability gate (debug and release)	2026-09-20T12:20:15.7726262Z 
linux-portability (ubuntu-24.04)	Native portability gate (debug and release)	2026-09-20T12:20:15.7726674Z test result: ok. 5 passed; 0 failed; 0 ignored; 0 measured; 0 filtered out; finished in 0.01s
linux-portability (ubuntu-24.04)	Native portability gate (debug and release)	2026-09-20T12:20:15.7727228Z 
linux-portability (ubuntu-24.04)	Native portability gate (debug and release)	2026-09-20T12:20:15.7728391Z      Running tests/language_contract.rs (target/release/deps/language_contract-e7a125480e4e2230)
linux-portability (ubuntu-24.04)	Native portability gate (debug and release)	2026-09-20T12:20:15.7737756Z 
linux-portability (ubuntu-24.04)	Native portability gate (debug and release)	2026-09-20T12:20:15.7737921Z running 7 tests
linux-portability (ubuntu-24.04)	Native portability gate (debug and release)	2026-09-20T12:20:15.7808364Z test array_parameters_are_references ... ok
linux-portability (ubuntu-24.04)	Native portability gate (debug and release)	2026-09-20T12:20:15.7809352Z test expressions_and_escapes ... ok
linux-portability (ubuntu-24.04)	Native portability gate (debug and release)	2026-09-20T12:20:15.7809972Z test convfmt_is_used_for_comparisons_fields_and_keys ... ok
linux-portability (ubuntu-24.04)	Native portability gate (debug and release)	2026-09-20T12:20:15.7810612Z test array_reads_create_entries ... ok
linux-portability (ubuntu-24.04)	Native portability gate (debug and release)	2026-09-20T12:20:15.7871942Z test lvalue_indices_are_evaluated_once ... ok
linux-portability (ubuntu-24.04)	Native portability gate (debug and release)	2026-09-20T12:20:15.7875668Z test range_patterns_and_empty_actions ... ok
linux-portability (ubuntu-24.04)	Native portability gate (debug and release)	2026-09-20T12:20:15.7885389Z test numeric_and_string_values_keep_their_types ... ok
linux-portability (ubuntu-24.04)	Native portability gate (debug and release)	2026-09-20T12:20:15.7885841Z 
linux-portability (ubuntu-24.04)	Native portability gate (debug and release)	2026-09-20T12:20:15.7886157Z test result: ok. 7 passed; 0 failed; 0 ignored; 0 measured; 0 filtered out; finished in 0.01s
linux-portability (ubuntu-24.04)	Native portability gate (debug and release)	2026-09-20T12:20:15.7886692Z 
linux-portability (ubuntu-24.04)	Native portability gate (debug and release)	2026-09-20T12:20:15.7887253Z      Running tests/legacy_locale.rs (target/release/deps/legacy_locale-e731d4d7581709ac)
linux-portability (ubuntu-24.04)	Native portability gate (debug and release)	2026-09-20T12:20:15.7896012Z 
linux-portability (ubuntu-24.04)	Native portability gate (debug and release)	2026-09-20T12:20:15.7896175Z running 6 tests
linux-portability (ubuntu-24.04)	Native portability gate (debug and release)	2026-09-20T12:20:15.8152110Z test byte_positions_ranges_splits_and_substitution_match_c ... ok
linux-portability (ubuntu-24.04)	Native portability gate (debug and release)	2026-09-20T12:20:15.8185747Z test every_nonzero_byte_case_conversion_matches_c ... ok
linux-portability (ubuntu-24.04)	Native portability gate (debug and release)	2026-09-20T12:20:15.8278977Z test nul_preservation_remains_an_explicit_rust_extension ... ok
linux-portability (ubuntu-24.04)	Native portability gate (debug and release)	2026-09-20T12:20:15.8364799Z test legacy_locale_selection_obeys_precedence_and_is_fixed_at_startup ... ok
linux-portability (ubuntu-24.04)	Native portability gate (debug and release)	2026-09-20T12:20:15.8435919Z test required_single_byte_locales_are_active ... ok
linux-portability (ubuntu-24.04)	Native portability gate (debug and release)	2026-09-20T12:20:16.0855681Z test every_nonzero_byte_in_each_posix_class_matches_c ... ok
linux-portability (ubuntu-24.04)	Native portability gate (debug and release)	2026-09-20T12:20:16.0856199Z 
linux-portability (ubuntu-24.04)	Native portability gate (debug and release)	2026-09-20T12:20:16.0856580Z test result: ok. 6 passed; 0 failed; 0 ignored; 0 measured; 0 filtered out; finished in 0.30s
linux-portability (ubuntu-24.04)	Native portability gate (debug and release)	2026-09-20T12:20:16.0857013Z 
linux-portability (ubuntu-24.04)	Native portability gate (debug and release)	2026-09-20T12:20:16.0859052Z      Running tests/runtime_contract.rs (target/release/deps/runtime_contract-a5b4f21c7a931b2a)
linux-portability (ubuntu-24.04)	Native portability gate (debug and release)	2026-09-20T12:20:16.0868411Z 
linux-portability (ubuntu-24.04)	Native portability gate (debug and release)	2026-09-20T12:20:16.0868691Z running 3 tests
linux-portability (ubuntu-24.04)	Native portability gate (debug and release)	2026-09-20T12:20:16.0933954Z test exit_executes_end_and_interrupts_expressions ... ok
linux-portability (ubuntu-24.04)	Native portability gate (debug and release)	2026-09-20T12:20:16.0941093Z test return_escapes_all_loop_forms ... ok
linux-portability (ubuntu-24.04)	Native portability gate (debug and release)	2026-09-20T12:20:16.0941832Z test short_circuit_preserves_side_effects ... ok
linux-portability (ubuntu-24.04)	Native portability gate (debug and release)	2026-09-20T12:20:16.0942355Z 
linux-portability (ubuntu-24.04)	Native portability gate (debug and release)	2026-09-20T12:20:16.0942811Z test result: ok. 3 passed; 0 failed; 0 ignored; 0 measured; 0 filtered out; finished in 0.01s
linux-portability (ubuntu-24.04)	Native portability gate (debug and release)	2026-09-20T12:20:16.0943412Z 
linux-portability (ubuntu-24.04)	Native portability gate (debug and release)	2026-09-20T12:20:16.0944048Z      Running tests/shift_jis.rs (target/release/deps/shift_jis-0d442740585f01dd)
linux-portability (ubuntu-24.04)	Native portability gate (debug and release)	2026-09-20T12:20:16.0952423Z 
linux-portability (ubuntu-24.04)	Native portability gate (debug and release)	2026-09-20T12:20:16.0952586Z running 12 tests
linux-portability (ubuntu-24.04)	Native portability gate (debug and release)	2026-09-20T12:20:16.1092533Z test conversion_failure_preserves_atomic_print_contract ... ok
linux-portability (ubuntu-24.04)	Native portability gate (debug and release)	2026-09-20T12:20:16.1110241Z test embedded_nul_preserves_the_rust_binary_extension ... ok
linux-portability (ubuntu-24.04)	Native portability gate (debug and release)	2026-09-20T12:20:16.1245363Z test decoded_character_with_unencodable_case_mapping_matches_c ... ok
linux-portability (ubuntu-24.04)	Native portability gate (debug and release)	2026-09-20T12:20:16.1354030Z test regex_rs_with_three_or_four_byte_structural_units_matches_c ... ok
linux-portability (ubuntu-24.04)	Native portability gate (debug and release)	2026-09-20T12:20:16.1441376Z test required_sjis_locale_has_observable_case_mapping ... ok
linux-portability (ubuntu-24.04)	Native portability gate (debug and release)	2026-09-20T12:20:16.1886168Z test record_separators_and_locale_precedence_match_c ... ok
linux-portability (ubuntu-24.04)	Native portability gate (debug and release)	2026-09-20T12:20:16.2011218Z test streaming_rs_keeps_binary_data_distinct_from_eof ... ok
linux-portability (ubuntu-24.04)	Native portability gate (debug and release)	2026-09-20T12:20:16.3213429Z test regex_rs_sjis_refill_across_input_buffers_and_getline_matches_c ... ok
linux-portability (ubuntu-24.04)	Native portability gate (debug and release)	2026-09-20T12:20:16.3900908Z test structural_units_regex_fields_and_formatting_match_c ... ok
linux-portability (ubuntu-24.04)	Native portability gate (debug and release)	2026-09-20T12:20:16.4577699Z test valid_case_conversion_and_truncated_suffixes_match_c ... ok
linux-portability (ubuntu-24.04)	Native portability gate (debug and release)	2026-09-20T12:20:18.3298794Z test regex_rs_refill_restart_longest_and_anchors_match_c ... ok
linux-portability (ubuntu-24.04)	Native portability gate (debug and release)	2026-09-20T12:20:25.3436876Z test single_bytes_and_lead_trail_boundaries_match_c ... ok
linux-portability (ubuntu-24.04)	Native portability gate (debug and release)	2026-09-20T12:20:25.3437323Z 
linux-portability (ubuntu-24.04)	Native portability gate (debug and release)	2026-09-20T12:20:25.3437654Z test result: ok. 12 passed; 0 failed; 0 ignored; 0 measured; 0 filtered out; finished in 9.25s
linux-portability (ubuntu-24.04)	Native portability gate (debug and release)	2026-09-20T12:20:25.3438124Z 
linux-portability (ubuntu-24.04)	Native portability gate (debug and release)	2026-09-20T12:20:25.3439972Z      Running tests/unicode_contract.rs (target/release/deps/unicode_contract-697b81754c79b22b)
linux-portability (ubuntu-24.04)	Native portability gate (debug and release)	2026-09-20T12:20:25.3449442Z 
linux-portability (ubuntu-24.04)	Native portability gate (debug and release)	2026-09-20T12:20:25.3449648Z running 10 tests
linux-portability (ubuntu-24.04)	Native portability gate (debug and release)	2026-09-20T12:20:25.3557389Z test binary_nul_extension_and_case_conversion_errors ... ok
linux-portability (ubuntu-24.04)	Native portability gate (debug and release)	2026-09-20T12:20:25.3817922Z test repeated_matches_and_index_inside_a_multibyte_unit ... ok
linux-portability (ubuntu-24.04)	Native portability gate (debug and release)	2026-09-20T12:20:25.4158478Z test required_locales_are_active_in_both_interpreters ... ok
linux-portability (ubuntu-24.04)	Native portability gate (debug and release)	2026-09-20T12:20:25.4488598Z test locale_precedence_and_character_operations ... ok
linux-portability (ubuntu-24.04)	Native portability gate (debug and release)	2026-09-20T12:20:25.4659076Z test boolean_regex_search_preserves_rune_alignment_and_empty_matches ... ok
linux-portability (ubuntu-24.04)	Native portability gate (debug and release)	2026-09-20T12:20:25.4719072Z test unicode_formatting_and_source_escapes ... ok
linux-portability (ubuntu-24.04)	Native portability gate (debug and release)	2026-09-20T12:20:25.5168339Z test utf8_record_separators_across_buffers ... ok
linux-portability (ubuntu-24.04)	Native portability gate (debug and release)	2026-09-20T12:20:25.5318620Z test utf8_regex_empty_matches_and_mixed_bytes ... ok
linux-portability (ubuntu-24.04)	Native portability gate (debug and release)	2026-09-20T12:20:25.5587504Z test unicode_classes_ranges_and_anchors ... ok
linux-portability (ubuntu-24.04)	Native portability gate (debug and release)	2026-09-20T12:20:27.3351809Z test original_utf8_drivers ... ok
linux-portability (ubuntu-24.04)	Native portability gate (debug and release)	2026-09-20T12:20:27.3352312Z 
linux-portability (ubuntu-24.04)	Native portability gate (debug and release)	2026-09-20T12:20:27.3352861Z test result: ok. 10 passed; 0 failed; 0 ignored; 0 measured; 0 filtered out; finished in 1.99s
linux-portability (ubuntu-24.04)	Native portability gate (debug and release)	2026-09-20T12:20:27.3353468Z 
linux-portability (ubuntu-24.04)	Compare all native libc-valid Shift-JIS pairs	﻿2026-09-20T12:20:27.3425885Z ##[group]Run python3 scripts/shift_jis_platform_probe.py --output diary/shift-jis-platform-ci.json
linux-portability (ubuntu-24.04)	Compare all native libc-valid Shift-JIS pairs	2026-09-20T12:20:27.3426678Z [36;1mpython3 scripts/shift_jis_platform_probe.py --output diary/shift-jis-platform-ci.json[0m
linux-portability (ubuntu-24.04)	Compare all native libc-valid Shift-JIS pairs	2026-09-20T12:20:27.3461991Z shell: /usr/bin/bash -e {0}
linux-portability (ubuntu-24.04)	Compare all native libc-valid Shift-JIS pairs	2026-09-20T12:20:27.3462258Z env:
linux-portability (ubuntu-24.04)	Compare all native libc-valid Shift-JIS pairs	2026-09-20T12:20:27.3462448Z   LC_ALL: C
linux-portability (ubuntu-24.04)	Compare all native libc-valid Shift-JIS pairs	2026-09-20T12:20:27.3462654Z   CARGO_INCREMENTAL: 0
linux-portability (ubuntu-24.04)	Compare all native libc-valid Shift-JIS pairs	2026-09-20T12:20:27.3462890Z   RUSTUP_TOOLCHAIN: 1.96.0
linux-portability (ubuntu-24.04)	Compare all native libc-valid Shift-JIS pairs	2026-09-20T12:20:27.3463128Z ##[endgroup]
linux-portability (ubuntu-24.04)	Compare all native libc-valid Shift-JIS pairs	2026-09-20T12:20:27.5283432Z 6879 libc-valid double-byte pairs: upper/lower MATCH
linux-portability (ubuntu-24.04)	Inventory original drivers on this platform	﻿2026-09-20T12:20:27.5389457Z ##[group]Run python3 scripts/full_driver_audit.py --output diary/linux-driver-results-ci.json
linux-portability (ubuntu-24.04)	Inventory original drivers on this platform	2026-09-20T12:20:27.5390201Z [36;1mpython3 scripts/full_driver_audit.py --output diary/linux-driver-results-ci.json[0m
linux-portability (ubuntu-24.04)	Inventory original drivers on this platform	2026-09-20T12:20:27.5425841Z shell: /usr/bin/bash -e {0}
linux-portability (ubuntu-24.04)	Inventory original drivers on this platform	2026-09-20T12:20:27.5426106Z env:
linux-portability (ubuntu-24.04)	Inventory original drivers on this platform	2026-09-20T12:20:27.5426294Z   LC_ALL: C
linux-portability (ubuntu-24.04)	Inventory original drivers on this platform	2026-09-20T12:20:27.5426498Z   CARGO_INCREMENTAL: 0
linux-portability (ubuntu-24.04)	Inventory original drivers on this platform	2026-09-20T12:20:27.5426748Z   RUSTUP_TOOLCHAIN: 1.96.0
linux-portability (ubuntu-24.04)	Inventory original drivers on this platform	2026-09-20T12:20:27.5426989Z ##[endgroup]
linux-portability (ubuntu-24.04)	Inventory original drivers on this platform	2026-09-20T12:20:27.8124145Z T.-f-f pass 
linux-portability (ubuntu-24.04)	Inventory original drivers on this platform	2026-09-20T12:20:28.0573061Z T.argv pass 
linux-portability (ubuntu-24.04)	Inventory original drivers on this platform	2026-09-20T12:20:28.4541871Z T.arnold pass 
linux-portability (ubuntu-24.04)	Inventory original drivers on this platform	2026-09-20T12:20:29.1778820Z T.beebe pass 
linux-portability (ubuntu-24.04)	Inventory original drivers on this platform	2026-09-20T12:20:29.3950938Z T.builtin open BAD: T.builtin (rand)
linux-portability (ubuntu-24.04)	Inventory original drivers on this platform	2026-09-20T12:20:29.6890586Z T.chem pass 
linux-portability (ubuntu-24.04)	Inventory original drivers on this platform	2026-09-20T12:20:30.0375597Z T.close pass 
linux-portability (ubuntu-24.04)	Inventory original drivers on this platform	2026-09-20T12:20:30.3201413Z T.clv pass 
linux-portability (ubuntu-24.04)	Inventory original drivers on this platform	2026-09-20T12:20:30.5034452Z T.csconcat pass 
linux-portability (ubuntu-24.04)	Inventory original drivers on this platform	2026-09-20T12:20:30.8225318Z T.csv pass 
linux-portability (ubuntu-24.04)	Inventory original drivers on this platform	2026-09-20T12:20:31.0067607Z T.delete pass 
linux-portability (ubuntu-24.04)	Inventory original drivers on this platform	2026-09-20T12:20:31.3942743Z T.errmsg reference-failure BAD: illegal primary in regular expression failed BAD: illegal break, continue, next or nextfile from BEGIN failed BAD: illegal break, continue, next or nextfile from END failed BAD: nextfile is illegal inside a function failed BAD: nonterminated character class failed BAD: nonterminated character class failed BAD: nonterminated character cl
linux-portability (ubuntu-24.04)	Inventory original drivers on this platform	2026-09-20T12:20:32.2466001Z T.expr pass 
linux-portability (ubuntu-24.04)	Inventory original drivers on this platform	2026-09-20T12:20:32.4345058Z T.exprconv pass 
linux-portability (ubuntu-24.04)	Inventory original drivers on this platform	2026-09-20T12:20:32.6342803Z T.flags open T.flags: bad no program T.flags: bad can.t open program T.flags: bad can.t open program 2 T.flags: bad missing field separator
linux-portability (ubuntu-24.04)	Inventory original drivers on this platform	2026-09-20T12:20:33.0095307Z T.func pass 
linux-portability (ubuntu-24.04)	Inventory original drivers on this platform	2026-09-20T12:20:34.1489400Z T.gawk pass 
linux-portability (ubuntu-24.04)	Inventory original drivers on this platform	2026-09-20T12:20:34.3735665Z T.getline pass 
linux-portability (ubuntu-24.04)	Inventory original drivers on this platform	2026-09-20T12:20:34.5630719Z T.int-expr pass 
linux-portability (ubuntu-24.04)	Inventory original drivers on this platform	2026-09-20T12:20:34.7672177Z T.latin1 pass 
linux-portability (ubuntu-24.04)	Inventory original drivers on this platform	2026-09-20T12:20:35.7228233Z T.lilly pass 
linux-portability (ubuntu-24.04)	Inventory original drivers on this platform	2026-09-20T12:20:35.9177822Z T.main pass 
linux-portability (ubuntu-24.04)	Inventory original drivers on this platform	2026-09-20T12:20:36.3720308Z T.misc open BAD: T.misc split error BAD: T.misc hello error BAD: T.misc pile error BAD: T.misc gsub banana error BAD: T.misc sub banana error BAD: T.misc lineno BAD: T.misc can't open BAD: T.misc continuation line number BAD: T.misc syntax error line number �BAD: T.misc escape sequences in strings mishandled BAD: T.misc fcn args BAD: T.misc undefine
linux-portability (ubuntu-24.04)	Inventory original drivers on this platform	2026-09-20T12:20:36.7411157Z T.nextfile pass 
linux-portability (ubuntu-24.04)	Inventory original drivers on this platform	2026-09-20T12:20:37.3305479Z T.overflow pass 
linux-portability (ubuntu-24.04)	Inventory original drivers on this platform	2026-09-20T12:20:38.5646063Z T.re pass 
linux-portability (ubuntu-24.04)	Inventory original drivers on this platform	2026-09-20T12:20:38.7524249Z T.recache pass 
linux-portability (ubuntu-24.04)	Inventory original drivers on this platform	2026-09-20T12:20:38.9686377Z T.redir pass 
linux-portability (ubuntu-24.04)	Inventory original drivers on this platform	2026-09-20T12:20:39.2150029Z T.split pass 
linux-portability (ubuntu-24.04)	Inventory original drivers on this platform	2026-09-20T12:20:39.9249669Z T.sub pass 
linux-portability (ubuntu-24.04)	Inventory original drivers on this platform	2026-09-20T12:20:40.1102041Z T.system pass 
linux-portability (ubuntu-24.04)	Inventory original drivers on this platform	2026-09-20T12:20:40.9360770Z T.utf reference-failure test 1.3 failed test 1.4 failed test 1.5 failed test 1.6 failed test 1.7 failed test 1.8 failed test 1.9 failed test 1.10 failed test 1.11 failed test 1.12 failed test 1.13 failed test 1.14 failed test 1.15 failed test 1.16 failed test 1.17 failed test 1.18 failed test 1.19 failed test 1.20 failed test 1.21 fail
linux-portability (ubuntu-24.04)	Inventory original drivers on this platform	2026-09-20T12:20:41.8118742Z T.utfre reference-failure 43 fails ^λ.$ ~ λλ 51 fails ^.해 ~ め해 52 fails ^.해 ~ め해해 64 fails 해* ~  68 fails 해* ~ めめめめ 69 fails 해해* ~ 해 71 fails 해해* ~ め해 84 fails xθ+y ~ xθθy 85 fails xθ+y ~ xθθθθθθy 89 fails xθ?y ~ xy 92 fails θ?b?の? ~  93 fails θ?b?の? ~ x 106 fails [Α-Ω] !~ β 108 fails [^Α-Ω] ~ δ 119 fails [Α-ΔΦ-Ω] !~ Π 120 fails [Α-ΔΦ-Ω] !~ Σ
linux-portability (ubuntu-24.04)	Check original driver contracts and standard streams (debug and release)	﻿2026-09-20T12:20:41.8238965Z ##[group]Run python3 scripts/test_closure_contracts.py
linux-portability (ubuntu-24.04)	Check original driver contracts and standard streams (debug and release)	2026-09-20T12:20:41.8239463Z [36;1mpython3 scripts/test_closure_contracts.py[0m
linux-portability (ubuntu-24.04)	Check original driver contracts and standard streams (debug and release)	2026-09-20T12:20:41.8239831Z [36;1mfor profile in debug release; do[0m
linux-portability (ubuntu-24.04)	Check original driver contracts and standard streams (debug and release)	2026-09-20T12:20:41.8240625Z [36;1m  python3 scripts/full_driver_audit.py --rawk "target/$profile/rawk" --verified --check --output "diary/linux-drivers-verified-$profile-ci.json"[0m
linux-portability (ubuntu-24.04)	Check original driver contracts and standard streams (debug and release)	2026-09-20T12:20:41.8241677Z [36;1m  python3 scripts/linux_driver_probe.py --rawk "target/$profile/rawk" --check --output "diary/linux-driver-probe-$profile-ci.json"[0m
linux-portability (ubuntu-24.04)	Check original driver contracts and standard streams (debug and release)	2026-09-20T12:20:41.8242298Z [36;1mdone[0m
linux-portability (ubuntu-24.04)	Check original driver contracts and standard streams (debug and release)	2026-09-20T12:20:41.8278328Z shell: /usr/bin/bash -e {0}
linux-portability (ubuntu-24.04)	Check original driver contracts and standard streams (debug and release)	2026-09-20T12:20:41.8278593Z env:
linux-portability (ubuntu-24.04)	Check original driver contracts and standard streams (debug and release)	2026-09-20T12:20:41.8278794Z   LC_ALL: C
linux-portability (ubuntu-24.04)	Check original driver contracts and standard streams (debug and release)	2026-09-20T12:20:41.8279006Z   CARGO_INCREMENTAL: 0
linux-portability (ubuntu-24.04)	Check original driver contracts and standard streams (debug and release)	2026-09-20T12:20:41.8279262Z   RUSTUP_TOOLCHAIN: 1.96.0
linux-portability (ubuntu-24.04)	Check original driver contracts and standard streams (debug and release)	2026-09-20T12:20:41.8279509Z ##[endgroup]
linux-portability (ubuntu-24.04)	Check original driver contracts and standard streams (debug and release)	2026-09-20T12:20:41.9000023Z ..
linux-portability (ubuntu-24.04)	Check original driver contracts and standard streams (debug and release)	2026-09-20T12:20:41.9000491Z ----------------------------------------------------------------------
linux-portability (ubuntu-24.04)	Check original driver contracts and standard streams (debug and release)	2026-09-20T12:20:41.9001156Z Ran 2 tests in 0.013s
linux-portability (ubuntu-24.04)	Check original driver contracts and standard streams (debug and release)	2026-09-20T12:20:41.9001378Z 
linux-portability (ubuntu-24.04)	Check original driver contracts and standard streams (debug and release)	2026-09-20T12:20:41.9001503Z OK
linux-portability (ubuntu-24.04)	Check original driver contracts and standard streams (debug and release)	2026-09-20T12:20:42.1914415Z T.-f-f pass 
linux-portability (ubuntu-24.04)	Check original driver contracts and standard streams (debug and release)	2026-09-20T12:20:42.4917498Z T.argv pass 
linux-portability (ubuntu-24.04)	Check original driver contracts and standard streams (debug and release)	2026-09-20T12:20:42.9136143Z T.arnold pass 
linux-portability (ubuntu-24.04)	Check original driver contracts and standard streams (debug and release)	2026-09-20T12:20:44.1171942Z T.beebe pass 
linux-portability (ubuntu-24.04)	Check original driver contracts and standard streams (debug and release)	2026-09-20T12:20:45.0901931Z T.chem pass 
linux-portability (ubuntu-24.04)	Check original driver contracts and standard streams (debug and release)	2026-09-20T12:20:45.4194920Z T.close pass 
linux-portability (ubuntu-24.04)	Check original driver contracts and standard streams (debug and release)	2026-09-20T12:20:45.7539574Z T.clv pass 
linux-portability (ubuntu-24.04)	Check original driver contracts and standard streams (debug and release)	2026-09-20T12:20:45.9540459Z T.csconcat pass 
linux-portability (ubuntu-24.04)	Check original driver contracts and standard streams (debug and release)	2026-09-20T12:20:46.3573614Z T.csv pass 
linux-portability (ubuntu-24.04)	Check original driver contracts and standard streams (debug and release)	2026-09-20T12:20:46.5572746Z T.delete pass 
linux-portability (ubuntu-24.04)	Check original driver contracts and standard streams (debug and release)	2026-09-20T12:20:47.6577832Z T.expr pass 
linux-portability (ubuntu-24.04)	Check original driver contracts and standard streams (debug and release)	2026-09-20T12:20:47.8586558Z T.exprconv pass 
linux-portability (ubuntu-24.04)	Check original driver contracts and standard streams (debug and release)	2026-09-20T12:20:48.8639305Z T.func pass 
linux-portability (ubuntu-24.04)	Check original driver contracts and standard streams (debug and release)	2026-09-20T12:20:53.4693785Z T.gawk pass 
linux-portability (ubuntu-24.04)	Check original driver contracts and standard streams (debug and release)	2026-09-20T12:20:53.7310714Z T.getline pass 
linux-portability (ubuntu-24.04)	Check original driver contracts and standard streams (debug and release)	2026-09-20T12:20:53.9511327Z T.int-expr pass 
linux-portability (ubuntu-24.04)	Check original driver contracts and standard streams (debug and release)	2026-09-20T12:20:54.1913302Z T.latin1 pass 
linux-portability (ubuntu-24.04)	Check original driver contracts and standard streams (debug and release)	2026-09-20T12:20:55.4215222Z T.lilly pass 
linux-portability (ubuntu-24.04)	Check original driver contracts and standard streams (debug and release)	2026-09-20T12:20:55.6410732Z T.main pass 
linux-portability (ubuntu-24.04)	Check original driver contracts and standard streams (debug and release)	2026-09-20T12:20:56.0525157Z T.nextfile pass 
linux-portability (ubuntu-24.04)	Check original driver contracts and standard streams (debug and release)	2026-09-20T12:20:57.6547446Z T.overflow pass 
linux-portability (ubuntu-24.04)	Check original driver contracts and standard streams (debug and release)	2026-09-20T12:20:59.5900594Z T.re pass 
linux-portability (ubuntu-24.04)	Check original driver contracts and standard streams (debug and release)	2026-09-20T12:20:59.8019901Z T.recache pass 
linux-portability (ubuntu-24.04)	Check original driver contracts and standard streams (debug and release)	2026-09-20T12:21:00.0446918Z T.redir pass 
linux-portability (ubuntu-24.04)	Check original driver contracts and standard streams (debug and release)	2026-09-20T12:21:00.3721359Z T.split pass 
linux-portability (ubuntu-24.04)	Check original driver contracts and standard streams (debug and release)	2026-09-20T12:21:01.7968695Z T.sub pass 
linux-portability (ubuntu-24.04)	Check original driver contracts and standard streams (debug and release)	2026-09-20T12:21:02.0010474Z T.system pass 
linux-portability (ubuntu-24.04)	Check original driver contracts and standard streams (debug and release)	2026-09-20T12:21:03.5343243Z Darwin contract mismatches: ['T.errmsg/49', 'T.errmsg/50']
linux-portability (ubuntu-24.04)	Check original driver contracts and standard streams (debug and release)	2026-09-20T12:21:03.5343866Z Native contract mismatches: []
linux-portability (ubuntu-24.04)	Check original driver contracts and standard streams (debug and release)	2026-09-20T12:21:03.7982380Z T.-f-f pass 
linux-portability (ubuntu-24.04)	Check original driver contracts and standard streams (debug and release)	2026-09-20T12:21:04.0395839Z T.argv pass 
linux-portability (ubuntu-24.04)	Check original driver contracts and standard streams (debug and release)	2026-09-20T12:21:04.4109379Z T.arnold pass 
linux-portability (ubuntu-24.04)	Check original driver contracts and standard streams (debug and release)	2026-09-20T12:21:05.0443619Z T.beebe pass 
linux-portability (ubuntu-24.04)	Check original driver contracts and standard streams (debug and release)	2026-09-20T12:21:05.3303584Z T.chem pass 
linux-portability (ubuntu-24.04)	Check original driver contracts and standard streams (debug and release)	2026-09-20T12:21:05.6569528Z T.close pass 
linux-portability (ubuntu-24.04)	Check original driver contracts and standard streams (debug and release)	2026-09-20T12:21:05.9373778Z T.clv pass 
linux-portability (ubuntu-24.04)	Check original driver contracts and standard streams (debug and release)	2026-09-20T12:21:06.1213990Z T.csconcat pass 
linux-portability (ubuntu-24.04)	Check original driver contracts and standard streams (debug and release)	2026-09-20T12:21:06.4403518Z T.csv pass 
linux-portability (ubuntu-24.04)	Check original driver contracts and standard streams (debug and release)	2026-09-20T12:21:06.6241989Z T.delete pass 
linux-portability (ubuntu-24.04)	Check original driver contracts and standard streams (debug and release)	2026-09-20T12:21:07.4817202Z T.expr pass 
linux-portability (ubuntu-24.04)	Check original driver contracts and standard streams (debug and release)	2026-09-20T12:21:07.6643932Z T.exprconv pass 
linux-portability (ubuntu-24.04)	Check original driver contracts and standard streams (debug and release)	2026-09-20T12:21:08.0414232Z T.func pass 
linux-portability (ubuntu-24.04)	Check original driver contracts and standard streams (debug and release)	2026-09-20T12:21:09.2011860Z T.gawk pass 
linux-portability (ubuntu-24.04)	Check original driver contracts and standard streams (debug and release)	2026-09-20T12:21:09.4262797Z T.getline pass 
linux-portability (ubuntu-24.04)	Check original driver contracts and standard streams (debug and release)	2026-09-20T12:21:09.6147187Z T.int-expr pass 
linux-portability (ubuntu-24.04)	Check original driver contracts and standard streams (debug and release)	2026-09-20T12:21:09.8172007Z T.latin1 pass 
linux-portability (ubuntu-24.04)	Check original driver contracts and standard streams (debug and release)	2026-09-20T12:21:10.7681850Z T.lilly pass 
linux-portability (ubuntu-24.04)	Check original driver contracts and standard streams (debug and release)	2026-09-20T12:21:10.9632147Z T.main pass 
linux-portability (ubuntu-24.04)	Check original driver contracts and standard streams (debug and release)	2026-09-20T12:21:11.3300404Z T.nextfile pass 
linux-portability (ubuntu-24.04)	Check original driver contracts and standard streams (debug and release)	2026-09-20T12:21:11.9201502Z T.overflow pass 
linux-portability (ubuntu-24.04)	Check original driver contracts and standard streams (debug and release)	2026-09-20T12:21:13.1496806Z T.re pass 
linux-portability (ubuntu-24.04)	Check original driver contracts and standard streams (debug and release)	2026-09-20T12:21:13.3359487Z T.recache pass 
linux-portability (ubuntu-24.04)	Check original driver contracts and standard streams (debug and release)	2026-09-20T12:21:13.5511852Z T.redir pass 
linux-portability (ubuntu-24.04)	Check original driver contracts and standard streams (debug and release)	2026-09-20T12:21:13.7953346Z T.split pass 
linux-portability (ubuntu-24.04)	Check original driver contracts and standard streams (debug and release)	2026-09-20T12:21:14.5016336Z T.sub pass 
linux-portability (ubuntu-24.04)	Check original driver contracts and standard streams (debug and release)	2026-09-20T12:21:14.6854254Z T.system pass 
linux-portability (ubuntu-24.04)	Check original driver contracts and standard streams (debug and release)	2026-09-20T12:21:15.6963803Z Darwin contract mismatches: ['T.errmsg/49', 'T.errmsg/50']
linux-portability (ubuntu-24.04)	Check original driver contracts and standard streams (debug and release)	2026-09-20T12:21:15.6964702Z Native contract mismatches: []
linux-portability (ubuntu-24.04)	Retain platform evidence	﻿2026-09-20T12:21:15.7128367Z Node 20 is being deprecated. This workflow is running with Node 24 by default. If you need to temporarily use Node 20, you can set the ACTIONS_ALLOW_USE_UNSECURE_NODE_VERSION=true environment variable. For more information see: https://github.blog/changelog/2025-09-19-deprecation-of-node-20-on-github-actions-runners/
linux-portability (ubuntu-24.04)	Retain platform evidence	2026-09-20T12:21:15.7130351Z ##[group]Run actions/upload-artifact@ea165f8d65b6e75b540449e92b4886f43607fa02
linux-portability (ubuntu-24.04)	Retain platform evidence	2026-09-20T12:21:15.7130789Z with:
linux-portability (ubuntu-24.04)	Retain platform evidence	2026-09-20T12:21:15.7131010Z   name: portability-ubuntu-24.04
linux-portability (ubuntu-24.04)	Retain platform evidence	2026-09-20T12:21:15.7132106Z   path: rawk/diary/shift-jis-platform-ci.json
linux-portability (ubuntu-24.04)	Retain platform evidence	rawk/diary/shift-jis-locale-ci.log
linux-portability (ubuntu-24.04)	Retain platform evidence	rawk/diary/format-platform-ci.json
linux-portability (ubuntu-24.04)	Retain platform evidence	rawk/diary/portability-ci.log
linux-portability (ubuntu-24.04)	Retain platform evidence	rawk/diary/linux-driver-results-ci.json
linux-portability (ubuntu-24.04)	Retain platform evidence	rawk/diary/linux-driver-probe-*-ci.json
linux-portability (ubuntu-24.04)	Retain platform evidence	rawk/diary/linux-drivers-verified-*-ci.json
linux-portability (ubuntu-24.04)	Retain platform evidence	
linux-portability (ubuntu-24.04)	Retain platform evidence	2026-09-20T12:21:15.7133226Z   if-no-files-found: error
linux-portability (ubuntu-24.04)	Retain platform evidence	2026-09-20T12:21:15.7133473Z   compression-level: 6
linux-portability (ubuntu-24.04)	Retain platform evidence	2026-09-20T12:21:15.7133694Z   overwrite: false
linux-portability (ubuntu-24.04)	Retain platform evidence	2026-09-20T12:21:15.7133915Z   include-hidden-files: false
linux-portability (ubuntu-24.04)	Retain platform evidence	2026-09-20T12:21:15.7134185Z env:
linux-portability (ubuntu-24.04)	Retain platform evidence	2026-09-20T12:21:15.7134371Z   LC_ALL: C
linux-portability (ubuntu-24.04)	Retain platform evidence	2026-09-20T12:21:15.7134874Z   CARGO_INCREMENTAL: 0
linux-portability (ubuntu-24.04)	Retain platform evidence	2026-09-20T12:21:15.7135176Z   RUSTUP_TOOLCHAIN: 1.96.0
linux-portability (ubuntu-24.04)	Retain platform evidence	2026-09-20T12:21:15.7135416Z ##[endgroup]
linux-portability (ubuntu-24.04)	Retain platform evidence	2026-09-20T12:21:15.8764770Z (node:50934) [DEP0040] DeprecationWarning: The `punycode` module is deprecated. Please use a userland alternative instead.
linux-portability (ubuntu-24.04)	Retain platform evidence	2026-09-20T12:21:15.8765996Z (Use `node --trace-deprecation ...` to show where the warning was created)
linux-portability (ubuntu-24.04)	Retain platform evidence	2026-09-20T12:21:15.8904032Z With the provided path, there will be 9 files uploaded
linux-portability (ubuntu-24.04)	Retain platform evidence	2026-09-20T12:21:15.8910853Z Artifact name is valid!
linux-portability (ubuntu-24.04)	Retain platform evidence	2026-09-20T12:21:15.8911643Z Root directory input is valid!
linux-portability (ubuntu-24.04)	Retain platform evidence	2026-09-20T12:21:16.2753938Z Beginning upload of artifact content to blob storage
linux-portability (ubuntu-24.04)	Retain platform evidence	2026-09-20T12:21:16.3201396Z (node:50934) [DEP0169] DeprecationWarning: `url.parse()` behavior is not standardized and prone to errors that have security implications. Use the WHATWG URL API instead. CVEs are not issued for `url.parse()` vulnerabilities.
linux-portability (ubuntu-24.04)	Retain platform evidence	2026-09-20T12:21:16.8210982Z Uploaded bytes 99164
linux-portability (ubuntu-24.04)	Retain platform evidence	2026-09-20T12:21:16.9019493Z Finished uploading artifact content to blob storage!
linux-portability (ubuntu-24.04)	Retain platform evidence	2026-09-20T12:21:16.9020735Z SHA256 digest of uploaded artifact zip is eec44444dd7649cbe9f586c6ea7a99848bdd2e85ce5d2fef215cba8560b8d18b
linux-portability (ubuntu-24.04)	Retain platform evidence	2026-09-20T12:21:16.9023037Z Finalizing artifact upload
linux-portability (ubuntu-24.04)	Retain platform evidence	2026-09-20T12:21:17.1555778Z Artifact portability-ubuntu-24.04.zip successfully finalized. Artifact ID 10605400214
linux-portability (ubuntu-24.04)	Retain platform evidence	2026-09-20T12:21:17.1557818Z Artifact portability-ubuntu-24.04 has been successfully uploaded! Final size is 99164 bytes. Artifact ID is 10605400214
linux-portability (ubuntu-24.04)	Retain platform evidence	2026-09-20T12:21:17.1566344Z Artifact download URL: https://github.com/francescotinti/rawk/actions/runs/35510218505/artifacts/10605400214
linux-portability (ubuntu-24.04)	Post Run actions/checkout@11bd71901bbe5b1630ceea73d27597364c9af683	﻿2026-09-20T12:21:17.1776475Z Node 20 is being deprecated. This workflow is running with Node 24 by default. If you need to temporarily use Node 20, you can set the ACTIONS_ALLOW_USE_UNSECURE_NODE_VERSION=true environment variable. For more information see: https://github.blog/changelog/2025-09-19-deprecation-of-node-20-on-github-actions-runners/
linux-portability (ubuntu-24.04)	Post Run actions/checkout@11bd71901bbe5b1630ceea73d27597364c9af683	2026-09-20T12:21:17.1777762Z Post job cleanup.
linux-portability (ubuntu-24.04)	Post Run actions/checkout@11bd71901bbe5b1630ceea73d27597364c9af683	2026-09-20T12:21:17.2669190Z [command]/usr/bin/git version
linux-portability (ubuntu-24.04)	Post Run actions/checkout@11bd71901bbe5b1630ceea73d27597364c9af683	2026-09-20T12:21:17.2710555Z git version 2.55.0
linux-portability (ubuntu-24.04)	Post Run actions/checkout@11bd71901bbe5b1630ceea73d27597364c9af683	2026-09-20T12:21:17.2753183Z Temporarily overriding HOME='/home/runner/work/_temp/daf18174-17fa-4b0b-9606-55fef398999b' before making global git config changes
linux-portability (ubuntu-24.04)	Post Run actions/checkout@11bd71901bbe5b1630ceea73d27597364c9af683	2026-09-20T12:21:17.2754961Z Adding repository directory to the temporary git global config as a safe directory
linux-portability (ubuntu-24.04)	Post Run actions/checkout@11bd71901bbe5b1630ceea73d27597364c9af683	2026-09-20T12:21:17.2760310Z [command]/usr/bin/git config --global --add safe.directory /home/runner/work/rawk/rawk/rawk
linux-portability (ubuntu-24.04)	Post Run actions/checkout@11bd71901bbe5b1630ceea73d27597364c9af683	2026-09-20T12:21:17.2798436Z [command]/usr/bin/git config --local --name-only --get-regexp core\.sshCommand
linux-portability (ubuntu-24.04)	Post Run actions/checkout@11bd71901bbe5b1630ceea73d27597364c9af683	2026-09-20T12:21:17.2834827Z [command]/usr/bin/git submodule foreach --recursive sh -c "git config --local --name-only --get-regexp 'core\.sshCommand' && git config --local --unset-all 'core.sshCommand' || :"
linux-portability (ubuntu-24.04)	Post Run actions/checkout@11bd71901bbe5b1630ceea73d27597364c9af683	2026-09-20T12:21:17.3060434Z [command]/usr/bin/git config --local --name-only --get-regexp http\.https\:\/\/github\.com\/\.extraheader
linux-portability (ubuntu-24.04)	Post Run actions/checkout@11bd71901bbe5b1630ceea73d27597364c9af683	2026-09-20T12:21:17.3087400Z http.https://github.com/.extraheader
linux-portability (ubuntu-24.04)	Post Run actions/checkout@11bd71901bbe5b1630ceea73d27597364c9af683	2026-09-20T12:21:17.3099029Z [command]/usr/bin/git config --local --unset-all http.https://github.com/.extraheader
linux-portability (ubuntu-24.04)	Post Run actions/checkout@11bd71901bbe5b1630ceea73d27597364c9af683	2026-09-20T12:21:17.3139970Z [command]/usr/bin/git submodule foreach --recursive sh -c "git config --local --name-only --get-regexp 'http\.https\:\/\/github\.com\/\.extraheader' && git config --local --unset-all 'http.https://github.com/.extraheader' || :"
linux-portability (ubuntu-24.04)	Complete job	﻿2026-09-20T12:21:17.3535273Z Cleaning up orphan processes
linux-portability (ubuntu-24.04)	Complete job	2026-09-20T12:21:17.4103844Z ##[warning]Node.js 20 is deprecated. The following actions target Node.js 20 but are being forced to run on Node.js 24: actions/checkout@11bd71901bbe5b1630ceea73d27597364c9af683, actions/upload-artifact@ea165f8d65b6e75b540449e92b4886f43607fa02. For more information see: https://github.blog/changelog/2025-09-19-deprecation-of-node-20-on-github-actions-runners/
linux-portability (ubuntu-24.04-arm)	Set up job	﻿2026-09-20T12:18:05.9038696Z Current runner version: '2.337.0'
linux-portability (ubuntu-24.04-arm)	Set up job	2026-09-20T12:18:05.9071668Z ##[group]Runner Image Provisioner
linux-portability (ubuntu-24.04-arm)	Set up job	2026-09-20T12:18:05.9072930Z Hosted Compute Agent
linux-portability (ubuntu-24.04-arm)	Set up job	2026-09-20T12:18:05.9073614Z Version: 20260828.587
linux-portability (ubuntu-24.04-arm)	Set up job	2026-09-20T12:18:05.9074376Z Commit: abac92662cab4cc7352de4f9f9d2e2419aad9c29
linux-portability (ubuntu-24.04-arm)	Set up job	2026-09-20T12:18:05.9075146Z Build Date: 2026-08-28T16:44:25Z
linux-portability (ubuntu-24.04-arm)	Set up job	2026-09-20T12:18:05.9075865Z Worker ID: {dfc4a72e-c829-4212-a3b2-97a9412d8f28}
linux-portability (ubuntu-24.04-arm)	Set up job	2026-09-20T12:18:05.9076665Z Azure Region: eastus2
linux-portability (ubuntu-24.04-arm)	Set up job	2026-09-20T12:18:05.9077306Z ##[endgroup]
linux-portability (ubuntu-24.04-arm)	Set up job	2026-09-20T12:18:05.9079255Z ##[group]Operating System
linux-portability (ubuntu-24.04-arm)	Set up job	2026-09-20T12:18:05.9080465Z Ubuntu
linux-portability (ubuntu-24.04-arm)	Set up job	2026-09-20T12:18:05.9081038Z 24.04.5
linux-portability (ubuntu-24.04-arm)	Set up job	2026-09-20T12:18:05.9081738Z LTS
linux-portability (ubuntu-24.04-arm)	Set up job	2026-09-20T12:18:05.9082290Z ##[endgroup]
linux-portability (ubuntu-24.04-arm)	Set up job	2026-09-20T12:18:05.9082831Z ##[group]Runner Image
linux-portability (ubuntu-24.04-arm)	Set up job	2026-09-20T12:18:05.9084069Z Image: ubuntu-24.04-arm
linux-portability (ubuntu-24.04-arm)	Set up job	2026-09-20T12:18:05.9084752Z Version: 20260907.118.1
linux-portability (ubuntu-24.04-arm)	Set up job	2026-09-20T12:18:05.9085968Z Included Software: https://github.com/actions/runner-images/blob/ubuntu24-arm64/20260907.118/images/ubuntu/Ubuntu2404-Arm64-Readme.md
linux-portability (ubuntu-24.04-arm)	Set up job	2026-09-20T12:18:05.9087887Z Image Release: https://github.com/actions/runner-images/releases/tag/ubuntu24-arm64%2F20260907.118
linux-portability (ubuntu-24.04-arm)	Set up job	2026-09-20T12:18:05.9089021Z ##[endgroup]
linux-portability (ubuntu-24.04-arm)	Set up job	2026-09-20T12:18:05.9090450Z ##[group]GITHUB_TOKEN Permissions
linux-portability (ubuntu-24.04-arm)	Set up job	2026-09-20T12:18:05.9093680Z Contents: read
linux-portability (ubuntu-24.04-arm)	Set up job	2026-09-20T12:18:05.9094367Z Metadata: read
linux-portability (ubuntu-24.04-arm)	Set up job	2026-09-20T12:18:05.9095051Z ##[endgroup]
linux-portability (ubuntu-24.04-arm)	Set up job	2026-09-20T12:18:05.9097890Z Secret source: Actions
linux-portability (ubuntu-24.04-arm)	Set up job	2026-09-20T12:18:05.9099123Z Cache mode: write
linux-portability (ubuntu-24.04-arm)	Set up job	2026-09-20T12:18:05.9100499Z Prepare workflow directory
linux-portability (ubuntu-24.04-arm)	Set up job	2026-09-20T12:18:05.9635356Z Prepare all required actions
linux-portability (ubuntu-24.04-arm)	Set up job	2026-09-20T12:18:05.9691061Z Getting action download info
linux-portability (ubuntu-24.04-arm)	Set up job	2026-09-20T12:18:06.1782282Z Download action repository 'actions/checkout@11bd71901bbe5b1630ceea73d27597364c9af683' (SHA:11bd71901bbe5b1630ceea73d27597364c9af683)
linux-portability (ubuntu-24.04-arm)	Set up job	2026-09-20T12:18:06.3127619Z Download action repository 'actions/upload-artifact@ea165f8d65b6e75b540449e92b4886f43607fa02' (SHA:ea165f8d65b6e75b540449e92b4886f43607fa02)
linux-portability (ubuntu-24.04-arm)	Set up job	2026-09-20T12:18:06.5310706Z Complete job name: linux-portability (ubuntu-24.04-arm)
linux-portability (ubuntu-24.04-arm)	Run actions/checkout@11bd71901bbe5b1630ceea73d27597364c9af683	﻿2026-09-20T12:18:06.6153012Z Node 20 is being deprecated. This workflow is running with Node 24 by default. If you need to temporarily use Node 20, you can set the ACTIONS_ALLOW_USE_UNSECURE_NODE_VERSION=true environment variable. For more information see: https://github.blog/changelog/2025-09-19-deprecation-of-node-20-on-github-actions-runners/
linux-portability (ubuntu-24.04-arm)	Run actions/checkout@11bd71901bbe5b1630ceea73d27597364c9af683	2026-09-20T12:18:06.6162776Z ##[group]Run actions/checkout@11bd71901bbe5b1630ceea73d27597364c9af683
linux-portability (ubuntu-24.04-arm)	Run actions/checkout@11bd71901bbe5b1630ceea73d27597364c9af683	2026-09-20T12:18:06.6164129Z with:
linux-portability (ubuntu-24.04-arm)	Run actions/checkout@11bd71901bbe5b1630ceea73d27597364c9af683	2026-09-20T12:18:06.6164776Z   path: rawk
linux-portability (ubuntu-24.04-arm)	Run actions/checkout@11bd71901bbe5b1630ceea73d27597364c9af683	2026-09-20T12:18:06.6165373Z   repository: francescotinti/rawk
linux-portability (ubuntu-24.04-arm)	Run actions/checkout@11bd71901bbe5b1630ceea73d27597364c9af683	2026-09-20T12:18:06.6169174Z   token: ***
linux-portability (ubuntu-24.04-arm)	Run actions/checkout@11bd71901bbe5b1630ceea73d27597364c9af683	2026-09-20T12:18:06.6169792Z   ssh-strict: true
linux-portability (ubuntu-24.04-arm)	Run actions/checkout@11bd71901bbe5b1630ceea73d27597364c9af683	2026-09-20T12:18:06.6170711Z   ssh-user: git
linux-portability (ubuntu-24.04-arm)	Run actions/checkout@11bd71901bbe5b1630ceea73d27597364c9af683	2026-09-20T12:18:06.6171291Z   persist-credentials: true
linux-portability (ubuntu-24.04-arm)	Run actions/checkout@11bd71901bbe5b1630ceea73d27597364c9af683	2026-09-20T12:18:06.6171885Z   clean: true
linux-portability (ubuntu-24.04-arm)	Run actions/checkout@11bd71901bbe5b1630ceea73d27597364c9af683	2026-09-20T12:18:06.6172640Z   sparse-checkout-cone-mode: true
linux-portability (ubuntu-24.04-arm)	Run actions/checkout@11bd71901bbe5b1630ceea73d27597364c9af683	2026-09-20T12:18:06.6173293Z   fetch-depth: 1
linux-portability (ubuntu-24.04-arm)	Run actions/checkout@11bd71901bbe5b1630ceea73d27597364c9af683	2026-09-20T12:18:06.6173844Z   fetch-tags: false
linux-portability (ubuntu-24.04-arm)	Run actions/checkout@11bd71901bbe5b1630ceea73d27597364c9af683	2026-09-20T12:18:06.6174557Z   show-progress: true
linux-portability (ubuntu-24.04-arm)	Run actions/checkout@11bd71901bbe5b1630ceea73d27597364c9af683	2026-09-20T12:18:06.6175581Z   lfs: false
linux-portability (ubuntu-24.04-arm)	Run actions/checkout@11bd71901bbe5b1630ceea73d27597364c9af683	2026-09-20T12:18:06.6176259Z   submodules: false
linux-portability (ubuntu-24.04-arm)	Run actions/checkout@11bd71901bbe5b1630ceea73d27597364c9af683	2026-09-20T12:18:06.6176871Z   set-safe-directory: true
linux-portability (ubuntu-24.04-arm)	Run actions/checkout@11bd71901bbe5b1630ceea73d27597364c9af683	2026-09-20T12:18:06.6178064Z env:
linux-portability (ubuntu-24.04-arm)	Run actions/checkout@11bd71901bbe5b1630ceea73d27597364c9af683	2026-09-20T12:18:06.6178669Z   LC_ALL: C
linux-portability (ubuntu-24.04-arm)	Run actions/checkout@11bd71901bbe5b1630ceea73d27597364c9af683	2026-09-20T12:18:06.6179249Z   CARGO_INCREMENTAL: 0
linux-portability (ubuntu-24.04-arm)	Run actions/checkout@11bd71901bbe5b1630ceea73d27597364c9af683	2026-09-20T12:18:06.6180527Z   RUSTUP_TOOLCHAIN: 1.96.0
linux-portability (ubuntu-24.04-arm)	Run actions/checkout@11bd71901bbe5b1630ceea73d27597364c9af683	2026-09-20T12:18:06.6181163Z ##[endgroup]
linux-portability (ubuntu-24.04-arm)	Run actions/checkout@11bd71901bbe5b1630ceea73d27597364c9af683	2026-09-20T12:18:06.7077475Z Syncing repository: francescotinti/rawk
linux-portability (ubuntu-24.04-arm)	Run actions/checkout@11bd71901bbe5b1630ceea73d27597364c9af683	2026-09-20T12:18:06.7080459Z ##[group]Getting Git version info
linux-portability (ubuntu-24.04-arm)	Run actions/checkout@11bd71901bbe5b1630ceea73d27597364c9af683	2026-09-20T12:18:06.7081419Z Working directory is '/home/runner/work/rawk/rawk/rawk'
linux-portability (ubuntu-24.04-arm)	Run actions/checkout@11bd71901bbe5b1630ceea73d27597364c9af683	2026-09-20T12:18:06.7082723Z [command]/usr/bin/git version
linux-portability (ubuntu-24.04-arm)	Run actions/checkout@11bd71901bbe5b1630ceea73d27597364c9af683	2026-09-20T12:18:06.7146055Z git version 2.55.0
linux-portability (ubuntu-24.04-arm)	Run actions/checkout@11bd71901bbe5b1630ceea73d27597364c9af683	2026-09-20T12:18:06.7165349Z ##[endgroup]
linux-portability (ubuntu-24.04-arm)	Run actions/checkout@11bd71901bbe5b1630ceea73d27597364c9af683	2026-09-20T12:18:06.7177546Z Temporarily overriding HOME='/home/runner/work/_temp/f0476550-70ce-48ab-9bf7-157f7959e9a0' before making global git config changes
linux-portability (ubuntu-24.04-arm)	Run actions/checkout@11bd71901bbe5b1630ceea73d27597364c9af683	2026-09-20T12:18:06.7179360Z Adding repository directory to the temporary git global config as a safe directory
linux-portability (ubuntu-24.04-arm)	Run actions/checkout@11bd71901bbe5b1630ceea73d27597364c9af683	2026-09-20T12:18:06.7182764Z [command]/usr/bin/git config --global --add safe.directory /home/runner/work/rawk/rawk/rawk
linux-portability (ubuntu-24.04-arm)	Run actions/checkout@11bd71901bbe5b1630ceea73d27597364c9af683	2026-09-20T12:18:06.7215929Z ##[group]Initializing the repository
linux-portability (ubuntu-24.04-arm)	Run actions/checkout@11bd71901bbe5b1630ceea73d27597364c9af683	2026-09-20T12:18:06.7220761Z [command]/usr/bin/git init /home/runner/work/rawk/rawk/rawk
linux-portability (ubuntu-24.04-arm)	Run actions/checkout@11bd71901bbe5b1630ceea73d27597364c9af683	2026-09-20T12:18:06.7347790Z hint: Using 'master' as the name for the initial branch. This default branch name
linux-portability (ubuntu-24.04-arm)	Run actions/checkout@11bd71901bbe5b1630ceea73d27597364c9af683	2026-09-20T12:18:06.7349652Z hint: will change to "main" in Git 3.0. To configure the initial branch name
linux-portability (ubuntu-24.04-arm)	Run actions/checkout@11bd71901bbe5b1630ceea73d27597364c9af683	2026-09-20T12:18:06.7351722Z hint: to use in all of your new repositories, which will suppress this warning,
linux-portability (ubuntu-24.04-arm)	Run actions/checkout@11bd71901bbe5b1630ceea73d27597364c9af683	2026-09-20T12:18:06.7352850Z hint: call:
linux-portability (ubuntu-24.04-arm)	Run actions/checkout@11bd71901bbe5b1630ceea73d27597364c9af683	2026-09-20T12:18:06.7353379Z hint:
linux-portability (ubuntu-24.04-arm)	Run actions/checkout@11bd71901bbe5b1630ceea73d27597364c9af683	2026-09-20T12:18:06.7354123Z hint: 	git config --global init.defaultBranch <name>
linux-portability (ubuntu-24.04-arm)	Run actions/checkout@11bd71901bbe5b1630ceea73d27597364c9af683	2026-09-20T12:18:06.7354899Z hint:
linux-portability (ubuntu-24.04-arm)	Run actions/checkout@11bd71901bbe5b1630ceea73d27597364c9af683	2026-09-20T12:18:06.7355614Z hint: Names commonly chosen instead of 'master' are 'main', 'trunk' and
linux-portability (ubuntu-24.04-arm)	Run actions/checkout@11bd71901bbe5b1630ceea73d27597364c9af683	2026-09-20T12:18:06.7356712Z hint: 'development'. The just-created branch can be renamed via this command:
linux-portability (ubuntu-24.04-arm)	Run actions/checkout@11bd71901bbe5b1630ceea73d27597364c9af683	2026-09-20T12:18:06.7357653Z hint:
linux-portability (ubuntu-24.04-arm)	Run actions/checkout@11bd71901bbe5b1630ceea73d27597364c9af683	2026-09-20T12:18:06.7358295Z hint: 	git branch -m <name>
linux-portability (ubuntu-24.04-arm)	Run actions/checkout@11bd71901bbe5b1630ceea73d27597364c9af683	2026-09-20T12:18:06.7358954Z hint:
linux-portability (ubuntu-24.04-arm)	Run actions/checkout@11bd71901bbe5b1630ceea73d27597364c9af683	2026-09-20T12:18:06.7359729Z hint: Disable this message with "git config set advice.defaultBranchName false"
linux-portability (ubuntu-24.04-arm)	Run actions/checkout@11bd71901bbe5b1630ceea73d27597364c9af683	2026-09-20T12:18:06.7361155Z Initialized empty Git repository in /home/runner/work/rawk/rawk/rawk/.git/
linux-portability (ubuntu-24.04-arm)	Run actions/checkout@11bd71901bbe5b1630ceea73d27597364c9af683	2026-09-20T12:18:06.7369721Z [command]/usr/bin/git remote add origin https://github.com/francescotinti/rawk
linux-portability (ubuntu-24.04-arm)	Run actions/checkout@11bd71901bbe5b1630ceea73d27597364c9af683	2026-09-20T12:18:06.7414167Z ##[endgroup]
linux-portability (ubuntu-24.04-arm)	Run actions/checkout@11bd71901bbe5b1630ceea73d27597364c9af683	2026-09-20T12:18:06.7415451Z ##[group]Disabling automatic garbage collection
linux-portability (ubuntu-24.04-arm)	Run actions/checkout@11bd71901bbe5b1630ceea73d27597364c9af683	2026-09-20T12:18:06.7416264Z [command]/usr/bin/git config --local gc.auto 0
linux-portability (ubuntu-24.04-arm)	Run actions/checkout@11bd71901bbe5b1630ceea73d27597364c9af683	2026-09-20T12:18:06.7443854Z ##[endgroup]
linux-portability (ubuntu-24.04-arm)	Run actions/checkout@11bd71901bbe5b1630ceea73d27597364c9af683	2026-09-20T12:18:06.7445414Z ##[group]Setting up auth
linux-portability (ubuntu-24.04-arm)	Run actions/checkout@11bd71901bbe5b1630ceea73d27597364c9af683	2026-09-20T12:18:06.7446543Z [command]/usr/bin/git config --local --name-only --get-regexp core\.sshCommand
linux-portability (ubuntu-24.04-arm)	Run actions/checkout@11bd71901bbe5b1630ceea73d27597364c9af683	2026-09-20T12:18:06.7472669Z [command]/usr/bin/git submodule foreach --recursive sh -c "git config --local --name-only --get-regexp 'core\.sshCommand' && git config --local --unset-all 'core.sshCommand' || :"
linux-portability (ubuntu-24.04-arm)	Run actions/checkout@11bd71901bbe5b1630ceea73d27597364c9af683	2026-09-20T12:18:06.7832479Z [command]/usr/bin/git config --local --name-only --get-regexp http\.https\:\/\/github\.com\/\.extraheader
linux-portability (ubuntu-24.04-arm)	Run actions/checkout@11bd71901bbe5b1630ceea73d27597364c9af683	2026-09-20T12:18:06.7862705Z [command]/usr/bin/git submodule foreach --recursive sh -c "git config --local --name-only --get-regexp 'http\.https\:\/\/github\.com\/\.extraheader' && git config --local --unset-all 'http.https://github.com/.extraheader' || :"
linux-portability (ubuntu-24.04-arm)	Run actions/checkout@11bd71901bbe5b1630ceea73d27597364c9af683	2026-09-20T12:18:06.8051842Z [command]/usr/bin/git config --local http.https://github.com/.extraheader AUTHORIZATION: basic ***
linux-portability (ubuntu-24.04-arm)	Run actions/checkout@11bd71901bbe5b1630ceea73d27597364c9af683	2026-09-20T12:18:06.8090646Z ##[endgroup]
linux-portability (ubuntu-24.04-arm)	Run actions/checkout@11bd71901bbe5b1630ceea73d27597364c9af683	2026-09-20T12:18:06.8091878Z ##[group]Fetching the repository
linux-portability (ubuntu-24.04-arm)	Run actions/checkout@11bd71901bbe5b1630ceea73d27597364c9af683	2026-09-20T12:18:06.8099505Z [command]/usr/bin/git -c protocol.version=2 fetch --no-tags --prune --no-recurse-submodules --depth=1 origin +b1adc821e768a2d16567fc1f4b36a94aced17c8c:refs/remotes/origin/master
linux-portability (ubuntu-24.04-arm)	Run actions/checkout@11bd71901bbe5b1630ceea73d27597364c9af683	2026-09-20T12:18:07.1867605Z From https://github.com/francescotinti/rawk
linux-portability (ubuntu-24.04-arm)	Run actions/checkout@11bd71901bbe5b1630ceea73d27597364c9af683	2026-09-20T12:18:07.1869062Z  * [new ref]         b1adc821e768a2d16567fc1f4b36a94aced17c8c -> origin/master
linux-portability (ubuntu-24.04-arm)	Run actions/checkout@11bd71901bbe5b1630ceea73d27597364c9af683	2026-09-20T12:18:07.1884055Z ##[endgroup]
linux-portability (ubuntu-24.04-arm)	Run actions/checkout@11bd71901bbe5b1630ceea73d27597364c9af683	2026-09-20T12:18:07.1885360Z ##[group]Determining the checkout info
linux-portability (ubuntu-24.04-arm)	Run actions/checkout@11bd71901bbe5b1630ceea73d27597364c9af683	2026-09-20T12:18:07.1886601Z ##[endgroup]
linux-portability (ubuntu-24.04-arm)	Run actions/checkout@11bd71901bbe5b1630ceea73d27597364c9af683	2026-09-20T12:18:07.1887491Z [command]/usr/bin/git sparse-checkout disable
linux-portability (ubuntu-24.04-arm)	Run actions/checkout@11bd71901bbe5b1630ceea73d27597364c9af683	2026-09-20T12:18:07.1925517Z [command]/usr/bin/git config --local --unset-all extensions.worktreeConfig
linux-portability (ubuntu-24.04-arm)	Run actions/checkout@11bd71901bbe5b1630ceea73d27597364c9af683	2026-09-20T12:18:07.1953849Z ##[group]Checking out the ref
linux-portability (ubuntu-24.04-arm)	Run actions/checkout@11bd71901bbe5b1630ceea73d27597364c9af683	2026-09-20T12:18:07.1956583Z [command]/usr/bin/git checkout --progress --force -B master refs/remotes/origin/master
linux-portability (ubuntu-24.04-arm)	Run actions/checkout@11bd71901bbe5b1630ceea73d27597364c9af683	2026-09-20T12:18:07.2181915Z Reset branch 'master'
linux-portability (ubuntu-24.04-arm)	Run actions/checkout@11bd71901bbe5b1630ceea73d27597364c9af683	2026-09-20T12:18:07.2194787Z branch 'master' set up to track 'origin/master'.
linux-portability (ubuntu-24.04-arm)	Run actions/checkout@11bd71901bbe5b1630ceea73d27597364c9af683	2026-09-20T12:18:07.2203192Z ##[endgroup]
linux-portability (ubuntu-24.04-arm)	Run actions/checkout@11bd71901bbe5b1630ceea73d27597364c9af683	2026-09-20T12:18:07.2230776Z [command]/usr/bin/git log -1 --format=%H
linux-portability (ubuntu-24.04-arm)	Run actions/checkout@11bd71901bbe5b1630ceea73d27597364c9af683	2026-09-20T12:18:07.2252471Z b1adc821e768a2d16567fc1f4b36a94aced17c8c
linux-portability (ubuntu-24.04-arm)	Install pinned Rust toolchain	﻿2026-09-20T12:18:07.2497019Z ##[group]Run rustup toolchain install 1.96.0 --profile minimal --component rustfmt --component clippy
linux-portability (ubuntu-24.04-arm)	Install pinned Rust toolchain	2026-09-20T12:18:07.2499665Z [36;1mrustup toolchain install 1.96.0 --profile minimal --component rustfmt --component clippy[0m
linux-portability (ubuntu-24.04-arm)	Install pinned Rust toolchain	2026-09-20T12:18:07.2615419Z shell: /usr/bin/bash -e {0}
linux-portability (ubuntu-24.04-arm)	Install pinned Rust toolchain	2026-09-20T12:18:07.2616499Z env:
linux-portability (ubuntu-24.04-arm)	Install pinned Rust toolchain	2026-09-20T12:18:07.2617571Z   LC_ALL: C
linux-portability (ubuntu-24.04-arm)	Install pinned Rust toolchain	2026-09-20T12:18:07.2618435Z   CARGO_INCREMENTAL: 0
linux-portability (ubuntu-24.04-arm)	Install pinned Rust toolchain	2026-09-20T12:18:07.2619406Z   RUSTUP_TOOLCHAIN: 1.96.0
linux-portability (ubuntu-24.04-arm)	Install pinned Rust toolchain	2026-09-20T12:18:07.2620583Z ##[endgroup]
linux-portability (ubuntu-24.04-arm)	Install pinned Rust toolchain	2026-09-20T12:18:07.3096069Z info: syncing channel updates for 1.96.0-aarch64-unknown-linux-gnu
linux-portability (ubuntu-24.04-arm)	Install pinned Rust toolchain	2026-09-20T12:18:07.4609763Z info: latest update on 2026-05-28 for version 1.96.0 (ac68faa20 2026-05-25)
linux-portability (ubuntu-24.04-arm)	Install pinned Rust toolchain	2026-09-20T12:18:07.4611833Z info: downloading 5 components
linux-portability (ubuntu-24.04-arm)	Install pinned Rust toolchain	2026-09-20T12:18:12.6906997Z 
linux-portability (ubuntu-24.04-arm)	Install pinned Rust toolchain	2026-09-20T12:18:12.6968755Z   1.96.0-aarch64-unknown-linux-gnu installed - rustc 1.96.0 (ac68faa20 2026-05-25)
linux-portability (ubuntu-24.04-arm)	Install pinned Rust toolchain	2026-09-20T12:18:12.6970367Z 
linux-portability (ubuntu-24.04-arm)	Prepare tested locales and C build tools	﻿2026-09-20T12:18:12.7130786Z ##[group]Run sudo apt-get update
linux-portability (ubuntu-24.04-arm)	Prepare tested locales and C build tools	2026-09-20T12:18:12.7131531Z [36;1msudo apt-get update[0m
linux-portability (ubuntu-24.04-arm)	Prepare tested locales and C build tools	2026-09-20T12:18:12.7131961Z [36;1msudo apt-get install -y build-essential bison locales[0m
linux-portability (ubuntu-24.04-arm)	Prepare tested locales and C build tools	2026-09-20T12:18:12.7132516Z [36;1msudo localedef -i en_US -f UTF-8 en_US.UTF-8[0m
linux-portability (ubuntu-24.04-arm)	Prepare tested locales and C build tools	2026-09-20T12:18:12.7133024Z [36;1msudo localedef -i tr_TR -f UTF-8 tr_TR.UTF-8[0m
linux-portability (ubuntu-24.04-arm)	Prepare tested locales and C build tools	2026-09-20T12:18:12.7133453Z [36;1msudo localedef -i en_US -f ISO-8859-1 en_US.ISO8859-1[0m
linux-portability (ubuntu-24.04-arm)	Prepare tested locales and C build tools	2026-09-20T12:18:12.7133974Z [36;1msudo localedef -i tr_TR -f ISO-8859-9 tr_TR.ISO8859-9[0m
linux-portability (ubuntu-24.04-arm)	Prepare tested locales and C build tools	2026-09-20T12:18:12.7134468Z [36;1msudo localedef --no-warnings=ascii -i ja_JP -f SHIFT_JIS ja_JP.SJIS[0m
linux-portability (ubuntu-24.04-arm)	Prepare tested locales and C build tools	2026-09-20T12:18:12.7134953Z [36;1mlocale -a[0m
linux-portability (ubuntu-24.04-arm)	Prepare tested locales and C build tools	2026-09-20T12:18:12.7135492Z [36;1mcc -std=c11 -Wall -Wextra -Werror scripts/shift_jis_locale_probe.c -o /tmp/rawk-sjis-locale-probe[0m
linux-portability (ubuntu-24.04-arm)	Prepare tested locales and C build tools	2026-09-20T12:18:12.7136064Z [36;1mset -o pipefail[0m
linux-portability (ubuntu-24.04-arm)	Prepare tested locales and C build tools	2026-09-20T12:18:12.7136526Z [36;1m/tmp/rawk-sjis-locale-probe 2>&1 | tee diary/shift-jis-locale-ci.log[0m
linux-portability (ubuntu-24.04-arm)	Prepare tested locales and C build tools	2026-09-20T12:18:12.7177307Z shell: /usr/bin/bash -e {0}
linux-portability (ubuntu-24.04-arm)	Prepare tested locales and C build tools	2026-09-20T12:18:12.7177717Z env:
linux-portability (ubuntu-24.04-arm)	Prepare tested locales and C build tools	2026-09-20T12:18:12.7178059Z   LC_ALL: C
linux-portability (ubuntu-24.04-arm)	Prepare tested locales and C build tools	2026-09-20T12:18:12.7178340Z   CARGO_INCREMENTAL: 0
linux-portability (ubuntu-24.04-arm)	Prepare tested locales and C build tools	2026-09-20T12:18:12.7178655Z   RUSTUP_TOOLCHAIN: 1.96.0
linux-portability (ubuntu-24.04-arm)	Prepare tested locales and C build tools	2026-09-20T12:18:12.7179059Z ##[endgroup]
linux-portability (ubuntu-24.04-arm)	Prepare tested locales and C build tools	2026-09-20T12:18:12.8315225Z Get:1 https://packages.microsoft.com/ubuntu/24.04/prod noble InRelease [3600 B]
linux-portability (ubuntu-24.04-arm)	Prepare tested locales and C build tools	2026-09-20T12:18:12.8852414Z Get:2 https://packages.microsoft.com/ubuntu/24.04/prod noble/main arm64 Packages [429 kB]
linux-portability (ubuntu-24.04-arm)	Prepare tested locales and C build tools	2026-09-20T12:18:12.8996008Z Get:3 https://packages.microsoft.com/ubuntu/24.04/prod noble/main amd64 Packages [478 kB]
linux-portability (ubuntu-24.04-arm)	Prepare tested locales and C build tools	2026-09-20T12:18:13.2034327Z Hit:4 http://ports.ubuntu.com/ubuntu-ports noble InRelease
linux-portability (ubuntu-24.04-arm)	Prepare tested locales and C build tools	2026-09-20T12:18:13.3126557Z Get:5 http://ports.ubuntu.com/ubuntu-ports noble-updates InRelease [126 kB]
linux-portability (ubuntu-24.04-arm)	Prepare tested locales and C build tools	2026-09-20T12:18:13.7829098Z Get:6 http://ports.ubuntu.com/ubuntu-ports noble-backports InRelease [126 kB]
linux-portability (ubuntu-24.04-arm)	Prepare tested locales and C build tools	2026-09-20T12:18:14.0075299Z Get:7 http://ports.ubuntu.com/ubuntu-ports noble-security InRelease [126 kB]
linux-portability (ubuntu-24.04-arm)	Prepare tested locales and C build tools	2026-09-20T12:18:14.1585792Z Get:8 http://ports.ubuntu.com/ubuntu-ports noble-updates/main arm64 Packages [1323 kB]
linux-portability (ubuntu-24.04-arm)	Prepare tested locales and C build tools	2026-09-20T12:18:14.6471882Z Get:9 http://ports.ubuntu.com/ubuntu-ports noble-updates/main Translation-en [294 kB]
linux-portability (ubuntu-24.04-arm)	Prepare tested locales and C build tools	2026-09-20T12:18:14.7770274Z Get:10 http://ports.ubuntu.com/ubuntu-ports noble-updates/main arm64 Components [178 kB]
linux-portability (ubuntu-24.04-arm)	Prepare tested locales and C build tools	2026-09-20T12:18:14.8980648Z Get:11 http://ports.ubuntu.com/ubuntu-ports noble-updates/universe arm64 Packages [1734 kB]
linux-portability (ubuntu-24.04-arm)	Prepare tested locales and C build tools	2026-09-20T12:18:15.1742060Z Get:12 http://ports.ubuntu.com/ubuntu-ports noble-updates/universe Translation-en [338 kB]
linux-portability (ubuntu-24.04-arm)	Prepare tested locales and C build tools	2026-09-20T12:18:15.2966604Z Get:13 http://ports.ubuntu.com/ubuntu-ports noble-updates/universe arm64 Components [387 kB]
linux-portability (ubuntu-24.04-arm)	Prepare tested locales and C build tools	2026-09-20T12:18:15.4205188Z Get:14 http://ports.ubuntu.com/ubuntu-ports noble-updates/restricted arm64 Packages [2347 kB]
linux-portability (ubuntu-24.04-arm)	Prepare tested locales and C build tools	2026-09-20T12:18:15.6594102Z Get:15 http://ports.ubuntu.com/ubuntu-ports noble-updates/restricted Translation-en [359 kB]
linux-portability (ubuntu-24.04-arm)	Prepare tested locales and C build tools	2026-09-20T12:18:15.7750904Z Get:16 http://ports.ubuntu.com/ubuntu-ports noble-updates/multiverse arm64 Packages [78.0 kB]
linux-portability (ubuntu-24.04-arm)	Prepare tested locales and C build tools	2026-09-20T12:18:15.8849308Z Get:17 http://ports.ubuntu.com/ubuntu-ports noble-updates/multiverse Translation-en [13.1 kB]
linux-portability (ubuntu-24.04-arm)	Prepare tested locales and C build tools	2026-09-20T12:18:16.1444522Z Get:18 http://ports.ubuntu.com/ubuntu-ports noble-backports/main arm64 Packages [65.8 kB]
linux-portability (ubuntu-24.04-arm)	Prepare tested locales and C build tools	2026-09-20T12:18:16.2567604Z Get:19 http://ports.ubuntu.com/ubuntu-ports noble-backports/main arm64 Components [3556 B]
linux-portability (ubuntu-24.04-arm)	Prepare tested locales and C build tools	2026-09-20T12:18:16.3662815Z Get:20 http://ports.ubuntu.com/ubuntu-ports noble-backports/universe arm64 Packages [34.9 kB]
linux-portability (ubuntu-24.04-arm)	Prepare tested locales and C build tools	2026-09-20T12:18:16.4761766Z Get:21 http://ports.ubuntu.com/ubuntu-ports noble-backports/universe Translation-en [18.7 kB]
linux-portability (ubuntu-24.04-arm)	Prepare tested locales and C build tools	2026-09-20T12:18:16.5857610Z Get:22 http://ports.ubuntu.com/ubuntu-ports noble-backports/universe arm64 Components [12.6 kB]
linux-portability (ubuntu-24.04-arm)	Prepare tested locales and C build tools	2026-09-20T12:18:16.6955722Z Get:23 http://ports.ubuntu.com/ubuntu-ports noble-security/main arm64 Packages [1074 kB]
linux-portability (ubuntu-24.04-arm)	Prepare tested locales and C build tools	2026-09-20T12:18:16.8257768Z Get:24 http://ports.ubuntu.com/ubuntu-ports noble-security/main Translation-en [214 kB]
linux-portability (ubuntu-24.04-arm)	Prepare tested locales and C build tools	2026-09-20T12:18:16.9381902Z Get:25 http://ports.ubuntu.com/ubuntu-ports noble-security/main arm64 Components [43.3 kB]
linux-portability (ubuntu-24.04-arm)	Prepare tested locales and C build tools	2026-09-20T12:18:17.0481685Z Get:26 http://ports.ubuntu.com/ubuntu-ports noble-security/universe arm64 Packages [1289 kB]
linux-portability (ubuntu-24.04-arm)	Prepare tested locales and C build tools	2026-09-20T12:18:17.1829332Z Get:27 http://ports.ubuntu.com/ubuntu-ports noble-security/universe Translation-en [243 kB]
linux-portability (ubuntu-24.04-arm)	Prepare tested locales and C build tools	2026-09-20T12:18:17.2964047Z Get:28 http://ports.ubuntu.com/ubuntu-ports noble-security/universe arm64 Components [76.3 kB]
linux-portability (ubuntu-24.04-arm)	Prepare tested locales and C build tools	2026-09-20T12:18:17.4061338Z Get:29 http://ports.ubuntu.com/ubuntu-ports noble-security/restricted arm64 Packages [2230 kB]
linux-portability (ubuntu-24.04-arm)	Prepare tested locales and C build tools	2026-09-20T12:18:17.5607165Z Get:30 http://ports.ubuntu.com/ubuntu-ports noble-security/restricted Translation-en [336 kB]
linux-portability (ubuntu-24.04-arm)	Prepare tested locales and C build tools	2026-09-20T12:18:17.6760448Z Get:31 http://ports.ubuntu.com/ubuntu-ports noble-security/multiverse arm64 Packages [73.7 kB]
linux-portability (ubuntu-24.04-arm)	Prepare tested locales and C build tools	2026-09-20T12:18:17.7862941Z Get:32 http://ports.ubuntu.com/ubuntu-ports noble-security/multiverse Translation-en [11.3 kB]
linux-portability (ubuntu-24.04-arm)	Prepare tested locales and C build tools	2026-09-20T12:18:21.4372482Z Fetched 14.1 MB in 5s (2806 kB/s)
linux-portability (ubuntu-24.04-arm)	Prepare tested locales and C build tools	2026-09-20T12:18:22.4022800Z Reading package lists...
linux-portability (ubuntu-24.04-arm)	Prepare tested locales and C build tools	2026-09-20T12:18:22.4311934Z Reading package lists...
linux-portability (ubuntu-24.04-arm)	Prepare tested locales and C build tools	2026-09-20T12:18:22.6892053Z Building dependency tree...
linux-portability (ubuntu-24.04-arm)	Prepare tested locales and C build tools	2026-09-20T12:18:22.6897343Z Reading state information...
linux-portability (ubuntu-24.04-arm)	Prepare tested locales and C build tools	2026-09-20T12:18:22.9373170Z The following additional packages will be installed:
linux-portability (ubuntu-24.04-arm)	Prepare tested locales and C build tools	2026-09-20T12:18:22.9380244Z   libc-bin libc-dev-bin libc6 libc6-dev
linux-portability (ubuntu-24.04-arm)	Prepare tested locales and C build tools	2026-09-20T12:18:22.9388933Z Suggested packages:
linux-portability (ubuntu-24.04-arm)	Prepare tested locales and C build tools	2026-09-20T12:18:22.9389437Z   bison-doc glibc-doc libnss-nis libnss-nisplus manpages-dev
linux-portability (ubuntu-24.04-arm)	Prepare tested locales and C build tools	2026-09-20T12:18:22.9390088Z Recommended packages:
linux-portability (ubuntu-24.04-arm)	Prepare tested locales and C build tools	2026-09-20T12:18:22.9390657Z   manpages-dev libc-devtools
linux-portability (ubuntu-24.04-arm)	Prepare tested locales and C build tools	2026-09-20T12:18:22.9656800Z The following NEW packages will be installed:
linux-portability (ubuntu-24.04-arm)	Prepare tested locales and C build tools	2026-09-20T12:18:22.9664184Z   build-essential
linux-portability (ubuntu-24.04-arm)	Prepare tested locales and C build tools	2026-09-20T12:18:22.9668238Z The following packages will be upgraded:
linux-portability (ubuntu-24.04-arm)	Prepare tested locales and C build tools	2026-09-20T12:18:22.9676029Z   bison libc-bin libc-dev-bin libc6 libc6-dev locales
linux-portability (ubuntu-24.04-arm)	Prepare tested locales and C build tools	2026-09-20T12:18:23.3024799Z 6 upgraded, 1 newly installed, 0 to remove and 64 not upgraded.
linux-portability (ubuntu-24.04-arm)	Prepare tested locales and C build tools	2026-09-20T12:18:23.3025714Z Need to get 9961 kB of archives.
linux-portability (ubuntu-24.04-arm)	Prepare tested locales and C build tools	2026-09-20T12:18:23.3026379Z After this operation, 19.5 kB of additional disk space will be used.
linux-portability (ubuntu-24.04-arm)	Prepare tested locales and C build tools	2026-09-20T12:18:23.3027091Z Get:1 http://ports.ubuntu.com/ubuntu-ports noble-updates/main arm64 libc6-dev arm64 2.39-0ubuntu8.9 [1596 kB]
linux-portability (ubuntu-24.04-arm)	Prepare tested locales and C build tools	2026-09-20T12:18:24.4441674Z Get:2 http://ports.ubuntu.com/ubuntu-ports noble-updates/main arm64 libc-dev-bin arm64 2.39-0ubuntu8.9 [19.7 kB]
linux-portability (ubuntu-24.04-arm)	Prepare tested locales and C build tools	2026-09-20T12:18:24.5570476Z Get:3 http://ports.ubuntu.com/ubuntu-ports noble-updates/main arm64 libc6 arm64 2.39-0ubuntu8.9 [2776 kB]
linux-portability (ubuntu-24.04-arm)	Prepare tested locales and C build tools	2026-09-20T12:18:24.9417774Z Get:4 http://ports.ubuntu.com/ubuntu-ports noble-updates/main arm64 libc-bin arm64 2.39-0ubuntu8.9 [591 kB]
linux-portability (ubuntu-24.04-arm)	Prepare tested locales and C build tools	2026-09-20T12:18:25.0703769Z Get:5 http://ports.ubuntu.com/ubuntu-ports noble-updates/main arm64 locales all 2.39-0ubuntu8.9 [4232 kB]
linux-portability (ubuntu-24.04-arm)	Prepare tested locales and C build tools	2026-09-20T12:18:25.3539875Z Get:6 http://ports.ubuntu.com/ubuntu-ports noble-updates/main arm64 bison arm64 2:3.8.2+dfsg-1ubuntu0.24.04.1 [740 kB]
linux-portability (ubuntu-24.04-arm)	Prepare tested locales and C build tools	2026-09-20T12:18:25.4780965Z Get:7 http://ports.ubuntu.com/ubuntu-ports noble/main arm64 build-essential arm64 12.10ubuntu1 [4932 B]
linux-portability (ubuntu-24.04-arm)	Prepare tested locales and C build tools	2026-09-20T12:18:25.7123318Z Preconfiguring packages ...
linux-portability (ubuntu-24.04-arm)	Prepare tested locales and C build tools	2026-09-20T12:18:25.7960351Z Fetched 9961 kB in 3s (3982 kB/s)
linux-portability (ubuntu-24.04-arm)	Prepare tested locales and C build tools	2026-09-20T12:18:25.8491947Z (Reading database ... 
linux-portability (ubuntu-24.04-arm)	Prepare tested locales and C build tools	2026-09-20T12:18:25.8493061Z (Reading database ... 5%
linux-portability (ubuntu-24.04-arm)	Prepare tested locales and C build tools	2026-09-20T12:18:25.8493971Z (Reading database ... 10%
linux-portability (ubuntu-24.04-arm)	Prepare tested locales and C build tools	2026-09-20T12:18:25.8494339Z (Reading database ... 15%
linux-portability (ubuntu-24.04-arm)	Prepare tested locales and C build tools	2026-09-20T12:18:25.8494754Z (Reading database ... 20%
linux-portability (ubuntu-24.04-arm)	Prepare tested locales and C build tools	2026-09-20T12:18:25.8495006Z (Reading database ... 25%
linux-portability (ubuntu-24.04-arm)	Prepare tested locales and C build tools	2026-09-20T12:18:25.8495312Z (Reading database ... 30%
linux-portability (ubuntu-24.04-arm)	Prepare tested locales and C build tools	2026-09-20T12:18:25.8495643Z (Reading database ... 35%
linux-portability (ubuntu-24.04-arm)	Prepare tested locales and C build tools	2026-09-20T12:18:25.8495890Z (Reading database ... 40%
linux-portability (ubuntu-24.04-arm)	Prepare tested locales and C build tools	2026-09-20T12:18:25.8496184Z (Reading database ... 45%
linux-portability (ubuntu-24.04-arm)	Prepare tested locales and C build tools	2026-09-20T12:18:25.8496432Z (Reading database ... 50%
linux-portability (ubuntu-24.04-arm)	Prepare tested locales and C build tools	2026-09-20T12:18:25.8841033Z (Reading database ... 55%
linux-portability (ubuntu-24.04-arm)	Prepare tested locales and C build tools	2026-09-20T12:18:26.0391265Z (Reading database ... 60%
linux-portability (ubuntu-24.04-arm)	Prepare tested locales and C build tools	2026-09-20T12:18:26.2085865Z (Reading database ... 65%
linux-portability (ubuntu-24.04-arm)	Prepare tested locales and C build tools	2026-09-20T12:18:26.2802626Z (Reading database ... 70%
linux-portability (ubuntu-24.04-arm)	Prepare tested locales and C build tools	2026-09-20T12:18:26.3508583Z (Reading database ... 75%
linux-portability (ubuntu-24.04-arm)	Prepare tested locales and C build tools	2026-09-20T12:18:26.4824863Z (Reading database ... 80%
linux-portability (ubuntu-24.04-arm)	Prepare tested locales and C build tools	2026-09-20T12:18:26.6716131Z (Reading database ... 85%
linux-portability (ubuntu-24.04-arm)	Prepare tested locales and C build tools	2026-09-20T12:18:26.7887557Z (Reading database ... 90%
linux-portability (ubuntu-24.04-arm)	Prepare tested locales and C build tools	2026-09-20T12:18:26.9401217Z (Reading database ... 95%
linux-portability (ubuntu-24.04-arm)	Prepare tested locales and C build tools	2026-09-20T12:18:26.9401687Z (Reading database ... 100%
linux-portability (ubuntu-24.04-arm)	Prepare tested locales and C build tools	2026-09-20T12:18:26.9402322Z (Reading database ... 201140 files and directories currently installed.)
linux-portability (ubuntu-24.04-arm)	Prepare tested locales and C build tools	2026-09-20T12:18:26.9446602Z Preparing to unpack .../libc6-dev_2.39-0ubuntu8.9_arm64.deb ...
linux-portability (ubuntu-24.04-arm)	Prepare tested locales and C build tools	2026-09-20T12:18:26.9505786Z Unpacking libc6-dev:arm64 (2.39-0ubuntu8.9) over (2.39-0ubuntu8.8) ...
linux-portability (ubuntu-24.04-arm)	Prepare tested locales and C build tools	2026-09-20T12:18:27.1548723Z Preparing to unpack .../libc-dev-bin_2.39-0ubuntu8.9_arm64.deb ...
linux-portability (ubuntu-24.04-arm)	Prepare tested locales and C build tools	2026-09-20T12:18:27.1592538Z Unpacking libc-dev-bin (2.39-0ubuntu8.9) over (2.39-0ubuntu8.8) ...
linux-portability (ubuntu-24.04-arm)	Prepare tested locales and C build tools	2026-09-20T12:18:27.2367724Z Preparing to unpack .../libc6_2.39-0ubuntu8.9_arm64.deb ...
linux-portability (ubuntu-24.04-arm)	Prepare tested locales and C build tools	2026-09-20T12:18:27.3373256Z Unpacking libc6:arm64 (2.39-0ubuntu8.9) over (2.39-0ubuntu8.8) ...
linux-portability (ubuntu-24.04-arm)	Prepare tested locales and C build tools	2026-09-20T12:18:27.4951929Z Setting up libc6:arm64 (2.39-0ubuntu8.9) ...
linux-portability (ubuntu-24.04-arm)	Prepare tested locales and C build tools	2026-09-20T12:18:27.7974989Z (Reading database ... 
linux-portability (ubuntu-24.04-arm)	Prepare tested locales and C build tools	2026-09-20T12:18:27.7976388Z (Reading database ... 5%
linux-portability (ubuntu-24.04-arm)	Prepare tested locales and C build tools	2026-09-20T12:18:27.7977392Z (Reading database ... 10%
linux-portability (ubuntu-24.04-arm)	Prepare tested locales and C build tools	2026-09-20T12:18:27.7977781Z (Reading database ... 15%
linux-portability (ubuntu-24.04-arm)	Prepare tested locales and C build tools	2026-09-20T12:18:27.7978040Z (Reading database ... 20%
linux-portability (ubuntu-24.04-arm)	Prepare tested locales and C build tools	2026-09-20T12:18:27.7978424Z (Reading database ... 25%
linux-portability (ubuntu-24.04-arm)	Prepare tested locales and C build tools	2026-09-20T12:18:27.7978682Z (Reading database ... 30%
linux-portability (ubuntu-24.04-arm)	Prepare tested locales and C build tools	2026-09-20T12:18:27.7979013Z (Reading database ... 35%
linux-portability (ubuntu-24.04-arm)	Prepare tested locales and C build tools	2026-09-20T12:18:27.7979490Z (Reading database ... 40%
linux-portability (ubuntu-24.04-arm)	Prepare tested locales and C build tools	2026-09-20T12:18:27.7979759Z (Reading database ... 45%
linux-portability (ubuntu-24.04-arm)	Prepare tested locales and C build tools	2026-09-20T12:18:27.7980750Z (Reading database ... 50%
linux-portability (ubuntu-24.04-arm)	Prepare tested locales and C build tools	2026-09-20T12:18:27.7994820Z (Reading database ... 55%
linux-portability (ubuntu-24.04-arm)	Prepare tested locales and C build tools	2026-09-20T12:18:27.8087485Z (Reading database ... 60%
linux-portability (ubuntu-24.04-arm)	Prepare tested locales and C build tools	2026-09-20T12:18:27.8113839Z (Reading database ... 65%
linux-portability (ubuntu-24.04-arm)	Prepare tested locales and C build tools	2026-09-20T12:18:27.8126873Z (Reading database ... 70%
linux-portability (ubuntu-24.04-arm)	Prepare tested locales and C build tools	2026-09-20T12:18:27.8146546Z (Reading database ... 75%
linux-portability (ubuntu-24.04-arm)	Prepare tested locales and C build tools	2026-09-20T12:18:27.8178193Z (Reading database ... 80%
linux-portability (ubuntu-24.04-arm)	Prepare tested locales and C build tools	2026-09-20T12:18:27.8296923Z (Reading database ... 85%
linux-portability (ubuntu-24.04-arm)	Prepare tested locales and C build tools	2026-09-20T12:18:27.8364525Z (Reading database ... 90%
linux-portability (ubuntu-24.04-arm)	Prepare tested locales and C build tools	2026-09-20T12:18:27.8545638Z (Reading database ... 95%
linux-portability (ubuntu-24.04-arm)	Prepare tested locales and C build tools	2026-09-20T12:18:27.8589734Z (Reading database ... 100%
linux-portability (ubuntu-24.04-arm)	Prepare tested locales and C build tools	2026-09-20T12:18:27.8590551Z (Reading database ... 201140 files and directories currently installed.)
linux-portability (ubuntu-24.04-arm)	Prepare tested locales and C build tools	2026-09-20T12:18:27.8591042Z Preparing to unpack .../libc-bin_2.39-0ubuntu8.9_arm64.deb ...
linux-portability (ubuntu-24.04-arm)	Prepare tested locales and C build tools	2026-09-20T12:18:27.8637310Z Unpacking libc-bin (2.39-0ubuntu8.9) over (2.39-0ubuntu8.8) ...
linux-portability (ubuntu-24.04-arm)	Prepare tested locales and C build tools	2026-09-20T12:18:27.9287745Z Setting up libc-bin (2.39-0ubuntu8.9) ...
linux-portability (ubuntu-24.04-arm)	Prepare tested locales and C build tools	2026-09-20T12:18:27.9903824Z (Reading database ... 
linux-portability (ubuntu-24.04-arm)	Prepare tested locales and C build tools	2026-09-20T12:18:27.9904230Z (Reading database ... 5%
linux-portability (ubuntu-24.04-arm)	Prepare tested locales and C build tools	2026-09-20T12:18:27.9904821Z (Reading database ... 10%
linux-portability (ubuntu-24.04-arm)	Prepare tested locales and C build tools	2026-09-20T12:18:27.9905081Z (Reading database ... 15%
linux-portability (ubuntu-24.04-arm)	Prepare tested locales and C build tools	2026-09-20T12:18:27.9905374Z (Reading database ... 20%
linux-portability (ubuntu-24.04-arm)	Prepare tested locales and C build tools	2026-09-20T12:18:27.9906595Z (Reading database ... 25%
linux-portability (ubuntu-24.04-arm)	Prepare tested locales and C build tools	2026-09-20T12:18:27.9906899Z (Reading database ... 30%
linux-portability (ubuntu-24.04-arm)	Prepare tested locales and C build tools	2026-09-20T12:18:27.9907292Z (Reading database ... 35%
linux-portability (ubuntu-24.04-arm)	Prepare tested locales and C build tools	2026-09-20T12:18:27.9907548Z (Reading database ... 40%
linux-portability (ubuntu-24.04-arm)	Prepare tested locales and C build tools	2026-09-20T12:18:27.9907884Z (Reading database ... 45%
linux-portability (ubuntu-24.04-arm)	Prepare tested locales and C build tools	2026-09-20T12:18:27.9908150Z (Reading database ... 50%
linux-portability (ubuntu-24.04-arm)	Prepare tested locales and C build tools	2026-09-20T12:18:27.9922325Z (Reading database ... 55%
linux-portability (ubuntu-24.04-arm)	Prepare tested locales and C build tools	2026-09-20T12:18:28.0013069Z (Reading database ... 60%
linux-portability (ubuntu-24.04-arm)	Prepare tested locales and C build tools	2026-09-20T12:18:28.0039003Z (Reading database ... 65%
linux-portability (ubuntu-24.04-arm)	Prepare tested locales and C build tools	2026-09-20T12:18:28.0052423Z (Reading database ... 70%
linux-portability (ubuntu-24.04-arm)	Prepare tested locales and C build tools	2026-09-20T12:18:28.0072347Z (Reading database ... 75%
linux-portability (ubuntu-24.04-arm)	Prepare tested locales and C build tools	2026-09-20T12:18:28.0104220Z (Reading database ... 80%
linux-portability (ubuntu-24.04-arm)	Prepare tested locales and C build tools	2026-09-20T12:18:28.0223959Z (Reading database ... 85%
linux-portability (ubuntu-24.04-arm)	Prepare tested locales and C build tools	2026-09-20T12:18:28.0292579Z (Reading database ... 90%
linux-portability (ubuntu-24.04-arm)	Prepare tested locales and C build tools	2026-09-20T12:18:28.0475024Z (Reading database ... 95%
linux-portability (ubuntu-24.04-arm)	Prepare tested locales and C build tools	2026-09-20T12:18:28.0475394Z (Reading database ... 100%
linux-portability (ubuntu-24.04-arm)	Prepare tested locales and C build tools	2026-09-20T12:18:28.0475828Z (Reading database ... 201140 files and directories currently installed.)
linux-portability (ubuntu-24.04-arm)	Prepare tested locales and C build tools	2026-09-20T12:18:28.0519895Z Preparing to unpack .../locales_2.39-0ubuntu8.9_all.deb ...
linux-portability (ubuntu-24.04-arm)	Prepare tested locales and C build tools	2026-09-20T12:18:28.0593074Z Unpacking locales (2.39-0ubuntu8.9) over (2.39-0ubuntu8.8) ...
linux-portability (ubuntu-24.04-arm)	Prepare tested locales and C build tools	2026-09-20T12:18:28.2775553Z Preparing to unpack .../bison_2%3a3.8.2+dfsg-1ubuntu0.24.04.1_arm64.deb ...
linux-portability (ubuntu-24.04-arm)	Prepare tested locales and C build tools	2026-09-20T12:18:28.3100227Z Unpacking bison (2:3.8.2+dfsg-1ubuntu0.24.04.1) over (2:3.8.2+dfsg-1build2) ...
linux-portability (ubuntu-24.04-arm)	Prepare tested locales and C build tools	2026-09-20T12:18:28.4488735Z Selecting previously unselected package build-essential.
linux-portability (ubuntu-24.04-arm)	Prepare tested locales and C build tools	2026-09-20T12:18:28.4653369Z Preparing to unpack .../build-essential_12.10ubuntu1_arm64.deb ...
linux-portability (ubuntu-24.04-arm)	Prepare tested locales and C build tools	2026-09-20T12:18:28.4669721Z Unpacking build-essential (12.10ubuntu1) ...
linux-portability (ubuntu-24.04-arm)	Prepare tested locales and C build tools	2026-09-20T12:18:28.5082262Z Setting up locales (2.39-0ubuntu8.9) ...
linux-portability (ubuntu-24.04-arm)	Prepare tested locales and C build tools	2026-09-20T12:18:28.9200538Z Generating locales (this might take a while)...
linux-portability (ubuntu-24.04-arm)	Prepare tested locales and C build tools	2026-09-20T12:18:30.2302237Z   en_US.UTF-8... done
linux-portability (ubuntu-24.04-arm)	Prepare tested locales and C build tools	2026-09-20T12:18:30.2304366Z Generation complete.
linux-portability (ubuntu-24.04-arm)	Prepare tested locales and C build tools	2026-09-20T12:18:30.2494699Z Setting up bison (2:3.8.2+dfsg-1ubuntu0.24.04.1) ...
linux-portability (ubuntu-24.04-arm)	Prepare tested locales and C build tools	2026-09-20T12:18:30.2589747Z Setting up libc-dev-bin (2.39-0ubuntu8.9) ...
linux-portability (ubuntu-24.04-arm)	Prepare tested locales and C build tools	2026-09-20T12:18:30.2627833Z Setting up libc6-dev:arm64 (2.39-0ubuntu8.9) ...
linux-portability (ubuntu-24.04-arm)	Prepare tested locales and C build tools	2026-09-20T12:18:30.2665507Z Setting up build-essential (12.10ubuntu1) ...
linux-portability (ubuntu-24.04-arm)	Prepare tested locales and C build tools	2026-09-20T12:18:30.2711471Z Processing triggers for man-db (2.12.0-4build2) ...
linux-portability (ubuntu-24.04-arm)	Prepare tested locales and C build tools	2026-09-20T12:18:30.2742225Z Not building database; man-db/auto-update is not 'true'.
linux-portability (ubuntu-24.04-arm)	Prepare tested locales and C build tools	2026-09-20T12:18:32.5375040Z 
linux-portability (ubuntu-24.04-arm)	Prepare tested locales and C build tools	2026-09-20T12:18:32.5375997Z Running kernel seems to be up-to-date.
linux-portability (ubuntu-24.04-arm)	Prepare tested locales and C build tools	2026-09-20T12:18:32.5376360Z 
linux-portability (ubuntu-24.04-arm)	Prepare tested locales and C build tools	2026-09-20T12:18:32.5380920Z Restarting services...
linux-portability (ubuntu-24.04-arm)	Prepare tested locales and C build tools	2026-09-20T12:18:32.6754664Z  systemctl restart chrony.service containerd.service cron.service haveged.service hv-kvp-daemon.service multipathd.service packagekit.service php8.3-fpm.service polkit.service rsyslog.service systemd-journald.service systemd-networkd.service systemd-resolved.service systemd-udevd.service udisks2.service
linux-portability (ubuntu-24.04-arm)	Prepare tested locales and C build tools	2026-09-20T12:18:32.8889908Z 
linux-portability (ubuntu-24.04-arm)	Prepare tested locales and C build tools	2026-09-20T12:18:32.8891305Z Service restarts being deferred:
linux-portability (ubuntu-24.04-arm)	Prepare tested locales and C build tools	2026-09-20T12:18:32.8891906Z  systemctl restart ModemManager.service
linux-portability (ubuntu-24.04-arm)	Prepare tested locales and C build tools	2026-09-20T12:18:32.8892371Z  /etc/needrestart/restart.d/dbus.service
linux-portability (ubuntu-24.04-arm)	Prepare tested locales and C build tools	2026-09-20T12:18:32.8892923Z  systemctl restart docker.service
linux-portability (ubuntu-24.04-arm)	Prepare tested locales and C build tools	2026-09-20T12:18:32.8893437Z  systemctl restart getty@tty1.service
linux-portability (ubuntu-24.04-arm)	Prepare tested locales and C build tools	2026-09-20T12:18:32.8893955Z  systemctl restart hosted-compute-agent.service
linux-portability (ubuntu-24.04-arm)	Prepare tested locales and C build tools	2026-09-20T12:18:32.8894503Z  systemctl restart networkd-dispatcher.service
linux-portability (ubuntu-24.04-arm)	Prepare tested locales and C build tools	2026-09-20T12:18:32.8895005Z  systemctl restart serial-getty@ttyAMA0.service
linux-portability (ubuntu-24.04-arm)	Prepare tested locales and C build tools	2026-09-20T12:18:32.8895540Z  systemctl restart systemd-logind.service
linux-portability (ubuntu-24.04-arm)	Prepare tested locales and C build tools	2026-09-20T12:18:32.8896031Z  systemctl restart walinuxagent.service
linux-portability (ubuntu-24.04-arm)	Prepare tested locales and C build tools	2026-09-20T12:18:32.8896355Z 
linux-portability (ubuntu-24.04-arm)	Prepare tested locales and C build tools	2026-09-20T12:18:32.8896654Z No containers need to be restarted.
linux-portability (ubuntu-24.04-arm)	Prepare tested locales and C build tools	2026-09-20T12:18:32.8896962Z 
linux-portability (ubuntu-24.04-arm)	Prepare tested locales and C build tools	2026-09-20T12:18:32.8897209Z User sessions running outdated binaries:
linux-portability (ubuntu-24.04-arm)	Prepare tested locales and C build tools	2026-09-20T12:18:32.8897653Z  runner @ user manager service: systemd[1228]
linux-portability (ubuntu-24.04-arm)	Prepare tested locales and C build tools	2026-09-20T12:18:32.9786904Z 
linux-portability (ubuntu-24.04-arm)	Prepare tested locales and C build tools	2026-09-20T12:18:32.9787845Z No VM guests are running outdated hypervisor (qemu) binaries on this host.
linux-portability (ubuntu-24.04-arm)	Prepare tested locales and C build tools	2026-09-20T12:18:37.4015158Z C
linux-portability (ubuntu-24.04-arm)	Prepare tested locales and C build tools	2026-09-20T12:18:37.4015502Z C.utf8
linux-portability (ubuntu-24.04-arm)	Prepare tested locales and C build tools	2026-09-20T12:18:37.4015830Z POSIX
linux-portability (ubuntu-24.04-arm)	Prepare tested locales and C build tools	2026-09-20T12:18:37.4016036Z en_US.iso88591
linux-portability (ubuntu-24.04-arm)	Prepare tested locales and C build tools	2026-09-20T12:18:37.4016298Z en_US.utf8
linux-portability (ubuntu-24.04-arm)	Prepare tested locales and C build tools	2026-09-20T12:18:37.4016531Z ja_JP.sjis
linux-portability (ubuntu-24.04-arm)	Prepare tested locales and C build tools	2026-09-20T12:18:37.4016719Z tr_TR.iso88599
linux-portability (ubuntu-24.04-arm)	Prepare tested locales and C build tools	2026-09-20T12:18:37.4016914Z tr_TR.utf8
linux-portability (ubuntu-24.04-arm)	Prepare tested locales and C build tools	2026-09-20T12:18:37.5780724Z locale=ja_JP.SJIS codeset=SHIFT_JIS MB_CUR_MAX=2 wchar_t=4
linux-portability (ubuntu-24.04-arm)	Prepare tested locales and C build tools	2026-09-20T12:18:37.5781407Z decode=2 wchar=0xff41
linux-portability (ubuntu-24.04-arm)	Prepare tested locales and C build tools	2026-09-20T12:18:37.5781707Z encode=2
linux-portability (ubuntu-24.04-arm)	Prepare tested locales and C build tools	2026-09-20T12:18:37.5782310Z truncated=incomplete
linux-portability (ubuntu-24.04-arm)	Prepare tested locales and C build tools	2026-09-20T12:18:37.5782561Z invalid=error errno=84
linux-portability (ubuntu-24.04-arm)	Build pinned original C oracle	﻿2026-09-20T12:18:37.5818893Z ##[group]Run git init ../c_awk
linux-portability (ubuntu-24.04-arm)	Build pinned original C oracle	2026-09-20T12:18:37.5819383Z [36;1mgit init ../c_awk[0m
linux-portability (ubuntu-24.04-arm)	Build pinned original C oracle	2026-09-20T12:18:37.5820091Z [36;1mgit -C ../c_awk remote add origin https://github.com/onetrueawk/awk.git[0m
linux-portability (ubuntu-24.04-arm)	Build pinned original C oracle	2026-09-20T12:18:37.5820787Z [36;1mgit -C ../c_awk fetch --depth 1 origin 5739fd79bcfc75ba7526773d0cf634521f8aca3c[0m
linux-portability (ubuntu-24.04-arm)	Build pinned original C oracle	2026-09-20T12:18:37.5821266Z [36;1mgit -C ../c_awk checkout --detach FETCH_HEAD[0m
linux-portability (ubuntu-24.04-arm)	Build pinned original C oracle	2026-09-20T12:18:37.5821606Z [36;1mmake -C ../c_awk[0m
linux-portability (ubuntu-24.04-arm)	Build pinned original C oracle	2026-09-20T12:18:37.5821902Z [36;1m../c_awk/a.out --version[0m
linux-portability (ubuntu-24.04-arm)	Build pinned original C oracle	2026-09-20T12:18:37.5857127Z shell: /usr/bin/bash -e {0}
linux-portability (ubuntu-24.04-arm)	Build pinned original C oracle	2026-09-20T12:18:37.5857460Z env:
linux-portability (ubuntu-24.04-arm)	Build pinned original C oracle	2026-09-20T12:18:37.5857682Z   LC_ALL: C
linux-portability (ubuntu-24.04-arm)	Build pinned original C oracle	2026-09-20T12:18:37.5857942Z   CARGO_INCREMENTAL: 0
linux-portability (ubuntu-24.04-arm)	Build pinned original C oracle	2026-09-20T12:18:37.5858186Z   RUSTUP_TOOLCHAIN: 1.96.0
linux-portability (ubuntu-24.04-arm)	Build pinned original C oracle	2026-09-20T12:18:37.5858447Z ##[endgroup]
linux-portability (ubuntu-24.04-arm)	Build pinned original C oracle	2026-09-20T12:18:37.5936445Z hint: Using 'master' as the name for the initial branch. This default branch name
linux-portability (ubuntu-24.04-arm)	Build pinned original C oracle	2026-09-20T12:18:37.5937217Z hint: will change to "main" in Git 3.0. To configure the initial branch name
linux-portability (ubuntu-24.04-arm)	Build pinned original C oracle	2026-09-20T12:18:37.5937916Z hint: to use in all of your new repositories, which will suppress this warning,
linux-portability (ubuntu-24.04-arm)	Build pinned original C oracle	2026-09-20T12:18:37.5938360Z hint: call:
linux-portability (ubuntu-24.04-arm)	Build pinned original C oracle	2026-09-20T12:18:37.5938567Z hint:
linux-portability (ubuntu-24.04-arm)	Build pinned original C oracle	2026-09-20T12:18:37.5938814Z hint: 	git config --global init.defaultBranch <name>
linux-portability (ubuntu-24.04-arm)	Build pinned original C oracle	2026-09-20T12:18:37.5939202Z hint:
linux-portability (ubuntu-24.04-arm)	Build pinned original C oracle	2026-09-20T12:18:37.5939498Z hint: Names commonly chosen instead of 'master' are 'main', 'trunk' and
linux-portability (ubuntu-24.04-arm)	Build pinned original C oracle	2026-09-20T12:18:37.5940273Z hint: 'development'. The just-created branch can be renamed via this command:
linux-portability (ubuntu-24.04-arm)	Build pinned original C oracle	2026-09-20T12:18:37.5940672Z hint:
linux-portability (ubuntu-24.04-arm)	Build pinned original C oracle	2026-09-20T12:18:37.5940868Z hint: 	git branch -m <name>
linux-portability (ubuntu-24.04-arm)	Build pinned original C oracle	2026-09-20T12:18:37.5941172Z hint:
linux-portability (ubuntu-24.04-arm)	Build pinned original C oracle	2026-09-20T12:18:37.5941504Z hint: Disable this message with "git config set advice.defaultBranchName false"
linux-portability (ubuntu-24.04-arm)	Build pinned original C oracle	2026-09-20T12:18:37.5942481Z Initialized empty Git repository in /home/runner/work/rawk/rawk/c_awk/.git/
linux-portability (ubuntu-24.04-arm)	Build pinned original C oracle	2026-09-20T12:18:38.1549277Z From https://github.com/onetrueawk/awk
linux-portability (ubuntu-24.04-arm)	Build pinned original C oracle	2026-09-20T12:18:38.1550346Z  * branch            5739fd79bcfc75ba7526773d0cf634521f8aca3c -> FETCH_HEAD
linux-portability (ubuntu-24.04-arm)	Build pinned original C oracle	2026-09-20T12:18:38.1839027Z HEAD is now at 5739fd7 updated.
linux-portability (ubuntu-24.04-arm)	Build pinned original C oracle	2026-09-20T12:18:38.1873514Z make: Entering directory '/home/runner/work/rawk/rawk/c_awk'
linux-portability (ubuntu-24.04-arm)	Build pinned original C oracle	2026-09-20T12:18:38.1873986Z bison -d  awkgram.y
linux-portability (ubuntu-24.04-arm)	Build pinned original C oracle	2026-09-20T12:18:38.1905097Z awkgram.y: warning: 44 shift/reduce conflicts [-Wconflicts-sr]
linux-portability (ubuntu-24.04-arm)	Build pinned original C oracle	2026-09-20T12:18:38.1905578Z awkgram.y: warning: 85 reduce/reduce conflicts [-Wconflicts-rr]
linux-portability (ubuntu-24.04-arm)	Build pinned original C oracle	2026-09-20T12:18:38.3420306Z awkgram.y: note: rerun with option '-Wcounterexamples' to generate conflict counterexamples
linux-portability (ubuntu-24.04-arm)	Build pinned original C oracle	2026-09-20T12:18:38.3421203Z cc -g -Wall -pedantic -Wcast-qual   -O2   -c -o awkgram.tab.o awkgram.tab.c
linux-portability (ubuntu-24.04-arm)	Build pinned original C oracle	2026-09-20T12:18:38.6076112Z cc -g -Wall -pedantic -Wcast-qual   -O2   -c -o b.o b.c
linux-portability (ubuntu-24.04-arm)	Build pinned original C oracle	2026-09-20T12:18:38.9936109Z cc -g -Wall -pedantic -Wcast-qual   -O2   -c -o main.o main.c
linux-portability (ubuntu-24.04-arm)	Build pinned original C oracle	2026-09-20T12:18:39.0750057Z cc -g -Wall -pedantic -Wcast-qual   -O2   -c -o parse.o parse.c
linux-portability (ubuntu-24.04-arm)	Build pinned original C oracle	2026-09-20T12:18:39.1755340Z cc -g -Wall -pedantic -Wcast-qual -O2 maketab.c -o maketab
linux-portability (ubuntu-24.04-arm)	Build pinned original C oracle	2026-09-20T12:18:39.2377733Z ./maketab awkgram.tab.h >proctab.c
linux-portability (ubuntu-24.04-arm)	Build pinned original C oracle	2026-09-20T12:18:39.2389757Z cc -g -Wall -pedantic -Wcast-qual   -O2   -c -o proctab.o proctab.c
linux-portability (ubuntu-24.04-arm)	Build pinned original C oracle	2026-09-20T12:18:39.3148814Z cc -g -Wall -pedantic -Wcast-qual   -O2   -c -o tran.o tran.c
linux-portability (ubuntu-24.04-arm)	Build pinned original C oracle	2026-09-20T12:18:39.6177110Z cc -g -Wall -pedantic -Wcast-qual   -O2   -c -o lib.o lib.c
linux-portability (ubuntu-24.04-arm)	Build pinned original C oracle	2026-09-20T12:18:39.9740900Z cc -g -Wall -pedantic -Wcast-qual   -O2   -c -o run.o run.c
linux-portability (ubuntu-24.04-arm)	Build pinned original C oracle	2026-09-20T12:18:40.8523779Z cc -g -Wall -pedantic -Wcast-qual   -O2   -c -o lex.o lex.c
linux-portability (ubuntu-24.04-arm)	Build pinned original C oracle	2026-09-20T12:18:41.1053526Z cc -g -Wall -pedantic -Wcast-qual   -O2 awkgram.tab.o b.o main.o parse.o proctab.o tran.o lib.o run.o lex.o   -lm
linux-portability (ubuntu-24.04-arm)	Build pinned original C oracle	2026-09-20T12:18:41.1269722Z make: Leaving directory '/home/runner/work/rawk/rawk/c_awk'
linux-portability (ubuntu-24.04-arm)	Build pinned original C oracle	2026-09-20T12:18:41.1277408Z awk version 20260426
linux-portability (ubuntu-24.04-arm)	Record native oracle formatting behavior	﻿2026-09-20T12:18:41.1318340Z ##[group]Run python3 scripts/format_platform_probe.py --output diary/format-platform-ci.json
linux-portability (ubuntu-24.04-arm)	Record native oracle formatting behavior	2026-09-20T12:18:41.1319220Z [36;1mpython3 scripts/format_platform_probe.py --output diary/format-platform-ci.json[0m
linux-portability (ubuntu-24.04-arm)	Record native oracle formatting behavior	2026-09-20T12:18:41.1354305Z shell: /usr/bin/bash -e {0}
linux-portability (ubuntu-24.04-arm)	Record native oracle formatting behavior	2026-09-20T12:18:41.1354634Z env:
linux-portability (ubuntu-24.04-arm)	Record native oracle formatting behavior	2026-09-20T12:18:41.1354846Z   LC_ALL: C
linux-portability (ubuntu-24.04-arm)	Record native oracle formatting behavior	2026-09-20T12:18:41.1355115Z   CARGO_INCREMENTAL: 0
linux-portability (ubuntu-24.04-arm)	Record native oracle formatting behavior	2026-09-20T12:18:41.1355397Z   RUSTUP_TOOLCHAIN: 1.96.0
linux-portability (ubuntu-24.04-arm)	Record native oracle formatting behavior	2026-09-20T12:18:41.1355675Z ##[endgroup]
linux-portability (ubuntu-24.04-arm)	Record native oracle formatting behavior	2026-09-20T12:18:41.3375731Z Recorded 220 native oracle cases in diary/format-platform-ci.json
linux-portability (ubuntu-24.04-arm)	Native portability gate (debug and release)	﻿2026-09-20T12:18:41.3468495Z ##[group]Run set -o pipefail
linux-portability (ubuntu-24.04-arm)	Native portability gate (debug and release)	2026-09-20T12:18:41.3468898Z [36;1mset -o pipefail[0m
linux-portability (ubuntu-24.04-arm)	Native portability gate (debug and release)	2026-09-20T12:18:41.3469385Z [36;1mbash scripts/check_portability.sh 2>&1 | tee diary/portability-ci.log[0m
linux-portability (ubuntu-24.04-arm)	Native portability gate (debug and release)	2026-09-20T12:18:41.3505399Z shell: /usr/bin/bash -e {0}
linux-portability (ubuntu-24.04-arm)	Native portability gate (debug and release)	2026-09-20T12:18:41.3505701Z env:
linux-portability (ubuntu-24.04-arm)	Native portability gate (debug and release)	2026-09-20T12:18:41.3505897Z   LC_ALL: C
linux-portability (ubuntu-24.04-arm)	Native portability gate (debug and release)	2026-09-20T12:18:41.3506197Z   CARGO_INCREMENTAL: 0
linux-portability (ubuntu-24.04-arm)	Native portability gate (debug and release)	2026-09-20T12:18:41.3506437Z   RUSTUP_TOOLCHAIN: 1.96.0
linux-portability (ubuntu-24.04-arm)	Native portability gate (debug and release)	2026-09-20T12:18:41.3506705Z ##[endgroup]
linux-portability (ubuntu-24.04-arm)	Native portability gate (debug and release)	2026-09-20T12:18:41.3585130Z Linux runnervmec22z 6.17.0-1022-azure #22-Ubuntu SMP Mon Jul 27 17:12:01 UTC 2026 aarch64 aarch64 aarch64 GNU/Linux
linux-portability (ubuntu-24.04-arm)	Native portability gate (debug and release)	2026-09-20T12:18:41.3669685Z rustc 1.96.0 (ac68faa20 2026-05-25)
linux-portability (ubuntu-24.04-arm)	Native portability gate (debug and release)	2026-09-20T12:18:41.5284313Z     Updating crates.io index
linux-portability (ubuntu-24.04-arm)	Native portability gate (debug and release)	2026-09-20T12:18:41.8738014Z  Downloading crates ...
linux-portability (ubuntu-24.04-arm)	Native portability gate (debug and release)	2026-09-20T12:18:42.0923878Z   Downloaded anstyle-query v1.1.5
linux-portability (ubuntu-24.04-arm)	Native portability gate (debug and release)	2026-09-20T12:18:42.0989206Z   Downloaded anstyle-parse v1.0.0
linux-portability (ubuntu-24.04-arm)	Native portability gate (debug and release)	2026-09-20T12:18:42.1002499Z   Downloaded anstream v1.0.0
linux-portability (ubuntu-24.04-arm)	Native portability gate (debug and release)	2026-09-20T12:18:42.1031453Z   Downloaded anstyle v1.0.14
linux-portability (ubuntu-24.04-arm)	Native portability gate (debug and release)	2026-09-20T12:18:42.1092378Z   Downloaded errno v0.3.14
linux-portability (ubuntu-24.04-arm)	Native portability gate (debug and release)	2026-09-20T12:18:42.1102106Z   Downloaded serde v1.0.228
linux-portability (ubuntu-24.04-arm)	Native portability gate (debug and release)	2026-09-20T12:18:42.1124440Z   Downloaded iana-time-zone v0.1.65
linux-portability (ubuntu-24.04-arm)	Native portability gate (debug and release)	2026-09-20T12:18:42.1142052Z   Downloaded pest_derive v2.8.6
linux-portability (ubuntu-24.04-arm)	Native portability gate (debug and release)	2026-09-20T12:18:42.1157973Z   Downloaded getrandom v0.3.4
linux-portability (ubuntu-24.04-arm)	Native portability gate (debug and release)	2026-09-20T12:18:42.1180112Z   Downloaded is_terminal_polyfill v1.70.2
linux-portability (ubuntu-24.04-arm)	Native portability gate (debug and release)	2026-09-20T12:18:42.1189859Z   Downloaded fastrand v2.4.1
linux-portability (ubuntu-24.04-arm)	Native portability gate (debug and release)	2026-09-20T12:18:42.1200422Z   Downloaded digest v0.10.7
linux-portability (ubuntu-24.04-arm)	Native portability gate (debug and release)	2026-09-20T12:18:42.1212123Z   Downloaded heck v0.5.0
linux-portability (ubuntu-24.04-arm)	Native portability gate (debug and release)	2026-09-20T12:18:42.1221927Z   Downloaded fnv v1.0.7
linux-portability (ubuntu-24.04-arm)	Native portability gate (debug and release)	2026-09-20T12:18:42.1228051Z   Downloaded bit-set v0.8.0
linux-portability (ubuntu-24.04-arm)	Native portability gate (debug and release)	2026-09-20T12:18:42.1238044Z   Downloaded generic-array v0.14.7
linux-portability (ubuntu-24.04-arm)	Native portability gate (debug and release)	2026-09-20T12:18:42.1248569Z   Downloaded sha2 v0.10.9
linux-portability (ubuntu-24.04-arm)	Native portability gate (debug and release)	2026-09-20T12:18:42.1266925Z   Downloaded memchr v2.8.0
linux-portability (ubuntu-24.04-arm)	Native portability gate (debug and release)	2026-09-20T12:18:42.1303359Z   Downloaded unarray v0.1.4
linux-portability (ubuntu-24.04-arm)	Native portability gate (debug and release)	2026-09-20T12:18:42.1311102Z   Downloaded crypto-common v0.1.7
linux-portability (ubuntu-24.04-arm)	Native portability gate (debug and release)	2026-09-20T12:18:42.1318507Z   Downloaded clap_lex v1.1.0
linux-portability (ubuntu-24.04-arm)	Native portability gate (debug and release)	2026-09-20T12:18:42.1326814Z   Downloaded aho-corasick v1.1.4
linux-portability (ubuntu-24.04-arm)	Native portability gate (debug and release)	2026-09-20T12:18:42.1363998Z   Downloaded strsim v0.11.1
linux-portability (ubuntu-24.04-arm)	Native portability gate (debug and release)	2026-09-20T12:18:42.1374030Z   Downloaded rand_chacha v0.9.0
linux-portability (ubuntu-24.04-arm)	Native portability gate (debug and release)	2026-09-20T12:18:42.1381637Z   Downloaded cfg-if v1.0.4
linux-portability (ubuntu-24.04-arm)	Native portability gate (debug and release)	2026-09-20T12:18:42.1389185Z   Downloaded sprintf v0.4.3
linux-portability (ubuntu-24.04-arm)	Native portability gate (debug and release)	2026-09-20T12:18:42.1397694Z   Downloaded rand_xorshift v0.4.0
linux-portability (ubuntu-24.04-arm)	Native portability gate (debug and release)	2026-09-20T12:18:42.1404997Z   Downloaded rand_core v0.10.1
linux-portability (ubuntu-24.04-arm)	Native portability gate (debug and release)	2026-09-20T12:18:42.1418037Z   Downloaded version_check v0.9.5
linux-portability (ubuntu-24.04-arm)	Native portability gate (debug and release)	2026-09-20T12:18:42.1427182Z   Downloaded thiserror v2.0.18
linux-portability (ubuntu-24.04-arm)	Native portability gate (debug and release)	2026-09-20T12:18:42.1459978Z   Downloaded utf8parse v0.2.2
linux-portability (ubuntu-24.04-arm)	Native portability gate (debug and release)	2026-09-20T12:18:42.1468944Z   Downloaded wait-timeout v0.2.1
linux-portability (ubuntu-24.04-arm)	Native portability gate (debug and release)	2026-09-20T12:18:42.1479030Z   Downloaded thiserror-impl v2.0.18
linux-portability (ubuntu-24.04-arm)	Native portability gate (debug and release)	2026-09-20T12:18:42.1487964Z   Downloaded autocfg v1.5.0
linux-portability (ubuntu-24.04-arm)	Native portability gate (debug and release)	2026-09-20T12:18:42.1499768Z   Downloaded pest_meta v2.8.6
linux-portability (ubuntu-24.04-arm)	Native portability gate (debug and release)	2026-09-20T12:18:42.1518447Z   Downloaded ucd-trie v0.1.7
linux-portability (ubuntu-24.04-arm)	Native portability gate (debug and release)	2026-09-20T12:18:42.1529257Z   Downloaded once_cell v1.21.4
linux-portability (ubuntu-24.04-arm)	Native portability gate (debug and release)	2026-09-20T12:18:42.1545326Z   Downloaded rand v0.9.4
linux-portability (ubuntu-24.04-arm)	Native portability gate (debug and release)	2026-09-20T12:18:42.1572348Z   Downloaded serde_derive v1.0.228
linux-portability (ubuntu-24.04-arm)	Native portability gate (debug and release)	2026-09-20T12:18:42.1591152Z   Downloaded serde_core v1.0.228
linux-portability (ubuntu-24.04-arm)	Native portability gate (debug and release)	2026-09-20T12:18:42.1609609Z   Downloaded bitflags v2.11.1
linux-portability (ubuntu-24.04-arm)	Native portability gate (debug and release)	2026-09-20T12:18:42.1635747Z   Downloaded unicode-ident v1.0.24
linux-portability (ubuntu-24.04-arm)	Native portability gate (debug and release)	2026-09-20T12:18:42.1656354Z   Downloaded clap v4.6.1
linux-portability (ubuntu-24.04-arm)	Native portability gate (debug and release)	2026-09-20T12:18:42.1708845Z   Downloaded rand v0.10.1
linux-portability (ubuntu-24.04-arm)	Native portability gate (debug and release)	2026-09-20T12:18:42.1734424Z   Downloaded typenum v1.20.0
linux-portability (ubuntu-24.04-arm)	Native portability gate (debug and release)	2026-09-20T12:18:42.1759758Z   Downloaded pest v2.8.6
linux-portability (ubuntu-24.04-arm)	Native portability gate (debug and release)	2026-09-20T12:18:42.1791066Z   Downloaded regex v1.12.3
linux-portability (ubuntu-24.04-arm)	Native portability gate (debug and release)	2026-09-20T12:18:42.1825159Z   Downloaded chrono v0.4.44
linux-portability (ubuntu-24.04-arm)	Native portability gate (debug and release)	2026-09-20T12:18:42.1869888Z   Downloaded clap_builder v4.6.0
linux-portability (ubuntu-24.04-arm)	Native portability gate (debug and release)	2026-09-20T12:18:42.1909037Z   Downloaded proc-macro2 v1.0.106
linux-portability (ubuntu-24.04-arm)	Native portability gate (debug and release)	2026-09-20T12:18:42.1927855Z   Downloaded quick-xml v0.39.2
linux-portability (ubuntu-24.04-arm)	Native portability gate (debug and release)	2026-09-20T12:18:42.1965731Z   Downloaded proptest v1.11.0
linux-portability (ubuntu-24.04-arm)	Native portability gate (debug and release)	2026-09-20T12:18:42.2021274Z   Downloaded clap_derive v4.6.1
linux-portability (ubuntu-24.04-arm)	Native portability gate (debug and release)	2026-09-20T12:18:42.2035809Z   Downloaded zerocopy v0.8.48
linux-portability (ubuntu-24.04-arm)	Native portability gate (debug and release)	2026-09-20T12:18:42.2163007Z   Downloaded syn v2.0.117
linux-portability (ubuntu-24.04-arm)	Native portability gate (debug and release)	2026-09-20T12:18:42.2207599Z   Downloaded chacha20 v0.10.0
linux-portability (ubuntu-24.04-arm)	Native portability gate (debug and release)	2026-09-20T12:18:42.2222858Z   Downloaded getrandom v0.4.2
linux-portability (ubuntu-24.04-arm)	Native portability gate (debug and release)	2026-09-20T12:18:42.2244888Z   Downloaded regex-syntax v0.8.10
linux-portability (ubuntu-24.04-arm)	Native portability gate (debug and release)	2026-09-20T12:18:42.2290537Z   Downloaded tempfile v3.27.0
linux-portability (ubuntu-24.04-arm)	Native portability gate (debug and release)	2026-09-20T12:18:42.2306897Z   Downloaded rusty-fork v0.3.1
linux-portability (ubuntu-24.04-arm)	Native portability gate (debug and release)	2026-09-20T12:18:42.2315930Z   Downloaded rustix v1.1.4
linux-portability (ubuntu-24.04-arm)	Native portability gate (debug and release)	2026-09-20T12:18:42.2453121Z   Downloaded quote v1.0.45
linux-portability (ubuntu-24.04-arm)	Native portability gate (debug and release)	2026-09-20T12:18:42.2468450Z   Downloaded anyhow v1.0.102
linux-portability (ubuntu-24.04-arm)	Native portability gate (debug and release)	2026-09-20T12:18:42.2489526Z   Downloaded num-traits v0.2.19
linux-portability (ubuntu-24.04-arm)	Native portability gate (debug and release)	2026-09-20T12:18:42.2507038Z   Downloaded pest_generator v2.8.6
linux-portability (ubuntu-24.04-arm)	Native portability gate (debug and release)	2026-09-20T12:18:42.2518777Z   Downloaded ppv-lite86 v0.2.21
linux-portability (ubuntu-24.04-arm)	Native portability gate (debug and release)	2026-09-20T12:18:42.2528026Z   Downloaded bit-vec v0.8.0
linux-portability (ubuntu-24.04-arm)	Native portability gate (debug and release)	2026-09-20T12:18:42.2537899Z   Downloaded rand_core v0.9.5
linux-portability (ubuntu-24.04-arm)	Native portability gate (debug and release)	2026-09-20T12:18:42.2546539Z   Downloaded colorchoice v1.0.5
linux-portability (ubuntu-24.04-arm)	Native portability gate (debug and release)	2026-09-20T12:18:42.2553731Z   Downloaded quick-error v1.2.3
linux-portability (ubuntu-24.04-arm)	Native portability gate (debug and release)	2026-09-20T12:18:42.2561575Z   Downloaded cpufeatures v0.2.17
linux-portability (ubuntu-24.04-arm)	Native portability gate (debug and release)	2026-09-20T12:18:42.2570390Z   Downloaded regex-automata v0.4.14
linux-portability (ubuntu-24.04-arm)	Native portability gate (debug and release)	2026-09-20T12:18:42.2657463Z   Downloaded block-buffer v0.10.4
linux-portability (ubuntu-24.04-arm)	Native portability gate (debug and release)	2026-09-20T12:18:42.2669613Z   Downloaded libc v0.2.186
linux-portability (ubuntu-24.04-arm)	Native portability gate (debug and release)	2026-09-20T12:18:42.2996861Z   Downloaded linux-raw-sys v0.12.1
linux-portability (ubuntu-24.04-arm)	Native portability gate (debug and release)	2026-09-20T12:18:42.3772589Z    Compiling proc-macro2 v1.0.106
linux-portability (ubuntu-24.04-arm)	Native portability gate (debug and release)	2026-09-20T12:18:42.3774315Z    Compiling libc v0.2.186
linux-portability (ubuntu-24.04-arm)	Native portability gate (debug and release)	2026-09-20T12:18:42.3775038Z    Compiling quote v1.0.45
linux-portability (ubuntu-24.04-arm)	Native portability gate (debug and release)	2026-09-20T12:18:42.3775543Z    Compiling unicode-ident v1.0.24
linux-portability (ubuntu-24.04-arm)	Native portability gate (debug and release)	2026-09-20T12:18:42.4241309Z     Checking cfg-if v1.0.4
linux-portability (ubuntu-24.04-arm)	Native portability gate (debug and release)	2026-09-20T12:18:42.4400978Z    Compiling getrandom v0.4.2
linux-portability (ubuntu-24.04-arm)	Native portability gate (debug and release)	2026-09-20T12:18:42.5563188Z     Checking rand_core v0.10.1
linux-portability (ubuntu-24.04-arm)	Native portability gate (debug and release)	2026-09-20T12:18:42.6081684Z    Compiling autocfg v1.5.0
linux-portability (ubuntu-24.04-arm)	Native portability gate (debug and release)	2026-09-20T12:18:42.6138267Z     Checking memchr v2.8.0
linux-portability (ubuntu-24.04-arm)	Native portability gate (debug and release)	2026-09-20T12:18:42.8680861Z    Compiling rustix v1.1.4
linux-portability (ubuntu-24.04-arm)	Native portability gate (debug and release)	2026-09-20T12:18:42.8691942Z    Compiling num-traits v0.2.19
linux-portability (ubuntu-24.04-arm)	Native portability gate (debug and release)	2026-09-20T12:18:43.0916042Z    Compiling syn v2.0.117
linux-portability (ubuntu-24.04-arm)	Native portability gate (debug and release)	2026-09-20T12:18:43.1567857Z    Compiling ucd-trie v0.1.7
linux-portability (ubuntu-24.04-arm)	Native portability gate (debug and release)	2026-09-20T12:18:43.2661240Z     Checking bitflags v2.11.1
linux-portability (ubuntu-24.04-arm)	Native portability gate (debug and release)	2026-09-20T12:18:43.2878564Z    Compiling serde_core v1.0.228
linux-portability (ubuntu-24.04-arm)	Native portability gate (debug and release)	2026-09-20T12:18:43.3421258Z     Checking linux-raw-sys v0.12.1
linux-portability (ubuntu-24.04-arm)	Native portability gate (debug and release)	2026-09-20T12:18:43.4781267Z    Compiling getrandom v0.3.4
linux-portability (ubuntu-24.04-arm)	Native portability gate (debug and release)	2026-09-20T12:18:43.4854182Z     Checking utf8parse v0.2.2
linux-portability (ubuntu-24.04-arm)	Native portability gate (debug and release)	2026-09-20T12:18:43.5159229Z     Checking anstyle-parse v1.0.0
linux-portability (ubuntu-24.04-arm)	Native portability gate (debug and release)	2026-09-20T12:18:43.5898134Z    Compiling pest v2.8.6
linux-portability (ubuntu-24.04-arm)	Native portability gate (debug and release)	2026-09-20T12:18:43.7301112Z     Checking anstyle v1.0.14
linux-portability (ubuntu-24.04-arm)	Native portability gate (debug and release)	2026-09-20T12:18:43.8211412Z     Checking anstyle-query v1.1.5
linux-portability (ubuntu-24.04-arm)	Native portability gate (debug and release)	2026-09-20T12:18:43.8514422Z     Checking fastrand v2.4.1
linux-portability (ubuntu-24.04-arm)	Native portability gate (debug and release)	2026-09-20T12:18:43.9361394Z    Compiling thiserror v2.0.18
linux-portability (ubuntu-24.04-arm)	Native portability gate (debug and release)	2026-09-20T12:18:44.1451338Z     Checking colorchoice v1.0.5
linux-portability (ubuntu-24.04-arm)	Native portability gate (debug and release)	2026-09-20T12:18:44.1734720Z     Checking once_cell v1.21.4
linux-portability (ubuntu-24.04-arm)	Native portability gate (debug and release)	2026-09-20T12:18:44.2611225Z     Checking regex-syntax v0.8.10
linux-portability (ubuntu-24.04-arm)	Native portability gate (debug and release)	2026-09-20T12:18:44.4404814Z    Compiling serde v1.0.228
linux-portability (ubuntu-24.04-arm)	Native portability gate (debug and release)	2026-09-20T12:18:44.5247768Z     Checking is_terminal_polyfill v1.70.2
linux-portability (ubuntu-24.04-arm)	Native portability gate (debug and release)	2026-09-20T12:18:44.5481503Z     Checking anstream v1.0.0
linux-portability (ubuntu-24.04-arm)	Native portability gate (debug and release)	2026-09-20T12:18:44.6441303Z     Checking tempfile v3.27.0
linux-portability (ubuntu-24.04-arm)	Native portability gate (debug and release)	2026-09-20T12:18:44.6551062Z    Compiling pest_meta v2.8.6
linux-portability (ubuntu-24.04-arm)	Native portability gate (debug and release)	2026-09-20T12:18:45.2631765Z     Checking aho-corasick v1.1.4
linux-portability (ubuntu-24.04-arm)	Native portability gate (debug and release)	2026-09-20T12:18:45.7741287Z    Compiling zerocopy v0.8.48
linux-portability (ubuntu-24.04-arm)	Native portability gate (debug and release)	2026-09-20T12:18:45.8801988Z    Compiling serde_derive v1.0.228
linux-portability (ubuntu-24.04-arm)	Native portability gate (debug and release)	2026-09-20T12:18:45.9774509Z    Compiling thiserror-impl v2.0.18
linux-portability (ubuntu-24.04-arm)	Native portability gate (debug and release)	2026-09-20T12:18:46.0731456Z    Compiling anyhow v1.0.102
linux-portability (ubuntu-24.04-arm)	Native portability gate (debug and release)	2026-09-20T12:18:46.2655554Z     Checking clap_lex v1.1.0
linux-portability (ubuntu-24.04-arm)	Native portability gate (debug and release)	2026-09-20T12:18:46.3308617Z     Checking strsim v0.11.1
linux-portability (ubuntu-24.04-arm)	Native portability gate (debug and release)	2026-09-20T12:18:46.4031999Z    Compiling heck v0.5.0
linux-portability (ubuntu-24.04-arm)	Native portability gate (debug and release)	2026-09-20T12:18:46.5120474Z     Checking clap_builder v4.6.0
linux-portability (ubuntu-24.04-arm)	Native portability gate (debug and release)	2026-09-20T12:18:46.5721502Z    Compiling clap_derive v4.6.1
linux-portability (ubuntu-24.04-arm)	Native portability gate (debug and release)	2026-09-20T12:18:47.0831031Z     Checking regex-automata v0.4.14
linux-portability (ubuntu-24.04-arm)	Native portability gate (debug and release)	2026-09-20T12:18:47.5851209Z     Checking rand_core v0.9.5
linux-portability (ubuntu-24.04-arm)	Native portability gate (debug and release)	2026-09-20T12:18:47.6726780Z    Compiling pest_generator v2.8.6
linux-portability (ubuntu-24.04-arm)	Native portability gate (debug and release)	2026-09-20T12:18:47.9771026Z     Checking chacha20 v0.10.0
linux-portability (ubuntu-24.04-arm)	Native portability gate (debug and release)	2026-09-20T12:18:48.1332137Z     Checking iana-time-zone v0.1.65
linux-portability (ubuntu-24.04-arm)	Native portability gate (debug and release)	2026-09-20T12:18:48.1687139Z    Compiling pest_derive v2.8.6
linux-portability (ubuntu-24.04-arm)	Native portability gate (debug and release)	2026-09-20T12:18:48.1891971Z     Checking chrono v0.4.44
linux-portability (ubuntu-24.04-arm)	Native portability gate (debug and release)	2026-09-20T12:18:48.5253349Z     Checking quick-xml v0.39.2
linux-portability (ubuntu-24.04-arm)	Native portability gate (debug and release)	2026-09-20T12:18:48.7031154Z     Checking regex v1.12.3
linux-portability (ubuntu-24.04-arm)	Native portability gate (debug and release)	2026-09-20T12:18:48.8051301Z     Checking rand v0.10.1
linux-portability (ubuntu-24.04-arm)	Native portability gate (debug and release)	2026-09-20T12:18:48.9011326Z     Checking clap v4.6.1
linux-portability (ubuntu-24.04-arm)	Native portability gate (debug and release)	2026-09-20T12:18:49.2451108Z     Checking sprintf v0.4.3
linux-portability (ubuntu-24.04-arm)	Native portability gate (debug and release)	2026-09-20T12:18:49.3021201Z     Checking wait-timeout v0.2.1
linux-portability (ubuntu-24.04-arm)	Native portability gate (debug and release)	2026-09-20T12:18:49.3201162Z     Checking bit-vec v0.8.0
linux-portability (ubuntu-24.04-arm)	Native portability gate (debug and release)	2026-09-20T12:18:49.3431052Z     Checking quick-error v1.2.3
linux-portability (ubuntu-24.04-arm)	Native portability gate (debug and release)	2026-09-20T12:18:49.3541101Z     Checking fnv v1.0.7
linux-portability (ubuntu-24.04-arm)	Native portability gate (debug and release)	2026-09-20T12:18:49.3676045Z     Checking rawk v0.1.0 (/home/runner/work/rawk/rawk/rawk)
linux-portability (ubuntu-24.04-arm)	Native portability gate (debug and release)	2026-09-20T12:18:49.3843382Z     Checking rusty-fork v0.3.1
linux-portability (ubuntu-24.04-arm)	Native portability gate (debug and release)	2026-09-20T12:18:49.4201289Z     Checking bit-set v0.8.0
linux-portability (ubuntu-24.04-arm)	Native portability gate (debug and release)	2026-09-20T12:18:49.4658305Z     Checking rand_xorshift v0.4.0
linux-portability (ubuntu-24.04-arm)	Native portability gate (debug and release)	2026-09-20T12:18:49.4836154Z     Checking rand v0.9.4
linux-portability (ubuntu-24.04-arm)	Native portability gate (debug and release)	2026-09-20T12:18:49.5209725Z     Checking unarray v0.1.4
linux-portability (ubuntu-24.04-arm)	Native portability gate (debug and release)	2026-09-20T12:18:51.3265399Z     Checking ppv-lite86 v0.2.21
linux-portability (ubuntu-24.04-arm)	Native portability gate (debug and release)	2026-09-20T12:18:51.4475542Z     Checking rand_chacha v0.9.0
linux-portability (ubuntu-24.04-arm)	Native portability gate (debug and release)	2026-09-20T12:18:51.5220175Z     Checking proptest v1.11.0
linux-portability (ubuntu-24.04-arm)	Native portability gate (debug and release)	2026-09-20T12:18:54.4383004Z     Finished `dev` profile [unoptimized + debuginfo] target(s) in 12.93s
linux-portability (ubuntu-24.04-arm)	Native portability gate (debug and release)	2026-09-20T12:18:54.5513313Z    Compiling proc-macro2 v1.0.106
linux-portability (ubuntu-24.04-arm)	Native portability gate (debug and release)	2026-09-20T12:18:54.5514351Z    Compiling unicode-ident v1.0.24
linux-portability (ubuntu-24.04-arm)	Native portability gate (debug and release)	2026-09-20T12:18:54.5514779Z    Compiling quote v1.0.45
linux-portability (ubuntu-24.04-arm)	Native portability gate (debug and release)	2026-09-20T12:18:54.5515255Z    Compiling memchr v2.8.0
linux-portability (ubuntu-24.04-arm)	Native portability gate (debug and release)	2026-09-20T12:18:54.5971374Z    Compiling libc v0.2.186
linux-portability (ubuntu-24.04-arm)	Native portability gate (debug and release)	2026-09-20T12:18:54.6911056Z    Compiling autocfg v1.5.0
linux-portability (ubuntu-24.04-arm)	Native portability gate (debug and release)	2026-09-20T12:18:54.8241275Z    Compiling cfg-if v1.0.4
linux-portability (ubuntu-24.04-arm)	Native portability gate (debug and release)	2026-09-20T12:18:54.8492381Z    Compiling getrandom v0.4.2
linux-portability (ubuntu-24.04-arm)	Native portability gate (debug and release)	2026-09-20T12:18:54.9636166Z    Compiling ucd-trie v0.1.7
linux-portability (ubuntu-24.04-arm)	Native portability gate (debug and release)	2026-09-20T12:18:55.1281233Z    Compiling utf8parse v0.2.2
linux-portability (ubuntu-24.04-arm)	Native portability gate (debug and release)	2026-09-20T12:18:55.1641102Z    Compiling rand_core v0.10.1
linux-portability (ubuntu-24.04-arm)	Native portability gate (debug and release)	2026-09-20T12:18:55.2406350Z    Compiling syn v2.0.117
linux-portability (ubuntu-24.04-arm)	Native portability gate (debug and release)	2026-09-20T12:18:55.2611399Z    Compiling serde_core v1.0.228
linux-portability (ubuntu-24.04-arm)	Native portability gate (debug and release)	2026-09-20T12:18:55.2629398Z    Compiling pest v2.8.6
linux-portability (ubuntu-24.04-arm)	Native portability gate (debug and release)	2026-09-20T12:18:55.2637408Z    Compiling anstyle-parse v1.0.0
linux-portability (ubuntu-24.04-arm)	Native portability gate (debug and release)	2026-09-20T12:18:55.3777089Z    Compiling num-traits v0.2.19
linux-portability (ubuntu-24.04-arm)	Native portability gate (debug and release)	2026-09-20T12:18:55.4646278Z    Compiling anstyle-query v1.1.5
linux-portability (ubuntu-24.04-arm)	Native portability gate (debug and release)	2026-09-20T12:18:55.5005002Z    Compiling anstyle v1.0.14
linux-portability (ubuntu-24.04-arm)	Native portability gate (debug and release)	2026-09-20T12:18:55.6611316Z    Compiling is_terminal_polyfill v1.70.2
linux-portability (ubuntu-24.04-arm)	Native portability gate (debug and release)	2026-09-20T12:18:55.6891156Z    Compiling rustix v1.1.4
linux-portability (ubuntu-24.04-arm)	Native portability gate (debug and release)	2026-09-20T12:18:55.8670603Z    Compiling colorchoice v1.0.5
linux-portability (ubuntu-24.04-arm)	Native portability gate (debug and release)	2026-09-20T12:18:55.9051091Z    Compiling thiserror v2.0.18
linux-portability (ubuntu-24.04-arm)	Native portability gate (debug and release)	2026-09-20T12:18:56.0587529Z    Compiling serde v1.0.228
linux-portability (ubuntu-24.04-arm)	Native portability gate (debug and release)	2026-09-20T12:18:56.1035602Z    Compiling pest_meta v2.8.6
linux-portability (ubuntu-24.04-arm)	Native portability gate (debug and release)	2026-09-20T12:18:56.2171263Z    Compiling anstream v1.0.0
linux-portability (ubuntu-24.04-arm)	Native portability gate (debug and release)	2026-09-20T12:18:56.6020249Z    Compiling aho-corasick v1.1.4
linux-portability (ubuntu-24.04-arm)	Native portability gate (debug and release)	2026-09-20T12:18:57.3351728Z    Compiling linux-raw-sys v0.12.1
linux-portability (ubuntu-24.04-arm)	Native portability gate (debug and release)	2026-09-20T12:18:57.5591746Z    Compiling clap_lex v1.1.0
linux-portability (ubuntu-24.04-arm)	Native portability gate (debug and release)	2026-09-20T12:18:57.7771400Z    Compiling bitflags v2.11.1
linux-portability (ubuntu-24.04-arm)	Native portability gate (debug and release)	2026-09-20T12:18:58.0281171Z    Compiling thiserror-impl v2.0.18
linux-portability (ubuntu-24.04-arm)	Native portability gate (debug and release)	2026-09-20T12:18:58.0421342Z    Compiling serde_derive v1.0.228
linux-portability (ubuntu-24.04-arm)	Native portability gate (debug and release)	2026-09-20T12:18:58.2065056Z    Compiling anyhow v1.0.102
linux-portability (ubuntu-24.04-arm)	Native portability gate (debug and release)	2026-09-20T12:18:58.3611504Z    Compiling heck v0.5.0
linux-portability (ubuntu-24.04-arm)	Native portability gate (debug and release)	2026-09-20T12:18:58.4721050Z    Compiling regex-syntax v0.8.10
linux-portability (ubuntu-24.04-arm)	Native portability gate (debug and release)	2026-09-20T12:18:59.0026148Z    Compiling strsim v0.11.1
linux-portability (ubuntu-24.04-arm)	Native portability gate (debug and release)	2026-09-20T12:18:59.6451064Z    Compiling clap_builder v4.6.0
linux-portability (ubuntu-24.04-arm)	Native portability gate (debug and release)	2026-09-20T12:19:00.3391564Z    Compiling regex-automata v0.4.14
linux-portability (ubuntu-24.04-arm)	Native portability gate (debug and release)	2026-09-20T12:19:00.8471472Z    Compiling clap_derive v4.6.1
linux-portability (ubuntu-24.04-arm)	Native portability gate (debug and release)	2026-09-20T12:19:04.3272211Z    Compiling pest_generator v2.8.6
linux-portability (ubuntu-24.04-arm)	Native portability gate (debug and release)	2026-09-20T12:19:04.7501200Z    Compiling chacha20 v0.10.0
linux-portability (ubuntu-24.04-arm)	Native portability gate (debug and release)	2026-09-20T12:19:04.8941232Z    Compiling fastrand v2.4.1
linux-portability (ubuntu-24.04-arm)	Native portability gate (debug and release)	2026-09-20T12:19:05.1423402Z    Compiling once_cell v1.21.4
linux-portability (ubuntu-24.04-arm)	Native portability gate (debug and release)	2026-09-20T12:19:05.2892668Z    Compiling iana-time-zone v0.1.65
linux-portability (ubuntu-24.04-arm)	Native portability gate (debug and release)	2026-09-20T12:19:05.4821343Z    Compiling chrono v0.4.44
linux-portability (ubuntu-24.04-arm)	Native portability gate (debug and release)	2026-09-20T12:19:05.6071213Z    Compiling tempfile v3.27.0
linux-portability (ubuntu-24.04-arm)	Native portability gate (debug and release)	2026-09-20T12:19:07.6328004Z    Compiling rand v0.10.1
linux-portability (ubuntu-24.04-arm)	Native portability gate (debug and release)	2026-09-20T12:19:08.1732904Z    Compiling pest_derive v2.8.6
linux-portability (ubuntu-24.04-arm)	Native portability gate (debug and release)	2026-09-20T12:19:08.4570231Z    Compiling regex v1.12.3
linux-portability (ubuntu-24.04-arm)	Native portability gate (debug and release)	2026-09-20T12:19:08.9992962Z    Compiling clap v4.6.1
linux-portability (ubuntu-24.04-arm)	Native portability gate (debug and release)	2026-09-20T12:19:09.0267365Z    Compiling sprintf v0.4.3
linux-portability (ubuntu-24.04-arm)	Native portability gate (debug and release)	2026-09-20T12:19:09.1088169Z    Compiling quick-xml v0.39.2
linux-portability (ubuntu-24.04-arm)	Native portability gate (debug and release)	2026-09-20T12:19:11.1446722Z    Compiling rawk v0.1.0 (/home/runner/work/rawk/rawk/rawk)
linux-portability (ubuntu-24.04-arm)	Native portability gate (debug and release)	2026-09-20T12:19:20.4132627Z     Finished `release` profile [optimized] target(s) in 25.92s
linux-portability (ubuntu-24.04-arm)	Native portability gate (debug and release)	2026-09-20T12:19:20.4778973Z    Compiling cfg-if v1.0.4
linux-portability (ubuntu-24.04-arm)	Native portability gate (debug and release)	2026-09-20T12:19:20.4781452Z    Compiling libc v0.2.186
linux-portability (ubuntu-24.04-arm)	Native portability gate (debug and release)	2026-09-20T12:19:20.4781760Z    Compiling memchr v2.8.0
linux-portability (ubuntu-24.04-arm)	Native portability gate (debug and release)	2026-09-20T12:19:20.4831107Z    Compiling rand_core v0.10.1
linux-portability (ubuntu-24.04-arm)	Native portability gate (debug and release)	2026-09-20T12:19:20.5038448Z    Compiling bitflags v2.11.1
linux-portability (ubuntu-24.04-arm)	Native portability gate (debug and release)	2026-09-20T12:19:20.5561264Z    Compiling ucd-trie v0.1.7
linux-portability (ubuntu-24.04-arm)	Native portability gate (debug and release)	2026-09-20T12:19:20.6411340Z    Compiling linux-raw-sys v0.12.1
linux-portability (ubuntu-24.04-arm)	Native portability gate (debug and release)	2026-09-20T12:19:20.7481275Z    Compiling utf8parse v0.2.2
linux-portability (ubuntu-24.04-arm)	Native portability gate (debug and release)	2026-09-20T12:19:20.7881396Z    Compiling anstyle-parse v1.0.0
linux-portability (ubuntu-24.04-arm)	Native portability gate (debug and release)	2026-09-20T12:19:20.8581984Z    Compiling rustix v1.1.4
linux-portability (ubuntu-24.04-arm)	Native portability gate (debug and release)	2026-09-20T12:19:20.8621430Z    Compiling pest v2.8.6
linux-portability (ubuntu-24.04-arm)	Native portability gate (debug and release)	2026-09-20T12:19:20.8812007Z    Compiling is_terminal_polyfill v1.70.2
linux-portability (ubuntu-24.04-arm)	Native portability gate (debug and release)	2026-09-20T12:19:20.9025732Z    Compiling regex-syntax v0.8.10
linux-portability (ubuntu-24.04-arm)	Native portability gate (debug and release)	2026-09-20T12:19:21.0819009Z    Compiling getrandom v0.4.2
linux-portability (ubuntu-24.04-arm)	Native portability gate (debug and release)	2026-09-20T12:19:21.2031361Z    Compiling anstyle-query v1.1.5
linux-portability (ubuntu-24.04-arm)	Native portability gate (debug and release)	2026-09-20T12:19:21.2371347Z    Compiling colorchoice v1.0.5
linux-portability (ubuntu-24.04-arm)	Native portability gate (debug and release)	2026-09-20T12:19:21.2731247Z    Compiling fastrand v2.4.1
linux-portability (ubuntu-24.04-arm)	Native portability gate (debug and release)	2026-09-20T12:19:21.4002174Z    Compiling anstyle v1.0.14
linux-portability (ubuntu-24.04-arm)	Native portability gate (debug and release)	2026-09-20T12:19:21.5221247Z    Compiling once_cell v1.21.4
linux-portability (ubuntu-24.04-arm)	Native portability gate (debug and release)	2026-09-20T12:19:21.6410741Z    Compiling anstream v1.0.0
linux-portability (ubuntu-24.04-arm)	Native portability gate (debug and release)	2026-09-20T12:19:21.8491424Z    Compiling pest_meta v2.8.6
linux-portability (ubuntu-24.04-arm)	Native portability gate (debug and release)	2026-09-20T12:19:21.8592810Z    Compiling getrandom v0.3.4
linux-portability (ubuntu-24.04-arm)	Native portability gate (debug and release)	2026-09-20T12:19:21.9721980Z    Compiling tempfile v3.27.0
linux-portability (ubuntu-24.04-arm)	Native portability gate (debug and release)	2026-09-20T12:19:22.2951234Z    Compiling num-traits v0.2.19
linux-portability (ubuntu-24.04-arm)	Native portability gate (debug and release)	2026-09-20T12:19:22.3461897Z    Compiling serde_core v1.0.228
linux-portability (ubuntu-24.04-arm)	Native portability gate (debug and release)	2026-09-20T12:19:22.7241206Z    Compiling aho-corasick v1.1.4
linux-portability (ubuntu-24.04-arm)	Native portability gate (debug and release)	2026-09-20T12:19:23.1989139Z    Compiling clap_lex v1.1.0
linux-portability (ubuntu-24.04-arm)	Native portability gate (debug and release)	2026-09-20T12:19:23.3043872Z    Compiling strsim v0.11.1
linux-portability (ubuntu-24.04-arm)	Native portability gate (debug and release)	2026-09-20T12:19:23.3464531Z    Compiling thiserror v2.0.18
linux-portability (ubuntu-24.04-arm)	Native portability gate (debug and release)	2026-09-20T12:19:23.3830409Z    Compiling regex-automata v0.4.14
linux-portability (ubuntu-24.04-arm)	Native portability gate (debug and release)	2026-09-20T12:19:23.5981616Z    Compiling clap_builder v4.6.0
linux-portability (ubuntu-24.04-arm)	Native portability gate (debug and release)	2026-09-20T12:19:23.9511474Z    Compiling serde v1.0.228
linux-portability (ubuntu-24.04-arm)	Native portability gate (debug and release)	2026-09-20T12:19:24.2391264Z    Compiling pest_generator v2.8.6
linux-portability (ubuntu-24.04-arm)	Native portability gate (debug and release)	2026-09-20T12:19:24.3491143Z    Compiling rand_core v0.9.5
linux-portability (ubuntu-24.04-arm)	Native portability gate (debug and release)	2026-09-20T12:19:24.4691456Z    Compiling chacha20 v0.10.0
linux-portability (ubuntu-24.04-arm)	Native portability gate (debug and release)	2026-09-20T12:19:24.5991295Z    Compiling iana-time-zone v0.1.65
linux-portability (ubuntu-24.04-arm)	Native portability gate (debug and release)	2026-09-20T12:19:24.6791581Z    Compiling pest_derive v2.8.6
linux-portability (ubuntu-24.04-arm)	Native portability gate (debug and release)	2026-09-20T12:19:24.7781527Z    Compiling chrono v0.4.44
linux-portability (ubuntu-24.04-arm)	Native portability gate (debug and release)	2026-09-20T12:19:25.0161129Z    Compiling rand v0.10.1
linux-portability (ubuntu-24.04-arm)	Native portability gate (debug and release)	2026-09-20T12:19:25.4921266Z    Compiling regex v1.12.3
linux-portability (ubuntu-24.04-arm)	Native portability gate (debug and release)	2026-09-20T12:19:25.8461712Z    Compiling clap v4.6.1
linux-portability (ubuntu-24.04-arm)	Native portability gate (debug and release)	2026-09-20T12:19:25.8751259Z    Compiling quick-xml v0.39.2
linux-portability (ubuntu-24.04-arm)	Native portability gate (debug and release)	2026-09-20T12:19:26.1361234Z    Compiling sprintf v0.4.3
linux-portability (ubuntu-24.04-arm)	Native portability gate (debug and release)	2026-09-20T12:19:26.3271209Z    Compiling anyhow v1.0.102
linux-portability (ubuntu-24.04-arm)	Native portability gate (debug and release)	2026-09-20T12:19:26.6131933Z    Compiling zerocopy v0.8.48
linux-portability (ubuntu-24.04-arm)	Native portability gate (debug and release)	2026-09-20T12:19:27.1501031Z    Compiling wait-timeout v0.2.1
linux-portability (ubuntu-24.04-arm)	Native portability gate (debug and release)	2026-09-20T12:19:27.2711447Z    Compiling fnv v1.0.7
linux-portability (ubuntu-24.04-arm)	Native portability gate (debug and release)	2026-09-20T12:19:27.2991715Z    Compiling bit-vec v0.8.0
linux-portability (ubuntu-24.04-arm)	Native portability gate (debug and release)	2026-09-20T12:19:27.3421473Z    Compiling quick-error v1.2.3
linux-portability (ubuntu-24.04-arm)	Native portability gate (debug and release)	2026-09-20T12:19:27.3781264Z    Compiling rusty-fork v0.3.1
linux-portability (ubuntu-24.04-arm)	Native portability gate (debug and release)	2026-09-20T12:19:27.4351376Z    Compiling bit-set v0.8.0
linux-portability (ubuntu-24.04-arm)	Native portability gate (debug and release)	2026-09-20T12:19:27.5112873Z    Compiling rawk v0.1.0 (/home/runner/work/rawk/rawk/rawk)
linux-portability (ubuntu-24.04-arm)	Native portability gate (debug and release)	2026-09-20T12:19:27.6641421Z    Compiling rand_xorshift v0.4.0
linux-portability (ubuntu-24.04-arm)	Native portability gate (debug and release)	2026-09-20T12:19:27.7201211Z    Compiling rand v0.9.4
linux-portability (ubuntu-24.04-arm)	Native portability gate (debug and release)	2026-09-20T12:19:28.0921407Z    Compiling unarray v0.1.4
linux-portability (ubuntu-24.04-arm)	Native portability gate (debug and release)	2026-09-20T12:19:29.2246136Z    Compiling ppv-lite86 v0.2.21
linux-portability (ubuntu-24.04-arm)	Native portability gate (debug and release)	2026-09-20T12:19:29.3562078Z    Compiling rand_chacha v0.9.0
linux-portability (ubuntu-24.04-arm)	Native portability gate (debug and release)	2026-09-20T12:19:29.4435945Z    Compiling proptest v1.11.0
linux-portability (ubuntu-24.04-arm)	Native portability gate (debug and release)	2026-09-20T12:19:34.2731856Z     Finished `test` profile [unoptimized + debuginfo] target(s) in 13.84s
linux-portability (ubuntu-24.04-arm)	Native portability gate (debug and release)	2026-09-20T12:19:34.2792214Z      Running unittests src/lib.rs (target/debug/deps/rawk-cf2e1085fda57426)
linux-portability (ubuntu-24.04-arm)	Native portability gate (debug and release)	2026-09-20T12:19:34.2801367Z 
linux-portability (ubuntu-24.04-arm)	Native portability gate (debug and release)	2026-09-20T12:19:34.2801751Z running 0 tests
linux-portability (ubuntu-24.04-arm)	Native portability gate (debug and release)	2026-09-20T12:19:34.2801945Z 
linux-portability (ubuntu-24.04-arm)	Native portability gate (debug and release)	2026-09-20T12:19:34.2802829Z test result: ok. 0 passed; 0 failed; 0 ignored; 0 measured; 0 filtered out; finished in 0.00s
linux-portability (ubuntu-24.04-arm)	Native portability gate (debug and release)	2026-09-20T12:19:34.2803204Z 
linux-portability (ubuntu-24.04-arm)	Native portability gate (debug and release)	2026-09-20T12:19:34.2803729Z      Running unittests src/bin/diffrun.rs (target/debug/deps/diffrun-3b6e51535cd91098)
linux-portability (ubuntu-24.04-arm)	Native portability gate (debug and release)	2026-09-20T12:19:34.2810513Z 
linux-portability (ubuntu-24.04-arm)	Native portability gate (debug and release)	2026-09-20T12:19:34.2810826Z running 0 tests
linux-portability (ubuntu-24.04-arm)	Native portability gate (debug and release)	2026-09-20T12:19:34.2811043Z 
linux-portability (ubuntu-24.04-arm)	Native portability gate (debug and release)	2026-09-20T12:19:34.2811330Z test result: ok. 0 passed; 0 failed; 0 ignored; 0 measured; 0 filtered out; finished in 0.00s
linux-portability (ubuntu-24.04-arm)	Native portability gate (debug and release)	2026-09-20T12:19:34.2811680Z 
linux-portability (ubuntu-24.04-arm)	Native portability gate (debug and release)	2026-09-20T12:19:34.2812490Z      Running unittests src/main.rs (target/debug/deps/rawk-992d587babbada91)
linux-portability (ubuntu-24.04-arm)	Native portability gate (debug and release)	2026-09-20T12:19:34.2821289Z 
linux-portability (ubuntu-24.04-arm)	Native portability gate (debug and release)	2026-09-20T12:19:34.2821633Z running 4 tests
linux-portability (ubuntu-24.04-arm)	Native portability gate (debug and release)	2026-09-20T12:19:34.2835724Z test unicode_ere::tests::encoding_preserves_offsets_and_invalid_bytes_without_sentinels ... ok
linux-portability (ubuntu-24.04-arm)	Native portability gate (debug and release)	2026-09-20T12:19:34.2905763Z test unicode_ere::tests::compiled_intervals_cover_only_the_requested_runes ... ok
linux-portability (ubuntu-24.04-arm)	Native portability gate (debug and release)	2026-09-20T12:19:34.2945656Z test input::tests::separators_are_independent_of_read_boundaries ... ok
linux-portability (ubuntu-24.04-arm)	Native portability gate (debug and release)	2026-09-20T12:19:34.3241505Z test ere::stream::tests::physical_short_reads_do_not_change_bwk_lookahead ... ok
linux-portability (ubuntu-24.04-arm)	Native portability gate (debug and release)	2026-09-20T12:19:34.3241994Z 
linux-portability (ubuntu-24.04-arm)	Native portability gate (debug and release)	2026-09-20T12:19:34.3242354Z test result: ok. 4 passed; 0 failed; 0 ignored; 0 measured; 0 filtered out; finished in 0.04s
linux-portability (ubuntu-24.04-arm)	Native portability gate (debug and release)	2026-09-20T12:19:34.3242733Z 
linux-portability (ubuntu-24.04-arm)	Native portability gate (debug and release)	2026-09-20T12:19:34.3244366Z      Running tests/bytes_array_keys.rs (target/debug/deps/bytes_array_keys-8912e42706625c48)
linux-portability (ubuntu-24.04-arm)	Native portability gate (debug and release)	2026-09-20T12:19:34.3254194Z 
linux-portability (ubuntu-24.04-arm)	Native portability gate (debug and release)	2026-09-20T12:19:34.3254779Z running 3 tests
linux-portability (ubuntu-24.04-arm)	Native portability gate (debug and release)	2026-09-20T12:19:34.3330933Z test for_in_returns_all_distinct_byte_keys ... ok
linux-portability (ubuntu-24.04-arm)	Native portability gate (debug and release)	2026-09-20T12:19:34.3331564Z test distinct_high_byte_keys_do_not_collide ... ok
linux-portability (ubuntu-24.04-arm)	Native portability gate (debug and release)	2026-09-20T12:19:34.3331916Z test nul_embedded_key_round_trips ... ok
linux-portability (ubuntu-24.04-arm)	Native portability gate (debug and release)	2026-09-20T12:19:34.3332124Z 
linux-portability (ubuntu-24.04-arm)	Native portability gate (debug and release)	2026-09-20T12:19:34.3332360Z test result: ok. 3 passed; 0 failed; 0 ignored; 0 measured; 0 filtered out; finished in 0.01s
linux-portability (ubuntu-24.04-arm)	Native portability gate (debug and release)	2026-09-20T12:19:34.3332754Z 
linux-portability (ubuntu-24.04-arm)	Native portability gate (debug and release)	2026-09-20T12:19:34.3333074Z      Running tests/bytes_printf.rs (target/debug/deps/bytes_printf-d8adb88f194b5935)
linux-portability (ubuntu-24.04-arm)	Native portability gate (debug and release)	2026-09-20T12:19:34.3340958Z 
linux-portability (ubuntu-24.04-arm)	Native portability gate (debug and release)	2026-09-20T12:19:34.3341777Z running 6 tests
linux-portability (ubuntu-24.04-arm)	Native portability gate (debug and release)	2026-09-20T12:19:34.3408068Z test printf_c_emits_first_byte_raw ... ok
linux-portability (ubuntu-24.04-arm)	Native portability gate (debug and release)	2026-09-20T12:19:34.3408726Z test print_with_high_byte_ofs ... ok
linux-portability (ubuntu-24.04-arm)	Native portability gate (debug and release)	2026-09-20T12:19:34.3409231Z test field_split_with_high_byte_fs ... ok
linux-portability (ubuntu-24.04-arm)	Native portability gate (debug and release)	2026-09-20T12:19:34.3409792Z test printf_format_string_with_high_bytes ... ok
linux-portability (ubuntu-24.04-arm)	Native portability gate (debug and release)	2026-09-20T12:19:34.3471464Z test sprintf_high_byte_round_trip ... ok
linux-portability (ubuntu-24.04-arm)	Native portability gate (debug and release)	2026-09-20T12:19:34.3474868Z test printf_s_preserves_high_byte ... ok
linux-portability (ubuntu-24.04-arm)	Native portability gate (debug and release)	2026-09-20T12:19:34.3475154Z 
linux-portability (ubuntu-24.04-arm)	Native portability gate (debug and release)	2026-09-20T12:19:34.3475433Z test result: ok. 6 passed; 0 failed; 0 ignored; 0 measured; 0 filtered out; finished in 0.01s
linux-portability (ubuntu-24.04-arm)	Native portability gate (debug and release)	2026-09-20T12:19:34.3475774Z 
linux-portability (ubuntu-24.04-arm)	Native portability gate (debug and release)	2026-09-20T12:19:34.3477145Z      Running tests/bytes_regex_match.rs (target/debug/deps/bytes_regex_match-42c23aa5e737afa6)
linux-portability (ubuntu-24.04-arm)	Native portability gate (debug and release)	2026-09-20T12:19:34.3485129Z 
linux-portability (ubuntu-24.04-arm)	Native portability gate (debug and release)	2026-09-20T12:19:34.3485886Z running 6 tests
linux-portability (ubuntu-24.04-arm)	Native portability gate (debug and release)	2026-09-20T12:19:34.3552736Z test nul_inside_subject_with_rs_regex ... ok
linux-portability (ubuntu-24.04-arm)	Native portability gate (debug and release)	2026-09-20T12:19:34.3555897Z test match_distinguishes_high_bytes ... ok
linux-portability (ubuntu-24.04-arm)	Native portability gate (debug and release)	2026-09-20T12:19:34.3560927Z test gsub_ampersand_includes_whole_match ... ok
linux-portability (ubuntu-24.04-arm)	Native portability gate (debug and release)	2026-09-20T12:19:34.3569058Z test match_builtin_high_byte_pattern_position ... ok
linux-portability (ubuntu-24.04-arm)	Native portability gate (debug and release)	2026-09-20T12:19:34.3615997Z test sub_replaces_high_byte_run ... ok
linux-portability (ubuntu-24.04-arm)	Native portability gate (debug and release)	2026-09-20T12:19:34.3618910Z test rs_regex_high_byte_separator_splits_correctly ... ok
linux-portability (ubuntu-24.04-arm)	Native portability gate (debug and release)	2026-09-20T12:19:34.3619309Z 
linux-portability (ubuntu-24.04-arm)	Native portability gate (debug and release)	2026-09-20T12:19:34.3620459Z test result: ok. 6 passed; 0 failed; 0 ignored; 0 measured; 0 filtered out; finished in 0.01s
linux-portability (ubuntu-24.04-arm)	Native portability gate (debug and release)	2026-09-20T12:19:34.3620933Z 
linux-portability (ubuntu-24.04-arm)	Native portability gate (debug and release)	2026-09-20T12:19:34.3622564Z      Running tests/data_contract.rs (target/debug/deps/data_contract-65cc91f870523ded)
linux-portability (ubuntu-24.04-arm)	Native portability gate (debug and release)	2026-09-20T12:19:34.3628466Z 
linux-portability (ubuntu-24.04-arm)	Native portability gate (debug and release)	2026-09-20T12:19:34.3628721Z running 6 tests
linux-portability (ubuntu-24.04-arm)	Native portability gate (debug and release)	2026-09-20T12:19:34.3694187Z test invalid_regex_is_reported ... ok
linux-portability (ubuntu-24.04-arm)	Native portability gate (debug and release)	2026-09-20T12:19:34.3704153Z test fields_accept_regex_separator ... ok
linux-portability (ubuntu-24.04-arm)	Native portability gate (debug and release)	2026-09-20T12:19:34.3704937Z test regex_uses_leftmost_longest ... ok
linux-portability (ubuntu-24.04-arm)	Native portability gate (debug and release)	2026-09-20T12:19:34.3708830Z test csv_handles_quoted_delimiters_newlines_and_escaped_quotes ... ok
linux-portability (ubuntu-24.04-arm)	Native portability gate (debug and release)	2026-09-20T12:19:34.3760694Z test split_preserves_empty_fields_and_clears_array ... ok
linux-portability (ubuntu-24.04-arm)	Native portability gate (debug and release)	2026-09-20T12:19:34.3764406Z test substitutions_report_count_not_changed_text ... ok
linux-portability (ubuntu-24.04-arm)	Native portability gate (debug and release)	2026-09-20T12:19:34.3764727Z 
linux-portability (ubuntu-24.04-arm)	Native portability gate (debug and release)	2026-09-20T12:19:34.3764997Z test result: ok. 6 passed; 0 failed; 0 ignored; 0 measured; 0 filtered out; finished in 0.01s
linux-portability (ubuntu-24.04-arm)	Native portability gate (debug and release)	2026-09-20T12:19:34.3765336Z 
linux-portability (ubuntu-24.04-arm)	Native portability gate (debug and release)	2026-09-20T12:19:34.3765722Z      Running tests/driver_regressions.rs (target/debug/deps/driver_regressions-7b3f66b843422112)
linux-portability (ubuntu-24.04-arm)	Native portability gate (debug and release)	2026-09-20T12:19:34.3773063Z 
linux-portability (ubuntu-24.04-arm)	Native portability gate (debug and release)	2026-09-20T12:19:34.3773274Z running 8 tests
linux-portability (ubuntu-24.04-arm)	Native portability gate (debug and release)	2026-09-20T12:19:34.3903764Z test field_index_beyond_reference_integer_range_is_an_error ... ok
linux-portability (ubuntu-24.04-arm)	Native portability gate (debug and release)	2026-09-20T12:19:34.3919487Z test getline_comparison_is_not_part_of_filename ... ok
linux-portability (ubuntu-24.04-arm)	Native portability gate (debug and release)	2026-09-20T12:19:34.3978714Z test multifile_syntax_error_names_offending_source ... ok
linux-portability (ubuntu-24.04-arm)	Native portability gate (debug and release)	2026-09-20T12:19:34.4026437Z test invalid_function_parameters_are_errors_before_execution ... ok
linux-portability (ubuntu-24.04-arm)	Native portability gate (debug and release)	2026-09-20T12:19:34.4291042Z test redirected_stdin_shares_buffer_with_main_input ... ok
linux-portability (ubuntu-24.04-arm)	Native portability gate (debug and release)	2026-09-20T12:19:34.4398929Z test stdin_program_and_empty_statements ... ok
linux-portability (ubuntu-24.04-arm)	Native portability gate (debug and release)	2026-09-20T12:19:34.5436806Z test standard_output_aliases_share_streams_and_lifecycle ... ok
linux-portability (ubuntu-24.04-arm)	Native portability gate (debug and release)	2026-09-20T12:19:34.6565304Z test checked_math_matches_native_oracle ... ok
linux-portability (ubuntu-24.04-arm)	Native portability gate (debug and release)	2026-09-20T12:19:34.6565688Z 
linux-portability (ubuntu-24.04-arm)	Native portability gate (debug and release)	2026-09-20T12:19:34.6565953Z test result: ok. 8 passed; 0 failed; 0 ignored; 0 measured; 0 filtered out; finished in 0.28s
linux-portability (ubuntu-24.04-arm)	Native portability gate (debug and release)	2026-09-20T12:19:34.6566499Z 
linux-portability (ubuntu-24.04-arm)	Native portability gate (debug and release)	2026-09-20T12:19:34.6567295Z      Running tests/dynamic_format.rs (target/debug/deps/dynamic_format-da660803ed5b773d)
linux-portability (ubuntu-24.04-arm)	Native portability gate (debug and release)	2026-09-20T12:19:34.6575821Z 
linux-portability (ubuntu-24.04-arm)	Native portability gate (debug and release)	2026-09-20T12:19:34.6576116Z running 8 tests
linux-portability (ubuntu-24.04-arm)	Native portability gate (debug and release)	2026-09-20T12:19:34.6710975Z test missing_star_arguments_are_errors ... ok
linux-portability (ubuntu-24.04-arm)	Native portability gate (debug and release)	2026-09-20T12:19:34.6771765Z test negative_precision_keeps_binary_and_multibyte_paths ... ok
linux-portability (ubuntu-24.04-arm)	Native portability gate (debug and release)	2026-09-20T12:19:34.6887938Z test string_and_literal_range_errors_do_not_discard_arithmetic_subnormals ... ok
linux-portability (ubuntu-24.04-arm)	Native portability gate (debug and release)	2026-09-20T12:19:34.8062521Z test unsigned_conversion_matches_native_oracle ... ok
linux-portability (ubuntu-24.04-arm)	Native portability gate (debug and release)	2026-09-20T12:19:34.8304253Z test zero_padded_strings_match_native_oracle ... ok
linux-portability (ubuntu-24.04-arm)	Native portability gate (debug and release)	2026-09-20T12:19:35.3288292Z test dynamic_width_precision_and_consumption ... ok
linux-portability (ubuntu-24.04-arm)	Native portability gate (debug and release)	2026-09-20T12:19:36.6514806Z test integer_flags_precision_and_signs ... ok
linux-portability (ubuntu-24.04-arm)	Native portability gate (debug and release)	2026-09-20T12:19:37.2350947Z test negative_dynamic_precision_preserves_flags_and_argument_consumption ... ok
linux-portability (ubuntu-24.04-arm)	Native portability gate (debug and release)	2026-09-20T12:19:37.2351491Z 
linux-portability (ubuntu-24.04-arm)	Native portability gate (debug and release)	2026-09-20T12:19:37.2351767Z test result: ok. 8 passed; 0 failed; 0 ignored; 0 measured; 0 filtered out; finished in 2.58s
linux-portability (ubuntu-24.04-arm)	Native portability gate (debug and release)	2026-09-20T12:19:37.2352285Z 
linux-portability (ubuntu-24.04-arm)	Native portability gate (debug and release)	2026-09-20T12:19:37.2352565Z      Running tests/harness.rs (target/debug/deps/harness-3a6b5b406c659a96)
linux-portability (ubuntu-24.04-arm)	Native portability gate (debug and release)	2026-09-20T12:19:37.2361541Z 
linux-portability (ubuntu-24.04-arm)	Native portability gate (debug and release)	2026-09-20T12:19:37.2362507Z running 5 tests
linux-portability (ubuntu-24.04-arm)	Native portability gate (debug and release)	2026-09-20T12:19:37.2368786Z test annotation_does_not_accept_new_failures ... ok
linux-portability (ubuntu-24.04-arm)	Native portability gate (debug and release)	2026-09-20T12:19:37.2426484Z test aggregate_gate_reports_an_intermediate_failure ... ok
linux-portability (ubuntu-24.04-arm)	Native portability gate (debug and release)	2026-09-20T12:19:37.2427538Z test preserves_bytes_whitespace_and_status ... ok
linux-portability (ubuntu-24.04-arm)	Native portability gate (debug and release)	2026-09-20T12:19:37.2494145Z test each_run_has_a_fresh_directory ... ok
linux-portability (ubuntu-24.04-arm)	Native portability gate (debug and release)	2026-09-20T12:19:37.6700324Z test timeout_kills_descendants ... ok
linux-portability (ubuntu-24.04-arm)	Native portability gate (debug and release)	2026-09-20T12:19:37.6700974Z 
linux-portability (ubuntu-24.04-arm)	Native portability gate (debug and release)	2026-09-20T12:19:37.6701277Z test result: ok. 5 passed; 0 failed; 0 ignored; 0 measured; 0 filtered out; finished in 0.43s
linux-portability (ubuntu-24.04-arm)	Native portability gate (debug and release)	2026-09-20T12:19:37.6701649Z 
linux-portability (ubuntu-24.04-arm)	Native portability gate (debug and release)	2026-09-20T12:19:37.6702352Z      Running tests/input_contract.rs (target/debug/deps/input_contract-ead71b1d543e31fb)
linux-portability (ubuntu-24.04-arm)	Native portability gate (debug and release)	2026-09-20T12:19:37.6709753Z 
linux-portability (ubuntu-24.04-arm)	Native portability gate (debug and release)	2026-09-20T12:19:37.6710267Z running 5 tests
linux-portability (ubuntu-24.04-arm)	Native portability gate (debug and release)	2026-09-20T12:19:37.6778602Z test file_getline_and_interleaved_assignments ... ok
linux-portability (ubuntu-24.04-arm)	Native portability gate (debug and release)	2026-09-20T12:19:37.6780378Z test missing_getline_file_is_an_error_not_eof ... ok
linux-portability (ubuntu-24.04-arm)	Native portability gate (debug and release)	2026-09-20T12:19:37.6782623Z test rewriting_record_does_not_count_a_read ... ok
linux-portability (ubuntu-24.04-arm)	Native portability gate (debug and release)	2026-09-20T12:19:37.6788289Z test getline_uses_main_stream_and_counts_every_read ... ok
linux-portability (ubuntu-24.04-arm)	Native portability gate (debug and release)	2026-09-20T12:19:37.6850145Z test rs_changes_apply_to_unconsumed_input ... ok
linux-portability (ubuntu-24.04-arm)	Native portability gate (debug and release)	2026-09-20T12:19:37.6850456Z 
linux-portability (ubuntu-24.04-arm)	Native portability gate (debug and release)	2026-09-20T12:19:37.6850724Z test result: ok. 5 passed; 0 failed; 0 ignored; 0 measured; 0 filtered out; finished in 0.01s
linux-portability (ubuntu-24.04-arm)	Native portability gate (debug and release)	2026-09-20T12:19:37.6851070Z 
linux-portability (ubuntu-24.04-arm)	Native portability gate (debug and release)	2026-09-20T12:19:37.6852155Z      Running tests/language_contract.rs (target/debug/deps/language_contract-f9cbf1434eb43d63)
linux-portability (ubuntu-24.04-arm)	Native portability gate (debug and release)	2026-09-20T12:19:37.6859321Z 
linux-portability (ubuntu-24.04-arm)	Native portability gate (debug and release)	2026-09-20T12:19:37.6859559Z running 7 tests
linux-portability (ubuntu-24.04-arm)	Native portability gate (debug and release)	2026-09-20T12:19:37.6926783Z test expressions_and_escapes ... ok
linux-portability (ubuntu-24.04-arm)	Native portability gate (debug and release)	2026-09-20T12:19:37.6938916Z test array_parameters_are_references ... ok
linux-portability (ubuntu-24.04-arm)	Native portability gate (debug and release)	2026-09-20T12:19:37.6939668Z test convfmt_is_used_for_comparisons_fields_and_keys ... ok
linux-portability (ubuntu-24.04-arm)	Native portability gate (debug and release)	2026-09-20T12:19:37.6946607Z test array_reads_create_entries ... ok
linux-portability (ubuntu-24.04-arm)	Native portability gate (debug and release)	2026-09-20T12:19:37.6988159Z test lvalue_indices_are_evaluated_once ... ok
linux-portability (ubuntu-24.04-arm)	Native portability gate (debug and release)	2026-09-20T12:19:37.7000375Z test numeric_and_string_values_keep_their_types ... ok
linux-portability (ubuntu-24.04-arm)	Native portability gate (debug and release)	2026-09-20T12:19:37.7018410Z test range_patterns_and_empty_actions ... ok
linux-portability (ubuntu-24.04-arm)	Native portability gate (debug and release)	2026-09-20T12:19:37.7018698Z 
linux-portability (ubuntu-24.04-arm)	Native portability gate (debug and release)	2026-09-20T12:19:37.7018975Z test result: ok. 7 passed; 0 failed; 0 ignored; 0 measured; 0 filtered out; finished in 0.02s
linux-portability (ubuntu-24.04-arm)	Native portability gate (debug and release)	2026-09-20T12:19:37.7019318Z 
linux-portability (ubuntu-24.04-arm)	Native portability gate (debug and release)	2026-09-20T12:19:37.7020675Z      Running tests/legacy_locale.rs (target/debug/deps/legacy_locale-973d0649f6bb55b6)
linux-portability (ubuntu-24.04-arm)	Native portability gate (debug and release)	2026-09-20T12:19:37.7027752Z 
linux-portability (ubuntu-24.04-arm)	Native portability gate (debug and release)	2026-09-20T12:19:37.7028200Z running 6 tests
linux-portability (ubuntu-24.04-arm)	Native portability gate (debug and release)	2026-09-20T12:19:37.7378436Z test every_nonzero_byte_case_conversion_matches_c ... ok
linux-portability (ubuntu-24.04-arm)	Native portability gate (debug and release)	2026-09-20T12:19:37.7483057Z test legacy_locale_selection_obeys_precedence_and_is_fixed_at_startup ... ok
linux-portability (ubuntu-24.04-arm)	Native portability gate (debug and release)	2026-09-20T12:19:37.7488586Z test byte_positions_ranges_splits_and_substitution_match_c ... ok
linux-portability (ubuntu-24.04-arm)	Native portability gate (debug and release)	2026-09-20T12:19:37.7501505Z test nul_preservation_remains_an_explicit_rust_extension ... ok
linux-portability (ubuntu-24.04-arm)	Native portability gate (debug and release)	2026-09-20T12:19:37.7780521Z test required_single_byte_locales_are_active ... ok
linux-portability (ubuntu-24.04-arm)	Native portability gate (debug and release)	2026-09-20T12:19:38.2888827Z test every_nonzero_byte_in_each_posix_class_matches_c ... ok
linux-portability (ubuntu-24.04-arm)	Native portability gate (debug and release)	2026-09-20T12:19:38.2889276Z 
linux-portability (ubuntu-24.04-arm)	Native portability gate (debug and release)	2026-09-20T12:19:38.2889554Z test result: ok. 6 passed; 0 failed; 0 ignored; 0 measured; 0 filtered out; finished in 0.59s
linux-portability (ubuntu-24.04-arm)	Native portability gate (debug and release)	2026-09-20T12:19:38.2889898Z 
linux-portability (ubuntu-24.04-arm)	Native portability gate (debug and release)	2026-09-20T12:19:38.2890575Z      Running tests/runtime_contract.rs (target/debug/deps/runtime_contract-aae3b40f5cf0db99)
linux-portability (ubuntu-24.04-arm)	Native portability gate (debug and release)	2026-09-20T12:19:38.2898315Z 
linux-portability (ubuntu-24.04-arm)	Native portability gate (debug and release)	2026-09-20T12:19:38.2898554Z running 3 tests
linux-portability (ubuntu-24.04-arm)	Native portability gate (debug and release)	2026-09-20T12:19:38.2963539Z test exit_executes_end_and_interrupts_expressions ... ok
linux-portability (ubuntu-24.04-arm)	Native portability gate (debug and release)	2026-09-20T12:19:38.2965748Z test short_circuit_preserves_side_effects ... ok
linux-portability (ubuntu-24.04-arm)	Native portability gate (debug and release)	2026-09-20T12:19:38.2978532Z test return_escapes_all_loop_forms ... ok
linux-portability (ubuntu-24.04-arm)	Native portability gate (debug and release)	2026-09-20T12:19:38.2978766Z 
linux-portability (ubuntu-24.04-arm)	Native portability gate (debug and release)	2026-09-20T12:19:38.2979186Z test result: ok. 3 passed; 0 failed; 0 ignored; 0 measured; 0 filtered out; finished in 0.01s
linux-portability (ubuntu-24.04-arm)	Native portability gate (debug and release)	2026-09-20T12:19:38.2979561Z 
linux-portability (ubuntu-24.04-arm)	Native portability gate (debug and release)	2026-09-20T12:19:38.2980703Z      Running tests/shift_jis.rs (target/debug/deps/shift_jis-6789f430a1f4bd93)
linux-portability (ubuntu-24.04-arm)	Native portability gate (debug and release)	2026-09-20T12:19:38.2988029Z 
linux-portability (ubuntu-24.04-arm)	Native portability gate (debug and release)	2026-09-20T12:19:38.2988327Z running 12 tests
linux-portability (ubuntu-24.04-arm)	Native portability gate (debug and release)	2026-09-20T12:19:38.3119405Z test embedded_nul_preserves_the_rust_binary_extension ... ok
linux-portability (ubuntu-24.04-arm)	Native portability gate (debug and release)	2026-09-20T12:19:38.3127776Z test conversion_failure_preserves_atomic_print_contract ... ok
linux-portability (ubuntu-24.04-arm)	Native portability gate (debug and release)	2026-09-20T12:19:38.3202436Z test decoded_character_with_unencodable_case_mapping_matches_c ... ok
linux-portability (ubuntu-24.04-arm)	Native portability gate (debug and release)	2026-09-20T12:19:38.3461412Z test regex_rs_with_three_or_four_byte_structural_units_matches_c ... ok
linux-portability (ubuntu-24.04-arm)	Native portability gate (debug and release)	2026-09-20T12:19:38.3588622Z test required_sjis_locale_has_observable_case_mapping ... ok
linux-portability (ubuntu-24.04-arm)	Native portability gate (debug and release)	2026-09-20T12:19:38.4361838Z test record_separators_and_locale_precedence_match_c ... ok
linux-portability (ubuntu-24.04-arm)	Native portability gate (debug and release)	2026-09-20T12:19:38.4491115Z test streaming_rs_keeps_binary_data_distinct_from_eof ... ok
linux-portability (ubuntu-24.04-arm)	Native portability gate (debug and release)	2026-09-20T12:19:38.6906690Z test regex_rs_sjis_refill_across_input_buffers_and_getline_matches_c ... ok
linux-portability (ubuntu-24.04-arm)	Native portability gate (debug and release)	2026-09-20T12:19:38.8232546Z test valid_case_conversion_and_truncated_suffixes_match_c ... ok
linux-portability (ubuntu-24.04-arm)	Native portability gate (debug and release)	2026-09-20T12:19:38.9209416Z test structural_units_regex_fields_and_formatting_match_c ... ok
linux-portability (ubuntu-24.04-arm)	Native portability gate (debug and release)	2026-09-20T12:19:41.6076372Z test regex_rs_refill_restart_longest_and_anchors_match_c ... ok
linux-portability (ubuntu-24.04-arm)	Native portability gate (debug and release)	2026-09-20T12:19:47.3757140Z test single_bytes_and_lead_trail_boundaries_match_c ... ok
linux-portability (ubuntu-24.04-arm)	Native portability gate (debug and release)	2026-09-20T12:19:47.3757534Z 
linux-portability (ubuntu-24.04-arm)	Native portability gate (debug and release)	2026-09-20T12:19:47.3757782Z test result: ok. 12 passed; 0 failed; 0 ignored; 0 measured; 0 filtered out; finished in 9.08s
linux-portability (ubuntu-24.04-arm)	Native portability gate (debug and release)	2026-09-20T12:19:47.3758337Z 
linux-portability (ubuntu-24.04-arm)	Native portability gate (debug and release)	2026-09-20T12:19:47.3758672Z      Running tests/unicode_contract.rs (target/debug/deps/unicode_contract-7b87809897e07017)
linux-portability (ubuntu-24.04-arm)	Native portability gate (debug and release)	2026-09-20T12:19:47.3766745Z 
linux-portability (ubuntu-24.04-arm)	Native portability gate (debug and release)	2026-09-20T12:19:47.3767214Z running 10 tests
linux-portability (ubuntu-24.04-arm)	Native portability gate (debug and release)	2026-09-20T12:19:47.3912625Z test binary_nul_extension_and_case_conversion_errors ... ok
linux-portability (ubuntu-24.04-arm)	Native portability gate (debug and release)	2026-09-20T12:19:47.4523603Z test repeated_matches_and_index_inside_a_multibyte_unit ... ok
linux-portability (ubuntu-24.04-arm)	Native portability gate (debug and release)	2026-09-20T12:19:47.4860790Z test locale_precedence_and_character_operations ... ok
linux-portability (ubuntu-24.04-arm)	Native portability gate (debug and release)	2026-09-20T12:19:47.4887677Z test required_locales_are_active_in_both_interpreters ... ok
linux-portability (ubuntu-24.04-arm)	Native portability gate (debug and release)	2026-09-20T12:19:47.5131989Z test unicode_formatting_and_source_escapes ... ok
linux-portability (ubuntu-24.04-arm)	Native portability gate (debug and release)	2026-09-20T12:19:47.5765200Z test utf8_record_separators_across_buffers ... ok
linux-portability (ubuntu-24.04-arm)	Native portability gate (debug and release)	2026-09-20T12:19:47.6019616Z test boolean_regex_search_preserves_rune_alignment_and_empty_matches ... ok
linux-portability (ubuntu-24.04-arm)	Native portability gate (debug and release)	2026-09-20T12:19:47.6426391Z test utf8_regex_empty_matches_and_mixed_bytes ... ok
linux-portability (ubuntu-24.04-arm)	Native portability gate (debug and release)	2026-09-20T12:19:47.6734152Z test unicode_classes_ranges_and_anchors ... ok
linux-portability (ubuntu-24.04-arm)	Native portability gate (debug and release)	2026-09-20T12:19:50.4232112Z test original_utf8_drivers ... ok
linux-portability (ubuntu-24.04-arm)	Native portability gate (debug and release)	2026-09-20T12:19:50.4232485Z 
linux-portability (ubuntu-24.04-arm)	Native portability gate (debug and release)	2026-09-20T12:19:50.4232787Z test result: ok. 10 passed; 0 failed; 0 ignored; 0 measured; 0 filtered out; finished in 3.05s
linux-portability (ubuntu-24.04-arm)	Native portability gate (debug and release)	2026-09-20T12:19:50.4233310Z 
linux-portability (ubuntu-24.04-arm)	Native portability gate (debug and release)	2026-09-20T12:19:50.4828964Z    Compiling num-traits v0.2.19
linux-portability (ubuntu-24.04-arm)	Native portability gate (debug and release)	2026-09-20T12:19:50.4829672Z    Compiling getrandom v0.3.4
linux-portability (ubuntu-24.04-arm)	Native portability gate (debug and release)	2026-09-20T12:19:50.4871167Z    Compiling zerocopy v0.8.48
linux-portability (ubuntu-24.04-arm)	Native portability gate (debug and release)	2026-09-20T12:19:50.4890783Z    Compiling wait-timeout v0.2.1
linux-portability (ubuntu-24.04-arm)	Native portability gate (debug and release)	2026-09-20T12:19:50.7881798Z    Compiling rand_core v0.9.5
linux-portability (ubuntu-24.04-arm)	Native portability gate (debug and release)	2026-09-20T12:19:50.8194344Z    Compiling fnv v1.0.7
linux-portability (ubuntu-24.04-arm)	Native portability gate (debug and release)	2026-09-20T12:19:50.8621444Z    Compiling quick-error v1.2.3
linux-portability (ubuntu-24.04-arm)	Native portability gate (debug and release)	2026-09-20T12:19:50.9011459Z    Compiling bit-vec v0.8.0
linux-portability (ubuntu-24.04-arm)	Native portability gate (debug and release)	2026-09-20T12:19:50.9341612Z    Compiling rand_xorshift v0.4.0
linux-portability (ubuntu-24.04-arm)	Native portability gate (debug and release)	2026-09-20T12:19:50.9981485Z    Compiling rand v0.9.4
linux-portability (ubuntu-24.04-arm)	Native portability gate (debug and release)	2026-09-20T12:19:51.0777359Z    Compiling chrono v0.4.44
linux-portability (ubuntu-24.04-arm)	Native portability gate (debug and release)	2026-09-20T12:19:51.1651933Z    Compiling bit-set v0.8.0
linux-portability (ubuntu-24.04-arm)	Native portability gate (debug and release)	2026-09-20T12:19:51.2585951Z    Compiling rusty-fork v0.3.1
linux-portability (ubuntu-24.04-arm)	Native portability gate (debug and release)	2026-09-20T12:19:51.4364411Z    Compiling unarray v0.1.4
linux-portability (ubuntu-24.04-arm)	Native portability gate (debug and release)	2026-09-20T12:19:51.9416466Z    Compiling rawk v0.1.0 (/home/runner/work/rawk/rawk/rawk)
linux-portability (ubuntu-24.04-arm)	Native portability gate (debug and release)	2026-09-20T12:19:53.4397495Z    Compiling ppv-lite86 v0.2.21
linux-portability (ubuntu-24.04-arm)	Native portability gate (debug and release)	2026-09-20T12:19:53.5750925Z    Compiling rand_chacha v0.9.0
linux-portability (ubuntu-24.04-arm)	Native portability gate (debug and release)	2026-09-20T12:19:53.8690116Z    Compiling proptest v1.11.0
linux-portability (ubuntu-24.04-arm)	Native portability gate (debug and release)	2026-09-20T12:20:03.9373534Z     Finished `release` profile [optimized] target(s) in 13.50s
linux-portability (ubuntu-24.04-arm)	Native portability gate (debug and release)	2026-09-20T12:20:03.9440350Z      Running unittests src/lib.rs (target/release/deps/rawk-f01313c0880b44e3)
linux-portability (ubuntu-24.04-arm)	Native portability gate (debug and release)	2026-09-20T12:20:03.9449741Z 
linux-portability (ubuntu-24.04-arm)	Native portability gate (debug and release)	2026-09-20T12:20:03.9450393Z running 0 tests
linux-portability (ubuntu-24.04-arm)	Native portability gate (debug and release)	2026-09-20T12:20:03.9450677Z 
linux-portability (ubuntu-24.04-arm)	Native portability gate (debug and release)	2026-09-20T12:20:03.9450960Z test result: ok. 0 passed; 0 failed; 0 ignored; 0 measured; 0 filtered out; finished in 0.00s
linux-portability (ubuntu-24.04-arm)	Native portability gate (debug and release)	2026-09-20T12:20:03.9451343Z 
linux-portability (ubuntu-24.04-arm)	Native portability gate (debug and release)	2026-09-20T12:20:03.9451935Z      Running unittests src/bin/diffrun.rs (target/release/deps/diffrun-f69a7b3d0e0963fc)
linux-portability (ubuntu-24.04-arm)	Native portability gate (debug and release)	2026-09-20T12:20:03.9458994Z 
linux-portability (ubuntu-24.04-arm)	Native portability gate (debug and release)	2026-09-20T12:20:03.9459650Z running 0 tests
linux-portability (ubuntu-24.04-arm)	Native portability gate (debug and release)	2026-09-20T12:20:03.9459903Z 
linux-portability (ubuntu-24.04-arm)	Native portability gate (debug and release)	2026-09-20T12:20:03.9460299Z test result: ok. 0 passed; 0 failed; 0 ignored; 0 measured; 0 filtered out; finished in 0.00s
linux-portability (ubuntu-24.04-arm)	Native portability gate (debug and release)	2026-09-20T12:20:03.9460674Z 
linux-portability (ubuntu-24.04-arm)	Native portability gate (debug and release)	2026-09-20T12:20:03.9461286Z      Running unittests src/main.rs (target/release/deps/rawk-481f660a10639138)
linux-portability (ubuntu-24.04-arm)	Native portability gate (debug and release)	2026-09-20T12:20:03.9469791Z 
linux-portability (ubuntu-24.04-arm)	Native portability gate (debug and release)	2026-09-20T12:20:03.9470546Z running 4 tests
linux-portability (ubuntu-24.04-arm)	Native portability gate (debug and release)	2026-09-20T12:20:03.9482894Z test input::tests::separators_are_independent_of_read_boundaries ... ok
linux-portability (ubuntu-24.04-arm)	Native portability gate (debug and release)	2026-09-20T12:20:03.9488492Z test unicode_ere::tests::encoding_preserves_offsets_and_invalid_bytes_without_sentinels ... ok
linux-portability (ubuntu-24.04-arm)	Native portability gate (debug and release)	2026-09-20T12:20:03.9489193Z test unicode_ere::tests::compiled_intervals_cover_only_the_requested_runes ... ok
linux-portability (ubuntu-24.04-arm)	Native portability gate (debug and release)	2026-09-20T12:20:03.9492931Z test ere::stream::tests::physical_short_reads_do_not_change_bwk_lookahead ... ok
linux-portability (ubuntu-24.04-arm)	Native portability gate (debug and release)	2026-09-20T12:20:03.9493274Z 
linux-portability (ubuntu-24.04-arm)	Native portability gate (debug and release)	2026-09-20T12:20:03.9493899Z test result: ok. 4 passed; 0 failed; 0 ignored; 0 measured; 0 filtered out; finished in 0.00s
linux-portability (ubuntu-24.04-arm)	Native portability gate (debug and release)	2026-09-20T12:20:03.9494272Z 
linux-portability (ubuntu-24.04-arm)	Native portability gate (debug and release)	2026-09-20T12:20:03.9495017Z      Running tests/bytes_array_keys.rs (target/release/deps/bytes_array_keys-d155b0d8da843dda)
linux-portability (ubuntu-24.04-arm)	Native portability gate (debug and release)	2026-09-20T12:20:03.9502932Z 
linux-portability (ubuntu-24.04-arm)	Native portability gate (debug and release)	2026-09-20T12:20:03.9503420Z running 3 tests
linux-portability (ubuntu-24.04-arm)	Native portability gate (debug and release)	2026-09-20T12:20:03.9568433Z test for_in_returns_all_distinct_byte_keys ... ok
linux-portability (ubuntu-24.04-arm)	Native portability gate (debug and release)	2026-09-20T12:20:03.9569139Z test nul_embedded_key_round_trips ... ok
linux-portability (ubuntu-24.04-arm)	Native portability gate (debug and release)	2026-09-20T12:20:03.9570624Z test distinct_high_byte_keys_do_not_collide ... ok
linux-portability (ubuntu-24.04-arm)	Native portability gate (debug and release)	2026-09-20T12:20:03.9570900Z 
linux-portability (ubuntu-24.04-arm)	Native portability gate (debug and release)	2026-09-20T12:20:03.9571303Z test result: ok. 3 passed; 0 failed; 0 ignored; 0 measured; 0 filtered out; finished in 0.01s
linux-portability (ubuntu-24.04-arm)	Native portability gate (debug and release)	2026-09-20T12:20:03.9571669Z 
linux-portability (ubuntu-24.04-arm)	Native portability gate (debug and release)	2026-09-20T12:20:03.9571918Z      Running tests/bytes_printf.rs (target/release/deps/bytes_printf-6c7eea9fe464e227)
linux-portability (ubuntu-24.04-arm)	Native portability gate (debug and release)	2026-09-20T12:20:03.9578018Z 
linux-portability (ubuntu-24.04-arm)	Native portability gate (debug and release)	2026-09-20T12:20:03.9578667Z running 6 tests
linux-portability (ubuntu-24.04-arm)	Native portability gate (debug and release)	2026-09-20T12:20:03.9611634Z test print_with_high_byte_ofs ... ok
linux-portability (ubuntu-24.04-arm)	Native portability gate (debug and release)	2026-09-20T12:20:03.9615946Z test printf_format_string_with_high_bytes ... ok
linux-portability (ubuntu-24.04-arm)	Native portability gate (debug and release)	2026-09-20T12:20:03.9645114Z test printf_c_emits_first_byte_raw ... ok
linux-portability (ubuntu-24.04-arm)	Native portability gate (debug and release)	2026-09-20T12:20:03.9653863Z test field_split_with_high_byte_fs ... ok
linux-portability (ubuntu-24.04-arm)	Native portability gate (debug and release)	2026-09-20T12:20:03.9669252Z test printf_s_preserves_high_byte ... ok
linux-portability (ubuntu-24.04-arm)	Native portability gate (debug and release)	2026-09-20T12:20:03.9679275Z test sprintf_high_byte_round_trip ... ok
linux-portability (ubuntu-24.04-arm)	Native portability gate (debug and release)	2026-09-20T12:20:03.9679550Z 
linux-portability (ubuntu-24.04-arm)	Native portability gate (debug and release)	2026-09-20T12:20:03.9679821Z test result: ok. 6 passed; 0 failed; 0 ignored; 0 measured; 0 filtered out; finished in 0.01s
linux-portability (ubuntu-24.04-arm)	Native portability gate (debug and release)	2026-09-20T12:20:03.9680492Z 
linux-portability (ubuntu-24.04-arm)	Native portability gate (debug and release)	2026-09-20T12:20:03.9682634Z      Running tests/bytes_regex_match.rs (target/release/deps/bytes_regex_match-310b2dc819533d4b)
linux-portability (ubuntu-24.04-arm)	Native portability gate (debug and release)	2026-09-20T12:20:03.9688681Z 
linux-portability (ubuntu-24.04-arm)	Native portability gate (debug and release)	2026-09-20T12:20:03.9689030Z running 6 tests
linux-portability (ubuntu-24.04-arm)	Native portability gate (debug and release)	2026-09-20T12:20:03.9713370Z test match_distinguishes_high_bytes ... ok
linux-portability (ubuntu-24.04-arm)	Native portability gate (debug and release)	2026-09-20T12:20:03.9715284Z test gsub_ampersand_includes_whole_match ... ok
linux-portability (ubuntu-24.04-arm)	Native portability gate (debug and release)	2026-09-20T12:20:03.9753174Z test match_builtin_high_byte_pattern_position ... ok
linux-portability (ubuntu-24.04-arm)	Native portability gate (debug and release)	2026-09-20T12:20:03.9764256Z test nul_inside_subject_with_rs_regex ... ok
linux-portability (ubuntu-24.04-arm)	Native portability gate (debug and release)	2026-09-20T12:20:03.9776561Z test sub_replaces_high_byte_run ... ok
linux-portability (ubuntu-24.04-arm)	Native portability gate (debug and release)	2026-09-20T12:20:03.9777792Z test rs_regex_high_byte_separator_splits_correctly ... ok
linux-portability (ubuntu-24.04-arm)	Native portability gate (debug and release)	2026-09-20T12:20:03.9778104Z 
linux-portability (ubuntu-24.04-arm)	Native portability gate (debug and release)	2026-09-20T12:20:03.9778633Z test result: ok. 6 passed; 0 failed; 0 ignored; 0 measured; 0 filtered out; finished in 0.01s
linux-portability (ubuntu-24.04-arm)	Native portability gate (debug and release)	2026-09-20T12:20:03.9779001Z 
linux-portability (ubuntu-24.04-arm)	Native portability gate (debug and release)	2026-09-20T12:20:03.9781133Z      Running tests/data_contract.rs (target/release/deps/data_contract-777ee05770f2a4c8)
linux-portability (ubuntu-24.04-arm)	Native portability gate (debug and release)	2026-09-20T12:20:03.9787836Z 
linux-portability (ubuntu-24.04-arm)	Native portability gate (debug and release)	2026-09-20T12:20:03.9788403Z running 6 tests
linux-portability (ubuntu-24.04-arm)	Native portability gate (debug and release)	2026-09-20T12:20:03.9854472Z test fields_accept_regex_separator ... ok
linux-portability (ubuntu-24.04-arm)	Native portability gate (debug and release)	2026-09-20T12:20:03.9855593Z test csv_handles_quoted_delimiters_newlines_and_escaped_quotes ... ok
linux-portability (ubuntu-24.04-arm)	Native portability gate (debug and release)	2026-09-20T12:20:03.9868310Z test regex_uses_leftmost_longest ... ok
linux-portability (ubuntu-24.04-arm)	Native portability gate (debug and release)	2026-09-20T12:20:03.9868706Z test invalid_regex_is_reported ... ok
linux-portability (ubuntu-24.04-arm)	Native portability gate (debug and release)	2026-09-20T12:20:03.9916490Z test split_preserves_empty_fields_and_clears_array ... ok
linux-portability (ubuntu-24.04-arm)	Native portability gate (debug and release)	2026-09-20T12:20:03.9920464Z test substitutions_report_count_not_changed_text ... ok
linux-portability (ubuntu-24.04-arm)	Native portability gate (debug and release)	2026-09-20T12:20:03.9920850Z 
linux-portability (ubuntu-24.04-arm)	Native portability gate (debug and release)	2026-09-20T12:20:03.9921116Z test result: ok. 6 passed; 0 failed; 0 ignored; 0 measured; 0 filtered out; finished in 0.01s
linux-portability (ubuntu-24.04-arm)	Native portability gate (debug and release)	2026-09-20T12:20:03.9921614Z 
linux-portability (ubuntu-24.04-arm)	Native portability gate (debug and release)	2026-09-20T12:20:03.9921925Z      Running tests/driver_regressions.rs (target/release/deps/driver_regressions-fff89f77cc57c407)
linux-portability (ubuntu-24.04-arm)	Native portability gate (debug and release)	2026-09-20T12:20:03.9928122Z 
linux-portability (ubuntu-24.04-arm)	Native portability gate (debug and release)	2026-09-20T12:20:03.9928557Z running 8 tests
linux-portability (ubuntu-24.04-arm)	Native portability gate (debug and release)	2026-09-20T12:20:04.0014909Z test field_index_beyond_reference_integer_range_is_an_error ... ok
linux-portability (ubuntu-24.04-arm)	Native portability gate (debug and release)	2026-09-20T12:20:04.0056632Z test getline_comparison_is_not_part_of_filename ... ok
linux-portability (ubuntu-24.04-arm)	Native portability gate (debug and release)	2026-09-20T12:20:04.0077779Z test multifile_syntax_error_names_offending_source ... ok
linux-portability (ubuntu-24.04-arm)	Native portability gate (debug and release)	2026-09-20T12:20:04.0128601Z test invalid_function_parameters_are_errors_before_execution ... ok
linux-portability (ubuntu-24.04-arm)	Native portability gate (debug and release)	2026-09-20T12:20:04.0422301Z test redirected_stdin_shares_buffer_with_main_input ... ok
linux-portability (ubuntu-24.04-arm)	Native portability gate (debug and release)	2026-09-20T12:20:04.0491813Z test stdin_program_and_empty_statements ... ok
linux-portability (ubuntu-24.04-arm)	Native portability gate (debug and release)	2026-09-20T12:20:04.1539213Z test standard_output_aliases_share_streams_and_lifecycle ... ok
linux-portability (ubuntu-24.04-arm)	Native portability gate (debug and release)	2026-09-20T12:20:04.2674060Z test checked_math_matches_native_oracle ... ok
linux-portability (ubuntu-24.04-arm)	Native portability gate (debug and release)	2026-09-20T12:20:04.2674443Z 
linux-portability (ubuntu-24.04-arm)	Native portability gate (debug and release)	2026-09-20T12:20:04.2674697Z test result: ok. 8 passed; 0 failed; 0 ignored; 0 measured; 0 filtered out; finished in 0.27s
linux-portability (ubuntu-24.04-arm)	Native portability gate (debug and release)	2026-09-20T12:20:04.2675228Z 
linux-portability (ubuntu-24.04-arm)	Native portability gate (debug and release)	2026-09-20T12:20:04.2676062Z      Running tests/dynamic_format.rs (target/release/deps/dynamic_format-5b49c33678791dab)
linux-portability (ubuntu-24.04-arm)	Native portability gate (debug and release)	2026-09-20T12:20:04.2683589Z 
linux-portability (ubuntu-24.04-arm)	Native portability gate (debug and release)	2026-09-20T12:20:04.2683822Z running 8 tests
linux-portability (ubuntu-24.04-arm)	Native portability gate (debug and release)	2026-09-20T12:20:04.2812186Z test missing_star_arguments_are_errors ... ok
linux-portability (ubuntu-24.04-arm)	Native portability gate (debug and release)	2026-09-20T12:20:04.2873257Z test negative_precision_keeps_binary_and_multibyte_paths ... ok
linux-portability (ubuntu-24.04-arm)	Native portability gate (debug and release)	2026-09-20T12:20:04.2948727Z test string_and_literal_range_errors_do_not_discard_arithmetic_subnormals ... ok
linux-portability (ubuntu-24.04-arm)	Native portability gate (debug and release)	2026-09-20T12:20:04.4165799Z test unsigned_conversion_matches_native_oracle ... ok
linux-portability (ubuntu-24.04-arm)	Native portability gate (debug and release)	2026-09-20T12:20:04.4407891Z test zero_padded_strings_match_native_oracle ... ok
linux-portability (ubuntu-24.04-arm)	Native portability gate (debug and release)	2026-09-20T12:20:04.9249560Z test dynamic_width_precision_and_consumption ... ok
linux-portability (ubuntu-24.04-arm)	Native portability gate (debug and release)	2026-09-20T12:20:06.2366381Z test integer_flags_precision_and_signs ... ok
linux-portability (ubuntu-24.04-arm)	Native portability gate (debug and release)	2026-09-20T12:20:06.8057593Z test negative_dynamic_precision_preserves_flags_and_argument_consumption ... ok
linux-portability (ubuntu-24.04-arm)	Native portability gate (debug and release)	2026-09-20T12:20:06.8058068Z 
linux-portability (ubuntu-24.04-arm)	Native portability gate (debug and release)	2026-09-20T12:20:06.8058516Z test result: ok. 8 passed; 0 failed; 0 ignored; 0 measured; 0 filtered out; finished in 2.54s
linux-portability (ubuntu-24.04-arm)	Native portability gate (debug and release)	2026-09-20T12:20:06.8058906Z 
linux-portability (ubuntu-24.04-arm)	Native portability gate (debug and release)	2026-09-20T12:20:06.8059128Z      Running tests/harness.rs (target/release/deps/harness-d2eb8f676666579c)
linux-portability (ubuntu-24.04-arm)	Native portability gate (debug and release)	2026-09-20T12:20:06.8067432Z 
linux-portability (ubuntu-24.04-arm)	Native portability gate (debug and release)	2026-09-20T12:20:06.8067841Z running 5 tests
linux-portability (ubuntu-24.04-arm)	Native portability gate (debug and release)	2026-09-20T12:20:06.8082428Z test annotation_does_not_accept_new_failures ... ok
linux-portability (ubuntu-24.04-arm)	Native portability gate (debug and release)	2026-09-20T12:20:06.8131758Z test aggregate_gate_reports_an_intermediate_failure ... ok
linux-portability (ubuntu-24.04-arm)	Native portability gate (debug and release)	2026-09-20T12:20:06.8132918Z test preserves_bytes_whitespace_and_status ... ok
linux-portability (ubuntu-24.04-arm)	Native portability gate (debug and release)	2026-09-20T12:20:06.8196149Z test each_run_has_a_fresh_directory ... ok
linux-portability (ubuntu-24.04-arm)	Native portability gate (debug and release)	2026-09-20T12:20:07.2401455Z test timeout_kills_descendants ... ok
linux-portability (ubuntu-24.04-arm)	Native portability gate (debug and release)	2026-09-20T12:20:07.2401837Z 
linux-portability (ubuntu-24.04-arm)	Native portability gate (debug and release)	2026-09-20T12:20:07.2402128Z test result: ok. 5 passed; 0 failed; 0 ignored; 0 measured; 0 filtered out; finished in 0.43s
linux-portability (ubuntu-24.04-arm)	Native portability gate (debug and release)	2026-09-20T12:20:07.2402555Z 
linux-portability (ubuntu-24.04-arm)	Native portability gate (debug and release)	2026-09-20T12:20:07.2403015Z      Running tests/input_contract.rs (target/release/deps/input_contract-7af55302e2598d8a)
linux-portability (ubuntu-24.04-arm)	Native portability gate (debug and release)	2026-09-20T12:20:07.2410733Z 
linux-portability (ubuntu-24.04-arm)	Native portability gate (debug and release)	2026-09-20T12:20:07.2411134Z running 5 tests
linux-portability (ubuntu-24.04-arm)	Native portability gate (debug and release)	2026-09-20T12:20:07.2476203Z test file_getline_and_interleaved_assignments ... ok
linux-portability (ubuntu-24.04-arm)	Native portability gate (debug and release)	2026-09-20T12:20:07.2477103Z test missing_getline_file_is_an_error_not_eof ... ok
linux-portability (ubuntu-24.04-arm)	Native portability gate (debug and release)	2026-09-20T12:20:07.2481142Z test rewriting_record_does_not_count_a_read ... ok
linux-portability (ubuntu-24.04-arm)	Native portability gate (debug and release)	2026-09-20T12:20:07.2487566Z test getline_uses_main_stream_and_counts_every_read ... ok
linux-portability (ubuntu-24.04-arm)	Native portability gate (debug and release)	2026-09-20T12:20:07.2538334Z test rs_changes_apply_to_unconsumed_input ... ok
linux-portability (ubuntu-24.04-arm)	Native portability gate (debug and release)	2026-09-20T12:20:07.2538816Z 
linux-portability (ubuntu-24.04-arm)	Native portability gate (debug and release)	2026-09-20T12:20:07.2539108Z test result: ok. 5 passed; 0 failed; 0 ignored; 0 measured; 0 filtered out; finished in 0.01s
linux-portability (ubuntu-24.04-arm)	Native portability gate (debug and release)	2026-09-20T12:20:07.2539624Z 
linux-portability (ubuntu-24.04-arm)	Native portability gate (debug and release)	2026-09-20T12:20:07.2541153Z      Running tests/language_contract.rs (target/release/deps/language_contract-3857c07be8374753)
linux-portability (ubuntu-24.04-arm)	Native portability gate (debug and release)	2026-09-20T12:20:07.2546988Z 
linux-portability (ubuntu-24.04-arm)	Native portability gate (debug and release)	2026-09-20T12:20:07.2547166Z running 7 tests
linux-portability (ubuntu-24.04-arm)	Native portability gate (debug and release)	2026-09-20T12:20:07.2614700Z test array_reads_create_entries ... ok
linux-portability (ubuntu-24.04-arm)	Native portability gate (debug and release)	2026-09-20T12:20:07.2620758Z test array_parameters_are_references ... ok
linux-portability (ubuntu-24.04-arm)	Native portability gate (debug and release)	2026-09-20T12:20:07.2621415Z test expressions_and_escapes ... ok
linux-portability (ubuntu-24.04-arm)	Native portability gate (debug and release)	2026-09-20T12:20:07.2628433Z test convfmt_is_used_for_comparisons_fields_and_keys ... ok
linux-portability (ubuntu-24.04-arm)	Native portability gate (debug and release)	2026-09-20T12:20:07.2635884Z test numeric_and_string_values_keep_their_types ... ok
linux-portability (ubuntu-24.04-arm)	Native portability gate (debug and release)	2026-09-20T12:20:07.2636549Z test lvalue_indices_are_evaluated_once ... ok
linux-portability (ubuntu-24.04-arm)	Native portability gate (debug and release)	2026-09-20T12:20:07.2642162Z test range_patterns_and_empty_actions ... ok
linux-portability (ubuntu-24.04-arm)	Native portability gate (debug and release)	2026-09-20T12:20:07.2642480Z 
linux-portability (ubuntu-24.04-arm)	Native portability gate (debug and release)	2026-09-20T12:20:07.2642738Z test result: ok. 7 passed; 0 failed; 0 ignored; 0 measured; 0 filtered out; finished in 0.01s
linux-portability (ubuntu-24.04-arm)	Native portability gate (debug and release)	2026-09-20T12:20:07.2643236Z 
linux-portability (ubuntu-24.04-arm)	Native portability gate (debug and release)	2026-09-20T12:20:07.2644101Z      Running tests/legacy_locale.rs (target/release/deps/legacy_locale-8b632052e75975eb)
linux-portability (ubuntu-24.04-arm)	Native portability gate (debug and release)	2026-09-20T12:20:07.2651964Z 
linux-portability (ubuntu-24.04-arm)	Native portability gate (debug and release)	2026-09-20T12:20:07.2652163Z running 6 tests
linux-portability (ubuntu-24.04-arm)	Native portability gate (debug and release)	2026-09-20T12:20:07.2871688Z test every_nonzero_byte_case_conversion_matches_c ... ok
linux-portability (ubuntu-24.04-arm)	Native portability gate (debug and release)	2026-09-20T12:20:07.2909846Z test byte_positions_ranges_splits_and_substitution_match_c ... ok
linux-portability (ubuntu-24.04-arm)	Native portability gate (debug and release)	2026-09-20T12:20:07.2986702Z test nul_preservation_remains_an_explicit_rust_extension ... ok
linux-portability (ubuntu-24.04-arm)	Native portability gate (debug and release)	2026-09-20T12:20:07.3151014Z test legacy_locale_selection_obeys_precedence_and_is_fixed_at_startup ... ok
linux-portability (ubuntu-24.04-arm)	Native portability gate (debug and release)	2026-09-20T12:20:07.3151570Z test required_single_byte_locales_are_active ... ok
linux-portability (ubuntu-24.04-arm)	Native portability gate (debug and release)	2026-09-20T12:20:07.5544838Z test every_nonzero_byte_in_each_posix_class_matches_c ... ok
linux-portability (ubuntu-24.04-arm)	Native portability gate (debug and release)	2026-09-20T12:20:07.5545347Z 
linux-portability (ubuntu-24.04-arm)	Native portability gate (debug and release)	2026-09-20T12:20:07.5545604Z test result: ok. 6 passed; 0 failed; 0 ignored; 0 measured; 0 filtered out; finished in 0.29s
linux-portability (ubuntu-24.04-arm)	Native portability gate (debug and release)	2026-09-20T12:20:07.5546318Z 
linux-portability (ubuntu-24.04-arm)	Native portability gate (debug and release)	2026-09-20T12:20:07.5546817Z      Running tests/runtime_contract.rs (target/release/deps/runtime_contract-ac624beca28deeec)
linux-portability (ubuntu-24.04-arm)	Native portability gate (debug and release)	2026-09-20T12:20:07.5554354Z 
linux-portability (ubuntu-24.04-arm)	Native portability gate (debug and release)	2026-09-20T12:20:07.5555013Z running 3 tests
linux-portability (ubuntu-24.04-arm)	Native portability gate (debug and release)	2026-09-20T12:20:07.5618684Z test exit_executes_end_and_interrupts_expressions ... ok
linux-portability (ubuntu-24.04-arm)	Native portability gate (debug and release)	2026-09-20T12:20:07.5620375Z test return_escapes_all_loop_forms ... ok
linux-portability (ubuntu-24.04-arm)	Native portability gate (debug and release)	2026-09-20T12:20:07.5620828Z test short_circuit_preserves_side_effects ... ok
linux-portability (ubuntu-24.04-arm)	Native portability gate (debug and release)	2026-09-20T12:20:07.5621085Z 
linux-portability (ubuntu-24.04-arm)	Native portability gate (debug and release)	2026-09-20T12:20:07.5621350Z test result: ok. 3 passed; 0 failed; 0 ignored; 0 measured; 0 filtered out; finished in 0.01s
linux-portability (ubuntu-24.04-arm)	Native portability gate (debug and release)	2026-09-20T12:20:07.5621754Z 
linux-portability (ubuntu-24.04-arm)	Native portability gate (debug and release)	2026-09-20T12:20:07.5622250Z      Running tests/shift_jis.rs (target/release/deps/shift_jis-23910551a52ee09f)
linux-portability (ubuntu-24.04-arm)	Native portability gate (debug and release)	2026-09-20T12:20:07.5628007Z 
linux-portability (ubuntu-24.04-arm)	Native portability gate (debug and release)	2026-09-20T12:20:07.5628465Z running 12 tests
linux-portability (ubuntu-24.04-arm)	Native portability gate (debug and release)	2026-09-20T12:20:07.5708202Z test conversion_failure_preserves_atomic_print_contract ... ok
linux-portability (ubuntu-24.04-arm)	Native portability gate (debug and release)	2026-09-20T12:20:07.5757274Z test embedded_nul_preserves_the_rust_binary_extension ... ok
linux-portability (ubuntu-24.04-arm)	Native portability gate (debug and release)	2026-09-20T12:20:07.5789903Z test decoded_character_with_unencodable_case_mapping_matches_c ... ok
linux-portability (ubuntu-24.04-arm)	Native portability gate (debug and release)	2026-09-20T12:20:07.5926316Z test regex_rs_with_three_or_four_byte_structural_units_matches_c ... ok
linux-portability (ubuntu-24.04-arm)	Native portability gate (debug and release)	2026-09-20T12:20:07.6033116Z test required_sjis_locale_has_observable_case_mapping ... ok
linux-portability (ubuntu-24.04-arm)	Native portability gate (debug and release)	2026-09-20T12:20:07.6424836Z test record_separators_and_locale_precedence_match_c ... ok
linux-portability (ubuntu-24.04-arm)	Native portability gate (debug and release)	2026-09-20T12:20:07.6546865Z test streaming_rs_keeps_binary_data_distinct_from_eof ... ok
linux-portability (ubuntu-24.04-arm)	Native portability gate (debug and release)	2026-09-20T12:20:07.7492372Z test regex_rs_sjis_refill_across_input_buffers_and_getline_matches_c ... ok
linux-portability (ubuntu-24.04-arm)	Native portability gate (debug and release)	2026-09-20T12:20:07.8345542Z test structural_units_regex_fields_and_formatting_match_c ... ok
linux-portability (ubuntu-24.04-arm)	Native portability gate (debug and release)	2026-09-20T12:20:07.8813409Z test valid_case_conversion_and_truncated_suffixes_match_c ... ok
linux-portability (ubuntu-24.04-arm)	Native portability gate (debug and release)	2026-09-20T12:20:09.7734212Z test regex_rs_refill_restart_longest_and_anchors_match_c ... ok
linux-portability (ubuntu-24.04-arm)	Native portability gate (debug and release)	2026-09-20T12:20:16.6341837Z test single_bytes_and_lead_trail_boundaries_match_c ... ok
linux-portability (ubuntu-24.04-arm)	Native portability gate (debug and release)	2026-09-20T12:20:16.6342268Z 
linux-portability (ubuntu-24.04-arm)	Native portability gate (debug and release)	2026-09-20T12:20:16.6342743Z test result: ok. 12 passed; 0 failed; 0 ignored; 0 measured; 0 filtered out; finished in 9.07s
linux-portability (ubuntu-24.04-arm)	Native portability gate (debug and release)	2026-09-20T12:20:16.6343099Z 
linux-portability (ubuntu-24.04-arm)	Native portability gate (debug and release)	2026-09-20T12:20:16.6343686Z      Running tests/unicode_contract.rs (target/release/deps/unicode_contract-ed05e2a14edbe220)
linux-portability (ubuntu-24.04-arm)	Native portability gate (debug and release)	2026-09-20T12:20:16.6351776Z 
linux-portability (ubuntu-24.04-arm)	Native portability gate (debug and release)	2026-09-20T12:20:16.6352229Z running 10 tests
linux-portability (ubuntu-24.04-arm)	Native portability gate (debug and release)	2026-09-20T12:20:16.6501388Z test binary_nul_extension_and_case_conversion_errors ... ok
linux-portability (ubuntu-24.04-arm)	Native portability gate (debug and release)	2026-09-20T12:20:16.6746330Z test repeated_matches_and_index_inside_a_multibyte_unit ... ok
linux-portability (ubuntu-24.04-arm)	Native portability gate (debug and release)	2026-09-20T12:20:16.7037582Z test required_locales_are_active_in_both_interpreters ... ok
linux-portability (ubuntu-24.04-arm)	Native portability gate (debug and release)	2026-09-20T12:20:16.7321303Z test locale_precedence_and_character_operations ... ok
linux-portability (ubuntu-24.04-arm)	Native portability gate (debug and release)	2026-09-20T12:20:16.7519585Z test unicode_formatting_and_source_escapes ... ok
linux-portability (ubuntu-24.04-arm)	Native portability gate (debug and release)	2026-09-20T12:20:16.7564831Z test boolean_regex_search_preserves_rune_alignment_and_empty_matches ... ok
linux-portability (ubuntu-24.04-arm)	Native portability gate (debug and release)	2026-09-20T12:20:16.8028495Z test utf8_record_separators_across_buffers ... ok
linux-portability (ubuntu-24.04-arm)	Native portability gate (debug and release)	2026-09-20T12:20:16.8133630Z test utf8_regex_empty_matches_and_mixed_bytes ... ok
linux-portability (ubuntu-24.04-arm)	Native portability gate (debug and release)	2026-09-20T12:20:16.8271749Z test unicode_classes_ranges_and_anchors ... ok
linux-portability (ubuntu-24.04-arm)	Native portability gate (debug and release)	2026-09-20T12:20:18.3536272Z test original_utf8_drivers ... ok
linux-portability (ubuntu-24.04-arm)	Native portability gate (debug and release)	2026-09-20T12:20:18.3536600Z 
linux-portability (ubuntu-24.04-arm)	Native portability gate (debug and release)	2026-09-20T12:20:18.3536903Z test result: ok. 10 passed; 0 failed; 0 ignored; 0 measured; 0 filtered out; finished in 1.72s
linux-portability (ubuntu-24.04-arm)	Native portability gate (debug and release)	2026-09-20T12:20:18.3537244Z 
linux-portability (ubuntu-24.04-arm)	Compare all native libc-valid Shift-JIS pairs	﻿2026-09-20T12:20:18.3613778Z ##[group]Run python3 scripts/shift_jis_platform_probe.py --output diary/shift-jis-platform-ci.json
linux-portability (ubuntu-24.04-arm)	Compare all native libc-valid Shift-JIS pairs	2026-09-20T12:20:18.3614613Z [36;1mpython3 scripts/shift_jis_platform_probe.py --output diary/shift-jis-platform-ci.json[0m
linux-portability (ubuntu-24.04-arm)	Compare all native libc-valid Shift-JIS pairs	2026-09-20T12:20:18.3649594Z shell: /usr/bin/bash -e {0}
linux-portability (ubuntu-24.04-arm)	Compare all native libc-valid Shift-JIS pairs	2026-09-20T12:20:18.3650294Z env:
linux-portability (ubuntu-24.04-arm)	Compare all native libc-valid Shift-JIS pairs	2026-09-20T12:20:18.3650558Z   LC_ALL: C
linux-portability (ubuntu-24.04-arm)	Compare all native libc-valid Shift-JIS pairs	2026-09-20T12:20:18.3650773Z   CARGO_INCREMENTAL: 0
linux-portability (ubuntu-24.04-arm)	Compare all native libc-valid Shift-JIS pairs	2026-09-20T12:20:18.3651114Z   RUSTUP_TOOLCHAIN: 1.96.0
linux-portability (ubuntu-24.04-arm)	Compare all native libc-valid Shift-JIS pairs	2026-09-20T12:20:18.3651363Z ##[endgroup]
linux-portability (ubuntu-24.04-arm)	Compare all native libc-valid Shift-JIS pairs	2026-09-20T12:20:18.5174275Z 6879 libc-valid double-byte pairs: upper/lower MATCH
linux-portability (ubuntu-24.04-arm)	Inventory original drivers on this platform	﻿2026-09-20T12:20:18.5286007Z ##[group]Run python3 scripts/full_driver_audit.py --output diary/linux-driver-results-ci.json
linux-portability (ubuntu-24.04-arm)	Inventory original drivers on this platform	2026-09-20T12:20:18.5286828Z [36;1mpython3 scripts/full_driver_audit.py --output diary/linux-driver-results-ci.json[0m
linux-portability (ubuntu-24.04-arm)	Inventory original drivers on this platform	2026-09-20T12:20:18.5320721Z shell: /usr/bin/bash -e {0}
linux-portability (ubuntu-24.04-arm)	Inventory original drivers on this platform	2026-09-20T12:20:18.5321194Z env:
linux-portability (ubuntu-24.04-arm)	Inventory original drivers on this platform	2026-09-20T12:20:18.5321417Z   LC_ALL: C
linux-portability (ubuntu-24.04-arm)	Inventory original drivers on this platform	2026-09-20T12:20:18.5439445Z   CARGO_INCREMENTAL: 0
linux-portability (ubuntu-24.04-arm)	Inventory original drivers on this platform	2026-09-20T12:20:18.5439871Z   RUSTUP_TOOLCHAIN: 1.96.0
linux-portability (ubuntu-24.04-arm)	Inventory original drivers on this platform	2026-09-20T12:20:18.5440366Z ##[endgroup]
linux-portability (ubuntu-24.04-arm)	Inventory original drivers on this platform	2026-09-20T12:20:18.7461857Z T.-f-f pass 
linux-portability (ubuntu-24.04-arm)	Inventory original drivers on this platform	2026-09-20T12:20:18.9324714Z T.argv pass 
linux-portability (ubuntu-24.04-arm)	Inventory original drivers on this platform	2026-09-20T12:20:19.3357112Z T.arnold pass 
linux-portability (ubuntu-24.04-arm)	Inventory original drivers on this platform	2026-09-20T12:20:20.1460707Z T.beebe pass 
linux-portability (ubuntu-24.04-arm)	Inventory original drivers on this platform	2026-09-20T12:20:20.4901387Z T.builtin open BAD: T.builtin (rand)
linux-portability (ubuntu-24.04-arm)	Inventory original drivers on this platform	2026-09-20T12:20:20.7069837Z T.chem pass 
linux-portability (ubuntu-24.04-arm)	Inventory original drivers on this platform	2026-09-20T12:20:21.0957603Z T.close pass 
linux-portability (ubuntu-24.04-arm)	Inventory original drivers on this platform	2026-09-20T12:20:21.3570677Z T.clv pass 
linux-portability (ubuntu-24.04-arm)	Inventory original drivers on this platform	2026-09-20T12:20:21.5141549Z T.csconcat pass 
linux-portability (ubuntu-24.04-arm)	Inventory original drivers on this platform	2026-09-20T12:20:21.7992216Z T.csv pass 
linux-portability (ubuntu-24.04-arm)	Inventory original drivers on this platform	2026-09-20T12:20:21.9338447Z T.delete pass 
linux-portability (ubuntu-24.04-arm)	Inventory original drivers on this platform	2026-09-20T12:20:22.2681320Z T.errmsg reference-failure BAD: illegal primary in regular expression failed BAD: illegal break, continue, next or nextfile from BEGIN failed BAD: illegal break, continue, next or nextfile from END failed BAD: nextfile is illegal inside a function failed BAD: nonterminated character class failed BAD: nonterminated character class failed BAD: nonterminated character cl
linux-portability (ubuntu-24.04-arm)	Inventory original drivers on this platform	2026-09-20T12:20:23.0864997Z T.expr pass 
linux-portability (ubuntu-24.04-arm)	Inventory original drivers on this platform	2026-09-20T12:20:23.2218567Z T.exprconv pass 
linux-portability (ubuntu-24.04-arm)	Inventory original drivers on this platform	2026-09-20T12:20:23.3736537Z T.flags open T.flags: bad no program T.flags: bad can.t open program T.flags: bad can.t open program 2 T.flags: bad missing field separator
linux-portability (ubuntu-24.04-arm)	Inventory original drivers on this platform	2026-09-20T12:20:23.6858526Z T.func pass 
linux-portability (ubuntu-24.04-arm)	Inventory original drivers on this platform	2026-09-20T12:20:24.6502130Z T.gawk pass 
linux-portability (ubuntu-24.04-arm)	Inventory original drivers on this platform	2026-09-20T12:20:24.8260314Z T.getline pass 
linux-portability (ubuntu-24.04-arm)	Inventory original drivers on this platform	2026-09-20T12:20:24.9692295Z T.int-expr pass 
linux-portability (ubuntu-24.04-arm)	Inventory original drivers on this platform	2026-09-20T12:20:25.1242973Z T.latin1 pass 
linux-portability (ubuntu-24.04-arm)	Inventory original drivers on this platform	2026-09-20T12:20:26.0105907Z T.lilly pass 
linux-portability (ubuntu-24.04-arm)	Inventory original drivers on this platform	2026-09-20T12:20:26.1603650Z T.main pass 
linux-portability (ubuntu-24.04-arm)	Inventory original drivers on this platform	2026-09-20T12:20:26.5654250Z T.misc open BAD: T.misc split error BAD: T.misc hello error BAD: T.misc pile error BAD: T.misc gsub banana error BAD: T.misc sub banana error BAD: T.misc lineno BAD: T.misc can't open BAD: T.misc continuation line number BAD: T.misc syntax error line number �BAD: T.misc escape sequences in strings mishandled BAD: T.misc fcn args BAD: T.misc undefine
linux-portability (ubuntu-24.04-arm)	Inventory original drivers on this platform	2026-09-20T12:20:26.8653156Z T.nextfile pass 
linux-portability (ubuntu-24.04-arm)	Inventory original drivers on this platform	2026-09-20T12:20:27.3359317Z T.overflow pass 
linux-portability (ubuntu-24.04-arm)	Inventory original drivers on this platform	2026-09-20T12:20:28.4324416Z T.re pass 
linux-portability (ubuntu-24.04-arm)	Inventory original drivers on this platform	2026-09-20T12:20:28.5701200Z T.recache pass 
linux-portability (ubuntu-24.04-arm)	Inventory original drivers on this platform	2026-09-20T12:20:28.7353621Z T.redir pass 
linux-portability (ubuntu-24.04-arm)	Inventory original drivers on this platform	2026-09-20T12:20:28.9310635Z T.split pass 
linux-portability (ubuntu-24.04-arm)	Inventory original drivers on this platform	2026-09-20T12:20:29.5386659Z T.sub pass 
linux-portability (ubuntu-24.04-arm)	Inventory original drivers on this platform	2026-09-20T12:20:29.6758559Z T.system pass 
linux-portability (ubuntu-24.04-arm)	Inventory original drivers on this platform	2026-09-20T12:20:30.4537212Z T.utf reference-failure test 1.3 failed test 1.4 failed test 1.5 failed test 1.6 failed test 1.7 failed test 1.8 failed test 1.9 failed test 1.10 failed test 1.11 failed test 1.12 failed test 1.13 failed test 1.14 failed test 1.15 failed test 1.16 failed test 1.17 failed test 1.18 failed test 1.19 failed test 1.20 failed test 1.21 fail
linux-portability (ubuntu-24.04-arm)	Inventory original drivers on this platform	2026-09-20T12:20:31.2169509Z T.utfre reference-failure 43 fails ^λ.$ ~ λλ 51 fails ^.해 ~ め해 52 fails ^.해 ~ め해해 64 fails 해* ~  68 fails 해* ~ めめめめ 69 fails 해해* ~ 해 71 fails 해해* ~ め해 84 fails xθ+y ~ xθθy 85 fails xθ+y ~ xθθθθθθy 89 fails xθ?y ~ xy 92 fails θ?b?の? ~  93 fails θ?b?の? ~ x 106 fails [Α-Ω] !~ β 108 fails [^Α-Ω] ~ δ 119 fails [Α-ΔΦ-Ω] !~ Π 120 fails [Α-ΔΦ-Ω] !~ Σ
linux-portability (ubuntu-24.04-arm)	Check original driver contracts and standard streams (debug and release)	﻿2026-09-20T12:20:31.2290523Z ##[group]Run python3 scripts/test_closure_contracts.py
linux-portability (ubuntu-24.04-arm)	Check original driver contracts and standard streams (debug and release)	2026-09-20T12:20:31.2290976Z [36;1mpython3 scripts/test_closure_contracts.py[0m
linux-portability (ubuntu-24.04-arm)	Check original driver contracts and standard streams (debug and release)	2026-09-20T12:20:31.2291529Z [36;1mfor profile in debug release; do[0m
linux-portability (ubuntu-24.04-arm)	Check original driver contracts and standard streams (debug and release)	2026-09-20T12:20:31.2292142Z [36;1m  python3 scripts/full_driver_audit.py --rawk "target/$profile/rawk" --verified --check --output "diary/linux-drivers-verified-$profile-ci.json"[0m
linux-portability (ubuntu-24.04-arm)	Check original driver contracts and standard streams (debug and release)	2026-09-20T12:20:31.2293052Z [36;1m  python3 scripts/linux_driver_probe.py --rawk "target/$profile/rawk" --check --output "diary/linux-driver-probe-$profile-ci.json"[0m
linux-portability (ubuntu-24.04-arm)	Check original driver contracts and standard streams (debug and release)	2026-09-20T12:20:31.2293692Z [36;1mdone[0m
linux-portability (ubuntu-24.04-arm)	Check original driver contracts and standard streams (debug and release)	2026-09-20T12:20:31.2327349Z shell: /usr/bin/bash -e {0}
linux-portability (ubuntu-24.04-arm)	Check original driver contracts and standard streams (debug and release)	2026-09-20T12:20:31.2327588Z env:
linux-portability (ubuntu-24.04-arm)	Check original driver contracts and standard streams (debug and release)	2026-09-20T12:20:31.2327748Z   LC_ALL: C
linux-portability (ubuntu-24.04-arm)	Check original driver contracts and standard streams (debug and release)	2026-09-20T12:20:31.2327907Z   CARGO_INCREMENTAL: 0
linux-portability (ubuntu-24.04-arm)	Check original driver contracts and standard streams (debug and release)	2026-09-20T12:20:31.2328100Z   RUSTUP_TOOLCHAIN: 1.96.0
linux-portability (ubuntu-24.04-arm)	Check original driver contracts and standard streams (debug and release)	2026-09-20T12:20:31.2328297Z ##[endgroup]
linux-portability (ubuntu-24.04-arm)	Check original driver contracts and standard streams (debug and release)	2026-09-20T12:20:31.3001130Z ..
linux-portability (ubuntu-24.04-arm)	Check original driver contracts and standard streams (debug and release)	2026-09-20T12:20:31.3001487Z ----------------------------------------------------------------------
linux-portability (ubuntu-24.04-arm)	Check original driver contracts and standard streams (debug and release)	2026-09-20T12:20:31.3001911Z Ran 2 tests in 0.012s
linux-portability (ubuntu-24.04-arm)	Check original driver contracts and standard streams (debug and release)	2026-09-20T12:20:31.3002031Z 
linux-portability (ubuntu-24.04-arm)	Check original driver contracts and standard streams (debug and release)	2026-09-20T12:20:31.3002118Z OK
linux-portability (ubuntu-24.04-arm)	Check original driver contracts and standard streams (debug and release)	2026-09-20T12:20:31.5210722Z T.-f-f pass 
linux-portability (ubuntu-24.04-arm)	Check original driver contracts and standard streams (debug and release)	2026-09-20T12:20:31.7543788Z T.argv pass 
linux-portability (ubuntu-24.04-arm)	Check original driver contracts and standard streams (debug and release)	2026-09-20T12:20:32.0548027Z T.arnold pass 
linux-portability (ubuntu-24.04-arm)	Check original driver contracts and standard streams (debug and release)	2026-09-20T12:20:33.0910197Z T.beebe pass 
linux-portability (ubuntu-24.04-arm)	Check original driver contracts and standard streams (debug and release)	2026-09-20T12:20:33.9154589Z T.chem pass 
linux-portability (ubuntu-24.04-arm)	Check original driver contracts and standard streams (debug and release)	2026-09-20T12:20:34.3725058Z T.close pass 
linux-portability (ubuntu-24.04-arm)	Check original driver contracts and standard streams (debug and release)	2026-09-20T12:20:34.6359602Z T.clv pass 
linux-portability (ubuntu-24.04-arm)	Check original driver contracts and standard streams (debug and release)	2026-09-20T12:20:34.7808667Z T.csconcat pass 
linux-portability (ubuntu-24.04-arm)	Check original driver contracts and standard streams (debug and release)	2026-09-20T12:20:35.1091449Z T.csv pass 
linux-portability (ubuntu-24.04-arm)	Check original driver contracts and standard streams (debug and release)	2026-09-20T12:20:35.2526999Z T.delete pass 
linux-portability (ubuntu-24.04-arm)	Check original driver contracts and standard streams (debug and release)	2026-09-20T12:20:36.2617393Z T.expr pass 
linux-portability (ubuntu-24.04-arm)	Check original driver contracts and standard streams (debug and release)	2026-09-20T12:20:36.4078644Z T.exprconv pass 
linux-portability (ubuntu-24.04-arm)	Check original driver contracts and standard streams (debug and release)	2026-09-20T12:20:37.5027128Z T.func pass 
linux-portability (ubuntu-24.04-arm)	Check original driver contracts and standard streams (debug and release)	2026-09-20T12:20:41.8833167Z T.gawk pass 
linux-portability (ubuntu-24.04-arm)	Check original driver contracts and standard streams (debug and release)	2026-09-20T12:20:42.0791250Z T.getline pass 
linux-portability (ubuntu-24.04-arm)	Check original driver contracts and standard streams (debug and release)	2026-09-20T12:20:42.2397984Z T.int-expr pass 
linux-portability (ubuntu-24.04-arm)	Check original driver contracts and standard streams (debug and release)	2026-09-20T12:20:42.4187629Z T.latin1 pass 
linux-portability (ubuntu-24.04-arm)	Check original driver contracts and standard streams (debug and release)	2026-09-20T12:20:43.5053618Z T.lilly pass 
linux-portability (ubuntu-24.04-arm)	Check original driver contracts and standard streams (debug and release)	2026-09-20T12:20:43.6661142Z T.main pass 
linux-portability (ubuntu-24.04-arm)	Check original driver contracts and standard streams (debug and release)	2026-09-20T12:20:43.9918570Z T.nextfile pass 
linux-portability (ubuntu-24.04-arm)	Check original driver contracts and standard streams (debug and release)	2026-09-20T12:20:45.5763024Z T.overflow pass 
linux-portability (ubuntu-24.04-arm)	Check original driver contracts and standard streams (debug and release)	2026-09-20T12:20:47.2685788Z T.re pass 
linux-portability (ubuntu-24.04-arm)	Check original driver contracts and standard streams (debug and release)	2026-09-20T12:20:47.4183465Z T.recache pass 
linux-portability (ubuntu-24.04-arm)	Check original driver contracts and standard streams (debug and release)	2026-09-20T12:20:47.5974037Z T.redir pass 
linux-portability (ubuntu-24.04-arm)	Check original driver contracts and standard streams (debug and release)	2026-09-20T12:20:47.8780719Z T.split pass 
linux-portability (ubuntu-24.04-arm)	Check original driver contracts and standard streams (debug and release)	2026-09-20T12:20:49.0801784Z T.sub pass 
linux-portability (ubuntu-24.04-arm)	Check original driver contracts and standard streams (debug and release)	2026-09-20T12:20:49.2254271Z T.system pass 
linux-portability (ubuntu-24.04-arm)	Check original driver contracts and standard streams (debug and release)	2026-09-20T12:20:50.5621054Z Darwin contract mismatches: ['T.errmsg/49', 'T.errmsg/50']
linux-portability (ubuntu-24.04-arm)	Check original driver contracts and standard streams (debug and release)	2026-09-20T12:20:50.5621483Z Native contract mismatches: []
linux-portability (ubuntu-24.04-arm)	Check original driver contracts and standard streams (debug and release)	2026-09-20T12:20:50.7596173Z T.-f-f pass 
linux-portability (ubuntu-24.04-arm)	Check original driver contracts and standard streams (debug and release)	2026-09-20T12:20:50.9575258Z T.argv pass 
linux-portability (ubuntu-24.04-arm)	Check original driver contracts and standard streams (debug and release)	2026-09-20T12:20:51.2225111Z T.arnold pass 
linux-portability (ubuntu-24.04-arm)	Check original driver contracts and standard streams (debug and release)	2026-09-20T12:20:51.7291268Z T.beebe pass 
linux-portability (ubuntu-24.04-arm)	Check original driver contracts and standard streams (debug and release)	2026-09-20T12:20:51.9530298Z T.chem pass 
linux-portability (ubuntu-24.04-arm)	Check original driver contracts and standard streams (debug and release)	2026-09-20T12:20:52.2697579Z T.close pass 
linux-portability (ubuntu-24.04-arm)	Check original driver contracts and standard streams (debug and release)	2026-09-20T12:20:52.4910675Z T.clv pass 
linux-portability (ubuntu-24.04-arm)	Check original driver contracts and standard streams (debug and release)	2026-09-20T12:20:52.6238809Z T.csconcat pass 
linux-portability (ubuntu-24.04-arm)	Check original driver contracts and standard streams (debug and release)	2026-09-20T12:20:52.8832173Z T.csv pass 
linux-portability (ubuntu-24.04-arm)	Check original driver contracts and standard streams (debug and release)	2026-09-20T12:20:53.0159264Z T.delete pass 
linux-portability (ubuntu-24.04-arm)	Check original driver contracts and standard streams (debug and release)	2026-09-20T12:20:53.7723734Z T.expr pass 
linux-portability (ubuntu-24.04-arm)	Check original driver contracts and standard streams (debug and release)	2026-09-20T12:20:53.9036611Z T.exprconv pass 
linux-portability (ubuntu-24.04-arm)	Check original driver contracts and standard streams (debug and release)	2026-09-20T12:20:54.2105482Z T.func pass 
linux-portability (ubuntu-24.04-arm)	Check original driver contracts and standard streams (debug and release)	2026-09-20T12:20:55.1498784Z T.gawk pass 
linux-portability (ubuntu-24.04-arm)	Check original driver contracts and standard streams (debug and release)	2026-09-20T12:20:55.3252246Z T.getline pass 
linux-portability (ubuntu-24.04-arm)	Check original driver contracts and standard streams (debug and release)	2026-09-20T12:20:55.4633864Z T.int-expr pass 
linux-portability (ubuntu-24.04-arm)	Check original driver contracts and standard streams (debug and release)	2026-09-20T12:20:55.6143221Z T.latin1 pass 
linux-portability (ubuntu-24.04-arm)	Check original driver contracts and standard streams (debug and release)	2026-09-20T12:20:56.5412490Z T.lilly pass 
linux-portability (ubuntu-24.04-arm)	Check original driver contracts and standard streams (debug and release)	2026-09-20T12:20:56.6862438Z T.main pass 
linux-portability (ubuntu-24.04-arm)	Check original driver contracts and standard streams (debug and release)	2026-09-20T12:20:56.9755079Z T.nextfile pass 
linux-portability (ubuntu-24.04-arm)	Check original driver contracts and standard streams (debug and release)	2026-09-20T12:20:57.4384911Z T.overflow pass 
linux-portability (ubuntu-24.04-arm)	Check original driver contracts and standard streams (debug and release)	2026-09-20T12:20:58.4953297Z T.re pass 
linux-portability (ubuntu-24.04-arm)	Check original driver contracts and standard streams (debug and release)	2026-09-20T12:20:58.6325986Z T.recache pass 
linux-portability (ubuntu-24.04-arm)	Check original driver contracts and standard streams (debug and release)	2026-09-20T12:20:58.7923101Z T.redir pass 
linux-portability (ubuntu-24.04-arm)	Check original driver contracts and standard streams (debug and release)	2026-09-20T12:20:59.0122580Z T.split pass 
linux-portability (ubuntu-24.04-arm)	Check original driver contracts and standard streams (debug and release)	2026-09-20T12:20:59.5918753Z T.sub pass 
linux-portability (ubuntu-24.04-arm)	Check original driver contracts and standard streams (debug and release)	2026-09-20T12:20:59.7280244Z T.system pass 
linux-portability (ubuntu-24.04-arm)	Check original driver contracts and standard streams (debug and release)	2026-09-20T12:21:00.6105691Z Darwin contract mismatches: ['T.errmsg/49', 'T.errmsg/50']
linux-portability (ubuntu-24.04-arm)	Check original driver contracts and standard streams (debug and release)	2026-09-20T12:21:00.6106109Z Native contract mismatches: []
linux-portability (ubuntu-24.04-arm)	Retain platform evidence	﻿2026-09-20T12:21:00.6277057Z Node 20 is being deprecated. This workflow is running with Node 24 by default. If you need to temporarily use Node 20, you can set the ACTIONS_ALLOW_USE_UNSECURE_NODE_VERSION=true environment variable. For more information see: https://github.blog/changelog/2025-09-19-deprecation-of-node-20-on-github-actions-runners/
linux-portability (ubuntu-24.04-arm)	Retain platform evidence	2026-09-20T12:21:00.6279147Z ##[group]Run actions/upload-artifact@ea165f8d65b6e75b540449e92b4886f43607fa02
linux-portability (ubuntu-24.04-arm)	Retain platform evidence	2026-09-20T12:21:00.6279831Z with:
linux-portability (ubuntu-24.04-arm)	Retain platform evidence	2026-09-20T12:21:00.6280257Z   name: portability-ubuntu-24.04-arm
linux-portability (ubuntu-24.04-arm)	Retain platform evidence	2026-09-20T12:21:00.6281292Z   path: rawk/diary/shift-jis-platform-ci.json
linux-portability (ubuntu-24.04-arm)	Retain platform evidence	rawk/diary/shift-jis-locale-ci.log
linux-portability (ubuntu-24.04-arm)	Retain platform evidence	rawk/diary/format-platform-ci.json
linux-portability (ubuntu-24.04-arm)	Retain platform evidence	rawk/diary/portability-ci.log
linux-portability (ubuntu-24.04-arm)	Retain platform evidence	rawk/diary/linux-driver-results-ci.json
linux-portability (ubuntu-24.04-arm)	Retain platform evidence	rawk/diary/linux-driver-probe-*-ci.json
linux-portability (ubuntu-24.04-arm)	Retain platform evidence	rawk/diary/linux-drivers-verified-*-ci.json
linux-portability (ubuntu-24.04-arm)	Retain platform evidence	
linux-portability (ubuntu-24.04-arm)	Retain platform evidence	2026-09-20T12:21:00.6282340Z   if-no-files-found: error
linux-portability (ubuntu-24.04-arm)	Retain platform evidence	2026-09-20T12:21:00.6282556Z   compression-level: 6
linux-portability (ubuntu-24.04-arm)	Retain platform evidence	2026-09-20T12:21:00.6282746Z   overwrite: false
linux-portability (ubuntu-24.04-arm)	Retain platform evidence	2026-09-20T12:21:00.6282929Z   include-hidden-files: false
linux-portability (ubuntu-24.04-arm)	Retain platform evidence	2026-09-20T12:21:00.6283169Z env:
linux-portability (ubuntu-24.04-arm)	Retain platform evidence	2026-09-20T12:21:00.6283314Z   LC_ALL: C
linux-portability (ubuntu-24.04-arm)	Retain platform evidence	2026-09-20T12:21:00.6283472Z   CARGO_INCREMENTAL: 0
linux-portability (ubuntu-24.04-arm)	Retain platform evidence	2026-09-20T12:21:00.6283667Z   RUSTUP_TOOLCHAIN: 1.96.0
linux-portability (ubuntu-24.04-arm)	Retain platform evidence	2026-09-20T12:21:00.6283858Z ##[endgroup]
linux-portability (ubuntu-24.04-arm)	Retain platform evidence	2026-09-20T12:21:00.7711185Z (node:50621) [DEP0040] DeprecationWarning: The `punycode` module is deprecated. Please use a userland alternative instead.
linux-portability (ubuntu-24.04-arm)	Retain platform evidence	2026-09-20T12:21:00.7711912Z (Use `node --trace-deprecation ...` to show where the warning was created)
linux-portability (ubuntu-24.04-arm)	Retain platform evidence	2026-09-20T12:21:00.7825960Z With the provided path, there will be 9 files uploaded
linux-portability (ubuntu-24.04-arm)	Retain platform evidence	2026-09-20T12:21:00.7850731Z Artifact name is valid!
linux-portability (ubuntu-24.04-arm)	Retain platform evidence	2026-09-20T12:21:00.7851112Z Root directory input is valid!
linux-portability (ubuntu-24.04-arm)	Retain platform evidence	2026-09-20T12:21:00.9769990Z Beginning upload of artifact content to blob storage
linux-portability (ubuntu-24.04-arm)	Retain platform evidence	2026-09-20T12:21:01.0160753Z (node:50621) [DEP0169] DeprecationWarning: `url.parse()` behavior is not standardized and prone to errors that have security implications. Use the WHATWG URL API instead. CVEs are not issued for `url.parse()` vulnerabilities.
linux-portability (ubuntu-24.04-arm)	Retain platform evidence	2026-09-20T12:21:01.0821423Z Uploaded bytes 99101
linux-portability (ubuntu-24.04-arm)	Retain platform evidence	2026-09-20T12:21:01.1003152Z Finished uploading artifact content to blob storage!
linux-portability (ubuntu-24.04-arm)	Retain platform evidence	2026-09-20T12:21:01.1003783Z SHA256 digest of uploaded artifact zip is e639eb1581cec8588a27b02e91d8536e938cedee829a021606eea0f2237d54b7
linux-portability (ubuntu-24.04-arm)	Retain platform evidence	2026-09-20T12:21:01.1005116Z Finalizing artifact upload
linux-portability (ubuntu-24.04-arm)	Retain platform evidence	2026-09-20T12:21:01.2760192Z Artifact portability-ubuntu-24.04-arm.zip successfully finalized. Artifact ID 10605310721
linux-portability (ubuntu-24.04-arm)	Retain platform evidence	2026-09-20T12:21:01.2761035Z Artifact portability-ubuntu-24.04-arm has been successfully uploaded! Final size is 99101 bytes. Artifact ID is 10605310721
linux-portability (ubuntu-24.04-arm)	Retain platform evidence	2026-09-20T12:21:01.2765162Z Artifact download URL: https://github.com/francescotinti/rawk/actions/runs/35510218505/artifacts/10605310721
linux-portability (ubuntu-24.04-arm)	Post Run actions/checkout@11bd71901bbe5b1630ceea73d27597364c9af683	﻿2026-09-20T12:21:01.2949410Z Node 20 is being deprecated. This workflow is running with Node 24 by default. If you need to temporarily use Node 20, you can set the ACTIONS_ALLOW_USE_UNSECURE_NODE_VERSION=true environment variable. For more information see: https://github.blog/changelog/2025-09-19-deprecation-of-node-20-on-github-actions-runners/
linux-portability (ubuntu-24.04-arm)	Post Run actions/checkout@11bd71901bbe5b1630ceea73d27597364c9af683	2026-09-20T12:21:01.2950863Z Post job cleanup.
linux-portability (ubuntu-24.04-arm)	Post Run actions/checkout@11bd71901bbe5b1630ceea73d27597364c9af683	2026-09-20T12:21:01.3682079Z [command]/usr/bin/git version
linux-portability (ubuntu-24.04-arm)	Post Run actions/checkout@11bd71901bbe5b1630ceea73d27597364c9af683	2026-09-20T12:21:01.3720197Z git version 2.55.0
linux-portability (ubuntu-24.04-arm)	Post Run actions/checkout@11bd71901bbe5b1630ceea73d27597364c9af683	2026-09-20T12:21:01.3756284Z Temporarily overriding HOME='/home/runner/work/_temp/a7efc7de-cfac-4e44-a1c5-14d00f425b7f' before making global git config changes
linux-portability (ubuntu-24.04-arm)	Post Run actions/checkout@11bd71901bbe5b1630ceea73d27597364c9af683	2026-09-20T12:21:01.3791036Z Adding repository directory to the temporary git global config as a safe directory
linux-portability (ubuntu-24.04-arm)	Post Run actions/checkout@11bd71901bbe5b1630ceea73d27597364c9af683	2026-09-20T12:21:01.3792036Z [command]/usr/bin/git config --global --add safe.directory /home/runner/work/rawk/rawk/rawk
linux-portability (ubuntu-24.04-arm)	Post Run actions/checkout@11bd71901bbe5b1630ceea73d27597364c9af683	2026-09-20T12:21:01.3796395Z [command]/usr/bin/git config --local --name-only --get-regexp core\.sshCommand
linux-portability (ubuntu-24.04-arm)	Post Run actions/checkout@11bd71901bbe5b1630ceea73d27597364c9af683	2026-09-20T12:21:01.3828175Z [command]/usr/bin/git submodule foreach --recursive sh -c "git config --local --name-only --get-regexp 'core\.sshCommand' && git config --local --unset-all 'core.sshCommand' || :"
linux-portability (ubuntu-24.04-arm)	Post Run actions/checkout@11bd71901bbe5b1630ceea73d27597364c9af683	2026-09-20T12:21:01.4013701Z [command]/usr/bin/git config --local --name-only --get-regexp http\.https\:\/\/github\.com\/\.extraheader
linux-portability (ubuntu-24.04-arm)	Post Run actions/checkout@11bd71901bbe5b1630ceea73d27597364c9af683	2026-09-20T12:21:01.4038549Z http.https://github.com/.extraheader
linux-portability (ubuntu-24.04-arm)	Post Run actions/checkout@11bd71901bbe5b1630ceea73d27597364c9af683	2026-09-20T12:21:01.4050640Z [command]/usr/bin/git config --local --unset-all http.https://github.com/.extraheader
linux-portability (ubuntu-24.04-arm)	Post Run actions/checkout@11bd71901bbe5b1630ceea73d27597364c9af683	2026-09-20T12:21:01.4087332Z [command]/usr/bin/git submodule foreach --recursive sh -c "git config --local --name-only --get-regexp 'http\.https\:\/\/github\.com\/\.extraheader' && git config --local --unset-all 'http.https://github.com/.extraheader' || :"
linux-portability (ubuntu-24.04-arm)	Complete job	﻿2026-09-20T12:21:01.4402415Z Cleaning up orphan processes
linux-portability (ubuntu-24.04-arm)	Complete job	2026-09-20T12:21:01.4913777Z ##[warning]Node.js 20 is deprecated. The following actions target Node.js 20 but are being forced to run on Node.js 24: actions/checkout@11bd71901bbe5b1630ceea73d27597364c9af683, actions/upload-artifact@ea165f8d65b6e75b540449e92b4886f43607fa02. For more information see: https://github.blog/changelog/2025-09-19-deprecation-of-node-20-on-github-actions-runners/
