compatibility	Set up job	﻿2026-09-20T12:12:33.2458860Z Current runner version: '2.337.0'
compatibility	Set up job	2026-09-20T12:12:33.2504710Z ##[group]Runner Image Provisioner
compatibility	Set up job	2026-09-20T12:12:33.2505430Z Hosted Compute Agent
compatibility	Set up job	2026-09-20T12:12:33.2505800Z Version: 20260828.587
compatibility	Set up job	2026-09-20T12:12:33.2506210Z Commit: abac92662cab4cc7352de4f9f9d2e2419aad9c29
compatibility	Set up job	2026-09-20T12:12:33.2506680Z Build Date: 2026-08-28T16:44:25Z
compatibility	Set up job	2026-09-20T12:12:33.2507210Z Worker ID: {f4b40ab3-b4ab-4779-b512-e01a98f1df08}
compatibility	Set up job	2026-09-20T12:12:33.2507670Z Azure Region: westus
compatibility	Set up job	2026-09-20T12:12:33.2508040Z ##[endgroup]
compatibility	Set up job	2026-09-20T12:12:33.2509000Z ##[group]Operating System
compatibility	Set up job	2026-09-20T12:12:33.2509390Z macOS
compatibility	Set up job	2026-09-20T12:12:33.2510030Z 15.7.9
compatibility	Set up job	2026-09-20T12:12:33.2510360Z 24G830
compatibility	Set up job	2026-09-20T12:12:33.2510700Z ##[endgroup]
compatibility	Set up job	2026-09-20T12:12:33.2511040Z ##[group]Runner Image
compatibility	Set up job	2026-09-20T12:12:33.2511410Z Image: macos-15-arm64
compatibility	Set up job	2026-09-20T12:12:33.2511770Z Version: 20260907.0337.1
compatibility	Set up job	2026-09-20T12:12:33.2512500Z Included Software: https://github.com/actions/runner-images/blob/macos-15-arm64/20260907.0337/images/macos/macos-15-arm64-Readme.md
compatibility	Set up job	2026-09-20T12:12:33.2513740Z Image Release: https://github.com/actions/runner-images/releases/tag/macos-15-arm64%2F20260907.0337
compatibility	Set up job	2026-09-20T12:12:33.2514410Z ##[endgroup]
compatibility	Set up job	2026-09-20T12:12:33.2517250Z ##[group]GITHUB_TOKEN Permissions
compatibility	Set up job	2026-09-20T12:12:33.2526990Z Contents: read
compatibility	Set up job	2026-09-20T12:12:33.2527500Z Metadata: read
compatibility	Set up job	2026-09-20T12:12:33.2527880Z ##[endgroup]
compatibility	Set up job	2026-09-20T12:12:33.2534270Z Secret source: Actions
compatibility	Set up job	2026-09-20T12:12:33.2536070Z Cache mode: write
compatibility	Set up job	2026-09-20T12:12:33.2539080Z Prepare workflow directory
compatibility	Set up job	2026-09-20T12:12:33.3014540Z Prepare all required actions
compatibility	Set up job	2026-09-20T12:12:33.3114770Z Getting action download info
compatibility	Set up job	2026-09-20T12:12:33.5201810Z Download action repository 'actions/checkout@11bd71901bbe5b1630ceea73d27597364c9af683' (SHA:11bd71901bbe5b1630ceea73d27597364c9af683)
compatibility	Set up job	2026-09-20T12:12:33.8631150Z Download action repository 'actions/upload-artifact@ea165f8d65b6e75b540449e92b4886f43607fa02' (SHA:ea165f8d65b6e75b540449e92b4886f43607fa02)
compatibility	Set up job	2026-09-20T12:12:34.2485880Z Complete job name: compatibility
compatibility	Run actions/checkout@11bd71901bbe5b1630ceea73d27597364c9af683	﻿2026-09-20T12:12:34.3108900Z Node 20 is being deprecated. This workflow is running with Node 24 by default. If you need to temporarily use Node 20, you can set the ACTIONS_ALLOW_USE_UNSECURE_NODE_VERSION=true environment variable. For more information see: https://github.blog/changelog/2025-09-19-deprecation-of-node-20-on-github-actions-runners/
compatibility	Run actions/checkout@11bd71901bbe5b1630ceea73d27597364c9af683	2026-09-20T12:12:34.3116160Z ##[group]Run actions/checkout@11bd71901bbe5b1630ceea73d27597364c9af683
compatibility	Run actions/checkout@11bd71901bbe5b1630ceea73d27597364c9af683	2026-09-20T12:12:34.3116770Z with:
compatibility	Run actions/checkout@11bd71901bbe5b1630ceea73d27597364c9af683	2026-09-20T12:12:34.3117080Z   path: rawk
compatibility	Run actions/checkout@11bd71901bbe5b1630ceea73d27597364c9af683	2026-09-20T12:12:34.3117420Z   repository: francescotinti/rawk
compatibility	Run actions/checkout@11bd71901bbe5b1630ceea73d27597364c9af683	2026-09-20T12:12:34.3120300Z   token: ***
compatibility	Run actions/checkout@11bd71901bbe5b1630ceea73d27597364c9af683	2026-09-20T12:12:34.3120610Z   ssh-strict: true
compatibility	Run actions/checkout@11bd71901bbe5b1630ceea73d27597364c9af683	2026-09-20T12:12:34.3120940Z   ssh-user: git
compatibility	Run actions/checkout@11bd71901bbe5b1630ceea73d27597364c9af683	2026-09-20T12:12:34.3121640Z   persist-credentials: true
compatibility	Run actions/checkout@11bd71901bbe5b1630ceea73d27597364c9af683	2026-09-20T12:12:34.3122060Z   clean: true
compatibility	Run actions/checkout@11bd71901bbe5b1630ceea73d27597364c9af683	2026-09-20T12:12:34.3122400Z   sparse-checkout-cone-mode: true
compatibility	Run actions/checkout@11bd71901bbe5b1630ceea73d27597364c9af683	2026-09-20T12:12:34.3122790Z   fetch-depth: 1
compatibility	Run actions/checkout@11bd71901bbe5b1630ceea73d27597364c9af683	2026-09-20T12:12:34.3123110Z   fetch-tags: false
compatibility	Run actions/checkout@11bd71901bbe5b1630ceea73d27597364c9af683	2026-09-20T12:12:34.3123440Z   show-progress: true
compatibility	Run actions/checkout@11bd71901bbe5b1630ceea73d27597364c9af683	2026-09-20T12:12:34.3123850Z   lfs: false
compatibility	Run actions/checkout@11bd71901bbe5b1630ceea73d27597364c9af683	2026-09-20T12:12:34.3124160Z   submodules: false
compatibility	Run actions/checkout@11bd71901bbe5b1630ceea73d27597364c9af683	2026-09-20T12:12:34.3124500Z   set-safe-directory: true
compatibility	Run actions/checkout@11bd71901bbe5b1630ceea73d27597364c9af683	2026-09-20T12:12:34.3125320Z env:
compatibility	Run actions/checkout@11bd71901bbe5b1630ceea73d27597364c9af683	2026-09-20T12:12:34.3125630Z   LC_ALL: C
compatibility	Run actions/checkout@11bd71901bbe5b1630ceea73d27597364c9af683	2026-09-20T12:12:34.3125930Z   CARGO_INCREMENTAL: 0
compatibility	Run actions/checkout@11bd71901bbe5b1630ceea73d27597364c9af683	2026-09-20T12:12:34.3126270Z   RUSTUP_TOOLCHAIN: 1.96.0
compatibility	Run actions/checkout@11bd71901bbe5b1630ceea73d27597364c9af683	2026-09-20T12:12:34.3126610Z ##[endgroup]
compatibility	Run actions/checkout@11bd71901bbe5b1630ceea73d27597364c9af683	2026-09-20T12:12:34.7358600Z Syncing repository: francescotinti/rawk
compatibility	Run actions/checkout@11bd71901bbe5b1630ceea73d27597364c9af683	2026-09-20T12:12:34.7361930Z ##[group]Getting Git version info
compatibility	Run actions/checkout@11bd71901bbe5b1630ceea73d27597364c9af683	2026-09-20T12:12:34.7362530Z Working directory is '/Users/runner/work/rawk/rawk/rawk'
compatibility	Run actions/checkout@11bd71901bbe5b1630ceea73d27597364c9af683	2026-09-20T12:12:34.7363570Z [command]/opt/homebrew/bin/git version
compatibility	Run actions/checkout@11bd71901bbe5b1630ceea73d27597364c9af683	2026-09-20T12:12:34.8003140Z git version 2.55.0
compatibility	Run actions/checkout@11bd71901bbe5b1630ceea73d27597364c9af683	2026-09-20T12:12:34.8130620Z ##[endgroup]
compatibility	Run actions/checkout@11bd71901bbe5b1630ceea73d27597364c9af683	2026-09-20T12:12:34.8212260Z Copying '/Users/runner/.gitconfig' to '/Users/runner/work/_temp/19f094a3-4f39-4767-aa93-13505e8ad952/.gitconfig'
compatibility	Run actions/checkout@11bd71901bbe5b1630ceea73d27597364c9af683	2026-09-20T12:12:34.8217720Z Temporarily overriding HOME='/Users/runner/work/_temp/19f094a3-4f39-4767-aa93-13505e8ad952' before making global git config changes
compatibility	Run actions/checkout@11bd71901bbe5b1630ceea73d27597364c9af683	2026-09-20T12:12:34.8224900Z Adding repository directory to the temporary git global config as a safe directory
compatibility	Run actions/checkout@11bd71901bbe5b1630ceea73d27597364c9af683	2026-09-20T12:12:34.8227860Z [command]/opt/homebrew/bin/git config --global --add safe.directory /Users/runner/work/rawk/rawk/rawk
compatibility	Run actions/checkout@11bd71901bbe5b1630ceea73d27597364c9af683	2026-09-20T12:12:34.8408990Z ##[group]Initializing the repository
compatibility	Run actions/checkout@11bd71901bbe5b1630ceea73d27597364c9af683	2026-09-20T12:12:34.8410110Z [command]/opt/homebrew/bin/git init /Users/runner/work/rawk/rawk/rawk
compatibility	Run actions/checkout@11bd71901bbe5b1630ceea73d27597364c9af683	2026-09-20T12:12:34.8722130Z hint: Using 'master' as the name for the initial branch. This default branch name
compatibility	Run actions/checkout@11bd71901bbe5b1630ceea73d27597364c9af683	2026-09-20T12:12:34.8723700Z hint: will change to "main" in Git 3.0. To configure the initial branch name
compatibility	Run actions/checkout@11bd71901bbe5b1630ceea73d27597364c9af683	2026-09-20T12:12:34.8724520Z hint: to use in all of your new repositories, which will suppress this warning,
compatibility	Run actions/checkout@11bd71901bbe5b1630ceea73d27597364c9af683	2026-09-20T12:12:34.8725130Z hint: call:
compatibility	Run actions/checkout@11bd71901bbe5b1630ceea73d27597364c9af683	2026-09-20T12:12:34.8725850Z hint:
compatibility	Run actions/checkout@11bd71901bbe5b1630ceea73d27597364c9af683	2026-09-20T12:12:34.8726400Z hint: 	git config --global init.defaultBranch <name>
compatibility	Run actions/checkout@11bd71901bbe5b1630ceea73d27597364c9af683	2026-09-20T12:12:34.8726980Z hint:
compatibility	Run actions/checkout@11bd71901bbe5b1630ceea73d27597364c9af683	2026-09-20T12:12:34.8727450Z hint: Names commonly chosen instead of 'master' are 'main', 'trunk' and
compatibility	Run actions/checkout@11bd71901bbe5b1630ceea73d27597364c9af683	2026-09-20T12:12:34.8728290Z hint: 'development'. The just-created branch can be renamed via this command:
compatibility	Run actions/checkout@11bd71901bbe5b1630ceea73d27597364c9af683	2026-09-20T12:12:34.8728940Z hint:
compatibility	Run actions/checkout@11bd71901bbe5b1630ceea73d27597364c9af683	2026-09-20T12:12:34.8729340Z hint: 	git branch -m <name>
compatibility	Run actions/checkout@11bd71901bbe5b1630ceea73d27597364c9af683	2026-09-20T12:12:34.8729720Z hint:
compatibility	Run actions/checkout@11bd71901bbe5b1630ceea73d27597364c9af683	2026-09-20T12:12:34.8730290Z hint: Disable this message with "git config set advice.defaultBranchName false"
compatibility	Run actions/checkout@11bd71901bbe5b1630ceea73d27597364c9af683	2026-09-20T12:12:34.8734000Z Initialized empty Git repository in /Users/runner/work/rawk/rawk/rawk/.git/
compatibility	Run actions/checkout@11bd71901bbe5b1630ceea73d27597364c9af683	2026-09-20T12:12:34.8750730Z [command]/opt/homebrew/bin/git remote add origin https://github.com/francescotinti/rawk
compatibility	Run actions/checkout@11bd71901bbe5b1630ceea73d27597364c9af683	2026-09-20T12:12:34.8960270Z ##[endgroup]
compatibility	Run actions/checkout@11bd71901bbe5b1630ceea73d27597364c9af683	2026-09-20T12:12:34.8962320Z ##[group]Disabling automatic garbage collection
compatibility	Run actions/checkout@11bd71901bbe5b1630ceea73d27597364c9af683	2026-09-20T12:12:34.8970900Z [command]/opt/homebrew/bin/git config --local gc.auto 0
compatibility	Run actions/checkout@11bd71901bbe5b1630ceea73d27597364c9af683	2026-09-20T12:12:34.9135570Z ##[endgroup]
compatibility	Run actions/checkout@11bd71901bbe5b1630ceea73d27597364c9af683	2026-09-20T12:12:34.9137570Z ##[group]Setting up auth
compatibility	Run actions/checkout@11bd71901bbe5b1630ceea73d27597364c9af683	2026-09-20T12:12:34.9146050Z [command]/opt/homebrew/bin/git config --local --name-only --get-regexp core\.sshCommand
compatibility	Run actions/checkout@11bd71901bbe5b1630ceea73d27597364c9af683	2026-09-20T12:12:34.9331980Z [command]/opt/homebrew/bin/git submodule foreach --recursive sh -c "git config --local --name-only --get-regexp 'core\.sshCommand' && git config --local --unset-all 'core.sshCommand' || :"
compatibility	Run actions/checkout@11bd71901bbe5b1630ceea73d27597364c9af683	2026-09-20T12:12:35.0819650Z [command]/opt/homebrew/bin/git config --local --name-only --get-regexp http\.https\:\/\/github\.com\/\.extraheader
compatibility	Run actions/checkout@11bd71901bbe5b1630ceea73d27597364c9af683	2026-09-20T12:12:35.1019610Z [command]/opt/homebrew/bin/git submodule foreach --recursive sh -c "git config --local --name-only --get-regexp 'http\.https\:\/\/github\.com\/\.extraheader' && git config --local --unset-all 'http.https://github.com/.extraheader' || :"
compatibility	Run actions/checkout@11bd71901bbe5b1630ceea73d27597364c9af683	2026-09-20T12:12:35.2620290Z [command]/opt/homebrew/bin/git config --local http.https://github.com/.extraheader AUTHORIZATION: basic ***
compatibility	Run actions/checkout@11bd71901bbe5b1630ceea73d27597364c9af683	2026-09-20T12:12:35.2652090Z ##[endgroup]
compatibility	Run actions/checkout@11bd71901bbe5b1630ceea73d27597364c9af683	2026-09-20T12:12:35.2656500Z ##[group]Fetching the repository
compatibility	Run actions/checkout@11bd71901bbe5b1630ceea73d27597364c9af683	2026-09-20T12:12:35.2659840Z [command]/opt/homebrew/bin/git -c protocol.version=2 fetch --no-tags --prune --no-recurse-submodules --depth=1 origin +78bd646668714bd92348591d8d63224225d7990b:refs/remotes/origin/master
compatibility	Run actions/checkout@11bd71901bbe5b1630ceea73d27597364c9af683	2026-09-20T12:12:36.1857060Z From https://github.com/francescotinti/rawk
compatibility	Run actions/checkout@11bd71901bbe5b1630ceea73d27597364c9af683	2026-09-20T12:12:36.1960750Z  * [new ref]         78bd646668714bd92348591d8d63224225d7990b -> origin/master
compatibility	Run actions/checkout@11bd71901bbe5b1630ceea73d27597364c9af683	2026-09-20T12:12:36.2354480Z ##[endgroup]
compatibility	Run actions/checkout@11bd71901bbe5b1630ceea73d27597364c9af683	2026-09-20T12:12:36.2382180Z ##[group]Determining the checkout info
compatibility	Run actions/checkout@11bd71901bbe5b1630ceea73d27597364c9af683	2026-09-20T12:12:36.2386650Z ##[endgroup]
compatibility	Run actions/checkout@11bd71901bbe5b1630ceea73d27597364c9af683	2026-09-20T12:12:36.2390590Z [command]/opt/homebrew/bin/git sparse-checkout disable
compatibility	Run actions/checkout@11bd71901bbe5b1630ceea73d27597364c9af683	2026-09-20T12:12:36.2400540Z [command]/opt/homebrew/bin/git config --local --unset-all extensions.worktreeConfig
compatibility	Run actions/checkout@11bd71901bbe5b1630ceea73d27597364c9af683	2026-09-20T12:12:36.2414150Z ##[group]Checking out the ref
compatibility	Run actions/checkout@11bd71901bbe5b1630ceea73d27597364c9af683	2026-09-20T12:12:36.2419210Z [command]/opt/homebrew/bin/git checkout --progress --force -B master refs/remotes/origin/master
compatibility	Run actions/checkout@11bd71901bbe5b1630ceea73d27597364c9af683	2026-09-20T12:12:36.3216910Z Reset branch 'master'
compatibility	Run actions/checkout@11bd71901bbe5b1630ceea73d27597364c9af683	2026-09-20T12:12:36.3228990Z branch 'master' set up to track 'origin/master'.
compatibility	Run actions/checkout@11bd71901bbe5b1630ceea73d27597364c9af683	2026-09-20T12:12:36.3240320Z ##[endgroup]
compatibility	Run actions/checkout@11bd71901bbe5b1630ceea73d27597364c9af683	2026-09-20T12:12:36.3366610Z [command]/opt/homebrew/bin/git log -1 --format=%H
compatibility	Run actions/checkout@11bd71901bbe5b1630ceea73d27597364c9af683	2026-09-20T12:12:36.3437970Z 78bd646668714bd92348591d8d63224225d7990b
compatibility	Install pinned Rust toolchain	﻿2026-09-20T12:12:36.3829500Z ##[group]Run rustup toolchain install 1.96.0 --profile minimal --component rustfmt --component clippy
compatibility	Install pinned Rust toolchain	2026-09-20T12:12:36.3832360Z [36;1mrustup toolchain install 1.96.0 --profile minimal --component rustfmt --component clippy[0m
compatibility	Install pinned Rust toolchain	2026-09-20T12:12:36.3891550Z shell: /bin/bash -e {0}
compatibility	Install pinned Rust toolchain	2026-09-20T12:12:36.3892370Z env:
compatibility	Install pinned Rust toolchain	2026-09-20T12:12:36.3893020Z   LC_ALL: C
compatibility	Install pinned Rust toolchain	2026-09-20T12:12:36.3893660Z   CARGO_INCREMENTAL: 0
compatibility	Install pinned Rust toolchain	2026-09-20T12:12:36.3894420Z   RUSTUP_TOOLCHAIN: 1.96.0
compatibility	Install pinned Rust toolchain	2026-09-20T12:12:36.3895080Z ##[endgroup]
compatibility	Install pinned Rust toolchain	2026-09-20T12:12:36.5248440Z info: syncing channel updates for 1.96.0-aarch64-apple-darwin
compatibility	Install pinned Rust toolchain	2026-09-20T12:12:36.6447110Z info: latest update on 2026-05-28 for version 1.96.0 (ac68faa20 2026-05-25)
compatibility	Install pinned Rust toolchain	2026-09-20T12:12:36.6450930Z info: downloading 5 components
compatibility	Install pinned Rust toolchain	2026-09-20T12:12:46.9047220Z 
compatibility	Install pinned Rust toolchain	2026-09-20T12:12:47.2303300Z   1.96.0-aarch64-apple-darwin installed - rustc 1.96.0 (ac68faa20 2026-05-25)
compatibility	Install pinned Rust toolchain	2026-09-20T12:12:47.2311240Z info: self-update is disabled for this build of rustup
compatibility	Install pinned Rust toolchain	2026-09-20T12:12:47.2320040Z 
compatibility	Install pinned Rust toolchain	2026-09-20T12:12:47.2342710Z info: any updates to rustup will need to be fetched with your system package manager
compatibility	Build pinned original C oracle	﻿2026-09-20T12:12:47.2704520Z ##[group]Run git init ../c_awk
compatibility	Build pinned original C oracle	2026-09-20T12:12:47.2705030Z [36;1mgit init ../c_awk[0m
compatibility	Build pinned original C oracle	2026-09-20T12:12:47.2705610Z [36;1mgit -C ../c_awk remote add origin https://github.com/onetrueawk/awk.git[0m
compatibility	Build pinned original C oracle	2026-09-20T12:12:47.2706310Z [36;1mgit -C ../c_awk fetch --depth 1 origin 5739fd79bcfc75ba7526773d0cf634521f8aca3c[0m
compatibility	Build pinned original C oracle	2026-09-20T12:12:47.2707540Z [36;1mgit -C ../c_awk checkout --detach FETCH_HEAD[0m
compatibility	Build pinned original C oracle	2026-09-20T12:12:47.2707990Z [36;1mmake -C ../c_awk[0m
compatibility	Build pinned original C oracle	2026-09-20T12:12:47.2708270Z [36;1m../c_awk/a.out --version[0m
compatibility	Build pinned original C oracle	2026-09-20T12:12:47.2839320Z shell: /bin/bash -e {0}
compatibility	Build pinned original C oracle	2026-09-20T12:12:47.2839810Z env:
compatibility	Build pinned original C oracle	2026-09-20T12:12:47.2840130Z   LC_ALL: C
compatibility	Build pinned original C oracle	2026-09-20T12:12:47.2840530Z   CARGO_INCREMENTAL: 0
compatibility	Build pinned original C oracle	2026-09-20T12:12:47.2840820Z   RUSTUP_TOOLCHAIN: 1.96.0
compatibility	Build pinned original C oracle	2026-09-20T12:12:47.2841210Z ##[endgroup]
compatibility	Build pinned original C oracle	2026-09-20T12:12:47.4751770Z hint: Using 'master' as the name for the initial branch. This default branch name
compatibility	Build pinned original C oracle	2026-09-20T12:12:47.4754630Z hint: will change to "main" in Git 3.0. To configure the initial branch name
compatibility	Build pinned original C oracle	2026-09-20T12:12:47.4756470Z hint: to use in all of your new repositories, which will suppress this warning,
compatibility	Build pinned original C oracle	2026-09-20T12:12:47.4757640Z hint: call:
compatibility	Build pinned original C oracle	2026-09-20T12:12:47.4758290Z hint:
compatibility	Build pinned original C oracle	2026-09-20T12:12:47.4759220Z hint: 	git config --global init.defaultBranch <name>
compatibility	Build pinned original C oracle	2026-09-20T12:12:47.4760100Z hint:
compatibility	Build pinned original C oracle	2026-09-20T12:12:47.4761060Z hint: Names commonly chosen instead of 'master' are 'main', 'trunk' and
compatibility	Build pinned original C oracle	2026-09-20T12:12:47.4762550Z hint: 'development'. The just-created branch can be renamed via this command:
compatibility	Build pinned original C oracle	2026-09-20T12:12:47.4763820Z hint:
compatibility	Build pinned original C oracle	2026-09-20T12:12:47.4765150Z hint: 	git branch -m <name>
compatibility	Build pinned original C oracle	2026-09-20T12:12:47.4765920Z hint:
compatibility	Build pinned original C oracle	2026-09-20T12:12:47.4766940Z hint: Disable this message with "git config set advice.defaultBranchName false"
compatibility	Build pinned original C oracle	2026-09-20T12:12:47.4768600Z Initialized empty Git repository in /Users/runner/work/rawk/rawk/c_awk/.git/
compatibility	Build pinned original C oracle	2026-09-20T12:12:48.6085080Z From https://github.com/onetrueawk/awk
compatibility	Build pinned original C oracle	2026-09-20T12:12:48.6086700Z  * branch            5739fd79bcfc75ba7526773d0cf634521f8aca3c -> FETCH_HEAD
compatibility	Build pinned original C oracle	2026-09-20T12:12:48.7313230Z HEAD is now at 5739fd7 updated.
compatibility	Build pinned original C oracle	2026-09-20T12:12:50.6925020Z bison -d  awkgram.y
compatibility	Build pinned original C oracle	2026-09-20T12:12:51.5399710Z awkgram.y: conflicts: 44 shift/reduce, 85 reduce/reduce
compatibility	Build pinned original C oracle	2026-09-20T12:12:51.6167010Z cc -g -Wall -pedantic -Wcast-qual   -O2   -c -o awkgram.tab.o awkgram.tab.c
compatibility	Build pinned original C oracle	2026-09-20T12:12:53.1340280Z cc -g -Wall -pedantic -Wcast-qual   -O2   -c -o b.o b.c
compatibility	Build pinned original C oracle	2026-09-20T12:12:53.3530230Z cc -g -Wall -pedantic -Wcast-qual   -O2   -c -o main.o main.c
compatibility	Build pinned original C oracle	2026-09-20T12:12:53.4220250Z cc -g -Wall -pedantic -Wcast-qual   -O2   -c -o parse.o parse.c
compatibility	Build pinned original C oracle	2026-09-20T12:12:53.4835020Z cc -g -Wall -pedantic -Wcast-qual -O2 maketab.c -o maketab
compatibility	Build pinned original C oracle	2026-09-20T12:12:53.8430510Z ./maketab awkgram.tab.h >proctab.c
compatibility	Build pinned original C oracle	2026-09-20T12:12:53.8523220Z cc -g -Wall -pedantic -Wcast-qual   -O2   -c -o proctab.o proctab.c
compatibility	Build pinned original C oracle	2026-09-20T12:12:53.8896830Z cc -g -Wall -pedantic -Wcast-qual   -O2   -c -o tran.o tran.c
compatibility	Build pinned original C oracle	2026-09-20T12:12:53.9968760Z cc -g -Wall -pedantic -Wcast-qual   -O2   -c -o lib.o lib.c
compatibility	Build pinned original C oracle	2026-09-20T12:12:54.0516720Z lib.c:758:11: warning: a function declaration without a prototype is deprecated in all versions of C [-Wstrict-prototypes]
compatibility	Build pinned original C oracle	2026-09-20T12:12:54.0518050Z   758 | void error()
compatibility	Build pinned original C oracle	2026-09-20T12:12:54.0518420Z       |           ^
compatibility	Build pinned original C oracle	2026-09-20T12:12:54.0518660Z       |            void
compatibility	Build pinned original C oracle	2026-09-20T12:12:54.1714000Z 1 warning generated.
compatibility	Build pinned original C oracle	2026-09-20T12:12:54.1815220Z cc -g -Wall -pedantic -Wcast-qual   -O2   -c -o run.o run.c
compatibility	Build pinned original C oracle	2026-09-20T12:12:54.2908050Z run.c:1981:6: warning: variable 'unused' set but not used [-Wunused-but-set-variable]
compatibility	Build pinned original C oracle	2026-09-20T12:12:54.2909790Z  1981 |         int unused;
compatibility	Build pinned original C oracle	2026-09-20T12:12:54.2910600Z       |             ^
compatibility	Build pinned original C oracle	2026-09-20T12:12:54.6576170Z 1 warning generated.
compatibility	Build pinned original C oracle	2026-09-20T12:12:54.6597610Z cc -g -Wall -pedantic -Wcast-qual   -O2   -c -o lex.o lex.c
compatibility	Build pinned original C oracle	2026-09-20T12:12:54.8422410Z cc -g -Wall -pedantic -Wcast-qual   -O2 awkgram.tab.o b.o main.o parse.o proctab.o tran.o lib.o run.o lex.o   -lm
compatibility	Build pinned original C oracle	2026-09-20T12:12:54.9059740Z awk version 20260426
compatibility	Complete correctness gate	﻿2026-09-20T12:12:54.9117270Z ##[group]Run bash scripts/checks.sh
compatibility	Complete correctness gate	2026-09-20T12:12:54.9117640Z [36;1mbash scripts/checks.sh[0m
compatibility	Complete correctness gate	2026-09-20T12:12:54.9168920Z shell: /bin/bash -e {0}
compatibility	Complete correctness gate	2026-09-20T12:12:54.9169180Z env:
compatibility	Complete correctness gate	2026-09-20T12:12:54.9169450Z   LC_ALL: C
compatibility	Complete correctness gate	2026-09-20T12:12:54.9169660Z   CARGO_INCREMENTAL: 0
compatibility	Complete correctness gate	2026-09-20T12:12:54.9169950Z   RUSTUP_TOOLCHAIN: 1.96.0
compatibility	Complete correctness gate	2026-09-20T12:12:54.9170220Z ##[endgroup]
compatibility	Complete correctness gate	2026-09-20T12:13:20.0964610Z check_clippy                   OK
compatibility	Complete correctness gate	2026-09-20T12:13:20.4484350Z    Compiling proc-macro2 v1.0.106
compatibility	Complete correctness gate	2026-09-20T12:13:20.4587730Z    Compiling unicode-ident v1.0.24
compatibility	Complete correctness gate	2026-09-20T12:13:20.4694550Z    Compiling quote v1.0.45
compatibility	Complete correctness gate	2026-09-20T12:13:20.5228500Z    Compiling libc v0.2.186
compatibility	Complete correctness gate	2026-09-20T12:13:20.7855950Z    Compiling memchr v2.8.0
compatibility	Complete correctness gate	2026-09-20T12:13:21.5874080Z    Compiling syn v2.0.117
compatibility	Complete correctness gate	2026-09-20T12:13:21.7336280Z    Compiling serde_core v1.0.228
compatibility	Complete correctness gate	2026-09-20T12:13:21.8104050Z    Compiling getrandom v0.4.2
compatibility	Complete correctness gate	2026-09-20T12:13:21.9761000Z    Compiling rand_core v0.10.1
compatibility	Complete correctness gate	2026-09-20T12:13:21.9963470Z    Compiling autocfg v1.5.0
compatibility	Complete correctness gate	2026-09-20T12:13:22.0591510Z    Compiling ucd-trie v0.1.7
compatibility	Complete correctness gate	2026-09-20T12:13:22.2269530Z    Compiling utf8parse v0.2.2
compatibility	Complete correctness gate	2026-09-20T12:13:22.2765890Z    Compiling cfg-if v1.0.4
compatibility	Complete correctness gate	2026-09-20T12:13:22.2881780Z    Compiling num-traits v0.2.19
compatibility	Complete correctness gate	2026-09-20T12:13:22.3092630Z    Compiling anstyle-parse v1.0.0
compatibility	Complete correctness gate	2026-09-20T12:13:22.4225470Z    Compiling pest v2.8.6
compatibility	Complete correctness gate	2026-09-20T12:13:22.4751740Z    Compiling rustix v1.1.4
compatibility	Complete correctness gate	2026-09-20T12:13:22.7176370Z    Compiling colorchoice v1.0.5
compatibility	Complete correctness gate	2026-09-20T12:13:22.7704050Z    Compiling anstyle v1.0.14
compatibility	Complete correctness gate	2026-09-20T12:13:23.0017440Z    Compiling serde v1.0.228
compatibility	Complete correctness gate	2026-09-20T12:13:23.2449890Z    Compiling is_terminal_polyfill v1.70.2
compatibility	Complete correctness gate	2026-09-20T12:13:23.3024300Z    Compiling thiserror v2.0.18
compatibility	Complete correctness gate	2026-09-20T12:13:23.6373610Z    Compiling anstyle-query v1.1.5
compatibility	Complete correctness gate	2026-09-20T12:13:23.6760860Z    Compiling anstream v1.0.0
compatibility	Complete correctness gate	2026-09-20T12:13:23.7199740Z    Compiling pest_meta v2.8.6
compatibility	Complete correctness gate	2026-09-20T12:13:26.2891110Z    Compiling thiserror-impl v2.0.18
compatibility	Complete correctness gate	2026-09-20T12:13:26.3094960Z    Compiling serde_derive v1.0.228
compatibility	Complete correctness gate	2026-09-20T12:13:27.1873580Z    Compiling errno v0.3.14
compatibility	Complete correctness gate	2026-09-20T12:13:27.2457010Z    Compiling aho-corasick v1.1.4
compatibility	Complete correctness gate	2026-09-20T12:13:28.0924610Z    Compiling heck v0.5.0
compatibility	Complete correctness gate	2026-09-20T12:13:28.1930120Z    Compiling strsim v0.11.1
compatibility	Complete correctness gate	2026-09-20T12:13:28.6465750Z    Compiling anyhow v1.0.102
compatibility	Complete correctness gate	2026-09-20T12:13:28.8791160Z    Compiling core-foundation-sys v0.8.7
compatibility	Complete correctness gate	2026-09-20T12:13:28.9494430Z    Compiling regex-syntax v0.8.10
compatibility	Complete correctness gate	2026-09-20T12:13:29.0711590Z    Compiling bitflags v2.11.1
compatibility	Complete correctness gate	2026-09-20T12:13:29.3106980Z    Compiling clap_lex v1.1.0
compatibility	Complete correctness gate	2026-09-20T12:13:29.5361340Z    Compiling clap_builder v4.6.0
compatibility	Complete correctness gate	2026-09-20T12:13:30.9168290Z    Compiling regex-automata v0.4.14
compatibility	Complete correctness gate	2026-09-20T12:13:37.5305790Z    Compiling iana-time-zone v0.1.65
compatibility	Complete correctness gate	2026-09-20T12:13:38.3251390Z    Compiling clap_derive v4.6.1
compatibility	Complete correctness gate	2026-09-20T12:13:40.6256770Z    Compiling pest_generator v2.8.6
compatibility	Complete correctness gate	2026-09-20T12:13:40.6601870Z    Compiling chacha20 v0.10.0
compatibility	Complete correctness gate	2026-09-20T12:13:40.8546570Z    Compiling once_cell v1.21.4
compatibility	Complete correctness gate	2026-09-20T12:13:41.0470150Z    Compiling fastrand v2.4.1
compatibility	Complete correctness gate	2026-09-20T12:13:41.3050040Z    Compiling pest_derive v2.8.6
compatibility	Complete correctness gate	2026-09-20T12:13:41.8240060Z    Compiling tempfile v3.27.0
compatibility	Complete correctness gate	2026-09-20T12:13:42.7409450Z    Compiling rand v0.10.1
compatibility	Complete correctness gate	2026-09-20T12:13:43.2456370Z    Compiling sprintf v0.4.3
compatibility	Complete correctness gate	2026-09-20T12:13:43.4174230Z    Compiling chrono v0.4.44
compatibility	Complete correctness gate	2026-09-20T12:13:43.8896230Z    Compiling clap v4.6.1
compatibility	Complete correctness gate	2026-09-20T12:13:43.9099530Z    Compiling quick-xml v0.39.2
compatibility	Complete correctness gate	2026-09-20T12:13:47.5142790Z    Compiling regex v1.12.3
compatibility	Complete correctness gate	2026-09-20T12:13:48.7118470Z    Compiling rawk v0.1.0 (/Users/runner/work/rawk/rawk/rawk)
compatibility	Complete correctness gate	2026-09-20T12:14:03.5640430Z     Finished `release` profile [optimized] target(s) in 43.41s
compatibility	Complete correctness gate	2026-09-20T12:14:03.6138070Z check_diffrun_no_unexpected    Reference awk: /Users/runner/work/rawk/rawk/c_awk/a.out
compatibility	Complete correctness gate	2026-09-20T12:14:03.6146970Z Total testcase: 109
compatibility	Complete correctness gate	2026-09-20T12:14:09.6576990Z   MATCH: 97
compatibility	Complete correctness gate	2026-09-20T12:14:09.6579200Z   EXPECTED-DIVERGE: 12
compatibility	Complete correctness gate	2026-09-20T12:14:09.6581440Z   UNEXPECTED-DIVERGE: 0
compatibility	Complete correctness gate	2026-09-20T12:14:09.6581760Z   SKIPPED: 0
compatibility	Complete correctness gate	2026-09-20T12:14:09.6583580Z OK
compatibility	Complete correctness gate	2026-09-20T12:14:09.8239010Z check_fmt                      OK
compatibility	Complete correctness gate	2026-09-20T12:14:09.8340870Z check_no_exit_outside_main     OK
compatibility	Complete correctness gate	2026-09-20T12:14:09.8634690Z check_no_macos_forks           OK
compatibility	Complete correctness gate	2026-09-20T12:14:09.8635700Z check_no_scratch_root          OK
compatibility	Complete correctness gate	2026-09-20T12:14:09.8636240Z check_runner_split             OK
compatibility	Complete correctness gate	2026-09-20T12:14:10.0376460Z    Compiling libc v0.2.186
compatibility	Complete correctness gate	2026-09-20T12:14:10.0379240Z    Compiling cfg-if v1.0.4
compatibility	Complete correctness gate	2026-09-20T12:14:10.0379860Z    Compiling memchr v2.8.0
compatibility	Complete correctness gate	2026-09-20T12:14:10.0876300Z    Compiling rand_core v0.10.1
compatibility	Complete correctness gate	2026-09-20T12:14:10.1832740Z    Compiling utf8parse v0.2.2
compatibility	Complete correctness gate	2026-09-20T12:14:10.2202680Z    Compiling bitflags v2.11.1
compatibility	Complete correctness gate	2026-09-20T12:14:10.3583480Z    Compiling getrandom v0.4.2
compatibility	Complete correctness gate	2026-09-20T12:14:10.3669430Z    Compiling errno v0.3.14
compatibility	Complete correctness gate	2026-09-20T12:14:10.3940280Z    Compiling ucd-trie v0.1.7
compatibility	Complete correctness gate	2026-09-20T12:14:10.4451470Z    Compiling rustix v1.1.4
compatibility	Complete correctness gate	2026-09-20T12:14:10.4471040Z    Compiling anstyle-parse v1.0.0
compatibility	Complete correctness gate	2026-09-20T12:14:10.5429060Z    Compiling pest v2.8.6
compatibility	Complete correctness gate	2026-09-20T12:14:10.5972870Z    Compiling regex-syntax v0.8.10
compatibility	Complete correctness gate	2026-09-20T12:14:11.4730880Z    Compiling colorchoice v1.0.5
compatibility	Complete correctness gate	2026-09-20T12:14:11.5357390Z    Compiling is_terminal_polyfill v1.70.2
compatibility	Complete correctness gate	2026-09-20T12:14:11.5882260Z    Compiling fastrand v2.4.1
compatibility	Complete correctness gate	2026-09-20T12:14:11.6352350Z    Compiling anstyle-query v1.1.5
compatibility	Complete correctness gate	2026-09-20T12:14:11.6870300Z    Compiling once_cell v1.21.4
compatibility	Complete correctness gate	2026-09-20T12:14:11.7477390Z    Compiling anstyle v1.0.14
compatibility	Complete correctness gate	2026-09-20T12:14:11.8299790Z    Compiling tempfile v3.27.0
compatibility	Complete correctness gate	2026-09-20T12:14:11.8666950Z    Compiling anstream v1.0.0
compatibility	Complete correctness gate	2026-09-20T12:14:12.0687720Z    Compiling pest_meta v2.8.6
compatibility	Complete correctness gate	2026-09-20T12:14:12.1030630Z    Compiling num-traits v0.2.19
compatibility	Complete correctness gate	2026-09-20T12:14:12.5292510Z    Compiling getrandom v0.3.4
compatibility	Complete correctness gate	2026-09-20T12:14:12.6236560Z    Compiling serde_core v1.0.228
compatibility	Complete correctness gate	2026-09-20T12:14:12.8887010Z    Compiling aho-corasick v1.1.4
compatibility	Complete correctness gate	2026-09-20T12:14:13.1991010Z    Compiling clap_lex v1.1.0
compatibility	Complete correctness gate	2026-09-20T12:14:13.3368090Z    Compiling core-foundation-sys v0.8.7
compatibility	Complete correctness gate	2026-09-20T12:14:13.4391550Z    Compiling strsim v0.11.1
compatibility	Complete correctness gate	2026-09-20T12:14:13.6679030Z    Compiling clap_builder v4.6.0
compatibility	Complete correctness gate	2026-09-20T12:14:14.0702030Z    Compiling serde v1.0.228
compatibility	Complete correctness gate	2026-09-20T12:14:14.2747970Z    Compiling regex-automata v0.4.14
compatibility	Complete correctness gate	2026-09-20T12:14:14.5172870Z    Compiling iana-time-zone v0.1.65
compatibility	Complete correctness gate	2026-09-20T12:14:14.5987610Z    Compiling thiserror v2.0.18
compatibility	Complete correctness gate	2026-09-20T12:14:14.6835910Z    Compiling rand_core v0.9.5
compatibility	Complete correctness gate	2026-09-20T12:14:14.8391280Z    Compiling pest_generator v2.8.6
compatibility	Complete correctness gate	2026-09-20T12:14:15.4361880Z    Compiling chacha20 v0.10.0
compatibility	Complete correctness gate	2026-09-20T12:14:15.5864660Z    Compiling rand v0.10.1
compatibility	Complete correctness gate	2026-09-20T12:14:16.2734160Z    Compiling pest_derive v2.8.6
compatibility	Complete correctness gate	2026-09-20T12:14:16.5234230Z    Compiling clap v4.6.1
compatibility	Complete correctness gate	2026-09-20T12:14:16.5521200Z    Compiling sprintf v0.4.3
compatibility	Complete correctness gate	2026-09-20T12:14:16.7359400Z    Compiling anyhow v1.0.102
compatibility	Complete correctness gate	2026-09-20T12:14:17.0490880Z    Compiling regex v1.12.3
compatibility	Complete correctness gate	2026-09-20T12:14:17.3288910Z    Compiling chrono v0.4.44
compatibility	Complete correctness gate	2026-09-20T12:14:17.3683020Z    Compiling quick-xml v0.39.2
compatibility	Complete correctness gate	2026-09-20T12:14:18.5179440Z    Compiling zerocopy v0.8.48
compatibility	Complete correctness gate	2026-09-20T12:14:18.5391380Z    Compiling wait-timeout v0.2.1
compatibility	Complete correctness gate	2026-09-20T12:14:18.7386320Z    Compiling quick-error v1.2.3
compatibility	Complete correctness gate	2026-09-20T12:14:18.7680760Z    Compiling fnv v1.0.7
compatibility	Complete correctness gate	2026-09-20T12:14:18.7958480Z    Compiling bit-vec v0.8.0
compatibility	Complete correctness gate	2026-09-20T12:14:18.9206060Z    Compiling bit-set v0.8.0
compatibility	Complete correctness gate	2026-09-20T12:14:18.9981240Z    Compiling rusty-fork v0.3.1
compatibility	Complete correctness gate	2026-09-20T12:14:19.2009590Z    Compiling rawk v0.1.0 (/Users/runner/work/rawk/rawk/rawk)
compatibility	Complete correctness gate	2026-09-20T12:14:19.2447200Z    Compiling rand v0.9.4
compatibility	Complete correctness gate	2026-09-20T12:14:19.5839760Z    Compiling rand_xorshift v0.4.0
compatibility	Complete correctness gate	2026-09-20T12:14:19.6475520Z    Compiling unarray v0.1.4
compatibility	Complete correctness gate	2026-09-20T12:14:20.9017570Z    Compiling ppv-lite86 v0.2.21
compatibility	Complete correctness gate	2026-09-20T12:14:21.0261020Z    Compiling rand_chacha v0.9.0
compatibility	Complete correctness gate	2026-09-20T12:14:21.1045060Z    Compiling proptest v1.11.0
compatibility	Complete correctness gate	2026-09-20T12:14:27.2791840Z     Finished `test` profile [unoptimized + debuginfo] target(s) in 17.39s
compatibility	Complete correctness gate	2026-09-20T12:14:27.2870690Z      Running unittests src/lib.rs (target/debug/deps/rawk-9dbe7698d42ed002)
compatibility	Complete correctness gate	2026-09-20T12:14:27.2897880Z check_tests                    
compatibility	Complete correctness gate	2026-09-20T12:14:27.2904440Z      Running unittests src/bin/diffrun.rs (target/debug/deps/diffrun-8286b0db4d8fbf11)
compatibility	Complete correctness gate	2026-09-20T12:14:27.2904950Z running 0 tests
compatibility	Complete correctness gate	2026-09-20T12:14:27.2905150Z 
compatibility	Complete correctness gate	2026-09-20T12:14:27.2905370Z test result: ok. 0 passed; 0 failed; 0 ignored; 0 measured; 0 filtered out; finished in 0.00s
compatibility	Complete correctness gate	2026-09-20T12:14:27.2905720Z 
compatibility	Complete correctness gate	2026-09-20T12:14:27.2924800Z 
compatibility	Complete correctness gate	2026-09-20T12:14:27.2925170Z running 0 tests
compatibility	Complete correctness gate	2026-09-20T12:14:27.2925430Z 
compatibility	Complete correctness gate	2026-09-20T12:14:27.2926130Z test result: ok. 0 passed; 0 failed; 0 ignored; 0 measured; 0 filtered out; finished in 0.00s
compatibility	Complete correctness gate	2026-09-20T12:14:27.2926930Z      Running unittests src/main.rs (target/debug/deps/rawk-2bc2f632572d6b98)
compatibility	Complete correctness gate	2026-09-20T12:14:27.2927290Z 
compatibility	Complete correctness gate	2026-09-20T12:14:27.2966740Z 
compatibility	Complete correctness gate	2026-09-20T12:14:27.3032110Z running 4 tests
compatibility	Complete correctness gate	2026-09-20T12:14:27.3041370Z test unicode_ere::tests::compiled_intervals_cover_only_the_requested_runes ... ok
compatibility	Complete correctness gate	2026-09-20T12:14:27.3050880Z test unicode_ere::tests::encoding_preserves_offsets_and_invalid_bytes_without_sentinels ... ok
compatibility	Complete correctness gate	2026-09-20T12:14:27.3071750Z test input::tests::separators_are_independent_of_read_boundaries ... ok
compatibility	Complete correctness gate	2026-09-20T12:14:27.3262750Z      Running tests/builtins_sanity.rs (target/debug/deps/builtins_sanity-2a45869b271f02d7)
compatibility	Complete correctness gate	2026-09-20T12:14:27.3263500Z test ere::stream::tests::physical_short_reads_do_not_change_bwk_lookahead ... ok
compatibility	Complete correctness gate	2026-09-20T12:14:27.3283900Z 
compatibility	Complete correctness gate	2026-09-20T12:14:27.3285230Z test result: ok. 4 passed; 0 failed; 0 ignored; 0 measured; 0 filtered out; finished in 0.03s
compatibility	Complete correctness gate	2026-09-20T12:14:27.3285860Z 
compatibility	Complete correctness gate	2026-09-20T12:14:27.3287990Z 
compatibility	Complete correctness gate	2026-09-20T12:14:27.3288310Z running 5 tests
compatibility	Complete correctness gate	2026-09-20T12:14:27.3586540Z test match_basic ... ok
compatibility	Complete correctness gate	2026-09-20T12:14:27.3591710Z test length_string ... ok
compatibility	Complete correctness gate	2026-09-20T12:14:27.3599820Z test split_basic ... ok
compatibility	Complete correctness gate	2026-09-20T12:14:27.3673350Z test substr_basic ... ok
compatibility	Complete correctness gate	2026-09-20T12:14:27.3674300Z test sprintf_int ... ok
compatibility	Complete correctness gate	2026-09-20T12:14:27.3674930Z      Running tests/bytes_array_keys.rs (target/debug/deps/bytes_array_keys-5870b8ef60de3eae)
compatibility	Complete correctness gate	2026-09-20T12:14:27.3675270Z 
compatibility	Complete correctness gate	2026-09-20T12:14:27.3675710Z test result: ok. 5 passed; 0 failed; 0 ignored; 0 measured; 0 filtered out; finished in 0.04s
compatibility	Complete correctness gate	2026-09-20T12:14:27.3676210Z 
compatibility	Complete correctness gate	2026-09-20T12:14:27.3703680Z 
compatibility	Complete correctness gate	2026-09-20T12:14:27.3708590Z running 3 tests
compatibility	Complete correctness gate	2026-09-20T12:14:27.3830030Z test for_in_returns_all_distinct_byte_keys ... ok
compatibility	Complete correctness gate	2026-09-20T12:14:27.3830490Z test distinct_high_byte_keys_do_not_collide ... ok
compatibility	Complete correctness gate	2026-09-20T12:14:27.4159500Z test nul_embedded_key_round_trips ... ok
compatibility	Complete correctness gate	2026-09-20T12:14:27.4161400Z      Running tests/bytes_printf.rs (target/debug/deps/bytes_printf-0921065dadc2b1b7)
compatibility	Complete correctness gate	2026-09-20T12:14:27.4161790Z 
compatibility	Complete correctness gate	2026-09-20T12:14:27.4168350Z test result: ok. 3 passed; 0 failed; 0 ignored; 0 measured; 0 filtered out; finished in 0.05s
compatibility	Complete correctness gate	2026-09-20T12:14:27.4168920Z 
compatibility	Complete correctness gate	2026-09-20T12:14:27.4203020Z 
compatibility	Complete correctness gate	2026-09-20T12:14:27.4521330Z running 6 tests
compatibility	Complete correctness gate	2026-09-20T12:14:27.4530910Z test printf_c_emits_first_byte_raw ... ok
compatibility	Complete correctness gate	2026-09-20T12:14:27.4532030Z test field_split_with_high_byte_fs ... ok
compatibility	Complete correctness gate	2026-09-20T12:14:27.4537840Z test print_with_high_byte_ofs ... ok
compatibility	Complete correctness gate	2026-09-20T12:14:27.4632200Z test printf_s_preserves_high_byte ... ok
compatibility	Complete correctness gate	2026-09-20T12:14:27.4634200Z test printf_format_string_with_high_bytes ... ok
compatibility	Complete correctness gate	2026-09-20T12:14:27.4774070Z test sprintf_high_byte_round_trip ... ok
compatibility	Complete correctness gate	2026-09-20T12:14:27.4774700Z 
compatibility	Complete correctness gate	2026-09-20T12:14:27.4775210Z test result: ok. 6 passed; 0 failed; 0 ignored; 0 measured; 0 filtered out; finished in 0.06s
compatibility	Complete correctness gate	2026-09-20T12:14:27.4777140Z      Running tests/bytes_regex_match.rs (target/debug/deps/bytes_regex_match-feaf9f241fc4d15b)
compatibility	Complete correctness gate	2026-09-20T12:14:27.4777710Z 
compatibility	Complete correctness gate	2026-09-20T12:14:27.4813060Z 
compatibility	Complete correctness gate	2026-09-20T12:14:27.4840990Z running 6 tests
compatibility	Complete correctness gate	2026-09-20T12:14:27.4897880Z test match_builtin_high_byte_pattern_position ... ok
compatibility	Complete correctness gate	2026-09-20T12:14:27.5161960Z test gsub_ampersand_includes_whole_match ... ok
compatibility	Complete correctness gate	2026-09-20T12:14:27.5167100Z test match_distinguishes_high_bytes ... ok
compatibility	Complete correctness gate	2026-09-20T12:14:27.5314990Z test nul_inside_subject_with_rs_regex ... ok
compatibility	Complete correctness gate	2026-09-20T12:14:27.5315570Z test sub_replaces_high_byte_run ... ok
compatibility	Complete correctness gate	2026-09-20T12:14:27.5511010Z test rs_regex_high_byte_separator_splits_correctly ... ok
compatibility	Complete correctness gate	2026-09-20T12:14:27.5511640Z 
compatibility	Complete correctness gate	2026-09-20T12:14:27.5512080Z test result: ok. 6 passed; 0 failed; 0 ignored; 0 measured; 0 filtered out; finished in 0.07s
compatibility	Complete correctness gate	2026-09-20T12:14:27.5512710Z      Running tests/cli_contract.rs (target/debug/deps/cli_contract-c2a8f5582d9448e4)
compatibility	Complete correctness gate	2026-09-20T12:14:27.5513060Z 
compatibility	Complete correctness gate	2026-09-20T12:14:27.5538000Z 
compatibility	Complete correctness gate	2026-09-20T12:14:27.5544400Z running 5 tests
compatibility	Complete correctness gate	2026-09-20T12:14:27.5876690Z test file_program_keeps_all_input_files ... ok
compatibility	Complete correctness gate	2026-09-20T12:14:27.6225850Z test invalid_builtin_arity_is_a_language_error ... ok
compatibility	Complete correctness gate	2026-09-20T12:14:27.6406910Z test arrays_and_scalars_cannot_be_interchanged ... ok
compatibility	Complete correctness gate	2026-09-20T12:14:27.7040620Z test malformed_formats_and_invalid_runtime_arguments_do_not_panic ... ok
compatibility	Complete correctness gate	2026-09-20T12:14:27.8150160Z test safe_mode_rejects_even_unexecuted_forbidden_operations ... ok
compatibility	Complete correctness gate	2026-09-20T12:14:27.8150800Z 
compatibility	Complete correctness gate	2026-09-20T12:14:27.8151500Z test result: ok. 5 passed; 0 failed; 0 ignored; 0 measured; 0 filtered out; finished in 0.26s
compatibility	Complete correctness gate	2026-09-20T12:14:27.8152280Z      Running tests/compatibility.rs (target/debug/deps/compatibility-1b1275e14835aeb4)
compatibility	Complete correctness gate	2026-09-20T12:14:27.8152840Z 
compatibility	Complete correctness gate	2026-09-20T12:14:27.8183650Z 
compatibility	Complete correctness gate	2026-09-20T12:14:27.8184510Z running 8 tests
compatibility	Complete correctness gate	2026-09-20T12:14:27.8648010Z test braces_in_bracket_expressions_are_not_repetitions ... ok
compatibility	Complete correctness gate	2026-09-20T12:14:28.1010960Z test composed_input_and_control_flow ... ok
compatibility	Complete correctness gate	2026-09-20T12:14:28.1278220Z test arrays_forwarding_recursion_and_local_parameters ... ok
compatibility	Complete correctness gate	2026-09-20T12:14:28.4323640Z test numeric_conversion_matches_original_buffer_limit ... ok
compatibility	Complete correctness gate	2026-09-20T12:14:30.8168620Z test regex_compositions_match_original ... ok
compatibility	Complete correctness gate	2026-09-20T12:14:30.9490070Z test tuple_membership_uses_current_subsep_between_components ... ok
compatibility	Complete correctness gate	2026-09-20T12:14:31.5767230Z test generated_record_array_function_programs ... ok
compatibility	Complete correctness gate	2026-09-20T12:14:34.0788190Z test hex_floats_precision_flags_and_boundaries ... ok
compatibility	Complete correctness gate	2026-09-20T12:14:34.0789320Z 
compatibility	Complete correctness gate	2026-09-20T12:14:34.0790470Z test result: ok. 8 passed; 0 failed; 0 ignored; 0 measured; 0 filtered out; finished in 6.26s
compatibility	Complete correctness gate	2026-09-20T12:14:34.0791940Z 
compatibility	Complete correctness gate	2026-09-20T12:14:34.0793320Z      Running tests/corpus.rs (target/debug/deps/corpus-e61ffb70b04a8df8)
compatibility	Complete correctness gate	2026-09-20T12:14:34.0863110Z 
compatibility	Complete correctness gate	2026-09-20T12:14:34.0864320Z running 1 test
compatibility	Complete correctness gate	2026-09-20T12:14:47.8271790Z test original_small_programs ... ok
compatibility	Complete correctness gate	2026-09-20T12:14:47.8272070Z 
compatibility	Complete correctness gate	2026-09-20T12:14:47.8272450Z test result: ok. 1 passed; 0 failed; 0 ignored; 0 measured; 0 filtered out; finished in 13.74s
compatibility	Complete correctness gate	2026-09-20T12:14:47.8273030Z 
compatibility	Complete correctness gate	2026-09-20T12:14:47.8274190Z      Running tests/corpus_contracts.rs (target/debug/deps/corpus_contracts-a0f22865482f63b5)
compatibility	Complete correctness gate	2026-09-20T12:14:47.8304960Z 
compatibility	Complete correctness gate	2026-09-20T12:14:47.8305790Z running 3 tests
compatibility	Complete correctness gate	2026-09-20T12:14:47.9046220Z test rng_is_bounded_repeatable_and_srand_returns_previous_seed ... ok
compatibility	Complete correctness gate	2026-09-20T12:14:48.1600770Z test contracts_reject_new_differences ... ok
compatibility	Complete correctness gate	2026-09-20T12:14:51.9274670Z test entire_small_corpus_obeys_explicit_contracts ... ok
compatibility	Complete correctness gate	2026-09-20T12:14:51.9276200Z      Running tests/data_contract.rs (target/debug/deps/data_contract-a0619d1bf76e7467)
compatibility	Complete correctness gate	2026-09-20T12:14:51.9276590Z 
compatibility	Complete correctness gate	2026-09-20T12:14:51.9276870Z test result: ok. 3 passed; 0 failed; 0 ignored; 0 measured; 0 filtered out; finished in 4.10s
compatibility	Complete correctness gate	2026-09-20T12:14:51.9277220Z 
compatibility	Complete correctness gate	2026-09-20T12:14:51.9301610Z 
compatibility	Complete correctness gate	2026-09-20T12:14:51.9303510Z running 6 tests
compatibility	Complete correctness gate	2026-09-20T12:14:51.9515290Z test csv_handles_quoted_delimiters_newlines_and_escaped_quotes ... ok
compatibility	Complete correctness gate	2026-09-20T12:14:51.9698040Z test regex_uses_leftmost_longest ... ok
compatibility	Complete correctness gate	2026-09-20T12:14:51.9773090Z test invalid_regex_is_reported ... ok
compatibility	Complete correctness gate	2026-09-20T12:14:51.9773480Z test fields_accept_regex_separator ... ok
compatibility	Complete correctness gate	2026-09-20T12:14:51.9912150Z test substitutions_report_count_not_changed_text ... ok
compatibility	Complete correctness gate	2026-09-20T12:14:52.0102800Z test split_preserves_empty_fields_and_clears_array ... ok
compatibility	Complete correctness gate	2026-09-20T12:14:52.0103200Z 
compatibility	Complete correctness gate	2026-09-20T12:14:52.0103550Z test result: ok. 6 passed; 0 failed; 0 ignored; 0 measured; 0 filtered out; finished in 0.08s
compatibility	Complete correctness gate	2026-09-20T12:14:52.0103880Z 
compatibility	Complete correctness gate	2026-09-20T12:14:52.0104140Z      Running tests/diffrun_buckets.rs (target/debug/deps/diffrun_buckets-c0ae24e50169eaf7)
compatibility	Complete correctness gate	2026-09-20T12:14:52.0129920Z 
compatibility	Complete correctness gate	2026-09-20T12:14:52.0131040Z running 3 tests
compatibility	Complete correctness gate	2026-09-20T12:14:58.4325750Z test diffrun_step23_target_counts ... ok
compatibility	Complete correctness gate	2026-09-20T12:14:58.5977900Z test diffrun_exits_nonzero_when_unexpected_divergences_present ... ok
compatibility	Complete correctness gate	2026-09-20T12:14:58.6764420Z test diffrun_emits_four_bucket_summary ... ok
compatibility	Complete correctness gate	2026-09-20T12:14:58.6765220Z 
compatibility	Complete correctness gate	2026-09-20T12:14:58.6766710Z test result: ok. 3 passed; 0 failed; 0 ignored; 0 measured; 0 filtered out; finished in 6.66s
compatibility	Complete correctness gate	2026-09-20T12:14:58.6768780Z      Running tests/driver_regressions.rs (target/debug/deps/driver_regressions-5f1e2d53ab8fb804)
compatibility	Complete correctness gate	2026-09-20T12:14:58.6769670Z 
compatibility	Complete correctness gate	2026-09-20T12:14:58.6818490Z 
compatibility	Complete correctness gate	2026-09-20T12:14:58.6819460Z running 6 tests
compatibility	Complete correctness gate	2026-09-20T12:14:58.7146210Z test field_index_beyond_reference_integer_range_is_an_error ... ok
compatibility	Complete correctness gate	2026-09-20T12:14:58.7277130Z test multifile_syntax_error_names_offending_source ... ok
compatibility	Complete correctness gate	2026-09-20T12:14:58.7279070Z test getline_comparison_is_not_part_of_filename ... ok
compatibility	Complete correctness gate	2026-09-20T12:14:58.8242480Z test invalid_function_parameters_are_errors_before_execution ... ok
compatibility	Complete correctness gate	2026-09-20T12:14:58.8668290Z test stdin_program_and_empty_statements ... ok
compatibility	Complete correctness gate	2026-09-20T12:14:58.8668870Z test redirected_stdin_shares_buffer_with_main_input ... ok
compatibility	Complete correctness gate	2026-09-20T12:14:58.8669140Z 
compatibility	Complete correctness gate	2026-09-20T12:14:58.8669350Z test result: ok. 6 passed; 0 failed; 0 ignored; 0 measured; 0 filtered out; finished in 0.19s
compatibility	Complete correctness gate	2026-09-20T12:14:58.8669710Z 
compatibility	Complete correctness gate	2026-09-20T12:14:58.8669980Z      Running tests/dynamic_format.rs (target/debug/deps/dynamic_format-dc2803db40b3264c)
compatibility	Complete correctness gate	2026-09-20T12:14:58.8696240Z 
compatibility	Complete correctness gate	2026-09-20T12:14:58.8698080Z running 8 tests
compatibility	Complete correctness gate	2026-09-20T12:14:58.9290480Z test missing_star_arguments_are_errors ... ok
compatibility	Complete correctness gate	2026-09-20T12:15:01.8909730Z test dynamic_width_precision_and_consumption ... ok
compatibility	Complete correctness gate	2026-09-20T12:15:01.9064630Z test negative_precision_keeps_binary_and_multibyte_paths ... ok
compatibility	Complete correctness gate	2026-09-20T12:15:01.9638260Z test string_and_literal_range_errors_do_not_discard_arithmetic_subnormals ... ok
compatibility	Complete correctness gate	2026-09-20T12:15:02.5698920Z test unsigned_conversion_matches_native_oracle ... ok
compatibility	Complete correctness gate	2026-09-20T12:15:02.6919010Z test zero_padded_strings_match_native_oracle ... ok
compatibility	Complete correctness gate	2026-09-20T12:15:08.0853960Z test integer_flags_precision_and_signs ... ok
compatibility	Complete correctness gate	2026-09-20T12:15:11.3201840Z test negative_dynamic_precision_preserves_flags_and_argument_consumption ... ok
compatibility	Complete correctness gate	2026-09-20T12:15:11.3202370Z 
compatibility	Complete correctness gate	2026-09-20T12:15:11.3202830Z test result: ok. 8 passed; 0 failed; 0 ignored; 0 measured; 0 filtered out; finished in 12.45s
compatibility	Complete correctness gate	2026-09-20T12:15:11.3203530Z 
compatibility	Complete correctness gate	2026-09-20T12:15:11.3204920Z      Running tests/error_messages.rs (target/debug/deps/error_messages-e64895121661739b)
compatibility	Complete correctness gate	2026-09-20T12:15:11.3235900Z 
compatibility	Complete correctness gate	2026-09-20T12:15:11.3267270Z running 2 tests
compatibility	Complete correctness gate	2026-09-20T12:15:11.3286920Z test missing_program_file_mentions_filename ... ok
compatibility	Complete correctness gate	2026-09-20T12:15:11.3291400Z test output_to_unwritable_path_mentions_filename ... ok
compatibility	Complete correctness gate	2026-09-20T12:15:11.3292740Z 
compatibility	Complete correctness gate	2026-09-20T12:15:11.3293100Z test result: ok. 2 passed; 0 failed; 0 ignored; 0 measured; 0 filtered out; finished in 0.01s
compatibility	Complete correctness gate	2026-09-20T12:15:11.3293590Z 
compatibility	Complete correctness gate	2026-09-20T12:15:11.3293840Z      Running tests/exit_codes.rs (target/debug/deps/exit_codes-012261b8652a4c67)
compatibility	Complete correctness gate	2026-09-20T12:15:11.3324810Z 
compatibility	Complete correctness gate	2026-09-20T12:15:11.3325620Z running 4 tests
compatibility	Complete correctness gate	2026-09-20T12:15:11.3378480Z test exit_zero_default ... ok
compatibility	Complete correctness gate	2026-09-20T12:15:11.3378770Z test exit_from_end_block ... ok
compatibility	Complete correctness gate	2026-09-20T12:15:11.3379120Z test exit_with_value ... ok
compatibility	Complete correctness gate	2026-09-20T12:15:11.3429660Z test syntax_error_nonzero ... ok
compatibility	Complete correctness gate	2026-09-20T12:15:11.3429970Z 
compatibility	Complete correctness gate	2026-09-20T12:15:11.3430270Z test result: ok. 4 passed; 0 failed; 0 ignored; 0 measured; 0 filtered out; finished in 0.01s
compatibility	Complete correctness gate	2026-09-20T12:15:11.3430570Z 
compatibility	Complete correctness gate	2026-09-20T12:15:11.3431340Z      Running tests/harness.rs (target/debug/deps/harness-77036443891c6712)
compatibility	Complete correctness gate	2026-09-20T12:15:11.3461720Z 
compatibility	Complete correctness gate	2026-09-20T12:15:11.3462320Z running 5 tests
compatibility	Complete correctness gate	2026-09-20T12:15:11.3468040Z test annotation_does_not_accept_new_failures ... ok
compatibility	Complete correctness gate	2026-09-20T12:15:11.3575390Z test aggregate_gate_reports_an_intermediate_failure ... ok
compatibility	Complete correctness gate	2026-09-20T12:15:11.3637740Z test preserves_bytes_whitespace_and_status ... ok
compatibility	Complete correctness gate	2026-09-20T12:15:11.3781100Z test each_run_has_a_fresh_directory ... ok
compatibility	Complete correctness gate	2026-09-20T12:15:11.9433660Z      Running tests/historical.rs (target/debug/deps/historical-d2aa7e6e2d02f6e9)
compatibility	Complete correctness gate	2026-09-20T12:15:11.9434240Z test timeout_kills_descendants ... ok
compatibility	Complete correctness gate	2026-09-20T12:15:11.9491100Z 
compatibility	Complete correctness gate	2026-09-20T12:15:11.9529680Z test result: ok. 5 passed; 0 failed; 0 ignored; 0 measured; 0 filtered out; finished in 0.60s
compatibility	Complete correctness gate	2026-09-20T12:15:11.9540960Z 
compatibility	Complete correctness gate	2026-09-20T12:15:11.9544730Z 
compatibility	Complete correctness gate	2026-09-20T12:15:11.9545380Z running 2 tests
compatibility	Complete correctness gate	2026-09-20T12:15:12.2132220Z test original_invalid_programs_are_rejected_without_panicking ... ok
compatibility	Complete correctness gate	2026-09-20T12:15:14.0246350Z test original_positive_regressions ... ok
compatibility	Complete correctness gate	2026-09-20T12:15:14.0248360Z      Running tests/input_contract.rs (target/debug/deps/input_contract-d3a16d22dd2df171)
compatibility	Complete correctness gate	2026-09-20T12:15:14.0248930Z 
compatibility	Complete correctness gate	2026-09-20T12:15:14.0249680Z test result: ok. 2 passed; 0 failed; 0 ignored; 0 measured; 0 filtered out; finished in 2.08s
compatibility	Complete correctness gate	2026-09-20T12:15:14.0250160Z 
compatibility	Complete correctness gate	2026-09-20T12:15:14.0299910Z 
compatibility	Complete correctness gate	2026-09-20T12:15:14.0300540Z running 5 tests
compatibility	Complete correctness gate	2026-09-20T12:15:14.0542330Z test file_getline_and_interleaved_assignments ... ok
compatibility	Complete correctness gate	2026-09-20T12:15:14.0758600Z test getline_uses_main_stream_and_counts_every_read ... ok
compatibility	Complete correctness gate	2026-09-20T12:15:14.0762330Z test missing_getline_file_is_an_error_not_eof ... ok
compatibility	Complete correctness gate	2026-09-20T12:15:14.1153490Z test rs_changes_apply_to_unconsumed_input ... ok
compatibility	Complete correctness gate	2026-09-20T12:15:14.1393850Z test rewriting_record_does_not_count_a_read ... ok
compatibility	Complete correctness gate	2026-09-20T12:15:14.1394830Z 
compatibility	Complete correctness gate	2026-09-20T12:15:14.1395730Z test result: ok. 5 passed; 0 failed; 0 ignored; 0 measured; 0 filtered out; finished in 0.11s
compatibility	Complete correctness gate	2026-09-20T12:15:14.1396410Z      Running tests/language_contract.rs (target/debug/deps/language_contract-cde8066e1d7c2b70)
compatibility	Complete correctness gate	2026-09-20T12:15:14.1396860Z 
compatibility	Complete correctness gate	2026-09-20T12:15:14.1428700Z 
compatibility	Complete correctness gate	2026-09-20T12:15:14.1430190Z running 7 tests
compatibility	Complete correctness gate	2026-09-20T12:15:14.1715130Z test convfmt_is_used_for_comparisons_fields_and_keys ... ok
compatibility	Complete correctness gate	2026-09-20T12:15:14.1861420Z test array_reads_create_entries ... ok
compatibility	Complete correctness gate	2026-09-20T12:15:14.1927950Z test array_parameters_are_references ... ok
compatibility	Complete correctness gate	2026-09-20T12:15:14.2301180Z test lvalue_indices_are_evaluated_once ... ok
compatibility	Complete correctness gate	2026-09-20T12:15:14.2458090Z test numeric_and_string_values_keep_their_types ... ok
compatibility	Complete correctness gate	2026-09-20T12:15:14.2551330Z test expressions_and_escapes ... ok
compatibility	Complete correctness gate	2026-09-20T12:15:14.2903620Z test range_patterns_and_empty_actions ... ok
compatibility	Complete correctness gate	2026-09-20T12:15:14.2905930Z      Running tests/legacy_locale.rs (target/debug/deps/legacy_locale-8bcee91200be312f)
compatibility	Complete correctness gate	2026-09-20T12:15:14.2906390Z 
compatibility	Complete correctness gate	2026-09-20T12:15:14.2906720Z test result: ok. 7 passed; 0 failed; 0 ignored; 0 measured; 0 filtered out; finished in 0.15s
compatibility	Complete correctness gate	2026-09-20T12:15:14.2909720Z 
compatibility	Complete correctness gate	2026-09-20T12:15:14.2938510Z 
compatibility	Complete correctness gate	2026-09-20T12:15:14.2939500Z running 6 tests
compatibility	Complete correctness gate	2026-09-20T12:15:14.4148680Z test byte_positions_ranges_splits_and_substitution_match_c ... ok
compatibility	Complete correctness gate	2026-09-20T12:15:14.4273010Z test every_nonzero_byte_case_conversion_matches_c ... ok
compatibility	Complete correctness gate	2026-09-20T12:15:14.4622180Z test nul_preservation_remains_an_explicit_rust_extension ... ok
compatibility	Complete correctness gate	2026-09-20T12:15:14.5946030Z test required_single_byte_locales_are_active ... ok
compatibility	Complete correctness gate	2026-09-20T12:15:14.7444210Z test legacy_locale_selection_obeys_precedence_and_is_fixed_at_startup ... ok
compatibility	Complete correctness gate	2026-09-20T12:15:15.8780400Z test every_nonzero_byte_in_each_posix_class_matches_c ... ok
compatibility	Complete correctness gate	2026-09-20T12:15:15.8780770Z 
compatibility	Complete correctness gate	2026-09-20T12:15:15.8781020Z test result: ok. 6 passed; 0 failed; 0 ignored; 0 measured; 0 filtered out; finished in 1.58s
compatibility	Complete correctness gate	2026-09-20T12:15:15.8781410Z 
compatibility	Complete correctness gate	2026-09-20T12:15:15.8781720Z      Running tests/phase7_closure.rs (target/debug/deps/phase7_closure-34ec5d4b37cf044e)
compatibility	Complete correctness gate	2026-09-20T12:15:15.8811530Z 
compatibility	Complete correctness gate	2026-09-20T12:15:15.8812660Z running 7 tests
compatibility	Complete correctness gate	2026-09-20T12:15:15.9359790Z test closed_output_pipe_reports_language_error ... ok
compatibility	Complete correctness gate	2026-09-20T12:15:15.9981560Z test contracts_reject_mutations ... ok
compatibility	Complete correctness gate	2026-09-20T12:15:16.5556530Z test keyword_prefixes_and_integral_precision ... ok
compatibility	Complete correctness gate	2026-09-20T12:15:16.7079540Z test generated_octal_regex_atoms_and_literal_operators ... ok
compatibility	Complete correctness gate	2026-09-20T12:15:16.7368840Z test raw_source_bytes_survive_inline_file_and_stdin ... ok
compatibility	Complete correctness gate	2026-09-20T12:15:17.2428570Z test separators_keep_string_and_regex_semantics ... ok
compatibility	Complete correctness gate	2026-09-20T12:15:18.6289600Z test individual_driver_contracts ... ok
compatibility	Complete correctness gate	2026-09-20T12:15:18.6289890Z 
compatibility	Complete correctness gate	2026-09-20T12:15:18.6290210Z test result: ok. 7 passed; 0 failed; 0 ignored; 0 measured; 0 filtered out; finished in 2.75s
compatibility	Complete correctness gate	2026-09-20T12:15:18.6290500Z 
compatibility	Complete correctness gate	2026-09-20T12:15:18.6293720Z      Running tests/printf_sanity.rs (target/debug/deps/printf_sanity-7136c99a55f18e88)
compatibility	Complete correctness gate	2026-09-20T12:15:18.6327010Z 
compatibility	Complete correctness gate	2026-09-20T12:15:18.6335770Z running 5 tests
compatibility	Complete correctness gate	2026-09-20T12:15:18.6473530Z test d_padding ... ok
compatibility	Complete correctness gate	2026-09-20T12:15:18.6475950Z test e_scientific ... ok
compatibility	Complete correctness gate	2026-09-20T12:15:18.6625230Z test x_hex ... ok
compatibility	Complete correctness gate	2026-09-20T12:15:18.6789050Z test f_precision ... ok
compatibility	Complete correctness gate	2026-09-20T12:15:18.6941430Z test s_truncate ... ok
compatibility	Complete correctness gate	2026-09-20T12:15:18.6941650Z 
compatibility	Complete correctness gate	2026-09-20T12:15:18.6941880Z test result: ok. 5 passed; 0 failed; 0 ignored; 0 measured; 0 filtered out; finished in 0.06s
compatibility	Complete correctness gate	2026-09-20T12:15:18.6942260Z 
compatibility	Complete correctness gate	2026-09-20T12:15:18.6943180Z      Running tests/proptest_diff.rs (target/debug/deps/proptest_diff-e5009bf092758d21)
compatibility	Complete correctness gate	2026-09-20T12:15:18.6972320Z 
compatibility	Complete correctness gate	2026-09-20T12:15:18.6973010Z running 6 tests
compatibility	Complete correctness gate	2026-09-20T12:15:22.1955560Z test template_multiply ... ok
compatibility	Complete correctness gate	2026-09-20T12:15:22.2434520Z test template_concat_string ... ok
compatibility	Complete correctness gate	2026-09-20T12:15:22.5306700Z test template_add ... ok
compatibility	Complete correctness gate	2026-09-20T12:15:24.4932790Z test template_scientific_no_orphan_dot ... ok
compatibility	Complete correctness gate	2026-09-20T12:15:25.9671570Z test template_printf_float ... ok
compatibility	Complete correctness gate	2026-09-20T12:15:26.5932490Z test template_printf_int ... ok
compatibility	Complete correctness gate	2026-09-20T12:15:26.5932810Z 
compatibility	Complete correctness gate	2026-09-20T12:15:26.5933060Z test result: ok. 6 passed; 0 failed; 0 ignored; 0 measured; 0 filtered out; finished in 7.90s
compatibility	Complete correctness gate	2026-09-20T12:15:26.5933510Z 
compatibility	Complete correctness gate	2026-09-20T12:15:26.5934250Z      Running tests/remaining_contract.rs (target/debug/deps/remaining_contract-7a9f8e2e6bedf0e8)
compatibility	Complete correctness gate	2026-09-20T12:15:26.5961980Z 
compatibility	Complete correctness gate	2026-09-20T12:15:26.5963000Z running 7 tests
compatibility	Complete correctness gate	2026-09-20T12:15:26.6595680Z test bracket_normalization_preserves_the_binary_profile ... ok
compatibility	Complete correctness gate	2026-09-20T12:15:26.7174810Z test character_format_distinguishes_numeric_fields_from_literal_strings ... ok
compatibility	Complete correctness gate	2026-09-20T12:15:26.7755810Z test missing_fields_are_empty_strings_not_uninitialized_variables ... ok
compatibility	Complete correctness gate	2026-09-20T12:15:27.3827590Z test descending_bracket_ranges_follow_original_c ... ok
compatibility	Complete correctness gate	2026-09-20T12:15:30.6249620Z test generated_rational_values_and_float_formats ... ok
compatibility	Complete correctness gate	2026-09-20T12:15:32.7124300Z test replacement_escapes_have_separate_lexical_and_runtime_stages ... ok
compatibility	Complete correctness gate	2026-09-20T12:15:34.1579470Z test numeric_rounding_uses_the_exact_binary_value ... ok
compatibility	Complete correctness gate	2026-09-20T12:15:34.1580310Z 
compatibility	Complete correctness gate	2026-09-20T12:15:34.1581170Z test result: ok. 7 passed; 0 failed; 0 ignored; 0 measured; 0 filtered out; finished in 7.56s
compatibility	Complete correctness gate	2026-09-20T12:15:34.1582660Z      Running tests/runtime_contract.rs (target/debug/deps/runtime_contract-d65bacc50385039a)
compatibility	Complete correctness gate	2026-09-20T12:15:34.1584100Z 
compatibility	Complete correctness gate	2026-09-20T12:15:34.1638830Z 
compatibility	Complete correctness gate	2026-09-20T12:15:34.1657280Z running 3 tests
compatibility	Complete correctness gate	2026-09-20T12:15:34.1794860Z test return_escapes_all_loop_forms ... ok
compatibility	Complete correctness gate	2026-09-20T12:15:34.2018930Z test short_circuit_preserves_side_effects ... ok
compatibility	Complete correctness gate	2026-09-20T12:15:34.2023270Z test exit_executes_end_and_interrupts_expressions ... ok
compatibility	Complete correctness gate	2026-09-20T12:15:34.2023820Z 
compatibility	Complete correctness gate	2026-09-20T12:15:34.2024340Z test result: ok. 3 passed; 0 failed; 0 ignored; 0 measured; 0 filtered out; finished in 0.04s
compatibility	Complete correctness gate	2026-09-20T12:15:34.2024760Z 
compatibility	Complete correctness gate	2026-09-20T12:15:34.2027190Z      Running tests/shell_drivers.rs (target/debug/deps/shell_drivers-b33b16bb97343606)
compatibility	Complete correctness gate	2026-09-20T12:15:34.2070970Z 
compatibility	Complete correctness gate	2026-09-20T12:15:34.2072290Z running 3 tests
compatibility	Complete correctness gate	2026-09-20T12:15:35.5910300Z test shell_driver_gate_rejects_missing_interpreter_output ... ok
compatibility	Complete correctness gate	2026-09-20T12:15:36.9383780Z test original_cli_and_array_shell_drivers ... ok
compatibility	Complete correctness gate	2026-09-20T12:16:10.7236880Z test admitted_original_shell_drivers ... ok
compatibility	Complete correctness gate	2026-09-20T12:16:10.7237300Z 
compatibility	Complete correctness gate	2026-09-20T12:16:10.7237760Z test result: ok. 3 passed; 0 failed; 0 ignored; 0 measured; 0 filtered out; finished in 36.52s
compatibility	Complete correctness gate	2026-09-20T12:16:10.7238130Z 
compatibility	Complete correctness gate	2026-09-20T12:16:10.7240270Z      Running tests/shift_jis.rs (target/debug/deps/shift_jis-1c1b9bb11ce40504)
compatibility	Complete correctness gate	2026-09-20T12:16:10.7272980Z 
compatibility	Complete correctness gate	2026-09-20T12:16:10.7275770Z running 12 tests
compatibility	Complete correctness gate	2026-09-20T12:16:10.7542750Z test embedded_nul_preserves_the_rust_binary_extension ... ok
compatibility	Complete correctness gate	2026-09-20T12:16:10.8074720Z test conversion_failure_preserves_atomic_print_contract ... ok
compatibility	Complete correctness gate	2026-09-20T12:16:10.8483910Z test decoded_character_with_unencodable_case_mapping_matches_c ... ok
compatibility	Complete correctness gate	2026-09-20T12:16:11.1453500Z test record_separators_and_locale_precedence_match_c ... ok
compatibility	Complete correctness gate	2026-09-20T12:16:11.2096670Z test regex_rs_with_three_or_four_byte_structural_units_matches_c ... ok
compatibility	Complete correctness gate	2026-09-20T12:16:11.2600160Z test required_sjis_locale_has_observable_case_mapping ... ok
compatibility	Complete correctness gate	2026-09-20T12:16:11.7517480Z test regex_rs_sjis_refill_across_input_buffers_and_getline_matches_c ... ok
compatibility	Complete correctness gate	2026-09-20T12:16:11.7867630Z test streaming_rs_keeps_binary_data_distinct_from_eof ... ok
compatibility	Complete correctness gate	2026-09-20T12:16:12.7900570Z test structural_units_regex_fields_and_formatting_match_c ... ok
compatibility	Complete correctness gate	2026-09-20T12:16:13.4094480Z test valid_case_conversion_and_truncated_suffixes_match_c ... ok
compatibility	Complete correctness gate	2026-09-20T12:16:21.9886740Z test regex_rs_refill_restart_longest_and_anchors_match_c ... ok
compatibility	Complete correctness gate	2026-09-20T12:16:58.6366270Z test single_bytes_and_lead_trail_boundaries_match_c ... ok
compatibility	Complete correctness gate	2026-09-20T12:16:58.6366970Z 
compatibility	Complete correctness gate	2026-09-20T12:16:58.6367460Z test result: ok. 12 passed; 0 failed; 0 ignored; 0 measured; 0 filtered out; finished in 47.91s
compatibility	Complete correctness gate	2026-09-20T12:16:58.6368850Z 
compatibility	Complete correctness gate	2026-09-20T12:16:58.6371390Z      Running tests/unicode_contract.rs (target/debug/deps/unicode_contract-ff53360e0ff39268)
compatibility	Complete correctness gate	2026-09-20T12:16:58.6432420Z 
compatibility	Complete correctness gate	2026-09-20T12:16:58.6434250Z running 10 tests
compatibility	Complete correctness gate	2026-09-20T12:16:58.7112120Z test binary_nul_extension_and_case_conversion_errors ... ok
compatibility	Complete correctness gate	2026-09-20T12:16:59.1267400Z test locale_precedence_and_character_operations ... ok
compatibility	Complete correctness gate	2026-09-20T12:16:59.2575450Z test boolean_regex_search_preserves_rune_alignment_and_empty_matches ... ok
compatibility	Complete correctness gate	2026-09-20T12:16:59.2926670Z test repeated_matches_and_index_inside_a_multibyte_unit ... ok
compatibility	Complete correctness gate	2026-09-20T12:16:59.3893120Z test required_locales_are_active_in_both_interpreters ... ok
compatibility	Complete correctness gate	2026-09-20T12:16:59.5100330Z test unicode_formatting_and_source_escapes ... ok
compatibility	Complete correctness gate	2026-09-20T12:16:59.8419220Z test utf8_record_separators_across_buffers ... ok
compatibility	Complete correctness gate	2026-09-20T12:17:00.0833130Z test unicode_classes_ranges_and_anchors ... ok
compatibility	Complete correctness gate	2026-09-20T12:17:00.1711580Z test utf8_regex_empty_matches_and_mixed_bytes ... ok
compatibility	Complete correctness gate	2026-09-20T12:17:04.7218580Z test original_utf8_drivers ... ok
compatibility	Complete correctness gate	2026-09-20T12:17:04.7219060Z 
compatibility	Complete correctness gate	2026-09-20T12:17:04.7219410Z test result: ok. 10 passed; 0 failed; 0 ignored; 0 measured; 0 filtered out; finished in 6.08s
compatibility	Complete correctness gate	2026-09-20T12:17:04.7219880Z 
compatibility	Complete correctness gate	2026-09-20T12:17:04.7220160Z      Running tests/xml_runner_test.rs (target/debug/deps/xml_runner_test-bbb04a9a34486b5f)
compatibility	Complete correctness gate	2026-09-20T12:17:04.7268600Z 
compatibility	Complete correctness gate	2026-09-20T12:17:04.7268930Z running 1 test
compatibility	Complete correctness gate	2026-09-20T12:17:08.3785320Z test run_xml_testsuite ... ok
compatibility	Complete correctness gate	2026-09-20T12:17:08.3785630Z 
compatibility	Complete correctness gate	2026-09-20T12:17:08.3785850Z test result: ok. 1 passed; 0 failed; 0 ignored; 0 measured; 0 filtered out; finished in 3.65s
compatibility	Complete correctness gate	2026-09-20T12:17:08.3786240Z 
compatibility	Complete correctness gate	2026-09-20T12:17:08.3786380Z    Doc-tests rawk
compatibility	Complete correctness gate	2026-09-20T12:17:08.5437150Z 
compatibility	Complete correctness gate	2026-09-20T12:17:08.5437450Z running 0 tests
compatibility	Complete correctness gate	2026-09-20T12:17:08.5437650Z 
compatibility	Complete correctness gate	2026-09-20T12:17:08.5437990Z test result: ok. 0 passed; 0 failed; 0 ignored; 0 measured; 0 filtered out; finished in 0.00s
compatibility	Complete correctness gate	2026-09-20T12:17:08.5438350Z 
compatibility	Complete correctness gate	2026-09-20T12:17:08.5469600Z OK
compatibility	Audit all original shell drivers (includes documented diagnostic and locale differences)	﻿2026-09-20T12:17:08.5533570Z ##[group]Run python3 scripts/full_driver_audit.py --output diary/full-driver-results-ci.json
compatibility	Audit all original shell drivers (includes documented diagnostic and locale differences)	2026-09-20T12:17:08.5534140Z [36;1mpython3 scripts/full_driver_audit.py --output diary/full-driver-results-ci.json[0m
compatibility	Audit all original shell drivers (includes documented diagnostic and locale differences)	2026-09-20T12:17:08.5586910Z shell: /bin/bash -e {0}
compatibility	Audit all original shell drivers (includes documented diagnostic and locale differences)	2026-09-20T12:17:08.5587100Z env:
compatibility	Audit all original shell drivers (includes documented diagnostic and locale differences)	2026-09-20T12:17:08.5587290Z   LC_ALL: C
compatibility	Audit all original shell drivers (includes documented diagnostic and locale differences)	2026-09-20T12:17:08.5587440Z   CARGO_INCREMENTAL: 0
compatibility	Audit all original shell drivers (includes documented diagnostic and locale differences)	2026-09-20T12:17:08.5587660Z   RUSTUP_TOOLCHAIN: 1.96.0
compatibility	Audit all original shell drivers (includes documented diagnostic and locale differences)	2026-09-20T12:17:08.5587880Z ##[endgroup]
compatibility	Audit all original shell drivers (includes documented diagnostic and locale differences)	2026-09-20T12:17:09.2109450Z T.-f-f pass 
compatibility	Audit all original shell drivers (includes documented diagnostic and locale differences)	2026-09-20T12:17:10.1037130Z T.argv pass 
compatibility	Audit all original shell drivers (includes documented diagnostic and locale differences)	2026-09-20T12:17:10.5542370Z T.arnold pass 
compatibility	Audit all original shell drivers (includes documented diagnostic and locale differences)	2026-09-20T12:17:12.1298140Z T.beebe pass 
compatibility	Audit all original shell drivers (includes documented diagnostic and locale differences)	2026-09-20T12:17:12.6931800Z T.builtin reference-failure BAD: T.builtin (rand) BAD: T.builtin (toupper/tolower) for utf-8
compatibility	Audit all original shell drivers (includes documented diagnostic and locale differences)	2026-09-20T12:17:13.0392180Z T.chem pass 
compatibility	Audit all original shell drivers (includes documented diagnostic and locale differences)	2026-09-20T12:17:13.5802160Z T.close pass 
compatibility	Audit all original shell drivers (includes documented diagnostic and locale differences)	2026-09-20T12:17:14.6962030Z T.clv pass 
compatibility	Audit all original shell drivers (includes documented diagnostic and locale differences)	2026-09-20T12:17:14.9913070Z T.csconcat pass 
compatibility	Audit all original shell drivers (includes documented diagnostic and locale differences)	2026-09-20T12:17:15.7524150Z T.csv pass 
compatibility	Audit all original shell drivers (includes documented diagnostic and locale differences)	2026-09-20T12:17:16.0145310Z T.delete pass 
compatibility	Audit all original shell drivers (includes documented diagnostic and locale differences)	2026-09-20T12:17:16.8686920Z T.errmsg reference-failure BAD: illegal primary in regular expression failed BAD: illegal break, continue, next or nextfile from BEGIN failed BAD: illegal break, continue, next or nextfile from END failed BAD: nextfile is illegal inside a function failed BAD: nonterminated character class failed BAD: nonterminated character class failed BAD: nonterminated character cl
compatibility	Audit all original shell drivers (includes documented diagnostic and locale differences)	2026-09-20T12:17:19.1825450Z T.expr pass 
compatibility	Audit all original shell drivers (includes documented diagnostic and locale differences)	2026-09-20T12:17:19.4799800Z T.exprconv pass 
compatibility	Audit all original shell drivers (includes documented diagnostic and locale differences)	2026-09-20T12:17:19.7841430Z T.flags open T.flags: bad no program T.flags: bad can.t open program T.flags: bad can.t open program 2 T.flags: bad missing field separator
compatibility	Audit all original shell drivers (includes documented diagnostic and locale differences)	2026-09-20T12:17:20.5397410Z T.func pass 
compatibility	Audit all original shell drivers (includes documented diagnostic and locale differences)	2026-09-20T12:17:22.1517990Z T.gawk pass 
compatibility	Audit all original shell drivers (includes documented diagnostic and locale differences)	2026-09-20T12:17:22.5891950Z T.getline pass 
compatibility	Audit all original shell drivers (includes documented diagnostic and locale differences)	2026-09-20T12:17:22.8901750Z T.int-expr pass 
compatibility	Audit all original shell drivers (includes documented diagnostic and locale differences)	2026-09-20T12:17:23.2746660Z T.latin1 pass 
compatibility	Audit all original shell drivers (includes documented diagnostic and locale differences)	2026-09-20T12:17:26.3670440Z T.lilly pass 
compatibility	Audit all original shell drivers (includes documented diagnostic and locale differences)	2026-09-20T12:17:26.8300970Z T.main pass 
compatibility	Audit all original shell drivers (includes documented diagnostic and locale differences)	2026-09-20T12:17:28.5160850Z T.misc open BAD: T.misc split error BAD: T.misc hello error BAD: T.misc pile error BAD: T.misc gsub banana error BAD: T.misc sub banana error BAD: T.misc lineno BAD: T.misc can't open BAD: T.misc continuation line number BAD: T.misc syntax error line number �BAD: T.misc escape sequences in strings mishandled BAD: T.misc fcn args BAD: T.misc undefine
compatibility	Audit all original shell drivers (includes documented diagnostic and locale differences)	2026-09-20T12:17:29.6564990Z T.nextfile pass 
compatibility	Audit all original shell drivers (includes documented diagnostic and locale differences)	2026-09-20T12:17:30.4398230Z T.overflow pass 
compatibility	Audit all original shell drivers (includes documented diagnostic and locale differences)	2026-09-20T12:17:34.0465810Z T.re pass 
compatibility	Audit all original shell drivers (includes documented diagnostic and locale differences)	2026-09-20T12:17:34.3278200Z T.recache pass 
compatibility	Audit all original shell drivers (includes documented diagnostic and locale differences)	2026-09-20T12:17:34.7043690Z T.redir pass 
compatibility	Audit all original shell drivers (includes documented diagnostic and locale differences)	2026-09-20T12:17:35.4646430Z T.split pass 
compatibility	Audit all original shell drivers (includes documented diagnostic and locale differences)	2026-09-20T12:17:37.2570390Z T.sub pass 
compatibility	Audit all original shell drivers (includes documented diagnostic and locale differences)	2026-09-20T12:17:37.5408680Z T.system pass 
compatibility	Audit all original shell drivers (includes documented diagnostic and locale differences)	2026-09-20T12:17:39.8505680Z T.utf reference-failure test 1.3 failed test 1.4 failed test 1.5 failed test 1.6 failed test 1.7 failed test 1.8 failed test 1.9 failed test 1.10 failed test 1.11 failed test 1.12 failed test 1.13 failed test 1.14 failed test 1.15 failed test 1.16 failed test 1.17 failed test 1.18 failed test 1.19 failed test 1.20 failed test 1.21 fail
compatibility	Audit all original shell drivers (includes documented diagnostic and locale differences)	2026-09-20T12:17:42.2058830Z T.utfre reference-failure 43 fails ^λ.$ ~ λλ 51 fails ^.해 ~ め해 52 fails ^.해 ~ め해해 64 fails 해* ~  68 fails 해* ~ めめめめ 69 fails 해해* ~ 해 71 fails 해해* ~ め해 84 fails xθ+y ~ xθθy 85 fails xθ+y ~ xθθθθθθy 89 fails xθ?y ~ xy 92 fails θ?b?の? ~  93 fails θ?b?の? ~ x 106 fails [Α-Ω] !~ β 108 fails [^Α-Ω] ~ δ 119 fails [Α-ΔΦ-Ω] !~ Π 120 fails [Α-ΔΦ-Ω] !~ Σ
compatibility	Audit original UTF-8 drivers	﻿2026-09-20T12:17:42.2147990Z ##[group]Run python3 scripts/full_driver_audit.py --drivers T.utf T.utfre --locale en_US.UTF-8 --check --output diary/unicode-driver-results-ci.json
compatibility	Audit original UTF-8 drivers	2026-09-20T12:17:42.2148790Z [36;1mpython3 scripts/full_driver_audit.py --drivers T.utf T.utfre --locale en_US.UTF-8 --check --output diary/unicode-driver-results-ci.json[0m
compatibility	Audit original UTF-8 drivers	2026-09-20T12:17:42.2180190Z shell: /bin/bash -e {0}
compatibility	Audit original UTF-8 drivers	2026-09-20T12:17:42.2180360Z env:
compatibility	Audit original UTF-8 drivers	2026-09-20T12:17:42.2180490Z   LC_ALL: C
compatibility	Audit original UTF-8 drivers	2026-09-20T12:17:42.2180630Z   CARGO_INCREMENTAL: 0
compatibility	Audit original UTF-8 drivers	2026-09-20T12:17:42.2180790Z   RUSTUP_TOOLCHAIN: 1.96.0
compatibility	Audit original UTF-8 drivers	2026-09-20T12:17:42.2180980Z ##[endgroup]
compatibility	Audit original UTF-8 drivers	2026-09-20T12:17:44.6735420Z T.utf pass 
compatibility	Audit original UTF-8 drivers	2026-09-20T12:17:47.3514760Z T.utfre pass 
compatibility	Retain full driver evidence	﻿2026-09-20T12:17:47.3631440Z Node 20 is being deprecated. This workflow is running with Node 24 by default. If you need to temporarily use Node 20, you can set the ACTIONS_ALLOW_USE_UNSECURE_NODE_VERSION=true environment variable. For more information see: https://github.blog/changelog/2025-09-19-deprecation-of-node-20-on-github-actions-runners/
compatibility	Retain full driver evidence	2026-09-20T12:17:47.3632680Z ##[group]Run actions/upload-artifact@ea165f8d65b6e75b540449e92b4886f43607fa02
compatibility	Retain full driver evidence	2026-09-20T12:17:47.3632950Z with:
compatibility	Retain full driver evidence	2026-09-20T12:17:47.3633080Z   name: original-driver-audit
compatibility	Retain full driver evidence	2026-09-20T12:17:47.3633400Z   path: rawk/diary/full-driver-results-ci.json
compatibility	Retain full driver evidence	rawk/diary/unicode-driver-results-ci.json
compatibility	Retain full driver evidence	
compatibility	Retain full driver evidence	2026-09-20T12:17:47.3633730Z   if-no-files-found: error
compatibility	Retain full driver evidence	2026-09-20T12:17:47.3633910Z   compression-level: 6
compatibility	Retain full driver evidence	2026-09-20T12:17:47.3634070Z   overwrite: false
compatibility	Retain full driver evidence	2026-09-20T12:17:47.3634220Z   include-hidden-files: false
compatibility	Retain full driver evidence	2026-09-20T12:17:47.3634380Z env:
compatibility	Retain full driver evidence	2026-09-20T12:17:47.3634490Z   LC_ALL: C
compatibility	Retain full driver evidence	2026-09-20T12:17:47.3634600Z   CARGO_INCREMENTAL: 0
compatibility	Retain full driver evidence	2026-09-20T12:17:47.3634750Z   RUSTUP_TOOLCHAIN: 1.96.0
compatibility	Retain full driver evidence	2026-09-20T12:17:47.3634910Z ##[endgroup]
compatibility	Retain full driver evidence	2026-09-20T12:17:47.6895310Z (node:9356) [DEP0040] DeprecationWarning: The `punycode` module is deprecated. Please use a userland alternative instead.
compatibility	Retain full driver evidence	2026-09-20T12:17:47.6895960Z (Use `node --trace-deprecation ...` to show where the warning was created)
compatibility	Retain full driver evidence	2026-09-20T12:17:47.6929030Z Multiple search paths detected. Calculating the least common ancestor of all paths
compatibility	Retain full driver evidence	2026-09-20T12:17:47.6930210Z The least common ancestor is /Users/runner/work/rawk/rawk/rawk/diary. This will be the root directory of the artifact
compatibility	Retain full driver evidence	2026-09-20T12:17:47.6930800Z With the provided path, there will be 2 files uploaded
compatibility	Retain full driver evidence	2026-09-20T12:17:47.6932680Z Artifact name is valid!
compatibility	Retain full driver evidence	2026-09-20T12:17:47.6933010Z Root directory input is valid!
compatibility	Retain full driver evidence	2026-09-20T12:17:47.8771900Z Beginning upload of artifact content to blob storage
compatibility	Retain full driver evidence	2026-09-20T12:17:47.9036020Z (node:9356) [DEP0169] DeprecationWarning: `url.parse()` behavior is not standardized and prone to errors that have security implications. Use the WHATWG URL API instead. CVEs are not issued for `url.parse()` vulnerabilities.
compatibility	Retain full driver evidence	2026-09-20T12:17:47.9441520Z Uploaded bytes 11669
compatibility	Retain full driver evidence	2026-09-20T12:17:47.9618590Z Finished uploading artifact content to blob storage!
compatibility	Retain full driver evidence	2026-09-20T12:17:47.9620030Z SHA256 digest of uploaded artifact zip is 2d58dbc375c56b4f633c75296cca1e4e6209477c94e52b691ff9440fbf849cb2
compatibility	Retain full driver evidence	2026-09-20T12:17:47.9621310Z Finalizing artifact upload
compatibility	Retain full driver evidence	2026-09-20T12:17:48.1597510Z Artifact original-driver-audit.zip successfully finalized. Artifact ID 10605285120
compatibility	Retain full driver evidence	2026-09-20T12:17:48.1599430Z Artifact original-driver-audit has been successfully uploaded! Final size is 11669 bytes. Artifact ID is 10605285120
compatibility	Retain full driver evidence	2026-09-20T12:17:48.1610700Z Artifact download URL: https://github.com/francescotinti/rawk/actions/runs/35509952804/artifacts/10605285120
compatibility	Post Run actions/checkout@11bd71901bbe5b1630ceea73d27597364c9af683	﻿2026-09-20T12:17:48.1927160Z Node 20 is being deprecated. This workflow is running with Node 24 by default. If you need to temporarily use Node 20, you can set the ACTIONS_ALLOW_USE_UNSECURE_NODE_VERSION=true environment variable. For more information see: https://github.blog/changelog/2025-09-19-deprecation-of-node-20-on-github-actions-runners/
compatibility	Post Run actions/checkout@11bd71901bbe5b1630ceea73d27597364c9af683	2026-09-20T12:17:48.1928210Z Post job cleanup.
compatibility	Post Run actions/checkout@11bd71901bbe5b1630ceea73d27597364c9af683	2026-09-20T12:17:48.3138620Z [command]/opt/homebrew/bin/git version
compatibility	Post Run actions/checkout@11bd71901bbe5b1630ceea73d27597364c9af683	2026-09-20T12:17:48.3200930Z git version 2.55.0
compatibility	Post Run actions/checkout@11bd71901bbe5b1630ceea73d27597364c9af683	2026-09-20T12:17:48.3225150Z Copying '/Users/runner/.gitconfig' to '/Users/runner/work/_temp/a0b24112-69d7-4047-807a-0130fbda0393/.gitconfig'
compatibility	Post Run actions/checkout@11bd71901bbe5b1630ceea73d27597364c9af683	2026-09-20T12:17:48.3227080Z Temporarily overriding HOME='/Users/runner/work/_temp/a0b24112-69d7-4047-807a-0130fbda0393' before making global git config changes
compatibility	Post Run actions/checkout@11bd71901bbe5b1630ceea73d27597364c9af683	2026-09-20T12:17:48.3227800Z Adding repository directory to the temporary git global config as a safe directory
compatibility	Post Run actions/checkout@11bd71901bbe5b1630ceea73d27597364c9af683	2026-09-20T12:17:48.3230410Z [command]/opt/homebrew/bin/git config --global --add safe.directory /Users/runner/work/rawk/rawk/rawk
compatibility	Post Run actions/checkout@11bd71901bbe5b1630ceea73d27597364c9af683	2026-09-20T12:17:48.3326200Z [command]/opt/homebrew/bin/git config --local --name-only --get-regexp core\.sshCommand
compatibility	Post Run actions/checkout@11bd71901bbe5b1630ceea73d27597364c9af683	2026-09-20T12:17:48.3384580Z [command]/opt/homebrew/bin/git submodule foreach --recursive sh -c "git config --local --name-only --get-regexp 'core\.sshCommand' && git config --local --unset-all 'core.sshCommand' || :"
compatibility	Post Run actions/checkout@11bd71901bbe5b1630ceea73d27597364c9af683	2026-09-20T12:17:48.4053490Z [command]/opt/homebrew/bin/git config --local --name-only --get-regexp http\.https\:\/\/github\.com\/\.extraheader
compatibility	Post Run actions/checkout@11bd71901bbe5b1630ceea73d27597364c9af683	2026-09-20T12:17:48.4096180Z http.https://github.com/.extraheader
compatibility	Post Run actions/checkout@11bd71901bbe5b1630ceea73d27597364c9af683	2026-09-20T12:17:48.4102020Z [command]/opt/homebrew/bin/git config --local --unset-all http.https://github.com/.extraheader
compatibility	Post Run actions/checkout@11bd71901bbe5b1630ceea73d27597364c9af683	2026-09-20T12:17:48.4149740Z [command]/opt/homebrew/bin/git submodule foreach --recursive sh -c "git config --local --name-only --get-regexp 'http\.https\:\/\/github\.com\/\.extraheader' && git config --local --unset-all 'http.https://github.com/.extraheader' || :"
compatibility	Complete job	﻿2026-09-20T12:17:48.4793850Z Cleaning up orphan processes
compatibility	Complete job	2026-09-20T12:17:48.8089190Z ##[warning]Node.js 20 is deprecated. The following actions target Node.js 20 but are being forced to run on Node.js 24: actions/checkout@11bd71901bbe5b1630ceea73d27597364c9af683, actions/upload-artifact@ea165f8d65b6e75b540449e92b4886f43607fa02. For more information see: https://github.blog/changelog/2025-09-19-deprecation-of-node-20-on-github-actions-runners/
linux-portability (ubuntu-24.04)	Set up job	﻿2026-09-20T12:13:01.2486322Z Current runner version: '2.337.0'
linux-portability (ubuntu-24.04)	Set up job	2026-09-20T12:13:01.2521333Z ##[group]Runner Image Provisioner
linux-portability (ubuntu-24.04)	Set up job	2026-09-20T12:13:01.2522764Z Hosted Compute Agent
linux-portability (ubuntu-24.04)	Set up job	2026-09-20T12:13:01.2523788Z Version: 20260828.587
linux-portability (ubuntu-24.04)	Set up job	2026-09-20T12:13:01.2525228Z Commit: abac92662cab4cc7352de4f9f9d2e2419aad9c29
linux-portability (ubuntu-24.04)	Set up job	2026-09-20T12:13:01.2526433Z Build Date: 2026-08-28T16:44:25Z
linux-portability (ubuntu-24.04)	Set up job	2026-09-20T12:13:01.2527749Z Worker ID: {40a8c16d-f52a-4bab-9938-b91b330b3985}
linux-portability (ubuntu-24.04)	Set up job	2026-09-20T12:13:01.2529178Z Azure Region: eastus
linux-portability (ubuntu-24.04)	Set up job	2026-09-20T12:13:01.2530172Z ##[endgroup]
linux-portability (ubuntu-24.04)	Set up job	2026-09-20T12:13:01.2533069Z ##[group]Operating System
linux-portability (ubuntu-24.04)	Set up job	2026-09-20T12:13:01.2534073Z Ubuntu
linux-portability (ubuntu-24.04)	Set up job	2026-09-20T12:13:01.2535270Z 24.04.5
linux-portability (ubuntu-24.04)	Set up job	2026-09-20T12:13:01.2536203Z LTS
linux-portability (ubuntu-24.04)	Set up job	2026-09-20T12:13:01.2537067Z ##[endgroup]
linux-portability (ubuntu-24.04)	Set up job	2026-09-20T12:13:01.2538013Z ##[group]Runner Image
linux-portability (ubuntu-24.04)	Set up job	2026-09-20T12:13:01.2539006Z Image: ubuntu-24.04
linux-portability (ubuntu-24.04)	Set up job	2026-09-20T12:13:01.2540041Z Version: 20260907.300.1
linux-portability (ubuntu-24.04)	Set up job	2026-09-20T12:13:01.2541859Z Included Software: https://github.com/actions/runner-images/blob/ubuntu24/20260907.300/images/ubuntu/Ubuntu2404-Readme.md
linux-portability (ubuntu-24.04)	Set up job	2026-09-20T12:13:01.2545162Z Image Release: https://github.com/actions/runner-images/releases/tag/ubuntu24%2F20260907.300
linux-portability (ubuntu-24.04)	Set up job	2026-09-20T12:13:01.2546878Z ##[endgroup]
linux-portability (ubuntu-24.04)	Set up job	2026-09-20T12:13:01.2548687Z ##[group]GITHUB_TOKEN Permissions
linux-portability (ubuntu-24.04)	Set up job	2026-09-20T12:13:01.2551580Z Contents: read
linux-portability (ubuntu-24.04)	Set up job	2026-09-20T12:13:01.2552688Z Metadata: read
linux-portability (ubuntu-24.04)	Set up job	2026-09-20T12:13:01.2553616Z ##[endgroup]
linux-portability (ubuntu-24.04)	Set up job	2026-09-20T12:13:01.2557105Z Secret source: Actions
linux-portability (ubuntu-24.04)	Set up job	2026-09-20T12:13:01.2558670Z Cache mode: write
linux-portability (ubuntu-24.04)	Set up job	2026-09-20T12:13:01.2560204Z Prepare workflow directory
linux-portability (ubuntu-24.04)	Set up job	2026-09-20T12:13:01.3154058Z Prepare all required actions
linux-portability (ubuntu-24.04)	Set up job	2026-09-20T12:13:01.3225031Z Getting action download info
linux-portability (ubuntu-24.04)	Set up job	2026-09-20T12:13:01.5265319Z Download action repository 'actions/checkout@11bd71901bbe5b1630ceea73d27597364c9af683' (SHA:11bd71901bbe5b1630ceea73d27597364c9af683)
linux-portability (ubuntu-24.04)	Set up job	2026-09-20T12:13:01.6550482Z Download action repository 'actions/upload-artifact@ea165f8d65b6e75b540449e92b4886f43607fa02' (SHA:ea165f8d65b6e75b540449e92b4886f43607fa02)
linux-portability (ubuntu-24.04)	Set up job	2026-09-20T12:13:01.8638434Z Complete job name: linux-portability (ubuntu-24.04)
linux-portability (ubuntu-24.04)	Run actions/checkout@11bd71901bbe5b1630ceea73d27597364c9af683	﻿2026-09-20T12:13:01.9422860Z Node 20 is being deprecated. This workflow is running with Node 24 by default. If you need to temporarily use Node 20, you can set the ACTIONS_ALLOW_USE_UNSECURE_NODE_VERSION=true environment variable. For more information see: https://github.blog/changelog/2025-09-19-deprecation-of-node-20-on-github-actions-runners/
linux-portability (ubuntu-24.04)	Run actions/checkout@11bd71901bbe5b1630ceea73d27597364c9af683	2026-09-20T12:13:01.9432372Z ##[group]Run actions/checkout@11bd71901bbe5b1630ceea73d27597364c9af683
linux-portability (ubuntu-24.04)	Run actions/checkout@11bd71901bbe5b1630ceea73d27597364c9af683	2026-09-20T12:13:01.9433353Z with:
linux-portability (ubuntu-24.04)	Run actions/checkout@11bd71901bbe5b1630ceea73d27597364c9af683	2026-09-20T12:13:01.9433777Z   path: rawk
linux-portability (ubuntu-24.04)	Run actions/checkout@11bd71901bbe5b1630ceea73d27597364c9af683	2026-09-20T12:13:01.9434245Z   repository: francescotinti/rawk
linux-portability (ubuntu-24.04)	Run actions/checkout@11bd71901bbe5b1630ceea73d27597364c9af683	2026-09-20T12:13:01.9438082Z   token: ***
linux-portability (ubuntu-24.04)	Run actions/checkout@11bd71901bbe5b1630ceea73d27597364c9af683	2026-09-20T12:13:01.9438511Z   ssh-strict: true
linux-portability (ubuntu-24.04)	Run actions/checkout@11bd71901bbe5b1630ceea73d27597364c9af683	2026-09-20T12:13:01.9438960Z   ssh-user: git
linux-portability (ubuntu-24.04)	Run actions/checkout@11bd71901bbe5b1630ceea73d27597364c9af683	2026-09-20T12:13:01.9439410Z   persist-credentials: true
linux-portability (ubuntu-24.04)	Run actions/checkout@11bd71901bbe5b1630ceea73d27597364c9af683	2026-09-20T12:13:01.9439899Z   clean: true
linux-portability (ubuntu-24.04)	Run actions/checkout@11bd71901bbe5b1630ceea73d27597364c9af683	2026-09-20T12:13:01.9440347Z   sparse-checkout-cone-mode: true
linux-portability (ubuntu-24.04)	Run actions/checkout@11bd71901bbe5b1630ceea73d27597364c9af683	2026-09-20T12:13:01.9440870Z   fetch-depth: 1
linux-portability (ubuntu-24.04)	Run actions/checkout@11bd71901bbe5b1630ceea73d27597364c9af683	2026-09-20T12:13:01.9441300Z   fetch-tags: false
linux-portability (ubuntu-24.04)	Run actions/checkout@11bd71901bbe5b1630ceea73d27597364c9af683	2026-09-20T12:13:01.9441753Z   show-progress: true
linux-portability (ubuntu-24.04)	Run actions/checkout@11bd71901bbe5b1630ceea73d27597364c9af683	2026-09-20T12:13:01.9442263Z   lfs: false
linux-portability (ubuntu-24.04)	Run actions/checkout@11bd71901bbe5b1630ceea73d27597364c9af683	2026-09-20T12:13:01.9442675Z   submodules: false
linux-portability (ubuntu-24.04)	Run actions/checkout@11bd71901bbe5b1630ceea73d27597364c9af683	2026-09-20T12:13:01.9443120Z   set-safe-directory: true
linux-portability (ubuntu-24.04)	Run actions/checkout@11bd71901bbe5b1630ceea73d27597364c9af683	2026-09-20T12:13:01.9443857Z env:
linux-portability (ubuntu-24.04)	Run actions/checkout@11bd71901bbe5b1630ceea73d27597364c9af683	2026-09-20T12:13:01.9444269Z   LC_ALL: C
linux-portability (ubuntu-24.04)	Run actions/checkout@11bd71901bbe5b1630ceea73d27597364c9af683	2026-09-20T12:13:01.9444862Z   CARGO_INCREMENTAL: 0
linux-portability (ubuntu-24.04)	Run actions/checkout@11bd71901bbe5b1630ceea73d27597364c9af683	2026-09-20T12:13:01.9445343Z   RUSTUP_TOOLCHAIN: 1.96.0
linux-portability (ubuntu-24.04)	Run actions/checkout@11bd71901bbe5b1630ceea73d27597364c9af683	2026-09-20T12:13:01.9445824Z ##[endgroup]
linux-portability (ubuntu-24.04)	Run actions/checkout@11bd71901bbe5b1630ceea73d27597364c9af683	2026-09-20T12:13:02.0485158Z Syncing repository: francescotinti/rawk
linux-portability (ubuntu-24.04)	Run actions/checkout@11bd71901bbe5b1630ceea73d27597364c9af683	2026-09-20T12:13:02.0488220Z ##[group]Getting Git version info
linux-portability (ubuntu-24.04)	Run actions/checkout@11bd71901bbe5b1630ceea73d27597364c9af683	2026-09-20T12:13:02.0489463Z Working directory is '/home/runner/work/rawk/rawk/rawk'
linux-portability (ubuntu-24.04)	Run actions/checkout@11bd71901bbe5b1630ceea73d27597364c9af683	2026-09-20T12:13:02.0491275Z [command]/usr/bin/git version
linux-portability (ubuntu-24.04)	Run actions/checkout@11bd71901bbe5b1630ceea73d27597364c9af683	2026-09-20T12:13:02.0588270Z git version 2.55.0
linux-portability (ubuntu-24.04)	Run actions/checkout@11bd71901bbe5b1630ceea73d27597364c9af683	2026-09-20T12:13:02.0611944Z ##[endgroup]
linux-portability (ubuntu-24.04)	Run actions/checkout@11bd71901bbe5b1630ceea73d27597364c9af683	2026-09-20T12:13:02.0629028Z Temporarily overriding HOME='/home/runner/work/_temp/e3fa5f78-790b-448e-8180-5e57ef5be65d' before making global git config changes
linux-portability (ubuntu-24.04)	Run actions/checkout@11bd71901bbe5b1630ceea73d27597364c9af683	2026-09-20T12:13:02.0631467Z Adding repository directory to the temporary git global config as a safe directory
linux-portability (ubuntu-24.04)	Run actions/checkout@11bd71901bbe5b1630ceea73d27597364c9af683	2026-09-20T12:13:02.0636273Z [command]/usr/bin/git config --global --add safe.directory /home/runner/work/rawk/rawk/rawk
linux-portability (ubuntu-24.04)	Run actions/checkout@11bd71901bbe5b1630ceea73d27597364c9af683	2026-09-20T12:13:02.0696383Z ##[group]Initializing the repository
linux-portability (ubuntu-24.04)	Run actions/checkout@11bd71901bbe5b1630ceea73d27597364c9af683	2026-09-20T12:13:02.0701970Z [command]/usr/bin/git init /home/runner/work/rawk/rawk/rawk
linux-portability (ubuntu-24.04)	Run actions/checkout@11bd71901bbe5b1630ceea73d27597364c9af683	2026-09-20T12:13:02.0818577Z hint: Using 'master' as the name for the initial branch. This default branch name
linux-portability (ubuntu-24.04)	Run actions/checkout@11bd71901bbe5b1630ceea73d27597364c9af683	2026-09-20T12:13:02.0819722Z hint: will change to "main" in Git 3.0. To configure the initial branch name
linux-portability (ubuntu-24.04)	Run actions/checkout@11bd71901bbe5b1630ceea73d27597364c9af683	2026-09-20T12:13:02.0820673Z hint: to use in all of your new repositories, which will suppress this warning,
linux-portability (ubuntu-24.04)	Run actions/checkout@11bd71901bbe5b1630ceea73d27597364c9af683	2026-09-20T12:13:02.0821415Z hint: call:
linux-portability (ubuntu-24.04)	Run actions/checkout@11bd71901bbe5b1630ceea73d27597364c9af683	2026-09-20T12:13:02.0821829Z hint:
linux-portability (ubuntu-24.04)	Run actions/checkout@11bd71901bbe5b1630ceea73d27597364c9af683	2026-09-20T12:13:02.0822388Z hint: 	git config --global init.defaultBranch <name>
linux-portability (ubuntu-24.04)	Run actions/checkout@11bd71901bbe5b1630ceea73d27597364c9af683	2026-09-20T12:13:02.0823009Z hint:
linux-portability (ubuntu-24.04)	Run actions/checkout@11bd71901bbe5b1630ceea73d27597364c9af683	2026-09-20T12:13:02.0823588Z hint: Names commonly chosen instead of 'master' are 'main', 'trunk' and
linux-portability (ubuntu-24.04)	Run actions/checkout@11bd71901bbe5b1630ceea73d27597364c9af683	2026-09-20T12:13:02.0825616Z hint: 'development'. The just-created branch can be renamed via this command:
linux-portability (ubuntu-24.04)	Run actions/checkout@11bd71901bbe5b1630ceea73d27597364c9af683	2026-09-20T12:13:02.0826485Z hint:
linux-portability (ubuntu-24.04)	Run actions/checkout@11bd71901bbe5b1630ceea73d27597364c9af683	2026-09-20T12:13:02.0826939Z hint: 	git branch -m <name>
linux-portability (ubuntu-24.04)	Run actions/checkout@11bd71901bbe5b1630ceea73d27597364c9af683	2026-09-20T12:13:02.0827432Z hint:
linux-portability (ubuntu-24.04)	Run actions/checkout@11bd71901bbe5b1630ceea73d27597364c9af683	2026-09-20T12:13:02.0828066Z hint: Disable this message with "git config set advice.defaultBranchName false"
linux-portability (ubuntu-24.04)	Run actions/checkout@11bd71901bbe5b1630ceea73d27597364c9af683	2026-09-20T12:13:02.0832626Z Initialized empty Git repository in /home/runner/work/rawk/rawk/rawk/.git/
linux-portability (ubuntu-24.04)	Run actions/checkout@11bd71901bbe5b1630ceea73d27597364c9af683	2026-09-20T12:13:02.0847058Z [command]/usr/bin/git remote add origin https://github.com/francescotinti/rawk
linux-portability (ubuntu-24.04)	Run actions/checkout@11bd71901bbe5b1630ceea73d27597364c9af683	2026-09-20T12:13:02.0895433Z ##[endgroup]
linux-portability (ubuntu-24.04)	Run actions/checkout@11bd71901bbe5b1630ceea73d27597364c9af683	2026-09-20T12:13:02.0896762Z ##[group]Disabling automatic garbage collection
linux-portability (ubuntu-24.04)	Run actions/checkout@11bd71901bbe5b1630ceea73d27597364c9af683	2026-09-20T12:13:02.0899740Z [command]/usr/bin/git config --local gc.auto 0
linux-portability (ubuntu-24.04)	Run actions/checkout@11bd71901bbe5b1630ceea73d27597364c9af683	2026-09-20T12:13:02.0948932Z ##[endgroup]
linux-portability (ubuntu-24.04)	Run actions/checkout@11bd71901bbe5b1630ceea73d27597364c9af683	2026-09-20T12:13:02.0950705Z ##[group]Setting up auth
linux-portability (ubuntu-24.04)	Run actions/checkout@11bd71901bbe5b1630ceea73d27597364c9af683	2026-09-20T12:13:02.0952402Z [command]/usr/bin/git config --local --name-only --get-regexp core\.sshCommand
linux-portability (ubuntu-24.04)	Run actions/checkout@11bd71901bbe5b1630ceea73d27597364c9af683	2026-09-20T12:13:02.0982220Z [command]/usr/bin/git submodule foreach --recursive sh -c "git config --local --name-only --get-regexp 'core\.sshCommand' && git config --local --unset-all 'core.sshCommand' || :"
linux-portability (ubuntu-24.04)	Run actions/checkout@11bd71901bbe5b1630ceea73d27597364c9af683	2026-09-20T12:13:02.1339995Z [command]/usr/bin/git config --local --name-only --get-regexp http\.https\:\/\/github\.com\/\.extraheader
linux-portability (ubuntu-24.04)	Run actions/checkout@11bd71901bbe5b1630ceea73d27597364c9af683	2026-09-20T12:13:02.1380445Z [command]/usr/bin/git submodule foreach --recursive sh -c "git config --local --name-only --get-regexp 'http\.https\:\/\/github\.com\/\.extraheader' && git config --local --unset-all 'http.https://github.com/.extraheader' || :"
linux-portability (ubuntu-24.04)	Run actions/checkout@11bd71901bbe5b1630ceea73d27597364c9af683	2026-09-20T12:13:02.1590428Z [command]/usr/bin/git config --local http.https://github.com/.extraheader AUTHORIZATION: basic ***
linux-portability (ubuntu-24.04)	Run actions/checkout@11bd71901bbe5b1630ceea73d27597364c9af683	2026-09-20T12:13:02.1632279Z ##[endgroup]
linux-portability (ubuntu-24.04)	Run actions/checkout@11bd71901bbe5b1630ceea73d27597364c9af683	2026-09-20T12:13:02.1633748Z ##[group]Fetching the repository
linux-portability (ubuntu-24.04)	Run actions/checkout@11bd71901bbe5b1630ceea73d27597364c9af683	2026-09-20T12:13:02.1645338Z [command]/usr/bin/git -c protocol.version=2 fetch --no-tags --prune --no-recurse-submodules --depth=1 origin +78bd646668714bd92348591d8d63224225d7990b:refs/remotes/origin/master
linux-portability (ubuntu-24.04)	Run actions/checkout@11bd71901bbe5b1630ceea73d27597364c9af683	2026-09-20T12:13:02.4883485Z From https://github.com/francescotinti/rawk
linux-portability (ubuntu-24.04)	Run actions/checkout@11bd71901bbe5b1630ceea73d27597364c9af683	2026-09-20T12:13:02.4885435Z  * [new ref]         78bd646668714bd92348591d8d63224225d7990b -> origin/master
linux-portability (ubuntu-24.04)	Run actions/checkout@11bd71901bbe5b1630ceea73d27597364c9af683	2026-09-20T12:13:02.4891115Z ##[endgroup]
linux-portability (ubuntu-24.04)	Run actions/checkout@11bd71901bbe5b1630ceea73d27597364c9af683	2026-09-20T12:13:02.4893752Z ##[group]Determining the checkout info
linux-portability (ubuntu-24.04)	Run actions/checkout@11bd71901bbe5b1630ceea73d27597364c9af683	2026-09-20T12:13:02.4896190Z ##[endgroup]
linux-portability (ubuntu-24.04)	Run actions/checkout@11bd71901bbe5b1630ceea73d27597364c9af683	2026-09-20T12:13:02.4901603Z [command]/usr/bin/git sparse-checkout disable
linux-portability (ubuntu-24.04)	Run actions/checkout@11bd71901bbe5b1630ceea73d27597364c9af683	2026-09-20T12:13:02.4953769Z [command]/usr/bin/git config --local --unset-all extensions.worktreeConfig
linux-portability (ubuntu-24.04)	Run actions/checkout@11bd71901bbe5b1630ceea73d27597364c9af683	2026-09-20T12:13:02.4983455Z ##[group]Checking out the ref
linux-portability (ubuntu-24.04)	Run actions/checkout@11bd71901bbe5b1630ceea73d27597364c9af683	2026-09-20T12:13:02.4990483Z [command]/usr/bin/git checkout --progress --force -B master refs/remotes/origin/master
linux-portability (ubuntu-24.04)	Run actions/checkout@11bd71901bbe5b1630ceea73d27597364c9af683	2026-09-20T12:13:02.5351856Z Reset branch 'master'
linux-portability (ubuntu-24.04)	Run actions/checkout@11bd71901bbe5b1630ceea73d27597364c9af683	2026-09-20T12:13:02.5357032Z branch 'master' set up to track 'origin/master'.
linux-portability (ubuntu-24.04)	Run actions/checkout@11bd71901bbe5b1630ceea73d27597364c9af683	2026-09-20T12:13:02.5367260Z ##[endgroup]
linux-portability (ubuntu-24.04)	Run actions/checkout@11bd71901bbe5b1630ceea73d27597364c9af683	2026-09-20T12:13:02.5414760Z [command]/usr/bin/git log -1 --format=%H
linux-portability (ubuntu-24.04)	Run actions/checkout@11bd71901bbe5b1630ceea73d27597364c9af683	2026-09-20T12:13:02.5448734Z 78bd646668714bd92348591d8d63224225d7990b
linux-portability (ubuntu-24.04)	Install pinned Rust toolchain	﻿2026-09-20T12:13:02.5661828Z ##[group]Run rustup toolchain install 1.96.0 --profile minimal --component rustfmt --component clippy
linux-portability (ubuntu-24.04)	Install pinned Rust toolchain	2026-09-20T12:13:02.5663372Z [36;1mrustup toolchain install 1.96.0 --profile minimal --component rustfmt --component clippy[0m
linux-portability (ubuntu-24.04)	Install pinned Rust toolchain	2026-09-20T12:13:02.5704653Z shell: /usr/bin/bash -e {0}
linux-portability (ubuntu-24.04)	Install pinned Rust toolchain	2026-09-20T12:13:02.5705294Z env:
linux-portability (ubuntu-24.04)	Install pinned Rust toolchain	2026-09-20T12:13:02.5705731Z   LC_ALL: C
linux-portability (ubuntu-24.04)	Install pinned Rust toolchain	2026-09-20T12:13:02.5706188Z   CARGO_INCREMENTAL: 0
linux-portability (ubuntu-24.04)	Install pinned Rust toolchain	2026-09-20T12:13:02.5706709Z   RUSTUP_TOOLCHAIN: 1.96.0
linux-portability (ubuntu-24.04)	Install pinned Rust toolchain	2026-09-20T12:13:02.5707239Z ##[endgroup]
linux-portability (ubuntu-24.04)	Install pinned Rust toolchain	2026-09-20T12:13:02.6188035Z info: syncing channel updates for 1.96.0-x86_64-unknown-linux-gnu
linux-portability (ubuntu-24.04)	Install pinned Rust toolchain	2026-09-20T12:13:02.7289851Z info: latest update on 2026-05-28 for version 1.96.0 (ac68faa20 2026-05-25)
linux-portability (ubuntu-24.04)	Install pinned Rust toolchain	2026-09-20T12:13:02.7290851Z info: downloading 5 components
linux-portability (ubuntu-24.04)	Install pinned Rust toolchain	2026-09-20T12:13:10.5635657Z 
linux-portability (ubuntu-24.04)	Install pinned Rust toolchain	2026-09-20T12:13:10.5707266Z   1.96.0-x86_64-unknown-linux-gnu installed - rustc 1.96.0 (ac68faa20 2026-05-25)
linux-portability (ubuntu-24.04)	Install pinned Rust toolchain	2026-09-20T12:13:10.5708132Z 
linux-portability (ubuntu-24.04)	Prepare tested locales and C build tools	﻿2026-09-20T12:13:10.5839397Z ##[group]Run sudo apt-get update
linux-portability (ubuntu-24.04)	Prepare tested locales and C build tools	2026-09-20T12:13:10.5839845Z [36;1msudo apt-get update[0m
linux-portability (ubuntu-24.04)	Prepare tested locales and C build tools	2026-09-20T12:13:10.5840238Z [36;1msudo apt-get install -y build-essential bison locales[0m
linux-portability (ubuntu-24.04)	Prepare tested locales and C build tools	2026-09-20T12:13:10.5840681Z [36;1msudo localedef -i en_US -f UTF-8 en_US.UTF-8[0m
linux-portability (ubuntu-24.04)	Prepare tested locales and C build tools	2026-09-20T12:13:10.5841126Z [36;1msudo localedef -i tr_TR -f UTF-8 tr_TR.UTF-8[0m
linux-portability (ubuntu-24.04)	Prepare tested locales and C build tools	2026-09-20T12:13:10.5841542Z [36;1msudo localedef -i en_US -f ISO-8859-1 en_US.ISO8859-1[0m
linux-portability (ubuntu-24.04)	Prepare tested locales and C build tools	2026-09-20T12:13:10.5841992Z [36;1msudo localedef -i tr_TR -f ISO-8859-9 tr_TR.ISO8859-9[0m
linux-portability (ubuntu-24.04)	Prepare tested locales and C build tools	2026-09-20T12:13:10.5842502Z [36;1msudo localedef --no-warnings=ascii -i ja_JP -f SHIFT_JIS ja_JP.SJIS[0m
linux-portability (ubuntu-24.04)	Prepare tested locales and C build tools	2026-09-20T12:13:10.5842935Z [36;1mlocale -a[0m
linux-portability (ubuntu-24.04)	Prepare tested locales and C build tools	2026-09-20T12:13:10.5843434Z [36;1mcc -std=c11 -Wall -Wextra -Werror scripts/shift_jis_locale_probe.c -o /tmp/rawk-sjis-locale-probe[0m
linux-portability (ubuntu-24.04)	Prepare tested locales and C build tools	2026-09-20T12:13:10.5843978Z [36;1mset -o pipefail[0m
linux-portability (ubuntu-24.04)	Prepare tested locales and C build tools	2026-09-20T12:13:10.5844699Z [36;1m/tmp/rawk-sjis-locale-probe 2>&1 | tee diary/shift-jis-locale-ci.log[0m
linux-portability (ubuntu-24.04)	Prepare tested locales and C build tools	2026-09-20T12:13:10.5883385Z shell: /usr/bin/bash -e {0}
linux-portability (ubuntu-24.04)	Prepare tested locales and C build tools	2026-09-20T12:13:10.5883703Z env:
linux-portability (ubuntu-24.04)	Prepare tested locales and C build tools	2026-09-20T12:13:10.5883937Z   LC_ALL: C
linux-portability (ubuntu-24.04)	Prepare tested locales and C build tools	2026-09-20T12:13:10.5884174Z   CARGO_INCREMENTAL: 0
linux-portability (ubuntu-24.04)	Prepare tested locales and C build tools	2026-09-20T12:13:10.5884752Z   RUSTUP_TOOLCHAIN: 1.96.0
linux-portability (ubuntu-24.04)	Prepare tested locales and C build tools	2026-09-20T12:13:10.5948731Z ##[endgroup]
linux-portability (ubuntu-24.04)	Prepare tested locales and C build tools	2026-09-20T12:13:10.6715678Z Get:1 file:/etc/apt/apt-mirrors.txt Mirrorlist [144 B]
linux-portability (ubuntu-24.04)	Prepare tested locales and C build tools	2026-09-20T12:13:10.7090500Z Hit:2 http://azure.archive.ubuntu.com/ubuntu noble InRelease
linux-portability (ubuntu-24.04)	Prepare tested locales and C build tools	2026-09-20T12:13:10.7103594Z Get:6 https://packages.microsoft.com/ubuntu/24.04/prod noble InRelease [3600 B]
linux-portability (ubuntu-24.04)	Prepare tested locales and C build tools	2026-09-20T12:13:10.7106996Z Get:3 http://azure.archive.ubuntu.com/ubuntu noble-updates InRelease [126 kB]
linux-portability (ubuntu-24.04)	Prepare tested locales and C build tools	2026-09-20T12:13:10.7159887Z Get:4 http://azure.archive.ubuntu.com/ubuntu noble-backports InRelease [126 kB]
linux-portability (ubuntu-24.04)	Prepare tested locales and C build tools	2026-09-20T12:13:10.7189390Z Get:5 http://azure.archive.ubuntu.com/ubuntu noble-security InRelease [126 kB]
linux-portability (ubuntu-24.04)	Prepare tested locales and C build tools	2026-09-20T12:13:10.7307384Z Get:7 https://dl.google.com/linux/chrome-stable/deb stable InRelease [2548 B]
linux-portability (ubuntu-24.04)	Prepare tested locales and C build tools	2026-09-20T12:13:10.8395067Z Get:8 https://packages.microsoft.com/ubuntu/24.04/prod noble/main amd64 Packages [478 kB]
linux-portability (ubuntu-24.04)	Prepare tested locales and C build tools	2026-09-20T12:13:10.8541677Z Get:9 https://packages.microsoft.com/ubuntu/24.04/prod noble/main arm64 Packages [429 kB]
linux-portability (ubuntu-24.04)	Prepare tested locales and C build tools	2026-09-20T12:13:10.8898601Z Get:10 http://azure.archive.ubuntu.com/ubuntu noble-updates/main amd64 Packages [1275 kB]
linux-portability (ubuntu-24.04)	Prepare tested locales and C build tools	2026-09-20T12:13:10.9010456Z Get:11 http://azure.archive.ubuntu.com/ubuntu noble-updates/main Translation-en [294 kB]
linux-portability (ubuntu-24.04)	Prepare tested locales and C build tools	2026-09-20T12:13:10.9019830Z Get:12 http://azure.archive.ubuntu.com/ubuntu noble-updates/main amd64 Components [180 kB]
linux-portability (ubuntu-24.04)	Prepare tested locales and C build tools	2026-09-20T12:13:10.9049646Z Get:13 http://azure.archive.ubuntu.com/ubuntu noble-updates/universe amd64 Packages [1689 kB]
linux-portability (ubuntu-24.04)	Prepare tested locales and C build tools	2026-09-20T12:13:10.9135569Z Get:14 http://azure.archive.ubuntu.com/ubuntu noble-updates/universe Translation-en [338 kB]
linux-portability (ubuntu-24.04)	Prepare tested locales and C build tools	2026-09-20T12:13:10.9159966Z Get:15 http://azure.archive.ubuntu.com/ubuntu noble-updates/universe amd64 Components [388 kB]
linux-portability (ubuntu-24.04)	Prepare tested locales and C build tools	2026-09-20T12:13:10.9190697Z Get:16 http://azure.archive.ubuntu.com/ubuntu noble-updates/restricted amd64 Packages [1580 kB]
linux-portability (ubuntu-24.04)	Prepare tested locales and C build tools	2026-09-20T12:13:10.9286391Z Get:17 http://azure.archive.ubuntu.com/ubuntu noble-updates/restricted Translation-en [359 kB]
linux-portability (ubuntu-24.04)	Prepare tested locales and C build tools	2026-09-20T12:13:10.9318003Z Get:18 http://azure.archive.ubuntu.com/ubuntu noble-updates/multiverse amd64 Packages [45.7 kB]
linux-portability (ubuntu-24.04)	Prepare tested locales and C build tools	2026-09-20T12:13:10.9328398Z Get:19 http://azure.archive.ubuntu.com/ubuntu noble-updates/multiverse Translation-en [13.1 kB]
linux-portability (ubuntu-24.04)	Prepare tested locales and C build tools	2026-09-20T12:13:10.9811401Z Get:20 http://azure.archive.ubuntu.com/ubuntu noble-updates/multiverse amd64 Components [940 B]
linux-portability (ubuntu-24.04)	Prepare tested locales and C build tools	2026-09-20T12:13:10.9830411Z Get:21 http://azure.archive.ubuntu.com/ubuntu noble-backports/main amd64 Packages [65.9 kB]
linux-portability (ubuntu-24.04)	Prepare tested locales and C build tools	2026-09-20T12:13:10.9846164Z Get:22 http://azure.archive.ubuntu.com/ubuntu noble-backports/main amd64 Components [5768 B]
linux-portability (ubuntu-24.04)	Prepare tested locales and C build tools	2026-09-20T12:13:10.9858656Z Get:23 http://azure.archive.ubuntu.com/ubuntu noble-backports/universe amd64 Packages [34.6 kB]
linux-portability (ubuntu-24.04)	Prepare tested locales and C build tools	2026-09-20T12:13:10.9872425Z Get:24 http://azure.archive.ubuntu.com/ubuntu noble-backports/universe Translation-en [18.7 kB]
linux-portability (ubuntu-24.04)	Prepare tested locales and C build tools	2026-09-20T12:13:10.9889340Z Get:25 http://azure.archive.ubuntu.com/ubuntu noble-backports/universe amd64 Components [12.6 kB]
linux-portability (ubuntu-24.04)	Prepare tested locales and C build tools	2026-09-20T12:13:11.0035911Z Get:26 http://azure.archive.ubuntu.com/ubuntu noble-security/main amd64 Packages [1009 kB]
linux-portability (ubuntu-24.04)	Prepare tested locales and C build tools	2026-09-20T12:13:11.0105523Z Get:27 http://azure.archive.ubuntu.com/ubuntu noble-security/main Translation-en [214 kB]
linux-portability (ubuntu-24.04)	Prepare tested locales and C build tools	2026-09-20T12:13:11.0106939Z Get:28 http://azure.archive.ubuntu.com/ubuntu noble-security/main amd64 Components [46.4 kB]
linux-portability (ubuntu-24.04)	Prepare tested locales and C build tools	2026-09-20T12:13:11.0132224Z Get:29 http://azure.archive.ubuntu.com/ubuntu noble-security/universe amd64 Packages [1208 kB]
linux-portability (ubuntu-24.04)	Prepare tested locales and C build tools	2026-09-20T12:13:11.0187185Z Get:30 http://azure.archive.ubuntu.com/ubuntu noble-security/universe Translation-en [243 kB]
linux-portability (ubuntu-24.04)	Prepare tested locales and C build tools	2026-09-20T12:13:11.0212615Z Get:31 http://azure.archive.ubuntu.com/ubuntu noble-security/universe amd64 Components [76.2 kB]
linux-portability (ubuntu-24.04)	Prepare tested locales and C build tools	2026-09-20T12:13:11.0231756Z Get:32 http://azure.archive.ubuntu.com/ubuntu noble-security/restricted amd64 Packages [1449 kB]
linux-portability (ubuntu-24.04)	Prepare tested locales and C build tools	2026-09-20T12:13:11.0314809Z Get:33 http://azure.archive.ubuntu.com/ubuntu noble-security/restricted Translation-en [336 kB]
linux-portability (ubuntu-24.04)	Prepare tested locales and C build tools	2026-09-20T12:13:11.0730867Z Get:35 https://dl.google.com/linux/chrome-stable/deb stable/main amd64 Packages [1408 B]
linux-portability (ubuntu-24.04)	Prepare tested locales and C build tools	2026-09-20T12:13:11.0770516Z Get:34 http://azure.archive.ubuntu.com/ubuntu noble-security/multiverse Translation-en [11.3 kB]
linux-portability (ubuntu-24.04)	Prepare tested locales and C build tools	2026-09-20T12:13:15.1891385Z Fetched 12.2 MB in 1s (9114 kB/s)
linux-portability (ubuntu-24.04)	Prepare tested locales and C build tools	2026-09-20T12:13:15.9916001Z Reading package lists...
linux-portability (ubuntu-24.04)	Prepare tested locales and C build tools	2026-09-20T12:13:16.0208007Z Reading package lists...
linux-portability (ubuntu-24.04)	Prepare tested locales and C build tools	2026-09-20T12:13:16.1837762Z Building dependency tree...
linux-portability (ubuntu-24.04)	Prepare tested locales and C build tools	2026-09-20T12:13:16.1844424Z Reading state information...
linux-portability (ubuntu-24.04)	Prepare tested locales and C build tools	2026-09-20T12:13:16.3331353Z The following additional packages will be installed:
linux-portability (ubuntu-24.04)	Prepare tested locales and C build tools	2026-09-20T12:13:16.3336155Z   libc-bin libc-dev-bin libc6 libc6-dev libc6-i386
linux-portability (ubuntu-24.04)	Prepare tested locales and C build tools	2026-09-20T12:13:16.3345166Z Suggested packages:
linux-portability (ubuntu-24.04)	Prepare tested locales and C build tools	2026-09-20T12:13:16.3345768Z   bison-doc glibc-doc libnss-nis libnss-nisplus manpages-dev
linux-portability (ubuntu-24.04)	Prepare tested locales and C build tools	2026-09-20T12:13:16.3346149Z Recommended packages:
linux-portability (ubuntu-24.04)	Prepare tested locales and C build tools	2026-09-20T12:13:16.3346389Z   manpages-dev libc-devtools
linux-portability (ubuntu-24.04)	Prepare tested locales and C build tools	2026-09-20T12:13:16.3600176Z The following NEW packages will be installed:
linux-portability (ubuntu-24.04)	Prepare tested locales and C build tools	2026-09-20T12:13:16.3607956Z   build-essential
linux-portability (ubuntu-24.04)	Prepare tested locales and C build tools	2026-09-20T12:13:16.3610807Z The following packages will be upgraded:
linux-portability (ubuntu-24.04)	Prepare tested locales and C build tools	2026-09-20T12:13:16.3616836Z   bison libc-bin libc-dev-bin libc6 libc6-dev libc6-i386 locales
linux-portability (ubuntu-24.04)	Prepare tested locales and C build tools	2026-09-20T12:13:16.3778687Z 7 upgraded, 1 newly installed, 0 to remove and 66 not upgraded.
linux-portability (ubuntu-24.04)	Prepare tested locales and C build tools	2026-09-20T12:13:16.3779380Z Need to get 13.9 MB of archives.
linux-portability (ubuntu-24.04)	Prepare tested locales and C build tools	2026-09-20T12:13:16.3779992Z After this operation, 27.6 kB of additional disk space will be used.
linux-portability (ubuntu-24.04)	Prepare tested locales and C build tools	2026-09-20T12:13:16.3780725Z Get:1 file:/etc/apt/apt-mirrors.txt Mirrorlist [144 B]
linux-portability (ubuntu-24.04)	Prepare tested locales and C build tools	2026-09-20T12:13:16.4109447Z Get:2 http://azure.archive.ubuntu.com/ubuntu noble-updates/main amd64 libc6-dev amd64 2.39-0ubuntu8.9 [2126 kB]
linux-portability (ubuntu-24.04)	Prepare tested locales and C build tools	2026-09-20T12:13:16.4379986Z Get:3 http://azure.archive.ubuntu.com/ubuntu noble-updates/main amd64 libc-dev-bin amd64 2.39-0ubuntu8.9 [20.4 kB]
linux-portability (ubuntu-24.04)	Prepare tested locales and C build tools	2026-09-20T12:13:16.4463218Z Get:4 http://azure.archive.ubuntu.com/ubuntu noble-updates/main amd64 libc6-i386 amd64 2.39-0ubuntu8.9 [2787 kB]
linux-portability (ubuntu-24.04)	Prepare tested locales and C build tools	2026-09-20T12:13:16.4788044Z Get:5 http://azure.archive.ubuntu.com/ubuntu noble-updates/main amd64 libc6 amd64 2.39-0ubuntu8.9 [3264 kB]
linux-portability (ubuntu-24.04)	Prepare tested locales and C build tools	2026-09-20T12:13:16.5086530Z Get:6 http://azure.archive.ubuntu.com/ubuntu noble-updates/main amd64 libc-bin amd64 2.39-0ubuntu8.9 [682 kB]
linux-portability (ubuntu-24.04)	Prepare tested locales and C build tools	2026-09-20T12:13:16.5215408Z Get:7 http://azure.archive.ubuntu.com/ubuntu noble-updates/main amd64 locales all 2.39-0ubuntu8.9 [4232 kB]
linux-portability (ubuntu-24.04)	Prepare tested locales and C build tools	2026-09-20T12:13:16.5588543Z Get:8 http://azure.archive.ubuntu.com/ubuntu noble-updates/main amd64 bison amd64 2:3.8.2+dfsg-1ubuntu0.24.04.1 [749 kB]
linux-portability (ubuntu-24.04)	Prepare tested locales and C build tools	2026-09-20T12:13:16.5711227Z Get:9 http://azure.archive.ubuntu.com/ubuntu noble/main amd64 build-essential amd64 12.10ubuntu1 [4928 B]
linux-portability (ubuntu-24.04)	Prepare tested locales and C build tools	2026-09-20T12:13:16.7944144Z Preconfiguring packages ...
linux-portability (ubuntu-24.04)	Prepare tested locales and C build tools	2026-09-20T12:13:16.8763158Z Fetched 13.9 MB in 0s (68.1 MB/s)
linux-portability (ubuntu-24.04)	Prepare tested locales and C build tools	2026-09-20T12:13:16.9301662Z (Reading database ... 
linux-portability (ubuntu-24.04)	Prepare tested locales and C build tools	2026-09-20T12:13:16.9302074Z (Reading database ... 5%
linux-portability (ubuntu-24.04)	Prepare tested locales and C build tools	2026-09-20T12:13:16.9302352Z (Reading database ... 10%
linux-portability (ubuntu-24.04)	Prepare tested locales and C build tools	2026-09-20T12:13:16.9303007Z (Reading database ... 15%
linux-portability (ubuntu-24.04)	Prepare tested locales and C build tools	2026-09-20T12:13:16.9303249Z (Reading database ... 20%
linux-portability (ubuntu-24.04)	Prepare tested locales and C build tools	2026-09-20T12:13:16.9303484Z (Reading database ... 25%
linux-portability (ubuntu-24.04)	Prepare tested locales and C build tools	2026-09-20T12:13:16.9303911Z (Reading database ... 30%
linux-portability (ubuntu-24.04)	Prepare tested locales and C build tools	2026-09-20T12:13:16.9304560Z (Reading database ... 35%
linux-portability (ubuntu-24.04)	Prepare tested locales and C build tools	2026-09-20T12:13:16.9305021Z (Reading database ... 40%
linux-portability (ubuntu-24.04)	Prepare tested locales and C build tools	2026-09-20T12:13:16.9305448Z (Reading database ... 45%
linux-portability (ubuntu-24.04)	Prepare tested locales and C build tools	2026-09-20T12:13:16.9305868Z (Reading database ... 50%
linux-portability (ubuntu-24.04)	Prepare tested locales and C build tools	2026-09-20T12:13:16.9379960Z (Reading database ... 55%
linux-portability (ubuntu-24.04)	Prepare tested locales and C build tools	2026-09-20T12:13:17.0909629Z (Reading database ... 60%
linux-portability (ubuntu-24.04)	Prepare tested locales and C build tools	2026-09-20T12:13:17.2884218Z (Reading database ... 65%
linux-portability (ubuntu-24.04)	Prepare tested locales and C build tools	2026-09-20T12:13:17.4395860Z (Reading database ... 70%
linux-portability (ubuntu-24.04)	Prepare tested locales and C build tools	2026-09-20T12:13:17.6276999Z (Reading database ... 75%
linux-portability (ubuntu-24.04)	Prepare tested locales and C build tools	2026-09-20T12:13:17.8131865Z (Reading database ... 80%
linux-portability (ubuntu-24.04)	Prepare tested locales and C build tools	2026-09-20T12:13:18.0357291Z (Reading database ... 85%
linux-portability (ubuntu-24.04)	Prepare tested locales and C build tools	2026-09-20T12:13:18.2229554Z (Reading database ... 90%
linux-portability (ubuntu-24.04)	Prepare tested locales and C build tools	2026-09-20T12:13:18.3966583Z (Reading database ... 95%
linux-portability (ubuntu-24.04)	Prepare tested locales and C build tools	2026-09-20T12:13:18.3967111Z (Reading database ... 100%
linux-portability (ubuntu-24.04)	Prepare tested locales and C build tools	2026-09-20T12:13:18.3967709Z (Reading database ... 201818 files and directories currently installed.)
linux-portability (ubuntu-24.04)	Prepare tested locales and C build tools	2026-09-20T12:13:18.4009910Z Preparing to unpack .../libc6-dev_2.39-0ubuntu8.9_amd64.deb ...
linux-portability (ubuntu-24.04)	Prepare tested locales and C build tools	2026-09-20T12:13:18.4064007Z Unpacking libc6-dev:amd64 (2.39-0ubuntu8.9) over (2.39-0ubuntu8.8) ...
linux-portability (ubuntu-24.04)	Prepare tested locales and C build tools	2026-09-20T12:13:18.6108383Z Preparing to unpack .../libc-dev-bin_2.39-0ubuntu8.9_amd64.deb ...
linux-portability (ubuntu-24.04)	Prepare tested locales and C build tools	2026-09-20T12:13:18.6143105Z Unpacking libc-dev-bin (2.39-0ubuntu8.9) over (2.39-0ubuntu8.8) ...
linux-portability (ubuntu-24.04)	Prepare tested locales and C build tools	2026-09-20T12:13:18.6545278Z Preparing to unpack .../libc6-i386_2.39-0ubuntu8.9_amd64.deb ...
linux-portability (ubuntu-24.04)	Prepare tested locales and C build tools	2026-09-20T12:13:18.6668542Z Unpacking libc6-i386 (2.39-0ubuntu8.9) over (2.39-0ubuntu8.8) ...
linux-portability (ubuntu-24.04)	Prepare tested locales and C build tools	2026-09-20T12:13:18.8005135Z Preparing to unpack .../libc6_2.39-0ubuntu8.9_amd64.deb ...
linux-portability (ubuntu-24.04)	Prepare tested locales and C build tools	2026-09-20T12:13:18.9443956Z Unpacking libc6:amd64 (2.39-0ubuntu8.9) over (2.39-0ubuntu8.8) ...
linux-portability (ubuntu-24.04)	Prepare tested locales and C build tools	2026-09-20T12:13:19.0786444Z Setting up libc6:amd64 (2.39-0ubuntu8.9) ...
linux-portability (ubuntu-24.04)	Prepare tested locales and C build tools	2026-09-20T12:13:19.5007662Z (Reading database ... 
linux-portability (ubuntu-24.04)	Prepare tested locales and C build tools	2026-09-20T12:13:19.5008327Z (Reading database ... 5%
linux-portability (ubuntu-24.04)	Prepare tested locales and C build tools	2026-09-20T12:13:19.5008687Z (Reading database ... 10%
linux-portability (ubuntu-24.04)	Prepare tested locales and C build tools	2026-09-20T12:13:19.5009134Z (Reading database ... 15%
linux-portability (ubuntu-24.04)	Prepare tested locales and C build tools	2026-09-20T12:13:19.5009563Z (Reading database ... 20%
linux-portability (ubuntu-24.04)	Prepare tested locales and C build tools	2026-09-20T12:13:19.5009933Z (Reading database ... 25%
linux-portability (ubuntu-24.04)	Prepare tested locales and C build tools	2026-09-20T12:13:19.5010382Z (Reading database ... 30%
linux-portability (ubuntu-24.04)	Prepare tested locales and C build tools	2026-09-20T12:13:19.5010850Z (Reading database ... 35%
linux-portability (ubuntu-24.04)	Prepare tested locales and C build tools	2026-09-20T12:13:19.5011162Z (Reading database ... 40%
linux-portability (ubuntu-24.04)	Prepare tested locales and C build tools	2026-09-20T12:13:19.5011808Z (Reading database ... 45%
linux-portability (ubuntu-24.04)	Prepare tested locales and C build tools	2026-09-20T12:13:19.5012467Z (Reading database ... 50%
linux-portability (ubuntu-24.04)	Prepare tested locales and C build tools	2026-09-20T12:13:19.5018015Z (Reading database ... 55%
linux-portability (ubuntu-24.04)	Prepare tested locales and C build tools	2026-09-20T12:13:19.5138644Z (Reading database ... 60%
linux-portability (ubuntu-24.04)	Prepare tested locales and C build tools	2026-09-20T12:13:19.5164806Z (Reading database ... 65%
linux-portability (ubuntu-24.04)	Prepare tested locales and C build tools	2026-09-20T12:13:19.5196749Z (Reading database ... 70%
linux-portability (ubuntu-24.04)	Prepare tested locales and C build tools	2026-09-20T12:13:19.5220385Z (Reading database ... 75%
linux-portability (ubuntu-24.04)	Prepare tested locales and C build tools	2026-09-20T12:13:19.5351627Z (Reading database ... 80%
linux-portability (ubuntu-24.04)	Prepare tested locales and C build tools	2026-09-20T12:13:19.5372495Z (Reading database ... 85%
linux-portability (ubuntu-24.04)	Prepare tested locales and C build tools	2026-09-20T12:13:19.5446655Z (Reading database ... 90%
linux-portability (ubuntu-24.04)	Prepare tested locales and C build tools	2026-09-20T12:13:19.5654076Z (Reading database ... 95%
linux-portability (ubuntu-24.04)	Prepare tested locales and C build tools	2026-09-20T12:13:19.5655121Z (Reading database ... 100%
linux-portability (ubuntu-24.04)	Prepare tested locales and C build tools	2026-09-20T12:13:19.5655727Z (Reading database ... 201818 files and directories currently installed.)
linux-portability (ubuntu-24.04)	Prepare tested locales and C build tools	2026-09-20T12:13:19.5695274Z Preparing to unpack .../libc-bin_2.39-0ubuntu8.9_amd64.deb ...
linux-portability (ubuntu-24.04)	Prepare tested locales and C build tools	2026-09-20T12:13:19.5729265Z Unpacking libc-bin (2.39-0ubuntu8.9) over (2.39-0ubuntu8.8) ...
linux-portability (ubuntu-24.04)	Prepare tested locales and C build tools	2026-09-20T12:13:19.6295150Z Setting up libc-bin (2.39-0ubuntu8.9) ...
linux-portability (ubuntu-24.04)	Prepare tested locales and C build tools	2026-09-20T12:13:19.6931427Z (Reading database ... 
linux-portability (ubuntu-24.04)	Prepare tested locales and C build tools	2026-09-20T12:13:19.6931777Z (Reading database ... 5%
linux-portability (ubuntu-24.04)	Prepare tested locales and C build tools	2026-09-20T12:13:19.6932066Z (Reading database ... 10%
linux-portability (ubuntu-24.04)	Prepare tested locales and C build tools	2026-09-20T12:13:19.6932348Z (Reading database ... 15%
linux-portability (ubuntu-24.04)	Prepare tested locales and C build tools	2026-09-20T12:13:19.6932627Z (Reading database ... 20%
linux-portability (ubuntu-24.04)	Prepare tested locales and C build tools	2026-09-20T12:13:19.6932894Z (Reading database ... 25%
linux-portability (ubuntu-24.04)	Prepare tested locales and C build tools	2026-09-20T12:13:19.6933159Z (Reading database ... 30%
linux-portability (ubuntu-24.04)	Prepare tested locales and C build tools	2026-09-20T12:13:19.6933422Z (Reading database ... 35%
linux-portability (ubuntu-24.04)	Prepare tested locales and C build tools	2026-09-20T12:13:19.6933683Z (Reading database ... 40%
linux-portability (ubuntu-24.04)	Prepare tested locales and C build tools	2026-09-20T12:13:19.6933943Z (Reading database ... 45%
linux-portability (ubuntu-24.04)	Prepare tested locales and C build tools	2026-09-20T12:13:19.6934208Z (Reading database ... 50%
linux-portability (ubuntu-24.04)	Prepare tested locales and C build tools	2026-09-20T12:13:19.6952505Z (Reading database ... 55%
linux-portability (ubuntu-24.04)	Prepare tested locales and C build tools	2026-09-20T12:13:19.7055188Z (Reading database ... 60%
linux-portability (ubuntu-24.04)	Prepare tested locales and C build tools	2026-09-20T12:13:19.7077960Z (Reading database ... 65%
linux-portability (ubuntu-24.04)	Prepare tested locales and C build tools	2026-09-20T12:13:19.7108780Z (Reading database ... 70%
linux-portability (ubuntu-24.04)	Prepare tested locales and C build tools	2026-09-20T12:13:19.7132547Z (Reading database ... 75%
linux-portability (ubuntu-24.04)	Prepare tested locales and C build tools	2026-09-20T12:13:19.7264576Z (Reading database ... 80%
linux-portability (ubuntu-24.04)	Prepare tested locales and C build tools	2026-09-20T12:13:19.7286069Z (Reading database ... 85%
linux-portability (ubuntu-24.04)	Prepare tested locales and C build tools	2026-09-20T12:13:19.7362442Z (Reading database ... 90%
linux-portability (ubuntu-24.04)	Prepare tested locales and C build tools	2026-09-20T12:13:19.7578409Z (Reading database ... 95%
linux-portability (ubuntu-24.04)	Prepare tested locales and C build tools	2026-09-20T12:13:19.7578880Z (Reading database ... 100%
linux-portability (ubuntu-24.04)	Prepare tested locales and C build tools	2026-09-20T12:13:19.7579443Z (Reading database ... 201818 files and directories currently installed.)
linux-portability (ubuntu-24.04)	Prepare tested locales and C build tools	2026-09-20T12:13:19.7618769Z Preparing to unpack .../locales_2.39-0ubuntu8.9_all.deb ...
linux-portability (ubuntu-24.04)	Prepare tested locales and C build tools	2026-09-20T12:13:19.7678393Z Unpacking locales (2.39-0ubuntu8.9) over (2.39-0ubuntu8.8) ...
linux-portability (ubuntu-24.04)	Prepare tested locales and C build tools	2026-09-20T12:13:19.9829768Z Preparing to unpack .../bison_2%3a3.8.2+dfsg-1ubuntu0.24.04.1_amd64.deb ...
linux-portability (ubuntu-24.04)	Prepare tested locales and C build tools	2026-09-20T12:13:19.9911259Z Unpacking bison (2:3.8.2+dfsg-1ubuntu0.24.04.1) over (2:3.8.2+dfsg-1build2) ...
linux-portability (ubuntu-24.04)	Prepare tested locales and C build tools	2026-09-20T12:13:20.0552662Z Selecting previously unselected package build-essential.
linux-portability (ubuntu-24.04)	Prepare tested locales and C build tools	2026-09-20T12:13:20.0677556Z Preparing to unpack .../build-essential_12.10ubuntu1_amd64.deb ...
linux-portability (ubuntu-24.04)	Prepare tested locales and C build tools	2026-09-20T12:13:20.0685738Z Unpacking build-essential (12.10ubuntu1) ...
linux-portability (ubuntu-24.04)	Prepare tested locales and C build tools	2026-09-20T12:13:20.1041741Z Setting up locales (2.39-0ubuntu8.9) ...
linux-portability (ubuntu-24.04)	Prepare tested locales and C build tools	2026-09-20T12:13:20.5855233Z Generating locales (this might take a while)...
linux-portability (ubuntu-24.04)	Prepare tested locales and C build tools	2026-09-20T12:13:21.6747247Z   en_US.UTF-8... done
linux-portability (ubuntu-24.04)	Prepare tested locales and C build tools	2026-09-20T12:13:21.6748749Z Generation complete.
linux-portability (ubuntu-24.04)	Prepare tested locales and C build tools	2026-09-20T12:13:21.6977832Z Setting up bison (2:3.8.2+dfsg-1ubuntu0.24.04.1) ...
linux-portability (ubuntu-24.04)	Prepare tested locales and C build tools	2026-09-20T12:13:21.7053247Z Setting up libc6-i386 (2.39-0ubuntu8.9) ...
linux-portability (ubuntu-24.04)	Prepare tested locales and C build tools	2026-09-20T12:13:21.7097159Z Setting up libc-dev-bin (2.39-0ubuntu8.9) ...
linux-portability (ubuntu-24.04)	Prepare tested locales and C build tools	2026-09-20T12:13:21.7117398Z Setting up libc6-dev:amd64 (2.39-0ubuntu8.9) ...
linux-portability (ubuntu-24.04)	Prepare tested locales and C build tools	2026-09-20T12:13:21.7139274Z Setting up build-essential (12.10ubuntu1) ...
linux-portability (ubuntu-24.04)	Prepare tested locales and C build tools	2026-09-20T12:13:21.7163494Z Processing triggers for man-db (2.12.0-4build2) ...
linux-portability (ubuntu-24.04)	Prepare tested locales and C build tools	2026-09-20T12:13:21.7185950Z Not building database; man-db/auto-update is not 'true'.
linux-portability (ubuntu-24.04)	Prepare tested locales and C build tools	2026-09-20T12:13:21.7198487Z Processing triggers for libc-bin (2.39-0ubuntu8.9) ...
linux-portability (ubuntu-24.04)	Prepare tested locales and C build tools	2026-09-20T12:13:22.1081860Z 
linux-portability (ubuntu-24.04)	Prepare tested locales and C build tools	2026-09-20T12:13:22.1082581Z Running kernel seems to be up-to-date.
linux-portability (ubuntu-24.04)	Prepare tested locales and C build tools	2026-09-20T12:13:22.1082993Z 
linux-portability (ubuntu-24.04)	Prepare tested locales and C build tools	2026-09-20T12:13:22.1083142Z Restarting services...
linux-portability (ubuntu-24.04)	Prepare tested locales and C build tools	2026-09-20T12:13:22.2644595Z  systemctl restart chrony.service containerd.service cron.service haveged.service hv-kvp-daemon.service multipathd.service packagekit.service php8.3-fpm.service polkit.service rsyslog.service systemd-journald.service systemd-networkd.service systemd-resolved.service systemd-udevd.service udisks2.service
linux-portability (ubuntu-24.04)	Prepare tested locales and C build tools	2026-09-20T12:13:22.6258159Z 
linux-portability (ubuntu-24.04)	Prepare tested locales and C build tools	2026-09-20T12:13:22.6258659Z Service restarts being deferred:
linux-portability (ubuntu-24.04)	Prepare tested locales and C build tools	2026-09-20T12:13:22.6259213Z  systemctl restart ModemManager.service
linux-portability (ubuntu-24.04)	Prepare tested locales and C build tools	2026-09-20T12:13:22.6259750Z  /etc/needrestart/restart.d/dbus.service
linux-portability (ubuntu-24.04)	Prepare tested locales and C build tools	2026-09-20T12:13:22.6260354Z  systemctl restart docker.service
linux-portability (ubuntu-24.04)	Prepare tested locales and C build tools	2026-09-20T12:13:22.6260825Z  systemctl restart getty@tty1.service
linux-portability (ubuntu-24.04)	Prepare tested locales and C build tools	2026-09-20T12:13:22.6261378Z  systemctl restart hosted-compute-agent.service
linux-portability (ubuntu-24.04)	Prepare tested locales and C build tools	2026-09-20T12:13:22.6262024Z  systemctl restart networkd-dispatcher.service
linux-portability (ubuntu-24.04)	Prepare tested locales and C build tools	2026-09-20T12:13:22.6262651Z  systemctl restart serial-getty@ttyS0.service
linux-portability (ubuntu-24.04)	Prepare tested locales and C build tools	2026-09-20T12:13:22.6263369Z  systemctl restart systemd-logind.service
linux-portability (ubuntu-24.04)	Prepare tested locales and C build tools	2026-09-20T12:13:22.6265357Z  systemctl restart walinuxagent.service
linux-portability (ubuntu-24.04)	Prepare tested locales and C build tools	2026-09-20T12:13:22.6265797Z 
linux-portability (ubuntu-24.04)	Prepare tested locales and C build tools	2026-09-20T12:13:22.6265981Z No containers need to be restarted.
linux-portability (ubuntu-24.04)	Prepare tested locales and C build tools	2026-09-20T12:13:22.6266301Z 
linux-portability (ubuntu-24.04)	Prepare tested locales and C build tools	2026-09-20T12:13:22.6266482Z User sessions running outdated binaries:
linux-portability (ubuntu-24.04)	Prepare tested locales and C build tools	2026-09-20T12:13:22.6352535Z  runner @ user manager service: systemd[1216]
linux-portability (ubuntu-24.04)	Prepare tested locales and C build tools	2026-09-20T12:13:22.6352911Z 
linux-portability (ubuntu-24.04)	Prepare tested locales and C build tools	2026-09-20T12:13:22.6353355Z No VM guests are running outdated hypervisor (qemu) binaries on this host.
linux-portability (ubuntu-24.04)	Prepare tested locales and C build tools	2026-09-20T12:13:26.5596837Z C
linux-portability (ubuntu-24.04)	Prepare tested locales and C build tools	2026-09-20T12:13:26.5597115Z C.utf8
linux-portability (ubuntu-24.04)	Prepare tested locales and C build tools	2026-09-20T12:13:26.5597301Z POSIX
linux-portability (ubuntu-24.04)	Prepare tested locales and C build tools	2026-09-20T12:13:26.5597492Z en_US.iso88591
linux-portability (ubuntu-24.04)	Prepare tested locales and C build tools	2026-09-20T12:13:26.5597692Z en_US.utf8
linux-portability (ubuntu-24.04)	Prepare tested locales and C build tools	2026-09-20T12:13:26.5597871Z ja_JP.sjis
linux-portability (ubuntu-24.04)	Prepare tested locales and C build tools	2026-09-20T12:13:26.5598045Z tr_TR.iso88599
linux-portability (ubuntu-24.04)	Prepare tested locales and C build tools	2026-09-20T12:13:26.5598231Z tr_TR.utf8
linux-portability (ubuntu-24.04)	Prepare tested locales and C build tools	2026-09-20T12:13:26.6813351Z locale=ja_JP.SJIS codeset=SHIFT_JIS MB_CUR_MAX=2 wchar_t=4
linux-portability (ubuntu-24.04)	Prepare tested locales and C build tools	2026-09-20T12:13:26.6814300Z decode=2 wchar=0xff41
linux-portability (ubuntu-24.04)	Prepare tested locales and C build tools	2026-09-20T12:13:26.6814933Z encode=2
linux-portability (ubuntu-24.04)	Prepare tested locales and C build tools	2026-09-20T12:13:26.6815261Z truncated=incomplete
linux-portability (ubuntu-24.04)	Prepare tested locales and C build tools	2026-09-20T12:13:26.6815825Z invalid=error errno=84
linux-portability (ubuntu-24.04)	Build pinned original C oracle	﻿2026-09-20T12:13:26.6845817Z ##[group]Run git init ../c_awk
linux-portability (ubuntu-24.04)	Build pinned original C oracle	2026-09-20T12:13:26.6846122Z [36;1mgit init ../c_awk[0m
linux-portability (ubuntu-24.04)	Build pinned original C oracle	2026-09-20T12:13:26.6846505Z [36;1mgit -C ../c_awk remote add origin https://github.com/onetrueawk/awk.git[0m
linux-portability (ubuntu-24.04)	Build pinned original C oracle	2026-09-20T12:13:26.6847051Z [36;1mgit -C ../c_awk fetch --depth 1 origin 5739fd79bcfc75ba7526773d0cf634521f8aca3c[0m
linux-portability (ubuntu-24.04)	Build pinned original C oracle	2026-09-20T12:13:26.6847500Z [36;1mgit -C ../c_awk checkout --detach FETCH_HEAD[0m
linux-portability (ubuntu-24.04)	Build pinned original C oracle	2026-09-20T12:13:26.6847795Z [36;1mmake -C ../c_awk[0m
linux-portability (ubuntu-24.04)	Build pinned original C oracle	2026-09-20T12:13:26.6848023Z [36;1m../c_awk/a.out --version[0m
linux-portability (ubuntu-24.04)	Build pinned original C oracle	2026-09-20T12:13:26.6884588Z shell: /usr/bin/bash -e {0}
linux-portability (ubuntu-24.04)	Build pinned original C oracle	2026-09-20T12:13:26.6884875Z env:
linux-portability (ubuntu-24.04)	Build pinned original C oracle	2026-09-20T12:13:26.6885055Z   LC_ALL: C
linux-portability (ubuntu-24.04)	Build pinned original C oracle	2026-09-20T12:13:26.6885247Z   CARGO_INCREMENTAL: 0
linux-portability (ubuntu-24.04)	Build pinned original C oracle	2026-09-20T12:13:26.6885474Z   RUSTUP_TOOLCHAIN: 1.96.0
linux-portability (ubuntu-24.04)	Build pinned original C oracle	2026-09-20T12:13:26.6885697Z ##[endgroup]
linux-portability (ubuntu-24.04)	Build pinned original C oracle	2026-09-20T12:13:26.6960187Z hint: Using 'master' as the name for the initial branch. This default branch name
linux-portability (ubuntu-24.04)	Build pinned original C oracle	2026-09-20T12:13:26.6960986Z hint: will change to "main" in Git 3.0. To configure the initial branch name
linux-portability (ubuntu-24.04)	Build pinned original C oracle	2026-09-20T12:13:26.6961580Z hint: to use in all of your new repositories, which will suppress this warning,
linux-portability (ubuntu-24.04)	Build pinned original C oracle	2026-09-20T12:13:26.6962152Z hint: call:
linux-portability (ubuntu-24.04)	Build pinned original C oracle	2026-09-20T12:13:26.6962332Z hint:
linux-portability (ubuntu-24.04)	Build pinned original C oracle	2026-09-20T12:13:26.6962569Z hint: 	git config --global init.defaultBranch <name>
linux-portability (ubuntu-24.04)	Build pinned original C oracle	2026-09-20T12:13:26.6962867Z hint:
linux-portability (ubuntu-24.04)	Build pinned original C oracle	2026-09-20T12:13:26.6963159Z hint: Names commonly chosen instead of 'master' are 'main', 'trunk' and
linux-portability (ubuntu-24.04)	Build pinned original C oracle	2026-09-20T12:13:26.6963888Z hint: 'development'. The just-created branch can be renamed via this command:
linux-portability (ubuntu-24.04)	Build pinned original C oracle	2026-09-20T12:13:26.6964821Z hint:
linux-portability (ubuntu-24.04)	Build pinned original C oracle	2026-09-20T12:13:26.6965254Z hint: 	git branch -m <name>
linux-portability (ubuntu-24.04)	Build pinned original C oracle	2026-09-20T12:13:26.6965792Z hint:
linux-portability (ubuntu-24.04)	Build pinned original C oracle	2026-09-20T12:13:26.6966340Z hint: Disable this message with "git config set advice.defaultBranchName false"
linux-portability (ubuntu-24.04)	Build pinned original C oracle	2026-09-20T12:13:26.6966860Z Initialized empty Git repository in /home/runner/work/rawk/rawk/c_awk/.git/
linux-portability (ubuntu-24.04)	Build pinned original C oracle	2026-09-20T12:13:27.2290349Z From https://github.com/onetrueawk/awk
linux-portability (ubuntu-24.04)	Build pinned original C oracle	2026-09-20T12:13:27.2291238Z  * branch            5739fd79bcfc75ba7526773d0cf634521f8aca3c -> FETCH_HEAD
linux-portability (ubuntu-24.04)	Build pinned original C oracle	2026-09-20T12:13:27.2737086Z HEAD is now at 5739fd7 updated.
linux-portability (ubuntu-24.04)	Build pinned original C oracle	2026-09-20T12:13:27.2769328Z make: Entering directory '/home/runner/work/rawk/rawk/c_awk'
linux-portability (ubuntu-24.04)	Build pinned original C oracle	2026-09-20T12:13:27.2769915Z bison -d  awkgram.y
linux-portability (ubuntu-24.04)	Build pinned original C oracle	2026-09-20T12:13:27.2808024Z awkgram.y: warning: 44 shift/reduce conflicts [-Wconflicts-sr]
linux-portability (ubuntu-24.04)	Build pinned original C oracle	2026-09-20T12:13:27.2808779Z awkgram.y: warning: 85 reduce/reduce conflicts [-Wconflicts-rr]
linux-portability (ubuntu-24.04)	Build pinned original C oracle	2026-09-20T12:13:27.2809994Z awkgram.y: note: rerun with option '-Wcounterexamples' to generate conflict counterexamples
linux-portability (ubuntu-24.04)	Build pinned original C oracle	2026-09-20T12:13:27.4330564Z cc -g -Wall -pedantic -Wcast-qual   -O2   -c -o awkgram.tab.o awkgram.tab.c
linux-portability (ubuntu-24.04)	Build pinned original C oracle	2026-09-20T12:13:27.6858480Z cc -g -Wall -pedantic -Wcast-qual   -O2   -c -o b.o b.c
linux-portability (ubuntu-24.04)	Build pinned original C oracle	2026-09-20T12:13:28.0746657Z cc -g -Wall -pedantic -Wcast-qual   -O2   -c -o main.o main.c
linux-portability (ubuntu-24.04)	Build pinned original C oracle	2026-09-20T12:13:28.1479194Z cc -g -Wall -pedantic -Wcast-qual   -O2   -c -o parse.o parse.c
linux-portability (ubuntu-24.04)	Build pinned original C oracle	2026-09-20T12:13:28.2396920Z cc -g -Wall -pedantic -Wcast-qual -O2 maketab.c -o maketab
linux-portability (ubuntu-24.04)	Build pinned original C oracle	2026-09-20T12:13:28.3042265Z ./maketab awkgram.tab.h >proctab.c
linux-portability (ubuntu-24.04)	Build pinned original C oracle	2026-09-20T12:13:28.3055468Z cc -g -Wall -pedantic -Wcast-qual   -O2   -c -o proctab.o proctab.c
linux-portability (ubuntu-24.04)	Build pinned original C oracle	2026-09-20T12:13:28.3281484Z cc -g -Wall -pedantic -Wcast-qual   -O2   -c -o tran.o tran.c
linux-portability (ubuntu-24.04)	Build pinned original C oracle	2026-09-20T12:13:28.5403462Z cc -g -Wall -pedantic -Wcast-qual   -O2   -c -o lib.o lib.c
linux-portability (ubuntu-24.04)	Build pinned original C oracle	2026-09-20T12:13:28.8519034Z cc -g -Wall -pedantic -Wcast-qual   -O2   -c -o run.o run.c
linux-portability (ubuntu-24.04)	Build pinned original C oracle	2026-09-20T12:13:29.6182097Z cc -g -Wall -pedantic -Wcast-qual   -O2   -c -o lex.o lex.c
linux-portability (ubuntu-24.04)	Build pinned original C oracle	2026-09-20T12:13:29.8359964Z cc -g -Wall -pedantic -Wcast-qual   -O2 awkgram.tab.o b.o main.o parse.o proctab.o tran.o lib.o run.o lex.o   -lm
linux-portability (ubuntu-24.04)	Build pinned original C oracle	2026-09-20T12:13:29.8606550Z make: Leaving directory '/home/runner/work/rawk/rawk/c_awk'
linux-portability (ubuntu-24.04)	Build pinned original C oracle	2026-09-20T12:13:29.8615616Z awk version 20260426
linux-portability (ubuntu-24.04)	Record native oracle formatting behavior	﻿2026-09-20T12:13:29.8646640Z ##[group]Run python3 scripts/format_platform_probe.py --output diary/format-platform-ci.json
linux-portability (ubuntu-24.04)	Record native oracle formatting behavior	2026-09-20T12:13:29.8647367Z [36;1mpython3 scripts/format_platform_probe.py --output diary/format-platform-ci.json[0m
linux-portability (ubuntu-24.04)	Record native oracle formatting behavior	2026-09-20T12:13:29.8683475Z shell: /usr/bin/bash -e {0}
linux-portability (ubuntu-24.04)	Record native oracle formatting behavior	2026-09-20T12:13:29.8683737Z env:
linux-portability (ubuntu-24.04)	Record native oracle formatting behavior	2026-09-20T12:13:29.8683916Z   LC_ALL: C
linux-portability (ubuntu-24.04)	Record native oracle formatting behavior	2026-09-20T12:13:29.8684109Z   CARGO_INCREMENTAL: 0
linux-portability (ubuntu-24.04)	Record native oracle formatting behavior	2026-09-20T12:13:29.8684577Z   RUSTUP_TOOLCHAIN: 1.96.0
linux-portability (ubuntu-24.04)	Record native oracle formatting behavior	2026-09-20T12:13:29.8684892Z ##[endgroup]
linux-portability (ubuntu-24.04)	Record native oracle formatting behavior	2026-09-20T12:13:30.1061555Z Recorded 220 native oracle cases in diary/format-platform-ci.json
linux-portability (ubuntu-24.04)	Native portability gate (debug and release)	﻿2026-09-20T12:13:30.1148580Z ##[group]Run set -o pipefail
linux-portability (ubuntu-24.04)	Native portability gate (debug and release)	2026-09-20T12:13:30.1148918Z [36;1mset -o pipefail[0m
linux-portability (ubuntu-24.04)	Native portability gate (debug and release)	2026-09-20T12:13:30.1149288Z [36;1mbash scripts/check_portability.sh 2>&1 | tee diary/portability-ci.log[0m
linux-portability (ubuntu-24.04)	Native portability gate (debug and release)	2026-09-20T12:13:30.1186078Z shell: /usr/bin/bash -e {0}
linux-portability (ubuntu-24.04)	Native portability gate (debug and release)	2026-09-20T12:13:30.1186333Z env:
linux-portability (ubuntu-24.04)	Native portability gate (debug and release)	2026-09-20T12:13:30.1186513Z   LC_ALL: C
linux-portability (ubuntu-24.04)	Native portability gate (debug and release)	2026-09-20T12:13:30.1186701Z   CARGO_INCREMENTAL: 0
linux-portability (ubuntu-24.04)	Native portability gate (debug and release)	2026-09-20T12:13:30.1186922Z   RUSTUP_TOOLCHAIN: 1.96.0
linux-portability (ubuntu-24.04)	Native portability gate (debug and release)	2026-09-20T12:13:30.1187167Z ##[endgroup]
linux-portability (ubuntu-24.04)	Native portability gate (debug and release)	2026-09-20T12:13:30.1271476Z Linux runnervmlun5p 6.17.0-1022-azure #22-Ubuntu SMP Mon Jul 27 17:24:03 UTC 2026 x86_64 x86_64 x86_64 GNU/Linux
linux-portability (ubuntu-24.04)	Native portability gate (debug and release)	2026-09-20T12:13:30.1379209Z rustc 1.96.0 (ac68faa20 2026-05-25)
linux-portability (ubuntu-24.04)	Native portability gate (debug and release)	2026-09-20T12:13:30.3454097Z     Updating crates.io index
linux-portability (ubuntu-24.04)	Native portability gate (debug and release)	2026-09-20T12:13:30.5770581Z  Downloading crates ...
linux-portability (ubuntu-24.04)	Native portability gate (debug and release)	2026-09-20T12:13:30.7660881Z   Downloaded anstyle-query v1.1.5
linux-portability (ubuntu-24.04)	Native portability gate (debug and release)	2026-09-20T12:13:30.7679697Z   Downloaded version_check v0.9.5
linux-portability (ubuntu-24.04)	Native portability gate (debug and release)	2026-09-20T12:13:30.7695951Z   Downloaded anstyle v1.0.14
linux-portability (ubuntu-24.04)	Native portability gate (debug and release)	2026-09-20T12:13:30.7714607Z   Downloaded colorchoice v1.0.5
linux-portability (ubuntu-24.04)	Native portability gate (debug and release)	2026-09-20T12:13:30.7728498Z   Downloaded anstream v1.0.0
linux-portability (ubuntu-24.04)	Native portability gate (debug and release)	2026-09-20T12:13:30.7754098Z   Downloaded tempfile v3.27.0
linux-portability (ubuntu-24.04)	Native portability gate (debug and release)	2026-09-20T12:13:30.7783437Z   Downloaded anstyle-parse v1.0.0
linux-portability (ubuntu-24.04)	Native portability gate (debug and release)	2026-09-20T12:13:30.7804557Z   Downloaded rand v0.10.1
linux-portability (ubuntu-24.04)	Native portability gate (debug and release)	2026-09-20T12:13:30.7847785Z   Downloaded memchr v2.8.0
linux-portability (ubuntu-24.04)	Native portability gate (debug and release)	2026-09-20T12:13:30.7906732Z   Downloaded aho-corasick v1.1.4
linux-portability (ubuntu-24.04)	Native portability gate (debug and release)	2026-09-20T12:13:30.7963360Z   Downloaded bitflags v2.11.1
linux-portability (ubuntu-24.04)	Native portability gate (debug and release)	2026-09-20T12:13:30.8011640Z   Downloaded block-buffer v0.10.4
linux-portability (ubuntu-24.04)	Native portability gate (debug and release)	2026-09-20T12:13:30.8050744Z   Downloaded sprintf v0.4.3
linux-portability (ubuntu-24.04)	Native portability gate (debug and release)	2026-09-20T12:13:30.8072905Z   Downloaded rand_core v0.9.5
linux-portability (ubuntu-24.04)	Native portability gate (debug and release)	2026-09-20T12:13:30.8093958Z   Downloaded wait-timeout v0.2.1
linux-portability (ubuntu-24.04)	Native portability gate (debug and release)	2026-09-20T12:13:30.8115458Z   Downloaded unarray v0.1.4
linux-portability (ubuntu-24.04)	Native portability gate (debug and release)	2026-09-20T12:13:30.8130768Z   Downloaded utf8parse v0.2.2
linux-portability (ubuntu-24.04)	Native portability gate (debug and release)	2026-09-20T12:13:30.8142961Z   Downloaded bit-vec v0.8.0
linux-portability (ubuntu-24.04)	Native portability gate (debug and release)	2026-09-20T12:13:30.8163491Z   Downloaded quick-error v1.2.3
linux-portability (ubuntu-24.04)	Native portability gate (debug and release)	2026-09-20T12:13:30.8177544Z   Downloaded is_terminal_polyfill v1.70.2
linux-portability (ubuntu-24.04)	Native portability gate (debug and release)	2026-09-20T12:13:30.8193529Z   Downloaded strsim v0.11.1
linux-portability (ubuntu-24.04)	Native portability gate (debug and release)	2026-09-20T12:13:30.8209992Z   Downloaded thiserror-impl v2.0.18
linux-portability (ubuntu-24.04)	Native portability gate (debug and release)	2026-09-20T12:13:30.8231099Z   Downloaded ucd-trie v0.1.7
linux-portability (ubuntu-24.04)	Native portability gate (debug and release)	2026-09-20T12:13:30.8247611Z   Downloaded proc-macro2 v1.0.106
linux-portability (ubuntu-24.04)	Native portability gate (debug and release)	2026-09-20T12:13:30.8284159Z   Downloaded sha2 v0.10.9
linux-portability (ubuntu-24.04)	Native portability gate (debug and release)	2026-09-20T12:13:30.8319339Z   Downloaded iana-time-zone v0.1.65
linux-portability (ubuntu-24.04)	Native portability gate (debug and release)	2026-09-20T12:13:30.8355611Z   Downloaded pest_derive v2.8.6
linux-portability (ubuntu-24.04)	Native portability gate (debug and release)	2026-09-20T12:13:30.8387272Z   Downloaded unicode-ident v1.0.24
linux-portability (ubuntu-24.04)	Native portability gate (debug and release)	2026-09-20T12:13:30.8421104Z   Downloaded typenum v1.20.0
linux-portability (ubuntu-24.04)	Native portability gate (debug and release)	2026-09-20T12:13:30.8462335Z   Downloaded serde v1.0.228
linux-portability (ubuntu-24.04)	Native portability gate (debug and release)	2026-09-20T12:13:30.8503378Z   Downloaded rand v0.9.4
linux-portability (ubuntu-24.04)	Native portability gate (debug and release)	2026-09-20T12:13:30.8550841Z   Downloaded pest_generator v2.8.6
linux-portability (ubuntu-24.04)	Native portability gate (debug and release)	2026-09-20T12:13:30.8572037Z   Downloaded regex v1.12.3
linux-portability (ubuntu-24.04)	Native portability gate (debug and release)	2026-09-20T12:13:30.8629651Z   Downloaded pest v2.8.6
linux-portability (ubuntu-24.04)	Native portability gate (debug and release)	2026-09-20T12:13:30.8679644Z   Downloaded clap_builder v4.6.0
linux-portability (ubuntu-24.04)	Native portability gate (debug and release)	2026-09-20T12:13:30.8748909Z   Downloaded proptest v1.11.0
linux-portability (ubuntu-24.04)	Native portability gate (debug and release)	2026-09-20T12:13:30.8852807Z   Downloaded quick-xml v0.39.2
linux-portability (ubuntu-24.04)	Native portability gate (debug and release)	2026-09-20T12:13:30.8915047Z   Downloaded syn v2.0.117
linux-portability (ubuntu-24.04)	Native portability gate (debug and release)	2026-09-20T12:13:30.9026765Z   Downloaded chrono v0.4.44
linux-portability (ubuntu-24.04)	Native portability gate (debug and release)	2026-09-20T12:13:30.9095712Z   Downloaded zerocopy v0.8.48
linux-portability (ubuntu-24.04)	Native portability gate (debug and release)	2026-09-20T12:13:30.9325526Z   Downloaded serde_derive v1.0.228
linux-portability (ubuntu-24.04)	Native portability gate (debug and release)	2026-09-20T12:13:30.9360336Z   Downloaded serde_core v1.0.228
linux-portability (ubuntu-24.04)	Native portability gate (debug and release)	2026-09-20T12:13:30.9390785Z   Downloaded pest_meta v2.8.6
linux-portability (ubuntu-24.04)	Native portability gate (debug and release)	2026-09-20T12:13:30.9415802Z   Downloaded regex-syntax v0.8.10
linux-portability (ubuntu-24.04)	Native portability gate (debug and release)	2026-09-20T12:13:30.9484794Z   Downloaded num-traits v0.2.19
linux-portability (ubuntu-24.04)	Native portability gate (debug and release)	2026-09-20T12:13:30.9513092Z   Downloaded getrandom v0.4.2
linux-portability (ubuntu-24.04)	Native portability gate (debug and release)	2026-09-20T12:13:30.9553986Z   Downloaded rustix v1.1.4
linux-portability (ubuntu-24.04)	Native portability gate (debug and release)	2026-09-20T12:13:30.9833916Z   Downloaded getrandom v0.3.4
linux-portability (ubuntu-24.04)	Native portability gate (debug and release)	2026-09-20T12:13:30.9869716Z   Downloaded fastrand v2.4.1
linux-portability (ubuntu-24.04)	Native portability gate (debug and release)	2026-09-20T12:13:30.9884615Z   Downloaded clap_derive v4.6.1
linux-portability (ubuntu-24.04)	Native portability gate (debug and release)	2026-09-20T12:13:30.9907634Z   Downloaded clap v4.6.1
linux-portability (ubuntu-24.04)	Native portability gate (debug and release)	2026-09-20T12:13:31.0006786Z   Downloaded once_cell v1.21.4
linux-portability (ubuntu-24.04)	Native portability gate (debug and release)	2026-09-20T12:13:31.0033559Z   Downloaded chacha20 v0.10.0
linux-portability (ubuntu-24.04)	Native portability gate (debug and release)	2026-09-20T12:13:31.0064544Z   Downloaded anyhow v1.0.102
linux-portability (ubuntu-24.04)	Native portability gate (debug and release)	2026-09-20T12:13:31.0110221Z   Downloaded autocfg v1.5.0
linux-portability (ubuntu-24.04)	Native portability gate (debug and release)	2026-09-20T12:13:31.0130992Z   Downloaded rusty-fork v0.3.1
linux-portability (ubuntu-24.04)	Native portability gate (debug and release)	2026-09-20T12:13:31.0147126Z   Downloaded rand_core v0.10.1
linux-portability (ubuntu-24.04)	Native portability gate (debug and release)	2026-09-20T12:13:31.0164864Z   Downloaded quote v1.0.45
linux-portability (ubuntu-24.04)	Native portability gate (debug and release)	2026-09-20T12:13:31.0198880Z   Downloaded regex-automata v0.4.14
linux-portability (ubuntu-24.04)	Native portability gate (debug and release)	2026-09-20T12:13:31.0340567Z   Downloaded ppv-lite86 v0.2.21
linux-portability (ubuntu-24.04)	Native portability gate (debug and release)	2026-09-20T12:13:31.0354224Z   Downloaded cpufeatures v0.2.17
linux-portability (ubuntu-24.04)	Native portability gate (debug and release)	2026-09-20T12:13:31.0370415Z   Downloaded thiserror v2.0.18
linux-portability (ubuntu-24.04)	Native portability gate (debug and release)	2026-09-20T12:13:31.0439132Z   Downloaded heck v0.5.0
linux-portability (ubuntu-24.04)	Native portability gate (debug and release)	2026-09-20T12:13:31.0453505Z   Downloaded generic-array v0.14.7
linux-portability (ubuntu-24.04)	Native portability gate (debug and release)	2026-09-20T12:13:31.0468489Z   Downloaded cpufeatures v0.3.0
linux-portability (ubuntu-24.04)	Native portability gate (debug and release)	2026-09-20T12:13:31.0484919Z   Downloaded clap_lex v1.1.0
linux-portability (ubuntu-24.04)	Native portability gate (debug and release)	2026-09-20T12:13:31.0496445Z   Downloaded bit-set v0.8.0
linux-portability (ubuntu-24.04)	Native portability gate (debug and release)	2026-09-20T12:13:31.0511815Z   Downloaded rand_chacha v0.9.0
linux-portability (ubuntu-24.04)	Native portability gate (debug and release)	2026-09-20T12:13:31.0524303Z   Downloaded errno v0.3.14
linux-portability (ubuntu-24.04)	Native portability gate (debug and release)	2026-09-20T12:13:31.0541534Z   Downloaded digest v0.10.7
linux-portability (ubuntu-24.04)	Native portability gate (debug and release)	2026-09-20T12:13:31.0560700Z   Downloaded libc v0.2.186
linux-portability (ubuntu-24.04)	Native portability gate (debug and release)	2026-09-20T12:13:31.0968681Z   Downloaded cfg-if v1.0.4
linux-portability (ubuntu-24.04)	Native portability gate (debug and release)	2026-09-20T12:13:31.0982110Z   Downloaded fnv v1.0.7
linux-portability (ubuntu-24.04)	Native portability gate (debug and release)	2026-09-20T12:13:31.0991938Z   Downloaded crypto-common v0.1.7
linux-portability (ubuntu-24.04)	Native portability gate (debug and release)	2026-09-20T12:13:31.1001993Z   Downloaded rand_xorshift v0.4.0
linux-portability (ubuntu-24.04)	Native portability gate (debug and release)	2026-09-20T12:13:31.1155177Z   Downloaded linux-raw-sys v0.12.1
linux-portability (ubuntu-24.04)	Native portability gate (debug and release)	2026-09-20T12:13:31.2159491Z    Compiling proc-macro2 v1.0.106
linux-portability (ubuntu-24.04)	Native portability gate (debug and release)	2026-09-20T12:13:31.2205026Z    Compiling libc v0.2.186
linux-portability (ubuntu-24.04)	Native portability gate (debug and release)	2026-09-20T12:13:31.2215397Z    Compiling quote v1.0.45
linux-portability (ubuntu-24.04)	Native portability gate (debug and release)	2026-09-20T12:13:31.2238449Z    Compiling unicode-ident v1.0.24
linux-portability (ubuntu-24.04)	Native portability gate (debug and release)	2026-09-20T12:13:31.2822583Z     Checking cfg-if v1.0.4
linux-portability (ubuntu-24.04)	Native portability gate (debug and release)	2026-09-20T12:13:31.3140047Z    Compiling getrandom v0.4.2
linux-portability (ubuntu-24.04)	Native portability gate (debug and release)	2026-09-20T12:13:31.4395883Z     Checking rand_core v0.10.1
linux-portability (ubuntu-24.04)	Native portability gate (debug and release)	2026-09-20T12:13:31.4705432Z    Compiling rustix v1.1.4
linux-portability (ubuntu-24.04)	Native portability gate (debug and release)	2026-09-20T12:13:31.5139144Z    Compiling autocfg v1.5.0
linux-portability (ubuntu-24.04)	Native portability gate (debug and release)	2026-09-20T12:13:31.6949089Z     Checking memchr v2.8.0
linux-portability (ubuntu-24.04)	Native portability gate (debug and release)	2026-09-20T12:13:31.8555695Z    Compiling num-traits v0.2.19
linux-portability (ubuntu-24.04)	Native portability gate (debug and release)	2026-09-20T12:13:32.1011772Z    Compiling ucd-trie v0.1.7
linux-portability (ubuntu-24.04)	Native portability gate (debug and release)	2026-09-20T12:13:32.1205283Z    Compiling syn v2.0.117
linux-portability (ubuntu-24.04)	Native portability gate (debug and release)	2026-09-20T12:13:32.1638803Z    Compiling getrandom v0.3.4
linux-portability (ubuntu-24.04)	Native portability gate (debug and release)	2026-09-20T12:13:32.2615395Z     Checking bitflags v2.11.1
linux-portability (ubuntu-24.04)	Native portability gate (debug and release)	2026-09-20T12:13:32.3489959Z     Checking utf8parse v0.2.2
linux-portability (ubuntu-24.04)	Native portability gate (debug and release)	2026-09-20T12:13:32.3535109Z     Checking linux-raw-sys v0.12.1
linux-portability (ubuntu-24.04)	Native portability gate (debug and release)	2026-09-20T12:13:32.3846031Z    Compiling serde_core v1.0.228
linux-portability (ubuntu-24.04)	Native portability gate (debug and release)	2026-09-20T12:13:32.5845717Z     Checking anstyle-parse v1.0.0
linux-portability (ubuntu-24.04)	Native portability gate (debug and release)	2026-09-20T12:13:32.7456160Z     Checking is_terminal_polyfill v1.70.2
linux-portability (ubuntu-24.04)	Native portability gate (debug and release)	2026-09-20T12:13:32.7755161Z     Checking regex-syntax v0.8.10
linux-portability (ubuntu-24.04)	Native portability gate (debug and release)	2026-09-20T12:13:33.0615446Z    Compiling pest v2.8.6
linux-portability (ubuntu-24.04)	Native portability gate (debug and release)	2026-09-20T12:13:33.8487201Z     Checking colorchoice v1.0.5
linux-portability (ubuntu-24.04)	Native portability gate (debug and release)	2026-09-20T12:13:33.8845637Z     Checking anstyle-query v1.1.5
linux-portability (ubuntu-24.04)	Native portability gate (debug and release)	2026-09-20T12:13:33.9205967Z     Checking once_cell v1.21.4
linux-portability (ubuntu-24.04)	Native portability gate (debug and release)	2026-09-20T12:13:34.0305260Z     Checking anstyle v1.0.14
linux-portability (ubuntu-24.04)	Native portability gate (debug and release)	2026-09-20T12:13:34.1435356Z    Compiling serde v1.0.228
linux-portability (ubuntu-24.04)	Native portability gate (debug and release)	2026-09-20T12:13:34.1645829Z     Checking fastrand v2.4.1
linux-portability (ubuntu-24.04)	Native portability gate (debug and release)	2026-09-20T12:13:34.2847002Z    Compiling thiserror v2.0.18
linux-portability (ubuntu-24.04)	Native portability gate (debug and release)	2026-09-20T12:13:34.3085665Z     Checking tempfile v3.27.0
linux-portability (ubuntu-24.04)	Native portability gate (debug and release)	2026-09-20T12:13:34.3122049Z    Compiling pest_meta v2.8.6
linux-portability (ubuntu-24.04)	Native portability gate (debug and release)	2026-09-20T12:13:34.4494570Z     Checking anstream v1.0.0
linux-portability (ubuntu-24.04)	Native portability gate (debug and release)	2026-09-20T12:13:35.0875793Z     Checking aho-corasick v1.1.4
linux-portability (ubuntu-24.04)	Native portability gate (debug and release)	2026-09-20T12:13:35.8265609Z     Checking clap_lex v1.1.0
linux-portability (ubuntu-24.04)	Native portability gate (debug and release)	2026-09-20T12:13:35.8758805Z    Compiling thiserror-impl v2.0.18
linux-portability (ubuntu-24.04)	Native portability gate (debug and release)	2026-09-20T12:13:35.9107150Z    Compiling serde_derive v1.0.228
linux-portability (ubuntu-24.04)	Native portability gate (debug and release)	2026-09-20T12:13:36.1155320Z    Compiling anyhow v1.0.102
linux-portability (ubuntu-24.04)	Native portability gate (debug and release)	2026-09-20T12:13:36.2935032Z    Compiling zerocopy v0.8.48
linux-portability (ubuntu-24.04)	Native portability gate (debug and release)	2026-09-20T12:13:36.5336805Z     Checking strsim v0.11.1
linux-portability (ubuntu-24.04)	Native portability gate (debug and release)	2026-09-20T12:13:36.6295440Z     Checking cpufeatures v0.3.0
linux-portability (ubuntu-24.04)	Native portability gate (debug and release)	2026-09-20T12:13:36.6435746Z    Compiling heck v0.5.0
linux-portability (ubuntu-24.04)	Native portability gate (debug and release)	2026-09-20T12:13:36.6645528Z     Checking chacha20 v0.10.0
linux-portability (ubuntu-24.04)	Native portability gate (debug and release)	2026-09-20T12:13:36.8025572Z    Compiling clap_derive v4.6.1
linux-portability (ubuntu-24.04)	Native portability gate (debug and release)	2026-09-20T12:13:36.8145634Z     Checking clap_builder v4.6.0
linux-portability (ubuntu-24.04)	Native portability gate (debug and release)	2026-09-20T12:13:37.1405343Z     Checking regex-automata v0.4.14
linux-portability (ubuntu-24.04)	Native portability gate (debug and release)	2026-09-20T12:13:38.1935594Z    Compiling pest_generator v2.8.6
linux-portability (ubuntu-24.04)	Native portability gate (debug and release)	2026-09-20T12:13:38.5456580Z     Checking rand_core v0.9.5
linux-portability (ubuntu-24.04)	Native portability gate (debug and release)	2026-09-20T12:13:38.6502402Z     Checking iana-time-zone v0.1.65
linux-portability (ubuntu-24.04)	Native portability gate (debug and release)	2026-09-20T12:13:38.8646167Z    Compiling pest_derive v2.8.6
linux-portability (ubuntu-24.04)	Native portability gate (debug and release)	2026-09-20T12:13:39.0755458Z     Checking chrono v0.4.44
linux-portability (ubuntu-24.04)	Native portability gate (debug and release)	2026-09-20T12:13:39.2795552Z     Checking regex v1.12.3
linux-portability (ubuntu-24.04)	Native portability gate (debug and release)	2026-09-20T12:13:39.4055364Z     Checking quick-xml v0.39.2
linux-portability (ubuntu-24.04)	Native portability gate (debug and release)	2026-09-20T12:13:39.5205531Z     Checking clap v4.6.1
linux-portability (ubuntu-24.04)	Native portability gate (debug and release)	2026-09-20T12:13:39.8805579Z     Checking sprintf v0.4.3
linux-portability (ubuntu-24.04)	Native portability gate (debug and release)	2026-09-20T12:13:39.8921696Z     Checking rand v0.10.1
linux-portability (ubuntu-24.04)	Native portability gate (debug and release)	2026-09-20T12:13:39.9775771Z     Checking wait-timeout v0.2.1
linux-portability (ubuntu-24.04)	Native portability gate (debug and release)	2026-09-20T12:13:40.0355828Z     Checking quick-error v1.2.3
linux-portability (ubuntu-24.04)	Native portability gate (debug and release)	2026-09-20T12:13:40.0720893Z     Checking bit-vec v0.8.0
linux-portability (ubuntu-24.04)	Native portability gate (debug and release)	2026-09-20T12:13:40.2075945Z     Checking fnv v1.0.7
linux-portability (ubuntu-24.04)	Native portability gate (debug and release)	2026-09-20T12:13:40.2395361Z     Checking rusty-fork v0.3.1
linux-portability (ubuntu-24.04)	Native portability gate (debug and release)	2026-09-20T12:13:40.3275601Z     Checking bit-set v0.8.0
linux-portability (ubuntu-24.04)	Native portability gate (debug and release)	2026-09-20T12:13:40.3394245Z     Checking rand_xorshift v0.4.0
linux-portability (ubuntu-24.04)	Native portability gate (debug and release)	2026-09-20T12:13:40.3895697Z     Checking rand v0.9.4
linux-portability (ubuntu-24.04)	Native portability gate (debug and release)	2026-09-20T12:13:40.4105270Z     Checking unarray v0.1.4
linux-portability (ubuntu-24.04)	Native portability gate (debug and release)	2026-09-20T12:13:40.4525999Z     Checking rawk v0.1.0 (/home/runner/work/rawk/rawk/rawk)
linux-portability (ubuntu-24.04)	Native portability gate (debug and release)	2026-09-20T12:13:42.1264238Z     Checking ppv-lite86 v0.2.21
linux-portability (ubuntu-24.04)	Native portability gate (debug and release)	2026-09-20T12:13:42.2893896Z     Checking rand_chacha v0.9.0
linux-portability (ubuntu-24.04)	Native portability gate (debug and release)	2026-09-20T12:13:42.3555745Z     Checking proptest v1.11.0
linux-portability (ubuntu-24.04)	Native portability gate (debug and release)	2026-09-20T12:13:45.1955033Z     Finished `dev` profile [unoptimized + debuginfo] target(s) in 14.88s
linux-portability (ubuntu-24.04)	Native portability gate (debug and release)	2026-09-20T12:13:45.3216038Z    Compiling proc-macro2 v1.0.106
linux-portability (ubuntu-24.04)	Native portability gate (debug and release)	2026-09-20T12:13:45.3218775Z    Compiling unicode-ident v1.0.24
linux-portability (ubuntu-24.04)	Native portability gate (debug and release)	2026-09-20T12:13:45.3232815Z    Compiling quote v1.0.45
linux-portability (ubuntu-24.04)	Native portability gate (debug and release)	2026-09-20T12:13:45.3245267Z    Compiling memchr v2.8.0
linux-portability (ubuntu-24.04)	Native portability gate (debug and release)	2026-09-20T12:13:45.3799807Z    Compiling libc v0.2.186
linux-portability (ubuntu-24.04)	Native portability gate (debug and release)	2026-09-20T12:13:45.4600897Z    Compiling getrandom v0.4.2
linux-portability (ubuntu-24.04)	Native portability gate (debug and release)	2026-09-20T12:13:45.5588248Z    Compiling autocfg v1.5.0
linux-portability (ubuntu-24.04)	Native portability gate (debug and release)	2026-09-20T12:13:45.5966539Z    Compiling utf8parse v0.2.2
linux-portability (ubuntu-24.04)	Native portability gate (debug and release)	2026-09-20T12:13:45.6386870Z    Compiling ucd-trie v0.1.7
linux-portability (ubuntu-24.04)	Native portability gate (debug and release)	2026-09-20T12:13:45.7935878Z    Compiling serde_core v1.0.228
linux-portability (ubuntu-24.04)	Native portability gate (debug and release)	2026-09-20T12:13:45.8855581Z    Compiling cfg-if v1.0.4
linux-portability (ubuntu-24.04)	Native portability gate (debug and release)	2026-09-20T12:13:45.9125540Z    Compiling rand_core v0.10.1
linux-portability (ubuntu-24.04)	Native portability gate (debug and release)	2026-09-20T12:13:46.1595701Z    Compiling syn v2.0.117
linux-portability (ubuntu-24.04)	Native portability gate (debug and release)	2026-09-20T12:13:46.2256236Z    Compiling num-traits v0.2.19
linux-portability (ubuntu-24.04)	Native portability gate (debug and release)	2026-09-20T12:13:46.3046141Z    Compiling anstyle-parse v1.0.0
linux-portability (ubuntu-24.04)	Native portability gate (debug and release)	2026-09-20T12:13:46.4475577Z    Compiling pest v2.8.6
linux-portability (ubuntu-24.04)	Native portability gate (debug and release)	2026-09-20T12:13:46.5915447Z    Compiling anstyle-query v1.1.5
linux-portability (ubuntu-24.04)	Native portability gate (debug and release)	2026-09-20T12:13:46.6345488Z    Compiling serde v1.0.228
linux-portability (ubuntu-24.04)	Native portability gate (debug and release)	2026-09-20T12:13:46.7775558Z    Compiling thiserror v2.0.18
linux-portability (ubuntu-24.04)	Native portability gate (debug and release)	2026-09-20T12:13:46.9565467Z    Compiling is_terminal_polyfill v1.70.2
linux-portability (ubuntu-24.04)	Native portability gate (debug and release)	2026-09-20T12:13:46.9959917Z    Compiling colorchoice v1.0.5
linux-portability (ubuntu-24.04)	Native portability gate (debug and release)	2026-09-20T12:13:47.0456133Z    Compiling rustix v1.1.4
linux-portability (ubuntu-24.04)	Native portability gate (debug and release)	2026-09-20T12:13:47.2456539Z    Compiling anstyle v1.0.14
linux-portability (ubuntu-24.04)	Native portability gate (debug and release)	2026-09-20T12:13:47.4502923Z    Compiling anstream v1.0.0
linux-portability (ubuntu-24.04)	Native portability gate (debug and release)	2026-09-20T12:13:47.6023906Z    Compiling pest_meta v2.8.6
linux-portability (ubuntu-24.04)	Native portability gate (debug and release)	2026-09-20T12:13:47.9601326Z    Compiling aho-corasick v1.1.4
linux-portability (ubuntu-24.04)	Native portability gate (debug and release)	2026-09-20T12:13:49.2395696Z    Compiling anyhow v1.0.102
linux-portability (ubuntu-24.04)	Native portability gate (debug and release)	2026-09-20T12:13:49.3916172Z    Compiling heck v0.5.0
linux-portability (ubuntu-24.04)	Native portability gate (debug and release)	2026-09-20T12:13:49.5365739Z    Compiling cpufeatures v0.3.0
linux-portability (ubuntu-24.04)	Native portability gate (debug and release)	2026-09-20T12:13:49.5615418Z    Compiling bitflags v2.11.1
linux-portability (ubuntu-24.04)	Native portability gate (debug and release)	2026-09-20T12:13:49.8246231Z    Compiling thiserror-impl v2.0.18
linux-portability (ubuntu-24.04)	Native portability gate (debug and release)	2026-09-20T12:13:49.8981743Z    Compiling serde_derive v1.0.228
linux-portability (ubuntu-24.04)	Native portability gate (debug and release)	2026-09-20T12:13:50.4145339Z    Compiling regex-syntax v0.8.10
linux-portability (ubuntu-24.04)	Native portability gate (debug and release)	2026-09-20T12:13:50.9484085Z    Compiling strsim v0.11.1
linux-portability (ubuntu-24.04)	Native portability gate (debug and release)	2026-09-20T12:13:51.7975801Z    Compiling linux-raw-sys v0.12.1
linux-portability (ubuntu-24.04)	Native portability gate (debug and release)	2026-09-20T12:13:52.1125382Z    Compiling clap_lex v1.1.0
linux-portability (ubuntu-24.04)	Native portability gate (debug and release)	2026-09-20T12:13:52.3895338Z    Compiling regex-automata v0.4.14
linux-portability (ubuntu-24.04)	Native portability gate (debug and release)	2026-09-20T12:13:53.5885791Z    Compiling clap_builder v4.6.0
linux-portability (ubuntu-24.04)	Native portability gate (debug and release)	2026-09-20T12:13:57.8025993Z    Compiling clap_derive v4.6.1
linux-portability (ubuntu-24.04)	Native portability gate (debug and release)	2026-09-20T12:13:58.8875665Z    Compiling chacha20 v0.10.0
linux-portability (ubuntu-24.04)	Native portability gate (debug and release)	2026-09-20T12:13:59.1765751Z    Compiling pest_generator v2.8.6
linux-portability (ubuntu-24.04)	Native portability gate (debug and release)	2026-09-20T12:13:59.8935488Z    Compiling iana-time-zone v0.1.65
linux-portability (ubuntu-24.04)	Native portability gate (debug and release)	2026-09-20T12:14:00.3245989Z    Compiling fastrand v2.4.1
linux-portability (ubuntu-24.04)	Native portability gate (debug and release)	2026-09-20T12:14:00.5375529Z    Compiling once_cell v1.21.4
linux-portability (ubuntu-24.04)	Native portability gate (debug and release)	2026-09-20T12:14:00.7166341Z    Compiling tempfile v3.27.0
linux-portability (ubuntu-24.04)	Native portability gate (debug and release)	2026-09-20T12:14:01.6785926Z    Compiling chrono v0.4.44
linux-portability (ubuntu-24.04)	Native portability gate (debug and release)	2026-09-20T12:14:02.8236944Z    Compiling pest_derive v2.8.6
linux-portability (ubuntu-24.04)	Native portability gate (debug and release)	2026-09-20T12:14:02.9696379Z    Compiling clap v4.6.1
linux-portability (ubuntu-24.04)	Native portability gate (debug and release)	2026-09-20T12:14:03.6285452Z    Compiling rand v0.10.1
linux-portability (ubuntu-24.04)	Native portability gate (debug and release)	2026-09-20T12:14:04.3955656Z    Compiling sprintf v0.4.3
linux-portability (ubuntu-24.04)	Native portability gate (debug and release)	2026-09-20T12:14:05.0030324Z    Compiling regex v1.12.3
linux-portability (ubuntu-24.04)	Native portability gate (debug and release)	2026-09-20T12:14:05.7275512Z    Compiling quick-xml v0.39.2
linux-portability (ubuntu-24.04)	Native portability gate (debug and release)	2026-09-20T12:14:07.7445489Z    Compiling rawk v0.1.0 (/home/runner/work/rawk/rawk/rawk)
linux-portability (ubuntu-24.04)	Native portability gate (debug and release)	2026-09-20T12:14:18.2150984Z     Finished `release` profile [optimized] target(s) in 32.97s
linux-portability (ubuntu-24.04)	Native portability gate (debug and release)	2026-09-20T12:14:18.2966717Z    Compiling cfg-if v1.0.4
linux-portability (ubuntu-24.04)	Native portability gate (debug and release)	2026-09-20T12:14:18.2967265Z    Compiling memchr v2.8.0
linux-portability (ubuntu-24.04)	Native portability gate (debug and release)	2026-09-20T12:14:18.2967708Z    Compiling libc v0.2.186
linux-portability (ubuntu-24.04)	Native portability gate (debug and release)	2026-09-20T12:14:18.2968106Z    Compiling rand_core v0.10.1
linux-portability (ubuntu-24.04)	Native portability gate (debug and release)	2026-09-20T12:14:18.3196418Z    Compiling ucd-trie v0.1.7
linux-portability (ubuntu-24.04)	Native portability gate (debug and release)	2026-09-20T12:14:18.3839321Z    Compiling utf8parse v0.2.2
linux-portability (ubuntu-24.04)	Native portability gate (debug and release)	2026-09-20T12:14:18.4345530Z    Compiling bitflags v2.11.1
linux-portability (ubuntu-24.04)	Native portability gate (debug and release)	2026-09-20T12:14:18.5318951Z    Compiling linux-raw-sys v0.12.1
linux-portability (ubuntu-24.04)	Native portability gate (debug and release)	2026-09-20T12:14:18.5965812Z    Compiling anstyle-parse v1.0.0
linux-portability (ubuntu-24.04)	Native portability gate (debug and release)	2026-09-20T12:14:18.7055458Z    Compiling once_cell v1.21.4
linux-portability (ubuntu-24.04)	Native portability gate (debug and release)	2026-09-20T12:14:18.8459813Z    Compiling rustix v1.1.4
linux-portability (ubuntu-24.04)	Native portability gate (debug and release)	2026-09-20T12:14:18.8556996Z    Compiling pest v2.8.6
linux-portability (ubuntu-24.04)	Native portability gate (debug and release)	2026-09-20T12:14:19.0722060Z    Compiling is_terminal_polyfill v1.70.2
linux-portability (ubuntu-24.04)	Native portability gate (debug and release)	2026-09-20T12:14:19.1075530Z    Compiling anstyle-query v1.1.5
linux-portability (ubuntu-24.04)	Native portability gate (debug and release)	2026-09-20T12:14:19.1505296Z    Compiling fastrand v2.4.1
linux-portability (ubuntu-24.04)	Native portability gate (debug and release)	2026-09-20T12:14:19.2124097Z    Compiling getrandom v0.4.2
linux-portability (ubuntu-24.04)	Native portability gate (debug and release)	2026-09-20T12:14:19.3075962Z    Compiling colorchoice v1.0.5
linux-portability (ubuntu-24.04)	Native portability gate (debug and release)	2026-09-20T12:14:19.3497063Z    Compiling regex-syntax v0.8.10
linux-portability (ubuntu-24.04)	Native portability gate (debug and release)	2026-09-20T12:14:19.3504797Z    Compiling anstyle v1.0.14
linux-portability (ubuntu-24.04)	Native portability gate (debug and release)	2026-09-20T12:14:19.5035750Z    Compiling anstream v1.0.0
linux-portability (ubuntu-24.04)	Native portability gate (debug and release)	2026-09-20T12:14:19.7495684Z    Compiling getrandom v0.3.4
linux-portability (ubuntu-24.04)	Native portability gate (debug and release)	2026-09-20T12:14:19.8785619Z    Compiling aho-corasick v1.1.4
linux-portability (ubuntu-24.04)	Native portability gate (debug and release)	2026-09-20T12:14:20.1546137Z    Compiling pest_meta v2.8.6
linux-portability (ubuntu-24.04)	Native portability gate (debug and release)	2026-09-20T12:14:20.7695552Z    Compiling tempfile v3.27.0
linux-portability (ubuntu-24.04)	Native portability gate (debug and release)	2026-09-20T12:14:21.1737826Z    Compiling num-traits v0.2.19
linux-portability (ubuntu-24.04)	Native portability gate (debug and release)	2026-09-20T12:14:21.8515755Z    Compiling serde_core v1.0.228
linux-portability (ubuntu-24.04)	Native portability gate (debug and release)	2026-09-20T12:14:21.8605352Z    Compiling cpufeatures v0.3.0
linux-portability (ubuntu-24.04)	Native portability gate (debug and release)	2026-09-20T12:14:21.8998004Z    Compiling strsim v0.11.1
linux-portability (ubuntu-24.04)	Native portability gate (debug and release)	2026-09-20T12:14:22.2165595Z    Compiling clap_lex v1.1.0
linux-portability (ubuntu-24.04)	Native portability gate (debug and release)	2026-09-20T12:14:22.2925493Z    Compiling chacha20 v0.10.0
linux-portability (ubuntu-24.04)	Native portability gate (debug and release)	2026-09-20T12:14:22.3775618Z    Compiling clap_builder v4.6.0
linux-portability (ubuntu-24.04)	Native portability gate (debug and release)	2026-09-20T12:14:22.3935428Z    Compiling thiserror v2.0.18
linux-portability (ubuntu-24.04)	Native portability gate (debug and release)	2026-09-20T12:14:22.4291229Z    Compiling regex-automata v0.4.14
linux-portability (ubuntu-24.04)	Native portability gate (debug and release)	2026-09-20T12:14:22.4875349Z    Compiling pest_generator v2.8.6
linux-portability (ubuntu-24.04)	Native portability gate (debug and release)	2026-09-20T12:14:23.2075464Z    Compiling rand_core v0.9.5
linux-portability (ubuntu-24.04)	Native portability gate (debug and release)	2026-09-20T12:14:23.3508923Z    Compiling iana-time-zone v0.1.65
linux-portability (ubuntu-24.04)	Native portability gate (debug and release)	2026-09-20T12:14:23.5545462Z    Compiling chrono v0.4.44
linux-portability (ubuntu-24.04)	Native portability gate (debug and release)	2026-09-20T12:14:24.2127177Z    Compiling serde v1.0.228
linux-portability (ubuntu-24.04)	Native portability gate (debug and release)	2026-09-20T12:14:24.7665430Z    Compiling quick-xml v0.39.2
linux-portability (ubuntu-24.04)	Native portability gate (debug and release)	2026-09-20T12:14:25.2425609Z    Compiling regex v1.12.3
linux-portability (ubuntu-24.04)	Native portability gate (debug and release)	2026-09-20T12:14:25.6625351Z    Compiling clap v4.6.1
linux-portability (ubuntu-24.04)	Native portability gate (debug and release)	2026-09-20T12:14:25.7020197Z    Compiling pest_derive v2.8.6
linux-portability (ubuntu-24.04)	Native portability gate (debug and release)	2026-09-20T12:14:25.8745269Z    Compiling rand v0.10.1
linux-portability (ubuntu-24.04)	Native portability gate (debug and release)	2026-09-20T12:14:26.5190575Z    Compiling sprintf v0.4.3
linux-portability (ubuntu-24.04)	Native portability gate (debug and release)	2026-09-20T12:14:26.5267550Z    Compiling anyhow v1.0.102
linux-portability (ubuntu-24.04)	Native portability gate (debug and release)	2026-09-20T12:14:26.6416508Z    Compiling zerocopy v0.8.48
linux-portability (ubuntu-24.04)	Native portability gate (debug and release)	2026-09-20T12:14:26.7635676Z    Compiling wait-timeout v0.2.1
linux-portability (ubuntu-24.04)	Native portability gate (debug and release)	2026-09-20T12:14:26.8625387Z    Compiling bit-vec v0.8.0
linux-portability (ubuntu-24.04)	Native portability gate (debug and release)	2026-09-20T12:14:26.9766795Z    Compiling quick-error v1.2.3
linux-portability (ubuntu-24.04)	Native portability gate (debug and release)	2026-09-20T12:14:27.0222972Z    Compiling fnv v1.0.7
linux-portability (ubuntu-24.04)	Native portability gate (debug and release)	2026-09-20T12:14:27.0243960Z    Compiling bit-set v0.8.0
linux-portability (ubuntu-24.04)	Native portability gate (debug and release)	2026-09-20T12:14:27.0527173Z    Compiling rusty-fork v0.3.1
linux-portability (ubuntu-24.04)	Native portability gate (debug and release)	2026-09-20T12:14:27.1219854Z    Compiling rawk v0.1.0 (/home/runner/work/rawk/rawk/rawk)
linux-portability (ubuntu-24.04)	Native portability gate (debug and release)	2026-09-20T12:14:27.4065851Z    Compiling rand_xorshift v0.4.0
linux-portability (ubuntu-24.04)	Native portability gate (debug and release)	2026-09-20T12:14:27.4815659Z    Compiling rand v0.9.4
linux-portability (ubuntu-24.04)	Native portability gate (debug and release)	2026-09-20T12:14:27.9855456Z    Compiling unarray v0.1.4
linux-portability (ubuntu-24.04)	Native portability gate (debug and release)	2026-09-20T12:14:29.5421407Z    Compiling ppv-lite86 v0.2.21
linux-portability (ubuntu-24.04)	Native portability gate (debug and release)	2026-09-20T12:14:29.7467334Z    Compiling rand_chacha v0.9.0
linux-portability (ubuntu-24.04)	Native portability gate (debug and release)	2026-09-20T12:14:29.8310170Z    Compiling proptest v1.11.0
linux-portability (ubuntu-24.04)	Native portability gate (debug and release)	2026-09-20T12:14:34.4285466Z     Finished `test` profile [unoptimized + debuginfo] target(s) in 16.19s
linux-portability (ubuntu-24.04)	Native portability gate (debug and release)	2026-09-20T12:14:34.4341495Z      Running unittests src/lib.rs (target/debug/deps/rawk-2af64ff39be528ba)
linux-portability (ubuntu-24.04)	Native portability gate (debug and release)	2026-09-20T12:14:34.4352225Z 
linux-portability (ubuntu-24.04)	Native portability gate (debug and release)	2026-09-20T12:14:34.4352422Z running 0 tests
linux-portability (ubuntu-24.04)	Native portability gate (debug and release)	2026-09-20T12:14:34.4353793Z 
linux-portability (ubuntu-24.04)	Native portability gate (debug and release)	2026-09-20T12:14:34.4354299Z test result: ok. 0 passed; 0 failed; 0 ignored; 0 measured; 0 filtered out; finished in 0.00s
linux-portability (ubuntu-24.04)	Native portability gate (debug and release)	2026-09-20T12:14:34.4355149Z 
linux-portability (ubuntu-24.04)	Native portability gate (debug and release)	2026-09-20T12:14:34.4355504Z      Running unittests src/bin/diffrun.rs (target/debug/deps/diffrun-994f4b85fc4f3254)
linux-portability (ubuntu-24.04)	Native portability gate (debug and release)	2026-09-20T12:14:34.4363326Z 
linux-portability (ubuntu-24.04)	Native portability gate (debug and release)	2026-09-20T12:14:34.4363508Z running 0 tests
linux-portability (ubuntu-24.04)	Native portability gate (debug and release)	2026-09-20T12:14:34.4363767Z 
linux-portability (ubuntu-24.04)	Native portability gate (debug and release)	2026-09-20T12:14:34.4364094Z test result: ok. 0 passed; 0 failed; 0 ignored; 0 measured; 0 filtered out; finished in 0.00s
linux-portability (ubuntu-24.04)	Native portability gate (debug and release)	2026-09-20T12:14:34.4364817Z 
linux-portability (ubuntu-24.04)	Native portability gate (debug and release)	2026-09-20T12:14:34.4365981Z      Running unittests src/main.rs (target/debug/deps/rawk-95b1893c01abdb10)
linux-portability (ubuntu-24.04)	Native portability gate (debug and release)	2026-09-20T12:14:34.4377461Z 
linux-portability (ubuntu-24.04)	Native portability gate (debug and release)	2026-09-20T12:14:34.4377674Z running 4 tests
linux-portability (ubuntu-24.04)	Native portability gate (debug and release)	2026-09-20T12:14:34.4400594Z test unicode_ere::tests::encoding_preserves_offsets_and_invalid_bytes_without_sentinels ... ok
linux-portability (ubuntu-24.04)	Native portability gate (debug and release)	2026-09-20T12:14:34.4497133Z test unicode_ere::tests::compiled_intervals_cover_only_the_requested_runes ... ok
linux-portability (ubuntu-24.04)	Native portability gate (debug and release)	2026-09-20T12:14:34.4555438Z test input::tests::separators_are_independent_of_read_boundaries ... ok
linux-portability (ubuntu-24.04)	Native portability gate (debug and release)	2026-09-20T12:14:34.4733494Z test ere::stream::tests::physical_short_reads_do_not_change_bwk_lookahead ... ok
linux-portability (ubuntu-24.04)	Native portability gate (debug and release)	2026-09-20T12:14:34.4734166Z 
linux-portability (ubuntu-24.04)	Native portability gate (debug and release)	2026-09-20T12:14:34.4734796Z test result: ok. 4 passed; 0 failed; 0 ignored; 0 measured; 0 filtered out; finished in 0.04s
linux-portability (ubuntu-24.04)	Native portability gate (debug and release)	2026-09-20T12:14:34.4735279Z 
linux-portability (ubuntu-24.04)	Native portability gate (debug and release)	2026-09-20T12:14:34.4736629Z      Running tests/bytes_array_keys.rs (target/debug/deps/bytes_array_keys-9114eb559bd3fc79)
linux-portability (ubuntu-24.04)	Native portability gate (debug and release)	2026-09-20T12:14:34.4745828Z 
linux-portability (ubuntu-24.04)	Native portability gate (debug and release)	2026-09-20T12:14:34.4746017Z running 3 tests
linux-portability (ubuntu-24.04)	Native portability gate (debug and release)	2026-09-20T12:14:34.4819286Z test for_in_returns_all_distinct_byte_keys ... ok
linux-portability (ubuntu-24.04)	Native portability gate (debug and release)	2026-09-20T12:14:34.4820326Z test distinct_high_byte_keys_do_not_collide ... ok
linux-portability (ubuntu-24.04)	Native portability gate (debug and release)	2026-09-20T12:14:34.4823145Z test nul_embedded_key_round_trips ... ok
linux-portability (ubuntu-24.04)	Native portability gate (debug and release)	2026-09-20T12:14:34.4823510Z 
linux-portability (ubuntu-24.04)	Native portability gate (debug and release)	2026-09-20T12:14:34.4823794Z test result: ok. 3 passed; 0 failed; 0 ignored; 0 measured; 0 filtered out; finished in 0.01s
linux-portability (ubuntu-24.04)	Native portability gate (debug and release)	2026-09-20T12:14:34.4824156Z 
linux-portability (ubuntu-24.04)	Native portability gate (debug and release)	2026-09-20T12:14:34.4825362Z      Running tests/bytes_printf.rs (target/debug/deps/bytes_printf-cc7330dc1e13afd2)
linux-portability (ubuntu-24.04)	Native portability gate (debug and release)	2026-09-20T12:14:34.4832844Z 
linux-portability (ubuntu-24.04)	Native portability gate (debug and release)	2026-09-20T12:14:34.4832979Z running 6 tests
linux-portability (ubuntu-24.04)	Native portability gate (debug and release)	2026-09-20T12:14:34.4902691Z test field_split_with_high_byte_fs ... ok
linux-portability (ubuntu-24.04)	Native portability gate (debug and release)	2026-09-20T12:14:34.4903525Z test print_with_high_byte_ofs ... ok
linux-portability (ubuntu-24.04)	Native portability gate (debug and release)	2026-09-20T12:14:34.4953704Z test printf_c_emits_first_byte_raw ... ok
linux-portability (ubuntu-24.04)	Native portability gate (debug and release)	2026-09-20T12:14:34.4954325Z test printf_format_string_with_high_bytes ... ok
linux-portability (ubuntu-24.04)	Native portability gate (debug and release)	2026-09-20T12:14:34.4984911Z test sprintf_high_byte_round_trip ... ok
linux-portability (ubuntu-24.04)	Native portability gate (debug and release)	2026-09-20T12:14:34.4985371Z test printf_s_preserves_high_byte ... ok
linux-portability (ubuntu-24.04)	Native portability gate (debug and release)	2026-09-20T12:14:34.4985667Z 
linux-portability (ubuntu-24.04)	Native portability gate (debug and release)	2026-09-20T12:14:34.4986270Z test result: ok. 6 passed; 0 failed; 0 ignored; 0 measured; 0 filtered out; finished in 0.02s
linux-portability (ubuntu-24.04)	Native portability gate (debug and release)	2026-09-20T12:14:34.4986879Z 
linux-portability (ubuntu-24.04)	Native portability gate (debug and release)	2026-09-20T12:14:34.4987570Z      Running tests/bytes_regex_match.rs (target/debug/deps/bytes_regex_match-97728d2c0dfc372b)
linux-portability (ubuntu-24.04)	Native portability gate (debug and release)	2026-09-20T12:14:34.4996777Z 
linux-portability (ubuntu-24.04)	Native portability gate (debug and release)	2026-09-20T12:14:34.4996966Z running 6 tests
linux-portability (ubuntu-24.04)	Native portability gate (debug and release)	2026-09-20T12:14:34.5066756Z test gsub_ampersand_includes_whole_match ... ok
linux-portability (ubuntu-24.04)	Native portability gate (debug and release)	2026-09-20T12:14:34.5067888Z test match_builtin_high_byte_pattern_position ... ok
linux-portability (ubuntu-24.04)	Native portability gate (debug and release)	2026-09-20T12:14:34.5068602Z test match_distinguishes_high_bytes ... ok
linux-portability (ubuntu-24.04)	Native portability gate (debug and release)	2026-09-20T12:14:34.5085142Z test nul_inside_subject_with_rs_regex ... ok
linux-portability (ubuntu-24.04)	Native portability gate (debug and release)	2026-09-20T12:14:34.5132819Z test rs_regex_high_byte_separator_splits_correctly ... ok
linux-portability (ubuntu-24.04)	Native portability gate (debug and release)	2026-09-20T12:14:34.5184709Z test sub_replaces_high_byte_run ... ok
linux-portability (ubuntu-24.04)	Native portability gate (debug and release)	2026-09-20T12:14:34.5185100Z 
linux-portability (ubuntu-24.04)	Native portability gate (debug and release)	2026-09-20T12:14:34.5185594Z test result: ok. 6 passed; 0 failed; 0 ignored; 0 measured; 0 filtered out; finished in 0.02s
linux-portability (ubuntu-24.04)	Native portability gate (debug and release)	2026-09-20T12:14:34.5186205Z 
linux-portability (ubuntu-24.04)	Native portability gate (debug and release)	2026-09-20T12:14:34.5186987Z      Running tests/data_contract.rs (target/debug/deps/data_contract-cd61b34734f48d5d)
linux-portability (ubuntu-24.04)	Native portability gate (debug and release)	2026-09-20T12:14:34.5196385Z 
linux-portability (ubuntu-24.04)	Native portability gate (debug and release)	2026-09-20T12:14:34.5196634Z running 6 tests
linux-portability (ubuntu-24.04)	Native portability gate (debug and release)	2026-09-20T12:14:34.5265366Z test fields_accept_regex_separator ... ok
linux-portability (ubuntu-24.04)	Native portability gate (debug and release)	2026-09-20T12:14:34.5274671Z test invalid_regex_is_reported ... ok
linux-portability (ubuntu-24.04)	Native portability gate (debug and release)	2026-09-20T12:14:34.5286075Z test csv_handles_quoted_delimiters_newlines_and_escaped_quotes ... ok
linux-portability (ubuntu-24.04)	Native portability gate (debug and release)	2026-09-20T12:14:34.5286729Z test regex_uses_leftmost_longest ... ok
linux-portability (ubuntu-24.04)	Native portability gate (debug and release)	2026-09-20T12:14:34.5385307Z test split_preserves_empty_fields_and_clears_array ... ok
linux-portability (ubuntu-24.04)	Native portability gate (debug and release)	2026-09-20T12:14:34.5389391Z test substitutions_report_count_not_changed_text ... ok
linux-portability (ubuntu-24.04)	Native portability gate (debug and release)	2026-09-20T12:14:34.5389862Z 
linux-portability (ubuntu-24.04)	Native portability gate (debug and release)	2026-09-20T12:14:34.5390268Z test result: ok. 6 passed; 0 failed; 0 ignored; 0 measured; 0 filtered out; finished in 0.02s
linux-portability (ubuntu-24.04)	Native portability gate (debug and release)	2026-09-20T12:14:34.5390640Z 
linux-portability (ubuntu-24.04)	Native portability gate (debug and release)	2026-09-20T12:14:34.5391473Z      Running tests/driver_regressions.rs (target/debug/deps/driver_regressions-20f0cb45f6026201)
linux-portability (ubuntu-24.04)	Native portability gate (debug and release)	2026-09-20T12:14:34.5401420Z 
linux-portability (ubuntu-24.04)	Native portability gate (debug and release)	2026-09-20T12:14:34.5401629Z running 6 tests
linux-portability (ubuntu-24.04)	Native portability gate (debug and release)	2026-09-20T12:14:34.5477803Z test multifile_syntax_error_names_offending_source ... ok
linux-portability (ubuntu-24.04)	Native portability gate (debug and release)	2026-09-20T12:14:34.5533277Z test field_index_beyond_reference_integer_range_is_an_error ... ok
linux-portability (ubuntu-24.04)	Native portability gate (debug and release)	2026-09-20T12:14:34.5546601Z test getline_comparison_is_not_part_of_filename ... ok
linux-portability (ubuntu-24.04)	Native portability gate (debug and release)	2026-09-20T12:14:34.5585178Z test invalid_function_parameters_are_errors_before_execution ... ok
linux-portability (ubuntu-24.04)	Native portability gate (debug and release)	2026-09-20T12:14:34.5817069Z test redirected_stdin_shares_buffer_with_main_input ... ok
linux-portability (ubuntu-24.04)	Native portability gate (debug and release)	2026-09-20T12:14:34.5912357Z test stdin_program_and_empty_statements ... ok
linux-portability (ubuntu-24.04)	Native portability gate (debug and release)	2026-09-20T12:14:34.5912693Z 
linux-portability (ubuntu-24.04)	Native portability gate (debug and release)	2026-09-20T12:14:34.5913030Z test result: ok. 6 passed; 0 failed; 0 ignored; 0 measured; 0 filtered out; finished in 0.05s
linux-portability (ubuntu-24.04)	Native portability gate (debug and release)	2026-09-20T12:14:34.5913464Z 
linux-portability (ubuntu-24.04)	Native portability gate (debug and release)	2026-09-20T12:14:34.5915761Z      Running tests/dynamic_format.rs (target/debug/deps/dynamic_format-27b8cdc066ca99a2)
linux-portability (ubuntu-24.04)	Native portability gate (debug and release)	2026-09-20T12:14:34.5924997Z 
linux-portability (ubuntu-24.04)	Native portability gate (debug and release)	2026-09-20T12:14:34.5925206Z running 8 tests
linux-portability (ubuntu-24.04)	Native portability gate (debug and release)	2026-09-20T12:14:34.6063581Z test missing_star_arguments_are_errors ... ok
linux-portability (ubuntu-24.04)	Native portability gate (debug and release)	2026-09-20T12:14:34.6126770Z test negative_precision_keeps_binary_and_multibyte_paths ... ok
linux-portability (ubuntu-24.04)	Native portability gate (debug and release)	2026-09-20T12:14:34.6306487Z test string_and_literal_range_errors_do_not_discard_arithmetic_subnormals ... ok
linux-portability (ubuntu-24.04)	Native portability gate (debug and release)	2026-09-20T12:14:34.7541724Z test unsigned_conversion_matches_native_oracle ... ok
linux-portability (ubuntu-24.04)	Native portability gate (debug and release)	2026-09-20T12:14:34.7798445Z test zero_padded_strings_match_native_oracle ... ok
linux-portability (ubuntu-24.04)	Native portability gate (debug and release)	2026-09-20T12:14:35.2943466Z test dynamic_width_precision_and_consumption ... ok
linux-portability (ubuntu-24.04)	Native portability gate (debug and release)	2026-09-20T12:14:36.6209891Z test integer_flags_precision_and_signs ... ok
linux-portability (ubuntu-24.04)	Native portability gate (debug and release)	2026-09-20T12:14:37.2203261Z test negative_dynamic_precision_preserves_flags_and_argument_consumption ... ok
linux-portability (ubuntu-24.04)	Native portability gate (debug and release)	2026-09-20T12:14:37.2203880Z 
linux-portability (ubuntu-24.04)	Native portability gate (debug and release)	2026-09-20T12:14:37.2204214Z test result: ok. 8 passed; 0 failed; 0 ignored; 0 measured; 0 filtered out; finished in 2.63s
linux-portability (ubuntu-24.04)	Native portability gate (debug and release)	2026-09-20T12:14:37.2205142Z 
linux-portability (ubuntu-24.04)	Native portability gate (debug and release)	2026-09-20T12:14:37.2205649Z      Running tests/harness.rs (target/debug/deps/harness-84724762e23c52d1)
linux-portability (ubuntu-24.04)	Native portability gate (debug and release)	2026-09-20T12:14:37.2214874Z 
linux-portability (ubuntu-24.04)	Native portability gate (debug and release)	2026-09-20T12:14:37.2215037Z running 5 tests
linux-portability (ubuntu-24.04)	Native portability gate (debug and release)	2026-09-20T12:14:37.2240795Z test annotation_does_not_accept_new_failures ... ok
linux-portability (ubuntu-24.04)	Native portability gate (debug and release)	2026-09-20T12:14:37.2244003Z test preserves_bytes_whitespace_and_status ... ok
linux-portability (ubuntu-24.04)	Native portability gate (debug and release)	2026-09-20T12:14:37.2300593Z test aggregate_gate_reports_an_intermediate_failure ... ok
linux-portability (ubuntu-24.04)	Native portability gate (debug and release)	2026-09-20T12:14:37.2352981Z test each_run_has_a_fresh_directory ... ok
linux-portability (ubuntu-24.04)	Native portability gate (debug and release)	2026-09-20T12:14:37.6560088Z test timeout_kills_descendants ... ok
linux-portability (ubuntu-24.04)	Native portability gate (debug and release)	2026-09-20T12:14:37.6560527Z 
linux-portability (ubuntu-24.04)	Native portability gate (debug and release)	2026-09-20T12:14:37.6560905Z test result: ok. 5 passed; 0 failed; 0 ignored; 0 measured; 0 filtered out; finished in 0.43s
linux-portability (ubuntu-24.04)	Native portability gate (debug and release)	2026-09-20T12:14:37.6561437Z 
linux-portability (ubuntu-24.04)	Native portability gate (debug and release)	2026-09-20T12:14:37.6563293Z      Running tests/input_contract.rs (target/debug/deps/input_contract-df587d5dab3b336c)
linux-portability (ubuntu-24.04)	Native portability gate (debug and release)	2026-09-20T12:14:37.6575199Z 
linux-portability (ubuntu-24.04)	Native portability gate (debug and release)	2026-09-20T12:14:37.6575403Z running 5 tests
linux-portability (ubuntu-24.04)	Native portability gate (debug and release)	2026-09-20T12:14:37.6645277Z test missing_getline_file_is_an_error_not_eof ... ok
linux-portability (ubuntu-24.04)	Native portability gate (debug and release)	2026-09-20T12:14:37.6646007Z test getline_uses_main_stream_and_counts_every_read ... ok
linux-portability (ubuntu-24.04)	Native portability gate (debug and release)	2026-09-20T12:14:37.6646887Z test file_getline_and_interleaved_assignments ... ok
linux-portability (ubuntu-24.04)	Native portability gate (debug and release)	2026-09-20T12:14:37.6656723Z test rewriting_record_does_not_count_a_read ... ok
linux-portability (ubuntu-24.04)	Native portability gate (debug and release)	2026-09-20T12:14:37.6709379Z test rs_changes_apply_to_unconsumed_input ... ok
linux-portability (ubuntu-24.04)	Native portability gate (debug and release)	2026-09-20T12:14:37.6709826Z 
linux-portability (ubuntu-24.04)	Native portability gate (debug and release)	2026-09-20T12:14:37.6710268Z test result: ok. 5 passed; 0 failed; 0 ignored; 0 measured; 0 filtered out; finished in 0.01s
linux-portability (ubuntu-24.04)	Native portability gate (debug and release)	2026-09-20T12:14:37.6710934Z 
linux-portability (ubuntu-24.04)	Native portability gate (debug and release)	2026-09-20T12:14:37.6711916Z      Running tests/language_contract.rs (target/debug/deps/language_contract-2fab3b4b0fc766c6)
linux-portability (ubuntu-24.04)	Native portability gate (debug and release)	2026-09-20T12:14:37.6721124Z 
linux-portability (ubuntu-24.04)	Native portability gate (debug and release)	2026-09-20T12:14:37.6721310Z running 7 tests
linux-portability (ubuntu-24.04)	Native portability gate (debug and release)	2026-09-20T12:14:37.6790368Z test array_parameters_are_references ... ok
linux-portability (ubuntu-24.04)	Native portability gate (debug and release)	2026-09-20T12:14:37.6795634Z test array_reads_create_entries ... ok
linux-portability (ubuntu-24.04)	Native portability gate (debug and release)	2026-09-20T12:14:37.6841136Z test expressions_and_escapes ... ok
linux-portability (ubuntu-24.04)	Native portability gate (debug and release)	2026-09-20T12:14:37.6843998Z test convfmt_is_used_for_comparisons_fields_and_keys ... ok
linux-portability (ubuntu-24.04)	Native portability gate (debug and release)	2026-09-20T12:14:37.6855377Z test lvalue_indices_are_evaluated_once ... ok
linux-portability (ubuntu-24.04)	Native portability gate (debug and release)	2026-09-20T12:14:37.6861425Z test numeric_and_string_values_keep_their_types ... ok
linux-portability (ubuntu-24.04)	Native portability gate (debug and release)	2026-09-20T12:14:37.6904892Z test range_patterns_and_empty_actions ... ok
linux-portability (ubuntu-24.04)	Native portability gate (debug and release)	2026-09-20T12:14:37.6905137Z 
linux-portability (ubuntu-24.04)	Native portability gate (debug and release)	2026-09-20T12:14:37.6905408Z test result: ok. 7 passed; 0 failed; 0 ignored; 0 measured; 0 filtered out; finished in 0.02s
linux-portability (ubuntu-24.04)	Native portability gate (debug and release)	2026-09-20T12:14:37.6905759Z 
linux-portability (ubuntu-24.04)	Native portability gate (debug and release)	2026-09-20T12:14:37.6906927Z      Running tests/legacy_locale.rs (target/debug/deps/legacy_locale-e35a0006ade4badb)
linux-portability (ubuntu-24.04)	Native portability gate (debug and release)	2026-09-20T12:14:37.6915981Z 
linux-portability (ubuntu-24.04)	Native portability gate (debug and release)	2026-09-20T12:14:37.6916154Z running 6 tests
linux-portability (ubuntu-24.04)	Native portability gate (debug and release)	2026-09-20T12:14:37.7291357Z test every_nonzero_byte_case_conversion_matches_c ... ok
linux-portability (ubuntu-24.04)	Native portability gate (debug and release)	2026-09-20T12:14:37.7435437Z test nul_preservation_remains_an_explicit_rust_extension ... ok
linux-portability (ubuntu-24.04)	Native portability gate (debug and release)	2026-09-20T12:14:37.7490447Z test legacy_locale_selection_obeys_precedence_and_is_fixed_at_startup ... ok
linux-portability (ubuntu-24.04)	Native portability gate (debug and release)	2026-09-20T12:14:37.7538295Z test byte_positions_ranges_splits_and_substitution_match_c ... ok
linux-portability (ubuntu-24.04)	Native portability gate (debug and release)	2026-09-20T12:14:37.7781884Z test required_single_byte_locales_are_active ... ok
linux-portability (ubuntu-24.04)	Native portability gate (debug and release)	2026-09-20T12:14:38.3143942Z test every_nonzero_byte_in_each_posix_class_matches_c ... ok
linux-portability (ubuntu-24.04)	Native portability gate (debug and release)	2026-09-20T12:14:38.3144664Z 
linux-portability (ubuntu-24.04)	Native portability gate (debug and release)	2026-09-20T12:14:38.3144938Z test result: ok. 6 passed; 0 failed; 0 ignored; 0 measured; 0 filtered out; finished in 0.62s
linux-portability (ubuntu-24.04)	Native portability gate (debug and release)	2026-09-20T12:14:38.3145357Z 
linux-portability (ubuntu-24.04)	Native portability gate (debug and release)	2026-09-20T12:14:38.3145846Z      Running tests/runtime_contract.rs (target/debug/deps/runtime_contract-e285726cc718c1b4)
linux-portability (ubuntu-24.04)	Native portability gate (debug and release)	2026-09-20T12:14:38.3155808Z 
linux-portability (ubuntu-24.04)	Native portability gate (debug and release)	2026-09-20T12:14:38.3156060Z running 3 tests
linux-portability (ubuntu-24.04)	Native portability gate (debug and release)	2026-09-20T12:14:38.3226264Z test exit_executes_end_and_interrupts_expressions ... ok
linux-portability (ubuntu-24.04)	Native portability gate (debug and release)	2026-09-20T12:14:38.3241490Z test short_circuit_preserves_side_effects ... ok
linux-portability (ubuntu-24.04)	Native portability gate (debug and release)	2026-09-20T12:14:38.3273323Z test return_escapes_all_loop_forms ... ok
linux-portability (ubuntu-24.04)	Native portability gate (debug and release)	2026-09-20T12:14:38.3273761Z 
linux-portability (ubuntu-24.04)	Native portability gate (debug and release)	2026-09-20T12:14:38.3274210Z test result: ok. 3 passed; 0 failed; 0 ignored; 0 measured; 0 filtered out; finished in 0.01s
linux-portability (ubuntu-24.04)	Native portability gate (debug and release)	2026-09-20T12:14:38.3274883Z 
linux-portability (ubuntu-24.04)	Native portability gate (debug and release)	2026-09-20T12:14:38.3275931Z      Running tests/shift_jis.rs (target/debug/deps/shift_jis-37ba6b24f7a6e90f)
linux-portability (ubuntu-24.04)	Native portability gate (debug and release)	2026-09-20T12:14:38.3285266Z 
linux-portability (ubuntu-24.04)	Native portability gate (debug and release)	2026-09-20T12:14:38.3285462Z running 12 tests
linux-portability (ubuntu-24.04)	Native portability gate (debug and release)	2026-09-20T12:14:38.3426363Z test conversion_failure_preserves_atomic_print_contract ... ok
linux-portability (ubuntu-24.04)	Native portability gate (debug and release)	2026-09-20T12:14:38.3441522Z test embedded_nul_preserves_the_rust_binary_extension ... ok
linux-portability (ubuntu-24.04)	Native portability gate (debug and release)	2026-09-20T12:14:38.3565234Z test decoded_character_with_unencodable_case_mapping_matches_c ... ok
linux-portability (ubuntu-24.04)	Native portability gate (debug and release)	2026-09-20T12:14:38.3759710Z test regex_rs_with_three_or_four_byte_structural_units_matches_c ... ok
linux-portability (ubuntu-24.04)	Native portability gate (debug and release)	2026-09-20T12:14:38.3869177Z test required_sjis_locale_has_observable_case_mapping ... ok
linux-portability (ubuntu-24.04)	Native portability gate (debug and release)	2026-09-20T12:14:38.5035389Z test record_separators_and_locale_precedence_match_c ... ok
linux-portability (ubuntu-24.04)	Native portability gate (debug and release)	2026-09-20T12:14:38.5166696Z test streaming_rs_keeps_binary_data_distinct_from_eof ... ok
linux-portability (ubuntu-24.04)	Native portability gate (debug and release)	2026-09-20T12:14:38.8781262Z test regex_rs_sjis_refill_across_input_buffers_and_getline_matches_c ... ok
linux-portability (ubuntu-24.04)	Native portability gate (debug and release)	2026-09-20T12:14:39.0198011Z test valid_case_conversion_and_truncated_suffixes_match_c ... ok
linux-portability (ubuntu-24.04)	Native portability gate (debug and release)	2026-09-20T12:14:39.1215618Z test structural_units_regex_fields_and_formatting_match_c ... ok
linux-portability (ubuntu-24.04)	Native portability gate (debug and release)	2026-09-20T12:14:41.7993782Z test regex_rs_refill_restart_longest_and_anchors_match_c ... ok
linux-portability (ubuntu-24.04)	Native portability gate (debug and release)	2026-09-20T12:14:47.6802114Z test single_bytes_and_lead_trail_boundaries_match_c ... ok
linux-portability (ubuntu-24.04)	Native portability gate (debug and release)	2026-09-20T12:14:47.6802683Z 
linux-portability (ubuntu-24.04)	Native portability gate (debug and release)	2026-09-20T12:14:47.6803125Z test result: ok. 12 passed; 0 failed; 0 ignored; 0 measured; 0 filtered out; finished in 9.35s
linux-portability (ubuntu-24.04)	Native portability gate (debug and release)	2026-09-20T12:14:47.6803562Z 
linux-portability (ubuntu-24.04)	Native portability gate (debug and release)	2026-09-20T12:14:47.6804791Z      Running tests/unicode_contract.rs (target/debug/deps/unicode_contract-28fd1d08d829904c)
linux-portability (ubuntu-24.04)	Native portability gate (debug and release)	2026-09-20T12:14:47.6814189Z 
linux-portability (ubuntu-24.04)	Native portability gate (debug and release)	2026-09-20T12:14:47.6814665Z running 10 tests
linux-portability (ubuntu-24.04)	Native portability gate (debug and release)	2026-09-20T12:14:47.7012491Z test binary_nul_extension_and_case_conversion_errors ... ok
linux-portability (ubuntu-24.04)	Native portability gate (debug and release)	2026-09-20T12:14:47.7715737Z test repeated_matches_and_index_inside_a_multibyte_unit ... ok
linux-portability (ubuntu-24.04)	Native portability gate (debug and release)	2026-09-20T12:14:47.8101002Z test locale_precedence_and_character_operations ... ok
linux-portability (ubuntu-24.04)	Native portability gate (debug and release)	2026-09-20T12:14:47.8110142Z test required_locales_are_active_in_both_interpreters ... ok
linux-portability (ubuntu-24.04)	Native portability gate (debug and release)	2026-09-20T12:14:47.8449051Z test unicode_formatting_and_source_escapes ... ok
linux-portability (ubuntu-24.04)	Native portability gate (debug and release)	2026-09-20T12:14:47.9238645Z test utf8_record_separators_across_buffers ... ok
linux-portability (ubuntu-24.04)	Native portability gate (debug and release)	2026-09-20T12:14:47.9900989Z test boolean_regex_search_preserves_rune_alignment_and_empty_matches ... ok
linux-portability (ubuntu-24.04)	Native portability gate (debug and release)	2026-09-20T12:14:48.0121275Z test utf8_regex_empty_matches_and_mixed_bytes ... ok
linux-portability (ubuntu-24.04)	Native portability gate (debug and release)	2026-09-20T12:14:48.0149924Z test unicode_classes_ranges_and_anchors ... ok
linux-portability (ubuntu-24.04)	Native portability gate (debug and release)	2026-09-20T12:14:51.0014181Z test original_utf8_drivers ... ok
linux-portability (ubuntu-24.04)	Native portability gate (debug and release)	2026-09-20T12:14:51.0014822Z 
linux-portability (ubuntu-24.04)	Native portability gate (debug and release)	2026-09-20T12:14:51.0015266Z test result: ok. 10 passed; 0 failed; 0 ignored; 0 measured; 0 filtered out; finished in 3.32s
linux-portability (ubuntu-24.04)	Native portability gate (debug and release)	2026-09-20T12:14:51.0015932Z 
linux-portability (ubuntu-24.04)	Native portability gate (debug and release)	2026-09-20T12:14:51.0737102Z    Compiling num-traits v0.2.19
linux-portability (ubuntu-24.04)	Native portability gate (debug and release)	2026-09-20T12:14:51.0738920Z    Compiling getrandom v0.3.4
linux-portability (ubuntu-24.04)	Native portability gate (debug and release)	2026-09-20T12:14:51.0777998Z    Compiling zerocopy v0.8.48
linux-portability (ubuntu-24.04)	Native portability gate (debug and release)	2026-09-20T12:14:51.0803523Z    Compiling wait-timeout v0.2.1
linux-portability (ubuntu-24.04)	Native portability gate (debug and release)	2026-09-20T12:14:51.4015497Z    Compiling rand_core v0.9.5
linux-portability (ubuntu-24.04)	Native portability gate (debug and release)	2026-09-20T12:14:51.4922919Z    Compiling bit-vec v0.8.0
linux-portability (ubuntu-24.04)	Native portability gate (debug and release)	2026-09-20T12:14:51.5795522Z    Compiling quick-error v1.2.3
linux-portability (ubuntu-24.04)	Native portability gate (debug and release)	2026-09-20T12:14:51.6160439Z    Compiling fnv v1.0.7
linux-portability (ubuntu-24.04)	Native portability gate (debug and release)	2026-09-20T12:14:51.6535357Z    Compiling rusty-fork v0.3.1
linux-portability (ubuntu-24.04)	Native portability gate (debug and release)	2026-09-20T12:14:51.7326348Z    Compiling bit-set v0.8.0
linux-portability (ubuntu-24.04)	Native portability gate (debug and release)	2026-09-20T12:14:51.8565513Z    Compiling rand v0.9.4
linux-portability (ubuntu-24.04)	Native portability gate (debug and release)	2026-09-20T12:14:52.1225488Z    Compiling chrono v0.4.44
linux-portability (ubuntu-24.04)	Native portability gate (debug and release)	2026-09-20T12:14:52.4304903Z    Compiling rand_xorshift v0.4.0
linux-portability (ubuntu-24.04)	Native portability gate (debug and release)	2026-09-20T12:14:52.5165508Z    Compiling unarray v0.1.4
linux-portability (ubuntu-24.04)	Native portability gate (debug and release)	2026-09-20T12:14:53.0273558Z    Compiling rawk v0.1.0 (/home/runner/work/rawk/rawk/rawk)
linux-portability (ubuntu-24.04)	Native portability gate (debug and release)	2026-09-20T12:14:54.9526158Z    Compiling ppv-lite86 v0.2.21
linux-portability (ubuntu-24.04)	Native portability gate (debug and release)	2026-09-20T12:14:55.2605492Z    Compiling rand_chacha v0.9.0
linux-portability (ubuntu-24.04)	Native portability gate (debug and release)	2026-09-20T12:14:55.6425517Z    Compiling proptest v1.11.0
linux-portability (ubuntu-24.04)	Native portability gate (debug and release)	2026-09-20T12:15:07.6327500Z     Finished `release` profile [optimized] target(s) in 16.62s
linux-portability (ubuntu-24.04)	Native portability gate (debug and release)	2026-09-20T12:15:07.6383092Z      Running unittests src/lib.rs (target/release/deps/rawk-d71ef2789f8844ed)
linux-portability (ubuntu-24.04)	Native portability gate (debug and release)	2026-09-20T12:15:07.6393658Z 
linux-portability (ubuntu-24.04)	Native portability gate (debug and release)	2026-09-20T12:15:07.6393852Z running 0 tests
linux-portability (ubuntu-24.04)	Native portability gate (debug and release)	2026-09-20T12:15:07.6394800Z 
linux-portability (ubuntu-24.04)	Native portability gate (debug and release)	2026-09-20T12:15:07.6395237Z test result: ok. 0 passed; 0 failed; 0 ignored; 0 measured; 0 filtered out; finished in 0.00s
linux-portability (ubuntu-24.04)	Native portability gate (debug and release)	2026-09-20T12:15:07.6395843Z 
linux-portability (ubuntu-24.04)	Native portability gate (debug and release)	2026-09-20T12:15:07.6396465Z      Running unittests src/bin/diffrun.rs (target/release/deps/diffrun-1587e72c588c7ddd)
linux-portability (ubuntu-24.04)	Native portability gate (debug and release)	2026-09-20T12:15:07.6406098Z 
linux-portability (ubuntu-24.04)	Native portability gate (debug and release)	2026-09-20T12:15:07.6406456Z running 0 tests
linux-portability (ubuntu-24.04)	Native portability gate (debug and release)	2026-09-20T12:15:07.6408312Z 
linux-portability (ubuntu-24.04)	Native portability gate (debug and release)	2026-09-20T12:15:07.6408897Z test result: ok. 0 passed; 0 failed; 0 ignored; 0 measured; 0 filtered out; finished in 0.00s
linux-portability (ubuntu-24.04)	Native portability gate (debug and release)	2026-09-20T12:15:07.6409519Z 
linux-portability (ubuntu-24.04)	Native portability gate (debug and release)	2026-09-20T12:15:07.6409905Z      Running unittests src/main.rs (target/release/deps/rawk-4bf34a94d1f24a93)
linux-portability (ubuntu-24.04)	Native portability gate (debug and release)	2026-09-20T12:15:07.6418900Z 
linux-portability (ubuntu-24.04)	Native portability gate (debug and release)	2026-09-20T12:15:07.6419083Z running 4 tests
linux-portability (ubuntu-24.04)	Native portability gate (debug and release)	2026-09-20T12:15:07.6437089Z test input::tests::separators_are_independent_of_read_boundaries ... ok
linux-portability (ubuntu-24.04)	Native portability gate (debug and release)	2026-09-20T12:15:07.6438156Z test unicode_ere::tests::encoding_preserves_offsets_and_invalid_bytes_without_sentinels ... ok
linux-portability (ubuntu-24.04)	Native portability gate (debug and release)	2026-09-20T12:15:07.6442293Z test unicode_ere::tests::compiled_intervals_cover_only_the_requested_runes ... ok
linux-portability (ubuntu-24.04)	Native portability gate (debug and release)	2026-09-20T12:15:07.6456273Z test ere::stream::tests::physical_short_reads_do_not_change_bwk_lookahead ... ok
linux-portability (ubuntu-24.04)	Native portability gate (debug and release)	2026-09-20T12:15:07.6457000Z 
linux-portability (ubuntu-24.04)	Native portability gate (debug and release)	2026-09-20T12:15:07.6457511Z test result: ok. 4 passed; 0 failed; 0 ignored; 0 measured; 0 filtered out; finished in 0.00s
linux-portability (ubuntu-24.04)	Native portability gate (debug and release)	2026-09-20T12:15:07.6457880Z 
linux-portability (ubuntu-24.04)	Native portability gate (debug and release)	2026-09-20T12:15:07.6460011Z      Running tests/bytes_array_keys.rs (target/release/deps/bytes_array_keys-8698c4f8eb149f0b)
linux-portability (ubuntu-24.04)	Native portability gate (debug and release)	2026-09-20T12:15:07.6468983Z 
linux-portability (ubuntu-24.04)	Native portability gate (debug and release)	2026-09-20T12:15:07.6469194Z running 3 tests
linux-portability (ubuntu-24.04)	Native portability gate (debug and release)	2026-09-20T12:15:07.6536274Z test for_in_returns_all_distinct_byte_keys ... ok
linux-portability (ubuntu-24.04)	Native portability gate (debug and release)	2026-09-20T12:15:07.6536925Z test distinct_high_byte_keys_do_not_collide ... ok
linux-portability (ubuntu-24.04)	Native portability gate (debug and release)	2026-09-20T12:15:07.6540700Z test nul_embedded_key_round_trips ... ok
linux-portability (ubuntu-24.04)	Native portability gate (debug and release)	2026-09-20T12:15:07.6541105Z 
linux-portability (ubuntu-24.04)	Native portability gate (debug and release)	2026-09-20T12:15:07.6541538Z test result: ok. 3 passed; 0 failed; 0 ignored; 0 measured; 0 filtered out; finished in 0.01s
linux-portability (ubuntu-24.04)	Native portability gate (debug and release)	2026-09-20T12:15:07.6541945Z 
linux-portability (ubuntu-24.04)	Native portability gate (debug and release)	2026-09-20T12:15:07.6542729Z      Running tests/bytes_printf.rs (target/release/deps/bytes_printf-44671ba9f391bc9e)
linux-portability (ubuntu-24.04)	Native portability gate (debug and release)	2026-09-20T12:15:07.6552150Z 
linux-portability (ubuntu-24.04)	Native portability gate (debug and release)	2026-09-20T12:15:07.6552413Z running 6 tests
linux-portability (ubuntu-24.04)	Native portability gate (debug and release)	2026-09-20T12:15:07.6583400Z test field_split_with_high_byte_fs ... ok
linux-portability (ubuntu-24.04)	Native portability gate (debug and release)	2026-09-20T12:15:07.6620994Z test print_with_high_byte_ofs ... ok
linux-portability (ubuntu-24.04)	Native portability gate (debug and release)	2026-09-20T12:15:07.6634187Z test printf_c_emits_first_byte_raw ... ok
linux-portability (ubuntu-24.04)	Native portability gate (debug and release)	2026-09-20T12:15:07.6636411Z test printf_format_string_with_high_bytes ... ok
linux-portability (ubuntu-24.04)	Native portability gate (debug and release)	2026-09-20T12:15:07.6647170Z test printf_s_preserves_high_byte ... ok
linux-portability (ubuntu-24.04)	Native portability gate (debug and release)	2026-09-20T12:15:07.6683109Z test sprintf_high_byte_round_trip ... ok
linux-portability (ubuntu-24.04)	Native portability gate (debug and release)	2026-09-20T12:15:07.6683505Z 
linux-portability (ubuntu-24.04)	Native portability gate (debug and release)	2026-09-20T12:15:07.6683934Z test result: ok. 6 passed; 0 failed; 0 ignored; 0 measured; 0 filtered out; finished in 0.01s
linux-portability (ubuntu-24.04)	Native portability gate (debug and release)	2026-09-20T12:15:07.6684634Z 
linux-portability (ubuntu-24.04)	Native portability gate (debug and release)	2026-09-20T12:15:07.6685674Z      Running tests/bytes_regex_match.rs (target/release/deps/bytes_regex_match-81890e56ce80a1f7)
linux-portability (ubuntu-24.04)	Native portability gate (debug and release)	2026-09-20T12:15:07.6694000Z 
linux-portability (ubuntu-24.04)	Native portability gate (debug and release)	2026-09-20T12:15:07.6694191Z running 6 tests
linux-portability (ubuntu-24.04)	Native portability gate (debug and release)	2026-09-20T12:15:07.6764217Z test match_builtin_high_byte_pattern_position ... ok
linux-portability (ubuntu-24.04)	Native portability gate (debug and release)	2026-09-20T12:15:07.6785906Z test gsub_ampersand_includes_whole_match ... ok
linux-portability (ubuntu-24.04)	Native portability gate (debug and release)	2026-09-20T12:15:07.6786437Z test match_distinguishes_high_bytes ... ok
linux-portability (ubuntu-24.04)	Native portability gate (debug and release)	2026-09-20T12:15:07.6786759Z test nul_inside_subject_with_rs_regex ... ok
linux-portability (ubuntu-24.04)	Native portability gate (debug and release)	2026-09-20T12:15:07.6837629Z test rs_regex_high_byte_separator_splits_correctly ... ok
linux-portability (ubuntu-24.04)	Native portability gate (debug and release)	2026-09-20T12:15:07.6845427Z test sub_replaces_high_byte_run ... ok
linux-portability (ubuntu-24.04)	Native portability gate (debug and release)	2026-09-20T12:15:07.6845840Z 
linux-portability (ubuntu-24.04)	Native portability gate (debug and release)	2026-09-20T12:15:07.6846262Z test result: ok. 6 passed; 0 failed; 0 ignored; 0 measured; 0 filtered out; finished in 0.02s
linux-portability (ubuntu-24.04)	Native portability gate (debug and release)	2026-09-20T12:15:07.6846769Z 
linux-portability (ubuntu-24.04)	Native portability gate (debug and release)	2026-09-20T12:15:07.6847601Z      Running tests/data_contract.rs (target/release/deps/data_contract-f3cccc134cf87c5a)
linux-portability (ubuntu-24.04)	Native portability gate (debug and release)	2026-09-20T12:15:07.6856524Z 
linux-portability (ubuntu-24.04)	Native portability gate (debug and release)	2026-09-20T12:15:07.6856708Z running 6 tests
linux-portability (ubuntu-24.04)	Native portability gate (debug and release)	2026-09-20T12:15:07.6923297Z test csv_handles_quoted_delimiters_newlines_and_escaped_quotes ... ok
linux-portability (ubuntu-24.04)	Native portability gate (debug and release)	2026-09-20T12:15:07.6924983Z test fields_accept_regex_separator ... ok
linux-portability (ubuntu-24.04)	Native portability gate (debug and release)	2026-09-20T12:15:07.6926373Z test invalid_regex_is_reported ... ok
linux-portability (ubuntu-24.04)	Native portability gate (debug and release)	2026-09-20T12:15:07.6936938Z test regex_uses_leftmost_longest ... ok
linux-portability (ubuntu-24.04)	Native portability gate (debug and release)	2026-09-20T12:15:07.6989481Z test substitutions_report_count_not_changed_text ... ok
linux-portability (ubuntu-24.04)	Native portability gate (debug and release)	2026-09-20T12:15:07.6990257Z test split_preserves_empty_fields_and_clears_array ... ok
linux-portability (ubuntu-24.04)	Native portability gate (debug and release)	2026-09-20T12:15:07.6990956Z 
linux-portability (ubuntu-24.04)	Native portability gate (debug and release)	2026-09-20T12:15:07.6991394Z test result: ok. 6 passed; 0 failed; 0 ignored; 0 measured; 0 filtered out; finished in 0.01s
linux-portability (ubuntu-24.04)	Native portability gate (debug and release)	2026-09-20T12:15:07.6991996Z 
linux-portability (ubuntu-24.04)	Native portability gate (debug and release)	2026-09-20T12:15:07.6998919Z      Running tests/driver_regressions.rs (target/release/deps/driver_regressions-4f12b4c2692c1594)
linux-portability (ubuntu-24.04)	Native portability gate (debug and release)	2026-09-20T12:15:07.7001001Z 
linux-portability (ubuntu-24.04)	Native portability gate (debug and release)	2026-09-20T12:15:07.7001159Z running 6 tests
linux-portability (ubuntu-24.04)	Native portability gate (debug and release)	2026-09-20T12:15:07.7090626Z test multifile_syntax_error_names_offending_source ... ok
linux-portability (ubuntu-24.04)	Native portability gate (debug and release)	2026-09-20T12:15:07.7133223Z test field_index_beyond_reference_integer_range_is_an_error ... ok
linux-portability (ubuntu-24.04)	Native portability gate (debug and release)	2026-09-20T12:15:07.7134018Z test getline_comparison_is_not_part_of_filename ... ok
linux-portability (ubuntu-24.04)	Native portability gate (debug and release)	2026-09-20T12:15:07.7225442Z test invalid_function_parameters_are_errors_before_execution ... ok
linux-portability (ubuntu-24.04)	Native portability gate (debug and release)	2026-09-20T12:15:07.7463302Z test redirected_stdin_shares_buffer_with_main_input ... ok
linux-portability (ubuntu-24.04)	Native portability gate (debug and release)	2026-09-20T12:15:07.7503684Z test stdin_program_and_empty_statements ... ok
linux-portability (ubuntu-24.04)	Native portability gate (debug and release)	2026-09-20T12:15:07.7504142Z 
linux-portability (ubuntu-24.04)	Native portability gate (debug and release)	2026-09-20T12:15:07.7504895Z test result: ok. 6 passed; 0 failed; 0 ignored; 0 measured; 0 filtered out; finished in 0.05s
linux-portability (ubuntu-24.04)	Native portability gate (debug and release)	2026-09-20T12:15:07.7505443Z 
linux-portability (ubuntu-24.04)	Native portability gate (debug and release)	2026-09-20T12:15:07.7506514Z      Running tests/dynamic_format.rs (target/release/deps/dynamic_format-9a95eacbb0d1f803)
linux-portability (ubuntu-24.04)	Native portability gate (debug and release)	2026-09-20T12:15:07.7516048Z 
linux-portability (ubuntu-24.04)	Native portability gate (debug and release)	2026-09-20T12:15:07.7516305Z running 8 tests
linux-portability (ubuntu-24.04)	Native portability gate (debug and release)	2026-09-20T12:15:07.7659586Z test missing_star_arguments_are_errors ... ok
linux-portability (ubuntu-24.04)	Native portability gate (debug and release)	2026-09-20T12:15:07.7721770Z test negative_precision_keeps_binary_and_multibyte_paths ... ok
linux-portability (ubuntu-24.04)	Native portability gate (debug and release)	2026-09-20T12:15:07.7850559Z test string_and_literal_range_errors_do_not_discard_arithmetic_subnormals ... ok
linux-portability (ubuntu-24.04)	Native portability gate (debug and release)	2026-09-20T12:15:07.9119812Z test unsigned_conversion_matches_native_oracle ... ok
linux-portability (ubuntu-24.04)	Native portability gate (debug and release)	2026-09-20T12:15:07.9370986Z test zero_padded_strings_match_native_oracle ... ok
linux-portability (ubuntu-24.04)	Native portability gate (debug and release)	2026-09-20T12:15:08.4303702Z test dynamic_width_precision_and_consumption ... ok
linux-portability (ubuntu-24.04)	Native portability gate (debug and release)	2026-09-20T12:15:09.7457843Z test integer_flags_precision_and_signs ... ok
linux-portability (ubuntu-24.04)	Native portability gate (debug and release)	2026-09-20T12:15:10.3300905Z test negative_dynamic_precision_preserves_flags_and_argument_consumption ... ok
linux-portability (ubuntu-24.04)	Native portability gate (debug and release)	2026-09-20T12:15:10.3301581Z 
linux-portability (ubuntu-24.04)	Native portability gate (debug and release)	2026-09-20T12:15:10.3301987Z test result: ok. 8 passed; 0 failed; 0 ignored; 0 measured; 0 filtered out; finished in 2.58s
linux-portability (ubuntu-24.04)	Native portability gate (debug and release)	2026-09-20T12:15:10.3302626Z 
linux-portability (ubuntu-24.04)	Native portability gate (debug and release)	2026-09-20T12:15:10.3303114Z      Running tests/harness.rs (target/release/deps/harness-b4a86596c0b64263)
linux-portability (ubuntu-24.04)	Native portability gate (debug and release)	2026-09-20T12:15:10.3312750Z 
linux-portability (ubuntu-24.04)	Native portability gate (debug and release)	2026-09-20T12:15:10.3312931Z running 5 tests
linux-portability (ubuntu-24.04)	Native portability gate (debug and release)	2026-09-20T12:15:10.3341496Z test annotation_does_not_accept_new_failures ... ok
linux-portability (ubuntu-24.04)	Native portability gate (debug and release)	2026-09-20T12:15:10.3345183Z test preserves_bytes_whitespace_and_status ... ok
linux-portability (ubuntu-24.04)	Native portability gate (debug and release)	2026-09-20T12:15:10.3398478Z test aggregate_gate_reports_an_intermediate_failure ... ok
linux-portability (ubuntu-24.04)	Native portability gate (debug and release)	2026-09-20T12:15:10.3446477Z test each_run_has_a_fresh_directory ... ok
linux-portability (ubuntu-24.04)	Native portability gate (debug and release)	2026-09-20T12:15:10.7645825Z test timeout_kills_descendants ... ok
linux-portability (ubuntu-24.04)	Native portability gate (debug and release)	2026-09-20T12:15:10.7646165Z 
linux-portability (ubuntu-24.04)	Native portability gate (debug and release)	2026-09-20T12:15:10.7646536Z test result: ok. 5 passed; 0 failed; 0 ignored; 0 measured; 0 filtered out; finished in 0.43s
linux-portability (ubuntu-24.04)	Native portability gate (debug and release)	2026-09-20T12:15:10.7646985Z 
linux-portability (ubuntu-24.04)	Native portability gate (debug and release)	2026-09-20T12:15:10.7649423Z      Running tests/input_contract.rs (target/release/deps/input_contract-3eac677d339987f7)
linux-portability (ubuntu-24.04)	Native portability gate (debug and release)	2026-09-20T12:15:10.7661183Z 
linux-portability (ubuntu-24.04)	Native portability gate (debug and release)	2026-09-20T12:15:10.7661393Z running 5 tests
linux-portability (ubuntu-24.04)	Native portability gate (debug and release)	2026-09-20T12:15:10.7748285Z test getline_uses_main_stream_and_counts_every_read ... ok
linux-portability (ubuntu-24.04)	Native portability gate (debug and release)	2026-09-20T12:15:10.7749113Z test missing_getline_file_is_an_error_not_eof ... ok
linux-portability (ubuntu-24.04)	Native portability gate (debug and release)	2026-09-20T12:15:10.7749786Z test rewriting_record_does_not_count_a_read ... ok
linux-portability (ubuntu-24.04)	Native portability gate (debug and release)	2026-09-20T12:15:10.7750407Z test file_getline_and_interleaved_assignments ... ok
linux-portability (ubuntu-24.04)	Native portability gate (debug and release)	2026-09-20T12:15:10.7812093Z test rs_changes_apply_to_unconsumed_input ... ok
linux-portability (ubuntu-24.04)	Native portability gate (debug and release)	2026-09-20T12:15:10.7812373Z 
linux-portability (ubuntu-24.04)	Native portability gate (debug and release)	2026-09-20T12:15:10.7812654Z test result: ok. 5 passed; 0 failed; 0 ignored; 0 measured; 0 filtered out; finished in 0.02s
linux-portability (ubuntu-24.04)	Native portability gate (debug and release)	2026-09-20T12:15:10.7812999Z 
linux-portability (ubuntu-24.04)	Native portability gate (debug and release)	2026-09-20T12:15:10.7815002Z      Running tests/language_contract.rs (target/release/deps/language_contract-e7a125480e4e2230)
linux-portability (ubuntu-24.04)	Native portability gate (debug and release)	2026-09-20T12:15:10.7823531Z 
linux-portability (ubuntu-24.04)	Native portability gate (debug and release)	2026-09-20T12:15:10.7823685Z running 7 tests
linux-portability (ubuntu-24.04)	Native portability gate (debug and release)	2026-09-20T12:15:10.7855433Z test array_reads_create_entries ... ok
linux-portability (ubuntu-24.04)	Native portability gate (debug and release)	2026-09-20T12:15:10.7859179Z test array_parameters_are_references ... ok
linux-portability (ubuntu-24.04)	Native portability gate (debug and release)	2026-09-20T12:15:10.7905186Z test expressions_and_escapes ... ok
linux-portability (ubuntu-24.04)	Native portability gate (debug and release)	2026-09-20T12:15:10.7906086Z test convfmt_is_used_for_comparisons_fields_and_keys ... ok
linux-portability (ubuntu-24.04)	Native portability gate (debug and release)	2026-09-20T12:15:10.7920905Z test numeric_and_string_values_keep_their_types ... ok
linux-portability (ubuntu-24.04)	Native portability gate (debug and release)	2026-09-20T12:15:10.7925701Z test lvalue_indices_are_evaluated_once ... ok
linux-portability (ubuntu-24.04)	Native portability gate (debug and release)	2026-09-20T12:15:10.7967838Z test range_patterns_and_empty_actions ... ok
linux-portability (ubuntu-24.04)	Native portability gate (debug and release)	2026-09-20T12:15:10.7968076Z 
linux-portability (ubuntu-24.04)	Native portability gate (debug and release)	2026-09-20T12:15:10.7968367Z test result: ok. 7 passed; 0 failed; 0 ignored; 0 measured; 0 filtered out; finished in 0.01s
linux-portability (ubuntu-24.04)	Native portability gate (debug and release)	2026-09-20T12:15:10.7968725Z 
linux-portability (ubuntu-24.04)	Native portability gate (debug and release)	2026-09-20T12:15:10.7970419Z      Running tests/legacy_locale.rs (target/release/deps/legacy_locale-e731d4d7581709ac)
linux-portability (ubuntu-24.04)	Native portability gate (debug and release)	2026-09-20T12:15:10.7979305Z 
linux-portability (ubuntu-24.04)	Native portability gate (debug and release)	2026-09-20T12:15:10.7979469Z running 6 tests
linux-portability (ubuntu-24.04)	Native portability gate (debug and release)	2026-09-20T12:15:10.8255893Z test byte_positions_ranges_splits_and_substitution_match_c ... ok
linux-portability (ubuntu-24.04)	Native portability gate (debug and release)	2026-09-20T12:15:10.8269476Z test every_nonzero_byte_case_conversion_matches_c ... ok
linux-portability (ubuntu-24.04)	Native portability gate (debug and release)	2026-09-20T12:15:10.8377149Z test nul_preservation_remains_an_explicit_rust_extension ... ok
linux-portability (ubuntu-24.04)	Native portability gate (debug and release)	2026-09-20T12:15:10.8483881Z test legacy_locale_selection_obeys_precedence_and_is_fixed_at_startup ... ok
linux-portability (ubuntu-24.04)	Native portability gate (debug and release)	2026-09-20T12:15:10.8517092Z test required_single_byte_locales_are_active ... ok
linux-portability (ubuntu-24.04)	Native portability gate (debug and release)	2026-09-20T12:15:11.0970718Z test every_nonzero_byte_in_each_posix_class_matches_c ... ok
linux-portability (ubuntu-24.04)	Native portability gate (debug and release)	2026-09-20T12:15:11.0971241Z 
linux-portability (ubuntu-24.04)	Native portability gate (debug and release)	2026-09-20T12:15:11.0971502Z test result: ok. 6 passed; 0 failed; 0 ignored; 0 measured; 0 filtered out; finished in 0.30s
linux-portability (ubuntu-24.04)	Native portability gate (debug and release)	2026-09-20T12:15:11.0972080Z 
linux-portability (ubuntu-24.04)	Native portability gate (debug and release)	2026-09-20T12:15:11.0973275Z      Running tests/runtime_contract.rs (target/release/deps/runtime_contract-a5b4f21c7a931b2a)
linux-portability (ubuntu-24.04)	Native portability gate (debug and release)	2026-09-20T12:15:11.0982518Z 
linux-portability (ubuntu-24.04)	Native portability gate (debug and release)	2026-09-20T12:15:11.0982696Z running 3 tests
linux-portability (ubuntu-24.04)	Native portability gate (debug and release)	2026-09-20T12:15:11.1050658Z test exit_executes_end_and_interrupts_expressions ... ok
linux-portability (ubuntu-24.04)	Native portability gate (debug and release)	2026-09-20T12:15:11.1051707Z test short_circuit_preserves_side_effects ... ok
linux-portability (ubuntu-24.04)	Native portability gate (debug and release)	2026-09-20T12:15:11.1052663Z test return_escapes_all_loop_forms ... ok
linux-portability (ubuntu-24.04)	Native portability gate (debug and release)	2026-09-20T12:15:11.1054705Z 
linux-portability (ubuntu-24.04)	Native portability gate (debug and release)	2026-09-20T12:15:11.1055297Z test result: ok. 3 passed; 0 failed; 0 ignored; 0 measured; 0 filtered out; finished in 0.01s
linux-portability (ubuntu-24.04)	Native portability gate (debug and release)	2026-09-20T12:15:11.1055939Z 
linux-portability (ubuntu-24.04)	Native portability gate (debug and release)	2026-09-20T12:15:11.1056193Z      Running tests/shift_jis.rs (target/release/deps/shift_jis-0d442740585f01dd)
linux-portability (ubuntu-24.04)	Native portability gate (debug and release)	2026-09-20T12:15:11.1064195Z 
linux-portability (ubuntu-24.04)	Native portability gate (debug and release)	2026-09-20T12:15:11.1064553Z running 12 tests
linux-portability (ubuntu-24.04)	Native portability gate (debug and release)	2026-09-20T12:15:11.1160852Z test conversion_failure_preserves_atomic_print_contract ... ok
linux-portability (ubuntu-24.04)	Native portability gate (debug and release)	2026-09-20T12:15:11.1215889Z test embedded_nul_preserves_the_rust_binary_extension ... ok
linux-portability (ubuntu-24.04)	Native portability gate (debug and release)	2026-09-20T12:15:11.1320903Z test decoded_character_with_unencodable_case_mapping_matches_c ... ok
linux-portability (ubuntu-24.04)	Native portability gate (debug and release)	2026-09-20T12:15:11.1455835Z test regex_rs_with_three_or_four_byte_structural_units_matches_c ... ok
linux-portability (ubuntu-24.04)	Native portability gate (debug and release)	2026-09-20T12:15:11.1585596Z test required_sjis_locale_has_observable_case_mapping ... ok
linux-portability (ubuntu-24.04)	Native portability gate (debug and release)	2026-09-20T12:15:11.1950729Z test record_separators_and_locale_precedence_match_c ... ok
linux-portability (ubuntu-24.04)	Native portability gate (debug and release)	2026-09-20T12:15:11.2075612Z test streaming_rs_keeps_binary_data_distinct_from_eof ... ok
linux-portability (ubuntu-24.04)	Native portability gate (debug and release)	2026-09-20T12:15:11.3426008Z test regex_rs_sjis_refill_across_input_buffers_and_getline_matches_c ... ok
linux-portability (ubuntu-24.04)	Native portability gate (debug and release)	2026-09-20T12:15:11.3961927Z test structural_units_regex_fields_and_formatting_match_c ... ok
linux-portability (ubuntu-24.04)	Native portability gate (debug and release)	2026-09-20T12:15:11.4805338Z test valid_case_conversion_and_truncated_suffixes_match_c ... ok
linux-portability (ubuntu-24.04)	Native portability gate (debug and release)	2026-09-20T12:15:13.3341865Z test regex_rs_refill_restart_longest_and_anchors_match_c ... ok
linux-portability (ubuntu-24.04)	Native portability gate (debug and release)	2026-09-20T12:15:20.3389754Z test single_bytes_and_lead_trail_boundaries_match_c ... ok
linux-portability (ubuntu-24.04)	Native portability gate (debug and release)	2026-09-20T12:15:20.3390193Z 
linux-portability (ubuntu-24.04)	Native portability gate (debug and release)	2026-09-20T12:15:20.3390521Z test result: ok. 12 passed; 0 failed; 0 ignored; 0 measured; 0 filtered out; finished in 9.23s
linux-portability (ubuntu-24.04)	Native portability gate (debug and release)	2026-09-20T12:15:20.3391155Z 
linux-portability (ubuntu-24.04)	Native portability gate (debug and release)	2026-09-20T12:15:20.3392403Z      Running tests/unicode_contract.rs (target/release/deps/unicode_contract-697b81754c79b22b)
linux-portability (ubuntu-24.04)	Native portability gate (debug and release)	2026-09-20T12:15:20.3402164Z 
linux-portability (ubuntu-24.04)	Native portability gate (debug and release)	2026-09-20T12:15:20.3402369Z running 10 tests
linux-portability (ubuntu-24.04)	Native portability gate (debug and release)	2026-09-20T12:15:20.3556165Z test binary_nul_extension_and_case_conversion_errors ... ok
linux-portability (ubuntu-24.04)	Native portability gate (debug and release)	2026-09-20T12:15:20.3815997Z test repeated_matches_and_index_inside_a_multibyte_unit ... ok
linux-portability (ubuntu-24.04)	Native portability gate (debug and release)	2026-09-20T12:15:20.4218698Z test required_locales_are_active_in_both_interpreters ... ok
linux-portability (ubuntu-24.04)	Native portability gate (debug and release)	2026-09-20T12:15:20.4461926Z test locale_precedence_and_character_operations ... ok
linux-portability (ubuntu-24.04)	Native portability gate (debug and release)	2026-09-20T12:15:20.4638519Z test boolean_regex_search_preserves_rune_alignment_and_empty_matches ... ok
linux-portability (ubuntu-24.04)	Native portability gate (debug and release)	2026-09-20T12:15:20.4725652Z test unicode_formatting_and_source_escapes ... ok
linux-portability (ubuntu-24.04)	Native portability gate (debug and release)	2026-09-20T12:15:20.5150197Z test utf8_record_separators_across_buffers ... ok
linux-portability (ubuntu-24.04)	Native portability gate (debug and release)	2026-09-20T12:15:20.5359831Z test utf8_regex_empty_matches_and_mixed_bytes ... ok
linux-portability (ubuntu-24.04)	Native portability gate (debug and release)	2026-09-20T12:15:20.5638749Z test unicode_classes_ranges_and_anchors ... ok
linux-portability (ubuntu-24.04)	Native portability gate (debug and release)	2026-09-20T12:15:22.3214582Z test original_utf8_drivers ... ok
linux-portability (ubuntu-24.04)	Native portability gate (debug and release)	2026-09-20T12:15:22.3214920Z 
linux-portability (ubuntu-24.04)	Native portability gate (debug and release)	2026-09-20T12:15:22.3215235Z test result: ok. 10 passed; 0 failed; 0 ignored; 0 measured; 0 filtered out; finished in 1.98s
linux-portability (ubuntu-24.04)	Native portability gate (debug and release)	2026-09-20T12:15:22.3215678Z 
linux-portability (ubuntu-24.04)	Compare all native libc-valid Shift-JIS pairs	﻿2026-09-20T12:15:22.3266390Z ##[group]Run python3 scripts/shift_jis_platform_probe.py --output diary/shift-jis-platform-ci.json
linux-portability (ubuntu-24.04)	Compare all native libc-valid Shift-JIS pairs	2026-09-20T12:15:22.3267135Z [36;1mpython3 scripts/shift_jis_platform_probe.py --output diary/shift-jis-platform-ci.json[0m
linux-portability (ubuntu-24.04)	Compare all native libc-valid Shift-JIS pairs	2026-09-20T12:15:22.3302688Z shell: /usr/bin/bash -e {0}
linux-portability (ubuntu-24.04)	Compare all native libc-valid Shift-JIS pairs	2026-09-20T12:15:22.3302953Z env:
linux-portability (ubuntu-24.04)	Compare all native libc-valid Shift-JIS pairs	2026-09-20T12:15:22.3303131Z   LC_ALL: C
linux-portability (ubuntu-24.04)	Compare all native libc-valid Shift-JIS pairs	2026-09-20T12:15:22.3303320Z   CARGO_INCREMENTAL: 0
linux-portability (ubuntu-24.04)	Compare all native libc-valid Shift-JIS pairs	2026-09-20T12:15:22.3303548Z   RUSTUP_TOOLCHAIN: 1.96.0
linux-portability (ubuntu-24.04)	Compare all native libc-valid Shift-JIS pairs	2026-09-20T12:15:22.3303816Z ##[endgroup]
linux-portability (ubuntu-24.04)	Compare all native libc-valid Shift-JIS pairs	2026-09-20T12:15:22.5270320Z 6879 libc-valid double-byte pairs: upper/lower MATCH
linux-portability (ubuntu-24.04)	Inventory original drivers on this platform	﻿2026-09-20T12:15:22.5384001Z ##[group]Run python3 scripts/full_driver_audit.py --output diary/linux-driver-results-ci.json
linux-portability (ubuntu-24.04)	Inventory original drivers on this platform	2026-09-20T12:15:22.5385081Z [36;1mpython3 scripts/full_driver_audit.py --output diary/linux-driver-results-ci.json[0m
linux-portability (ubuntu-24.04)	Inventory original drivers on this platform	2026-09-20T12:15:22.5421477Z shell: /usr/bin/bash -e {0}
linux-portability (ubuntu-24.04)	Inventory original drivers on this platform	2026-09-20T12:15:22.5421731Z env:
linux-portability (ubuntu-24.04)	Inventory original drivers on this platform	2026-09-20T12:15:22.5421914Z   LC_ALL: C
linux-portability (ubuntu-24.04)	Inventory original drivers on this platform	2026-09-20T12:15:22.5422104Z   CARGO_INCREMENTAL: 0
linux-portability (ubuntu-24.04)	Inventory original drivers on this platform	2026-09-20T12:15:22.5422329Z   RUSTUP_TOOLCHAIN: 1.96.0
linux-portability (ubuntu-24.04)	Inventory original drivers on this platform	2026-09-20T12:15:22.5422554Z ##[endgroup]
linux-portability (ubuntu-24.04)	Inventory original drivers on this platform	2026-09-20T12:15:22.8115483Z T.-f-f pass 
linux-portability (ubuntu-24.04)	Inventory original drivers on this platform	2026-09-20T12:15:23.0553949Z T.argv pass 
linux-portability (ubuntu-24.04)	Inventory original drivers on this platform	2026-09-20T12:15:23.4532155Z T.arnold pass 
linux-portability (ubuntu-24.04)	Inventory original drivers on this platform	2026-09-20T12:15:24.1879817Z T.beebe open 
linux-portability (ubuntu-24.04)	Inventory original drivers on this platform	2026-09-20T12:15:24.4101100Z T.builtin open BAD: T.builtin (rand)
linux-portability (ubuntu-24.04)	Inventory original drivers on this platform	2026-09-20T12:15:24.6988760Z T.chem pass 
linux-portability (ubuntu-24.04)	Inventory original drivers on this platform	2026-09-20T12:15:25.0560177Z T.close pass 
linux-portability (ubuntu-24.04)	Inventory original drivers on this platform	2026-09-20T12:15:25.3498841Z T.clv pass 
linux-portability (ubuntu-24.04)	Inventory original drivers on this platform	2026-09-20T12:15:25.5320408Z T.csconcat pass 
linux-portability (ubuntu-24.04)	Inventory original drivers on this platform	2026-09-20T12:15:25.8499378Z T.csv pass 
linux-portability (ubuntu-24.04)	Inventory original drivers on this platform	2026-09-20T12:15:26.0307423Z T.delete pass 
linux-portability (ubuntu-24.04)	Inventory original drivers on this platform	2026-09-20T12:15:26.4177264Z T.errmsg reference-failure BAD: illegal primary in regular expression failed BAD: illegal break, continue, next or nextfile from BEGIN failed BAD: illegal break, continue, next or nextfile from END failed BAD: nextfile is illegal inside a function failed BAD: nonterminated character class failed BAD: nonterminated character class failed BAD: nonterminated character cl
linux-portability (ubuntu-24.04)	Inventory original drivers on this platform	2026-09-20T12:15:27.2778118Z T.expr pass 
linux-portability (ubuntu-24.04)	Inventory original drivers on this platform	2026-09-20T12:15:27.4622949Z T.exprconv pass 
linux-portability (ubuntu-24.04)	Inventory original drivers on this platform	2026-09-20T12:15:27.6625586Z T.flags open T.flags: bad no program T.flags: bad can.t open program T.flags: bad can.t open program 2 T.flags: bad missing field separator
linux-portability (ubuntu-24.04)	Inventory original drivers on this platform	2026-09-20T12:15:28.0379761Z T.func pass 
linux-portability (ubuntu-24.04)	Inventory original drivers on this platform	2026-09-20T12:15:29.1715231Z T.gawk pass 
linux-portability (ubuntu-24.04)	Inventory original drivers on this platform	2026-09-20T12:15:29.3999297Z T.getline pass 
linux-portability (ubuntu-24.04)	Inventory original drivers on this platform	2026-09-20T12:15:29.5917585Z T.int-expr pass 
linux-portability (ubuntu-24.04)	Inventory original drivers on this platform	2026-09-20T12:15:29.7973190Z T.latin1 pass 
linux-portability (ubuntu-24.04)	Inventory original drivers on this platform	2026-09-20T12:15:30.7431330Z T.lilly pass 
linux-portability (ubuntu-24.04)	Inventory original drivers on this platform	2026-09-20T12:15:30.9433658Z T.main pass 
linux-portability (ubuntu-24.04)	Inventory original drivers on this platform	2026-09-20T12:15:31.4056211Z T.misc open BAD: T.misc split error BAD: T.misc hello error BAD: T.misc pile error BAD: T.misc gsub banana error BAD: T.misc sub banana error BAD: T.misc lineno BAD: T.misc can't open BAD: T.misc continuation line number BAD: T.misc syntax error line number �BAD: T.misc escape sequences in strings mishandled BAD: T.misc fcn args BAD: T.misc undefine
linux-portability (ubuntu-24.04)	Inventory original drivers on this platform	2026-09-20T12:15:31.7741799Z T.nextfile pass 
linux-portability (ubuntu-24.04)	Inventory original drivers on this platform	2026-09-20T12:15:32.3652586Z T.overflow pass 
linux-portability (ubuntu-24.04)	Inventory original drivers on this platform	2026-09-20T12:15:33.5896675Z T.re pass 
linux-portability (ubuntu-24.04)	Inventory original drivers on this platform	2026-09-20T12:15:33.7781658Z T.recache pass 
linux-portability (ubuntu-24.04)	Inventory original drivers on this platform	2026-09-20T12:15:33.9952690Z T.redir pass 
linux-portability (ubuntu-24.04)	Inventory original drivers on this platform	2026-09-20T12:15:34.2439461Z T.split pass 
linux-portability (ubuntu-24.04)	Inventory original drivers on this platform	2026-09-20T12:15:34.9543327Z T.sub pass 
linux-portability (ubuntu-24.04)	Inventory original drivers on this platform	2026-09-20T12:15:35.1402115Z T.system pass 
linux-portability (ubuntu-24.04)	Inventory original drivers on this platform	2026-09-20T12:15:35.9710440Z T.utf reference-failure test 1.3 failed test 1.4 failed test 1.5 failed test 1.6 failed test 1.7 failed test 1.8 failed test 1.9 failed test 1.10 failed test 1.11 failed test 1.12 failed test 1.13 failed test 1.14 failed test 1.15 failed test 1.16 failed test 1.17 failed test 1.18 failed test 1.19 failed test 1.20 failed test 1.21 fail
linux-portability (ubuntu-24.04)	Inventory original drivers on this platform	2026-09-20T12:15:36.8390042Z T.utfre reference-failure 43 fails ^λ.$ ~ λλ 51 fails ^.해 ~ め해 52 fails ^.해 ~ め해해 64 fails 해* ~  68 fails 해* ~ めめめめ 69 fails 해해* ~ 해 71 fails 해해* ~ め해 84 fails xθ+y ~ xθθy 85 fails xθ+y ~ xθθθθθθy 89 fails xθ?y ~ xy 92 fails θ?b?の? ~  93 fails θ?b?の? ~ x 106 fails [Α-Ω] !~ β 108 fails [^Α-Ω] ~ δ 119 fails [Α-ΔΦ-Ω] !~ Π 120 fails [Α-ΔΦ-Ω] !~ Σ
linux-portability (ubuntu-24.04)	Diagnose original driver subcases and standard streams	﻿2026-09-20T12:15:36.8499957Z ##[group]Run python3 scripts/linux_driver_probe.py --output diary/linux-driver-probe-ci.json
linux-portability (ubuntu-24.04)	Diagnose original driver subcases and standard streams	2026-09-20T12:15:36.8500661Z [36;1mpython3 scripts/linux_driver_probe.py --output diary/linux-driver-probe-ci.json[0m
linux-portability (ubuntu-24.04)	Diagnose original driver subcases and standard streams	2026-09-20T12:15:36.8536379Z shell: /usr/bin/bash -e {0}
linux-portability (ubuntu-24.04)	Diagnose original driver subcases and standard streams	2026-09-20T12:15:36.8536668Z env:
linux-portability (ubuntu-24.04)	Diagnose original driver subcases and standard streams	2026-09-20T12:15:36.8536854Z   LC_ALL: C
linux-portability (ubuntu-24.04)	Diagnose original driver subcases and standard streams	2026-09-20T12:15:36.8537045Z   CARGO_INCREMENTAL: 0
linux-portability (ubuntu-24.04)	Diagnose original driver subcases and standard streams	2026-09-20T12:15:36.8537274Z   RUSTUP_TOOLCHAIN: 1.96.0
linux-portability (ubuntu-24.04)	Diagnose original driver subcases and standard streams	2026-09-20T12:15:36.8537500Z ##[endgroup]
linux-portability (ubuntu-24.04)	Diagnose original driver subcases and standard streams	2026-09-20T12:15:37.8542304Z Darwin contract mismatches: ['T.errmsg/49', 'T.errmsg/50']
linux-portability (ubuntu-24.04)	Diagnose original driver subcases and standard streams	2026-09-20T12:15:37.8543127Z stream difference: stdout-mixed file
linux-portability (ubuntu-24.04)	Diagnose original driver subcases and standard streams	2026-09-20T12:15:37.8543712Z stream difference: stdout-printf file
linux-portability (ubuntu-24.04)	Diagnose original driver subcases and standard streams	2026-09-20T12:15:37.8544293Z stream difference: stdout-printf pipe
linux-portability (ubuntu-24.04)	Diagnose original driver subcases and standard streams	2026-09-20T12:15:37.8545071Z stream difference: stdout-append file
linux-portability (ubuntu-24.04)	Diagnose original driver subcases and standard streams	2026-09-20T12:15:37.8545645Z stream difference: stdout-close file
linux-portability (ubuntu-24.04)	Diagnose original driver subcases and standard streams	2026-09-20T12:15:37.8546159Z stream difference: stdout-close pipe
linux-portability (ubuntu-24.04)	Diagnose original driver subcases and standard streams	2026-09-20T12:15:37.8546532Z stream difference: stderr-close file
linux-portability (ubuntu-24.04)	Diagnose original driver subcases and standard streams	2026-09-20T12:15:37.8546956Z stream difference: stderr-close pipe
linux-portability (ubuntu-24.04)	Diagnose original driver subcases and standard streams	2026-09-20T12:15:37.8547305Z stream difference: stdout-flush file
linux-portability (ubuntu-24.04)	Diagnose original driver subcases and standard streams	2026-09-20T12:15:37.8547647Z stream difference: stderr-flush file
linux-portability (ubuntu-24.04)	Diagnose original driver subcases and standard streams	2026-09-20T12:15:37.8547990Z stream difference: stderr-flush pipe
linux-portability (ubuntu-24.04)	Retain platform evidence	﻿2026-09-20T12:15:37.8703471Z Node 20 is being deprecated. This workflow is running with Node 24 by default. If you need to temporarily use Node 20, you can set the ACTIONS_ALLOW_USE_UNSECURE_NODE_VERSION=true environment variable. For more information see: https://github.blog/changelog/2025-09-19-deprecation-of-node-20-on-github-actions-runners/
linux-portability (ubuntu-24.04)	Retain platform evidence	2026-09-20T12:15:37.8705784Z ##[group]Run actions/upload-artifact@ea165f8d65b6e75b540449e92b4886f43607fa02
linux-portability (ubuntu-24.04)	Retain platform evidence	2026-09-20T12:15:37.8706174Z with:
linux-portability (ubuntu-24.04)	Retain platform evidence	2026-09-20T12:15:37.8706386Z   name: portability-ubuntu-24.04
linux-portability (ubuntu-24.04)	Retain platform evidence	2026-09-20T12:15:37.8707308Z   path: rawk/diary/shift-jis-platform-ci.json
linux-portability (ubuntu-24.04)	Retain platform evidence	rawk/diary/shift-jis-locale-ci.log
linux-portability (ubuntu-24.04)	Retain platform evidence	rawk/diary/format-platform-ci.json
linux-portability (ubuntu-24.04)	Retain platform evidence	rawk/diary/portability-ci.log
linux-portability (ubuntu-24.04)	Retain platform evidence	rawk/diary/linux-driver-results-ci.json
linux-portability (ubuntu-24.04)	Retain platform evidence	rawk/diary/linux-driver-probe-ci.json
linux-portability (ubuntu-24.04)	Retain platform evidence	
linux-portability (ubuntu-24.04)	Retain platform evidence	2026-09-20T12:15:37.8708243Z   if-no-files-found: error
linux-portability (ubuntu-24.04)	Retain platform evidence	2026-09-20T12:15:37.8708480Z   compression-level: 6
linux-portability (ubuntu-24.04)	Retain platform evidence	2026-09-20T12:15:37.8708689Z   overwrite: false
linux-portability (ubuntu-24.04)	Retain platform evidence	2026-09-20T12:15:37.8708897Z   include-hidden-files: false
linux-portability (ubuntu-24.04)	Retain platform evidence	2026-09-20T12:15:37.8709135Z env:
linux-portability (ubuntu-24.04)	Retain platform evidence	2026-09-20T12:15:37.8709329Z   LC_ALL: C
linux-portability (ubuntu-24.04)	Retain platform evidence	2026-09-20T12:15:37.8709519Z   CARGO_INCREMENTAL: 0
linux-portability (ubuntu-24.04)	Retain platform evidence	2026-09-20T12:15:37.8709729Z   RUSTUP_TOOLCHAIN: 1.96.0
linux-portability (ubuntu-24.04)	Retain platform evidence	2026-09-20T12:15:37.8709941Z ##[endgroup]
linux-portability (ubuntu-24.04)	Retain platform evidence	2026-09-20T12:15:38.0394929Z (node:35717) [DEP0040] DeprecationWarning: The `punycode` module is deprecated. Please use a userland alternative instead.
linux-portability (ubuntu-24.04)	Retain platform evidence	2026-09-20T12:15:38.0396331Z (Use `node --trace-deprecation ...` to show where the warning was created)
linux-portability (ubuntu-24.04)	Retain platform evidence	2026-09-20T12:15:38.0515821Z Multiple search paths detected. Calculating the least common ancestor of all paths
linux-portability (ubuntu-24.04)	Retain platform evidence	2026-09-20T12:15:38.0518142Z The least common ancestor is /home/runner/work/rawk/rawk/rawk/diary. This will be the root directory of the artifact
linux-portability (ubuntu-24.04)	Retain platform evidence	2026-09-20T12:15:38.0518755Z With the provided path, there will be 6 files uploaded
linux-portability (ubuntu-24.04)	Retain platform evidence	2026-09-20T12:15:38.0519599Z Artifact name is valid!
linux-portability (ubuntu-24.04)	Retain platform evidence	2026-09-20T12:15:38.0520051Z Root directory input is valid!
linux-portability (ubuntu-24.04)	Retain platform evidence	2026-09-20T12:15:38.2510561Z Beginning upload of artifact content to blob storage
linux-portability (ubuntu-24.04)	Retain platform evidence	2026-09-20T12:15:38.2869881Z (node:35717) [DEP0169] DeprecationWarning: `url.parse()` behavior is not standardized and prone to errors that have security implications. Use the WHATWG URL API instead. CVEs are not issued for `url.parse()` vulnerabilities.
linux-portability (ubuntu-24.04)	Retain platform evidence	2026-09-20T12:15:38.3472156Z Uploaded bytes 54607
linux-portability (ubuntu-24.04)	Retain platform evidence	2026-09-20T12:15:38.3663324Z Finished uploading artifact content to blob storage!
linux-portability (ubuntu-24.04)	Retain platform evidence	2026-09-20T12:15:38.3664601Z SHA256 digest of uploaded artifact zip is a76f10176a3ed0759c6179a9b2fe9a22728ea98568cae27e59a5685e760ff73f
linux-portability (ubuntu-24.04)	Retain platform evidence	2026-09-20T12:15:38.3666956Z Finalizing artifact upload
linux-portability (ubuntu-24.04)	Retain platform evidence	2026-09-20T12:15:38.5456332Z Artifact portability-ubuntu-24.04.zip successfully finalized. Artifact ID 10605260509
linux-portability (ubuntu-24.04)	Retain platform evidence	2026-09-20T12:15:38.5457488Z Artifact portability-ubuntu-24.04 has been successfully uploaded! Final size is 54607 bytes. Artifact ID is 10605260509
linux-portability (ubuntu-24.04)	Retain platform evidence	2026-09-20T12:15:38.5464467Z Artifact download URL: https://github.com/francescotinti/rawk/actions/runs/35509952804/artifacts/10605260509
linux-portability (ubuntu-24.04)	Post Run actions/checkout@11bd71901bbe5b1630ceea73d27597364c9af683	﻿2026-09-20T12:15:38.5660568Z Node 20 is being deprecated. This workflow is running with Node 24 by default. If you need to temporarily use Node 20, you can set the ACTIONS_ALLOW_USE_UNSECURE_NODE_VERSION=true environment variable. For more information see: https://github.blog/changelog/2025-09-19-deprecation-of-node-20-on-github-actions-runners/
linux-portability (ubuntu-24.04)	Post Run actions/checkout@11bd71901bbe5b1630ceea73d27597364c9af683	2026-09-20T12:15:38.5661847Z Post job cleanup.
linux-portability (ubuntu-24.04)	Post Run actions/checkout@11bd71901bbe5b1630ceea73d27597364c9af683	2026-09-20T12:15:38.6522726Z [command]/usr/bin/git version
linux-portability (ubuntu-24.04)	Post Run actions/checkout@11bd71901bbe5b1630ceea73d27597364c9af683	2026-09-20T12:15:38.6568015Z git version 2.55.0
linux-portability (ubuntu-24.04)	Post Run actions/checkout@11bd71901bbe5b1630ceea73d27597364c9af683	2026-09-20T12:15:38.6614661Z Temporarily overriding HOME='/home/runner/work/_temp/0fcd925d-4e3e-41e0-b1d3-c94325edf372' before making global git config changes
linux-portability (ubuntu-24.04)	Post Run actions/checkout@11bd71901bbe5b1630ceea73d27597364c9af683	2026-09-20T12:15:38.6615769Z Adding repository directory to the temporary git global config as a safe directory
linux-portability (ubuntu-24.04)	Post Run actions/checkout@11bd71901bbe5b1630ceea73d27597364c9af683	2026-09-20T12:15:38.6621729Z [command]/usr/bin/git config --global --add safe.directory /home/runner/work/rawk/rawk/rawk
linux-portability (ubuntu-24.04)	Post Run actions/checkout@11bd71901bbe5b1630ceea73d27597364c9af683	2026-09-20T12:15:38.6658855Z [command]/usr/bin/git config --local --name-only --get-regexp core\.sshCommand
linux-portability (ubuntu-24.04)	Post Run actions/checkout@11bd71901bbe5b1630ceea73d27597364c9af683	2026-09-20T12:15:38.6693015Z [command]/usr/bin/git submodule foreach --recursive sh -c "git config --local --name-only --get-regexp 'core\.sshCommand' && git config --local --unset-all 'core.sshCommand' || :"
linux-portability (ubuntu-24.04)	Post Run actions/checkout@11bd71901bbe5b1630ceea73d27597364c9af683	2026-09-20T12:15:38.6908126Z [command]/usr/bin/git config --local --name-only --get-regexp http\.https\:\/\/github\.com\/\.extraheader
linux-portability (ubuntu-24.04)	Post Run actions/checkout@11bd71901bbe5b1630ceea73d27597364c9af683	2026-09-20T12:15:38.6935753Z http.https://github.com/.extraheader
linux-portability (ubuntu-24.04)	Post Run actions/checkout@11bd71901bbe5b1630ceea73d27597364c9af683	2026-09-20T12:15:38.6946055Z [command]/usr/bin/git config --local --unset-all http.https://github.com/.extraheader
linux-portability (ubuntu-24.04)	Post Run actions/checkout@11bd71901bbe5b1630ceea73d27597364c9af683	2026-09-20T12:15:38.6978749Z [command]/usr/bin/git submodule foreach --recursive sh -c "git config --local --name-only --get-regexp 'http\.https\:\/\/github\.com\/\.extraheader' && git config --local --unset-all 'http.https://github.com/.extraheader' || :"
linux-portability (ubuntu-24.04)	Complete job	﻿2026-09-20T12:15:38.7356909Z Cleaning up orphan processes
linux-portability (ubuntu-24.04)	Complete job	2026-09-20T12:15:38.7830975Z ##[warning]Node.js 20 is deprecated. The following actions target Node.js 20 but are being forced to run on Node.js 24: actions/checkout@11bd71901bbe5b1630ceea73d27597364c9af683, actions/upload-artifact@ea165f8d65b6e75b540449e92b4886f43607fa02. For more information see: https://github.blog/changelog/2025-09-19-deprecation-of-node-20-on-github-actions-runners/
linux-portability (ubuntu-24.04-arm)	Set up job	﻿2026-09-20T12:12:27.9328545Z Current runner version: '2.337.0'
linux-portability (ubuntu-24.04-arm)	Set up job	2026-09-20T12:12:27.9363702Z ##[group]Runner Image Provisioner
linux-portability (ubuntu-24.04-arm)	Set up job	2026-09-20T12:12:27.9364875Z Hosted Compute Agent
linux-portability (ubuntu-24.04-arm)	Set up job	2026-09-20T12:12:27.9365474Z Version: 20260828.587
linux-portability (ubuntu-24.04-arm)	Set up job	2026-09-20T12:12:27.9366294Z Commit: abac92662cab4cc7352de4f9f9d2e2419aad9c29
linux-portability (ubuntu-24.04-arm)	Set up job	2026-09-20T12:12:27.9367063Z Build Date: 2026-08-28T16:44:25Z
linux-portability (ubuntu-24.04-arm)	Set up job	2026-09-20T12:12:27.9367857Z Worker ID: {1d7c8497-6f6e-4cb4-82ba-589d3812608a}
linux-portability (ubuntu-24.04-arm)	Set up job	2026-09-20T12:12:27.9368634Z Azure Region: eastus2
linux-portability (ubuntu-24.04-arm)	Set up job	2026-09-20T12:12:27.9369218Z ##[endgroup]
linux-portability (ubuntu-24.04-arm)	Set up job	2026-09-20T12:12:27.9371775Z ##[group]Operating System
linux-portability (ubuntu-24.04-arm)	Set up job	2026-09-20T12:12:27.9372483Z Ubuntu
linux-portability (ubuntu-24.04-arm)	Set up job	2026-09-20T12:12:27.9373191Z 24.04.5
linux-portability (ubuntu-24.04-arm)	Set up job	2026-09-20T12:12:27.9373763Z LTS
linux-portability (ubuntu-24.04-arm)	Set up job	2026-09-20T12:12:27.9374283Z ##[endgroup]
linux-portability (ubuntu-24.04-arm)	Set up job	2026-09-20T12:12:27.9375386Z ##[group]Runner Image
linux-portability (ubuntu-24.04-arm)	Set up job	2026-09-20T12:12:27.9376027Z Image: ubuntu-24.04-arm
linux-portability (ubuntu-24.04-arm)	Set up job	2026-09-20T12:12:27.9376597Z Version: 20260907.118.1
linux-portability (ubuntu-24.04-arm)	Set up job	2026-09-20T12:12:27.9377845Z Included Software: https://github.com/actions/runner-images/blob/ubuntu24-arm64/20260907.118/images/ubuntu/Ubuntu2404-Arm64-Readme.md
linux-portability (ubuntu-24.04-arm)	Set up job	2026-09-20T12:12:27.9379758Z Image Release: https://github.com/actions/runner-images/releases/tag/ubuntu24-arm64%2F20260907.118
linux-portability (ubuntu-24.04-arm)	Set up job	2026-09-20T12:12:27.9381058Z ##[endgroup]
linux-portability (ubuntu-24.04-arm)	Set up job	2026-09-20T12:12:27.9382360Z ##[group]GITHUB_TOKEN Permissions
linux-portability (ubuntu-24.04-arm)	Set up job	2026-09-20T12:12:27.9385633Z Contents: read
linux-portability (ubuntu-24.04-arm)	Set up job	2026-09-20T12:12:27.9386341Z Metadata: read
linux-portability (ubuntu-24.04-arm)	Set up job	2026-09-20T12:12:27.9387065Z ##[endgroup]
linux-portability (ubuntu-24.04-arm)	Set up job	2026-09-20T12:12:27.9390381Z Secret source: Actions
linux-portability (ubuntu-24.04-arm)	Set up job	2026-09-20T12:12:27.9391691Z Cache mode: write
linux-portability (ubuntu-24.04-arm)	Set up job	2026-09-20T12:12:27.9393358Z Prepare workflow directory
linux-portability (ubuntu-24.04-arm)	Set up job	2026-09-20T12:12:27.9874826Z Prepare all required actions
linux-portability (ubuntu-24.04-arm)	Set up job	2026-09-20T12:12:27.9929486Z Getting action download info
linux-portability (ubuntu-24.04-arm)	Set up job	2026-09-20T12:12:28.2034592Z Download action repository 'actions/checkout@11bd71901bbe5b1630ceea73d27597364c9af683' (SHA:11bd71901bbe5b1630ceea73d27597364c9af683)
linux-portability (ubuntu-24.04-arm)	Set up job	2026-09-20T12:12:28.3552621Z Download action repository 'actions/upload-artifact@ea165f8d65b6e75b540449e92b4886f43607fa02' (SHA:ea165f8d65b6e75b540449e92b4886f43607fa02)
linux-portability (ubuntu-24.04-arm)	Set up job	2026-09-20T12:12:28.5737461Z Complete job name: linux-portability (ubuntu-24.04-arm)
linux-portability (ubuntu-24.04-arm)	Run actions/checkout@11bd71901bbe5b1630ceea73d27597364c9af683	﻿2026-09-20T12:12:28.6572082Z Node 20 is being deprecated. This workflow is running with Node 24 by default. If you need to temporarily use Node 20, you can set the ACTIONS_ALLOW_USE_UNSECURE_NODE_VERSION=true environment variable. For more information see: https://github.blog/changelog/2025-09-19-deprecation-of-node-20-on-github-actions-runners/
linux-portability (ubuntu-24.04-arm)	Run actions/checkout@11bd71901bbe5b1630ceea73d27597364c9af683	2026-09-20T12:12:28.6582008Z ##[group]Run actions/checkout@11bd71901bbe5b1630ceea73d27597364c9af683
linux-portability (ubuntu-24.04-arm)	Run actions/checkout@11bd71901bbe5b1630ceea73d27597364c9af683	2026-09-20T12:12:28.6583256Z with:
linux-portability (ubuntu-24.04-arm)	Run actions/checkout@11bd71901bbe5b1630ceea73d27597364c9af683	2026-09-20T12:12:28.6583827Z   path: rawk
linux-portability (ubuntu-24.04-arm)	Run actions/checkout@11bd71901bbe5b1630ceea73d27597364c9af683	2026-09-20T12:12:28.6584726Z   repository: francescotinti/rawk
linux-portability (ubuntu-24.04-arm)	Run actions/checkout@11bd71901bbe5b1630ceea73d27597364c9af683	2026-09-20T12:12:28.6588888Z   token: ***
linux-portability (ubuntu-24.04-arm)	Run actions/checkout@11bd71901bbe5b1630ceea73d27597364c9af683	2026-09-20T12:12:28.6589543Z   ssh-strict: true
linux-portability (ubuntu-24.04-arm)	Run actions/checkout@11bd71901bbe5b1630ceea73d27597364c9af683	2026-09-20T12:12:28.6590332Z   ssh-user: git
linux-portability (ubuntu-24.04-arm)	Run actions/checkout@11bd71901bbe5b1630ceea73d27597364c9af683	2026-09-20T12:12:28.6590928Z   persist-credentials: true
linux-portability (ubuntu-24.04-arm)	Run actions/checkout@11bd71901bbe5b1630ceea73d27597364c9af683	2026-09-20T12:12:28.6591997Z   clean: true
linux-portability (ubuntu-24.04-arm)	Run actions/checkout@11bd71901bbe5b1630ceea73d27597364c9af683	2026-09-20T12:12:28.6592607Z   sparse-checkout-cone-mode: true
linux-portability (ubuntu-24.04-arm)	Run actions/checkout@11bd71901bbe5b1630ceea73d27597364c9af683	2026-09-20T12:12:28.6593307Z   fetch-depth: 1
linux-portability (ubuntu-24.04-arm)	Run actions/checkout@11bd71901bbe5b1630ceea73d27597364c9af683	2026-09-20T12:12:28.6593859Z   fetch-tags: false
linux-portability (ubuntu-24.04-arm)	Run actions/checkout@11bd71901bbe5b1630ceea73d27597364c9af683	2026-09-20T12:12:28.6594476Z   show-progress: true
linux-portability (ubuntu-24.04-arm)	Run actions/checkout@11bd71901bbe5b1630ceea73d27597364c9af683	2026-09-20T12:12:28.6595653Z   lfs: false
linux-portability (ubuntu-24.04-arm)	Run actions/checkout@11bd71901bbe5b1630ceea73d27597364c9af683	2026-09-20T12:12:28.6596175Z   submodules: false
linux-portability (ubuntu-24.04-arm)	Run actions/checkout@11bd71901bbe5b1630ceea73d27597364c9af683	2026-09-20T12:12:28.6596833Z   set-safe-directory: true
linux-portability (ubuntu-24.04-arm)	Run actions/checkout@11bd71901bbe5b1630ceea73d27597364c9af683	2026-09-20T12:12:28.6597936Z env:
linux-portability (ubuntu-24.04-arm)	Run actions/checkout@11bd71901bbe5b1630ceea73d27597364c9af683	2026-09-20T12:12:28.6598468Z   LC_ALL: C
linux-portability (ubuntu-24.04-arm)	Run actions/checkout@11bd71901bbe5b1630ceea73d27597364c9af683	2026-09-20T12:12:28.6599177Z   CARGO_INCREMENTAL: 0
linux-portability (ubuntu-24.04-arm)	Run actions/checkout@11bd71901bbe5b1630ceea73d27597364c9af683	2026-09-20T12:12:28.6599812Z   RUSTUP_TOOLCHAIN: 1.96.0
linux-portability (ubuntu-24.04-arm)	Run actions/checkout@11bd71901bbe5b1630ceea73d27597364c9af683	2026-09-20T12:12:28.6600771Z ##[endgroup]
linux-portability (ubuntu-24.04-arm)	Run actions/checkout@11bd71901bbe5b1630ceea73d27597364c9af683	2026-09-20T12:12:28.7465185Z Syncing repository: francescotinti/rawk
linux-portability (ubuntu-24.04-arm)	Run actions/checkout@11bd71901bbe5b1630ceea73d27597364c9af683	2026-09-20T12:12:28.7467609Z ##[group]Getting Git version info
linux-portability (ubuntu-24.04-arm)	Run actions/checkout@11bd71901bbe5b1630ceea73d27597364c9af683	2026-09-20T12:12:28.7468695Z Working directory is '/home/runner/work/rawk/rawk/rawk'
linux-portability (ubuntu-24.04-arm)	Run actions/checkout@11bd71901bbe5b1630ceea73d27597364c9af683	2026-09-20T12:12:28.7469984Z [command]/usr/bin/git version
linux-portability (ubuntu-24.04-arm)	Run actions/checkout@11bd71901bbe5b1630ceea73d27597364c9af683	2026-09-20T12:12:28.7523924Z git version 2.55.0
linux-portability (ubuntu-24.04-arm)	Run actions/checkout@11bd71901bbe5b1630ceea73d27597364c9af683	2026-09-20T12:12:28.7543104Z ##[endgroup]
linux-portability (ubuntu-24.04-arm)	Run actions/checkout@11bd71901bbe5b1630ceea73d27597364c9af683	2026-09-20T12:12:28.7568083Z Temporarily overriding HOME='/home/runner/work/_temp/8f7eb5c3-ab42-434a-b586-2a2455bc4433' before making global git config changes
linux-portability (ubuntu-24.04-arm)	Run actions/checkout@11bd71901bbe5b1630ceea73d27597364c9af683	2026-09-20T12:12:28.7569917Z Adding repository directory to the temporary git global config as a safe directory
linux-portability (ubuntu-24.04-arm)	Run actions/checkout@11bd71901bbe5b1630ceea73d27597364c9af683	2026-09-20T12:12:28.7572132Z [command]/usr/bin/git config --global --add safe.directory /home/runner/work/rawk/rawk/rawk
linux-portability (ubuntu-24.04-arm)	Run actions/checkout@11bd71901bbe5b1630ceea73d27597364c9af683	2026-09-20T12:12:28.7618957Z ##[group]Initializing the repository
linux-portability (ubuntu-24.04-arm)	Run actions/checkout@11bd71901bbe5b1630ceea73d27597364c9af683	2026-09-20T12:12:28.7620799Z [command]/usr/bin/git init /home/runner/work/rawk/rawk/rawk
linux-portability (ubuntu-24.04-arm)	Run actions/checkout@11bd71901bbe5b1630ceea73d27597364c9af683	2026-09-20T12:12:28.7745228Z hint: Using 'master' as the name for the initial branch. This default branch name
linux-portability (ubuntu-24.04-arm)	Run actions/checkout@11bd71901bbe5b1630ceea73d27597364c9af683	2026-09-20T12:12:28.7747090Z hint: will change to "main" in Git 3.0. To configure the initial branch name
linux-portability (ubuntu-24.04-arm)	Run actions/checkout@11bd71901bbe5b1630ceea73d27597364c9af683	2026-09-20T12:12:28.7748341Z hint: to use in all of your new repositories, which will suppress this warning,
linux-portability (ubuntu-24.04-arm)	Run actions/checkout@11bd71901bbe5b1630ceea73d27597364c9af683	2026-09-20T12:12:28.7749353Z hint: call:
linux-portability (ubuntu-24.04-arm)	Run actions/checkout@11bd71901bbe5b1630ceea73d27597364c9af683	2026-09-20T12:12:28.7750354Z hint:
linux-portability (ubuntu-24.04-arm)	Run actions/checkout@11bd71901bbe5b1630ceea73d27597364c9af683	2026-09-20T12:12:28.7751315Z hint: 	git config --global init.defaultBranch <name>
linux-portability (ubuntu-24.04-arm)	Run actions/checkout@11bd71901bbe5b1630ceea73d27597364c9af683	2026-09-20T12:12:28.7752349Z hint:
linux-portability (ubuntu-24.04-arm)	Run actions/checkout@11bd71901bbe5b1630ceea73d27597364c9af683	2026-09-20T12:12:28.7753369Z hint: Names commonly chosen instead of 'master' are 'main', 'trunk' and
linux-portability (ubuntu-24.04-arm)	Run actions/checkout@11bd71901bbe5b1630ceea73d27597364c9af683	2026-09-20T12:12:28.7754693Z hint: 'development'. The just-created branch can be renamed via this command:
linux-portability (ubuntu-24.04-arm)	Run actions/checkout@11bd71901bbe5b1630ceea73d27597364c9af683	2026-09-20T12:12:28.7755795Z hint:
linux-portability (ubuntu-24.04-arm)	Run actions/checkout@11bd71901bbe5b1630ceea73d27597364c9af683	2026-09-20T12:12:28.7756565Z hint: 	git branch -m <name>
linux-portability (ubuntu-24.04-arm)	Run actions/checkout@11bd71901bbe5b1630ceea73d27597364c9af683	2026-09-20T12:12:28.7760705Z hint:
linux-portability (ubuntu-24.04-arm)	Run actions/checkout@11bd71901bbe5b1630ceea73d27597364c9af683	2026-09-20T12:12:28.7761616Z hint: Disable this message with "git config set advice.defaultBranchName false"
linux-portability (ubuntu-24.04-arm)	Run actions/checkout@11bd71901bbe5b1630ceea73d27597364c9af683	2026-09-20T12:12:28.7763133Z Initialized empty Git repository in /home/runner/work/rawk/rawk/rawk/.git/
linux-portability (ubuntu-24.04-arm)	Run actions/checkout@11bd71901bbe5b1630ceea73d27597364c9af683	2026-09-20T12:12:28.7774585Z [command]/usr/bin/git remote add origin https://github.com/francescotinti/rawk
linux-portability (ubuntu-24.04-arm)	Run actions/checkout@11bd71901bbe5b1630ceea73d27597364c9af683	2026-09-20T12:12:28.7816281Z ##[endgroup]
linux-portability (ubuntu-24.04-arm)	Run actions/checkout@11bd71901bbe5b1630ceea73d27597364c9af683	2026-09-20T12:12:28.7817878Z ##[group]Disabling automatic garbage collection
linux-portability (ubuntu-24.04-arm)	Run actions/checkout@11bd71901bbe5b1630ceea73d27597364c9af683	2026-09-20T12:12:28.7819315Z [command]/usr/bin/git config --local gc.auto 0
linux-portability (ubuntu-24.04-arm)	Run actions/checkout@11bd71901bbe5b1630ceea73d27597364c9af683	2026-09-20T12:12:28.7846458Z ##[endgroup]
linux-portability (ubuntu-24.04-arm)	Run actions/checkout@11bd71901bbe5b1630ceea73d27597364c9af683	2026-09-20T12:12:28.7848283Z ##[group]Setting up auth
linux-portability (ubuntu-24.04-arm)	Run actions/checkout@11bd71901bbe5b1630ceea73d27597364c9af683	2026-09-20T12:12:28.7852165Z [command]/usr/bin/git config --local --name-only --get-regexp core\.sshCommand
linux-portability (ubuntu-24.04-arm)	Run actions/checkout@11bd71901bbe5b1630ceea73d27597364c9af683	2026-09-20T12:12:28.7881560Z [command]/usr/bin/git submodule foreach --recursive sh -c "git config --local --name-only --get-regexp 'core\.sshCommand' && git config --local --unset-all 'core.sshCommand' || :"
linux-portability (ubuntu-24.04-arm)	Run actions/checkout@11bd71901bbe5b1630ceea73d27597364c9af683	2026-09-20T12:12:28.8223756Z [command]/usr/bin/git config --local --name-only --get-regexp http\.https\:\/\/github\.com\/\.extraheader
linux-portability (ubuntu-24.04-arm)	Run actions/checkout@11bd71901bbe5b1630ceea73d27597364c9af683	2026-09-20T12:12:28.8254064Z [command]/usr/bin/git submodule foreach --recursive sh -c "git config --local --name-only --get-regexp 'http\.https\:\/\/github\.com\/\.extraheader' && git config --local --unset-all 'http.https://github.com/.extraheader' || :"
linux-portability (ubuntu-24.04-arm)	Run actions/checkout@11bd71901bbe5b1630ceea73d27597364c9af683	2026-09-20T12:12:28.8428747Z [command]/usr/bin/git config --local http.https://github.com/.extraheader AUTHORIZATION: basic ***
linux-portability (ubuntu-24.04-arm)	Run actions/checkout@11bd71901bbe5b1630ceea73d27597364c9af683	2026-09-20T12:12:28.8466317Z ##[endgroup]
linux-portability (ubuntu-24.04-arm)	Run actions/checkout@11bd71901bbe5b1630ceea73d27597364c9af683	2026-09-20T12:12:28.8467410Z ##[group]Fetching the repository
linux-portability (ubuntu-24.04-arm)	Run actions/checkout@11bd71901bbe5b1630ceea73d27597364c9af683	2026-09-20T12:12:28.8475160Z [command]/usr/bin/git -c protocol.version=2 fetch --no-tags --prune --no-recurse-submodules --depth=1 origin +78bd646668714bd92348591d8d63224225d7990b:refs/remotes/origin/master
linux-portability (ubuntu-24.04-arm)	Run actions/checkout@11bd71901bbe5b1630ceea73d27597364c9af683	2026-09-20T12:12:29.2507888Z From https://github.com/francescotinti/rawk
linux-portability (ubuntu-24.04-arm)	Run actions/checkout@11bd71901bbe5b1630ceea73d27597364c9af683	2026-09-20T12:12:29.2510280Z  * [new ref]         78bd646668714bd92348591d8d63224225d7990b -> origin/master
linux-portability (ubuntu-24.04-arm)	Run actions/checkout@11bd71901bbe5b1630ceea73d27597364c9af683	2026-09-20T12:12:29.2517687Z ##[endgroup]
linux-portability (ubuntu-24.04-arm)	Run actions/checkout@11bd71901bbe5b1630ceea73d27597364c9af683	2026-09-20T12:12:29.2520767Z ##[group]Determining the checkout info
linux-portability (ubuntu-24.04-arm)	Run actions/checkout@11bd71901bbe5b1630ceea73d27597364c9af683	2026-09-20T12:12:29.2523381Z ##[endgroup]
linux-portability (ubuntu-24.04-arm)	Run actions/checkout@11bd71901bbe5b1630ceea73d27597364c9af683	2026-09-20T12:12:29.2525233Z [command]/usr/bin/git sparse-checkout disable
linux-portability (ubuntu-24.04-arm)	Run actions/checkout@11bd71901bbe5b1630ceea73d27597364c9af683	2026-09-20T12:12:29.2563566Z [command]/usr/bin/git config --local --unset-all extensions.worktreeConfig
linux-portability (ubuntu-24.04-arm)	Run actions/checkout@11bd71901bbe5b1630ceea73d27597364c9af683	2026-09-20T12:12:29.2592032Z ##[group]Checking out the ref
linux-portability (ubuntu-24.04-arm)	Run actions/checkout@11bd71901bbe5b1630ceea73d27597364c9af683	2026-09-20T12:12:29.2595732Z [command]/usr/bin/git checkout --progress --force -B master refs/remotes/origin/master
linux-portability (ubuntu-24.04-arm)	Run actions/checkout@11bd71901bbe5b1630ceea73d27597364c9af683	2026-09-20T12:12:29.2818795Z Reset branch 'master'
linux-portability (ubuntu-24.04-arm)	Run actions/checkout@11bd71901bbe5b1630ceea73d27597364c9af683	2026-09-20T12:12:29.2832346Z branch 'master' set up to track 'origin/master'.
linux-portability (ubuntu-24.04-arm)	Run actions/checkout@11bd71901bbe5b1630ceea73d27597364c9af683	2026-09-20T12:12:29.2835935Z ##[endgroup]
linux-portability (ubuntu-24.04-arm)	Run actions/checkout@11bd71901bbe5b1630ceea73d27597364c9af683	2026-09-20T12:12:29.2872593Z [command]/usr/bin/git log -1 --format=%H
linux-portability (ubuntu-24.04-arm)	Run actions/checkout@11bd71901bbe5b1630ceea73d27597364c9af683	2026-09-20T12:12:29.2894522Z 78bd646668714bd92348591d8d63224225d7990b
linux-portability (ubuntu-24.04-arm)	Install pinned Rust toolchain	﻿2026-09-20T12:12:29.3134934Z ##[group]Run rustup toolchain install 1.96.0 --profile minimal --component rustfmt --component clippy
linux-portability (ubuntu-24.04-arm)	Install pinned Rust toolchain	2026-09-20T12:12:29.3137718Z [36;1mrustup toolchain install 1.96.0 --profile minimal --component rustfmt --component clippy[0m
linux-portability (ubuntu-24.04-arm)	Install pinned Rust toolchain	2026-09-20T12:12:29.3254953Z shell: /usr/bin/bash -e {0}
linux-portability (ubuntu-24.04-arm)	Install pinned Rust toolchain	2026-09-20T12:12:29.3256345Z env:
linux-portability (ubuntu-24.04-arm)	Install pinned Rust toolchain	2026-09-20T12:12:29.3257197Z   LC_ALL: C
linux-portability (ubuntu-24.04-arm)	Install pinned Rust toolchain	2026-09-20T12:12:29.3258010Z   CARGO_INCREMENTAL: 0
linux-portability (ubuntu-24.04-arm)	Install pinned Rust toolchain	2026-09-20T12:12:29.3258993Z   RUSTUP_TOOLCHAIN: 1.96.0
linux-portability (ubuntu-24.04-arm)	Install pinned Rust toolchain	2026-09-20T12:12:29.3259940Z ##[endgroup]
linux-portability (ubuntu-24.04-arm)	Install pinned Rust toolchain	2026-09-20T12:12:29.8775591Z info: syncing channel updates for 1.96.0-aarch64-unknown-linux-gnu
linux-portability (ubuntu-24.04-arm)	Install pinned Rust toolchain	2026-09-20T12:12:30.1618120Z info: latest update on 2026-05-28 for version 1.96.0 (ac68faa20 2026-05-25)
linux-portability (ubuntu-24.04-arm)	Install pinned Rust toolchain	2026-09-20T12:12:30.1619136Z info: downloading 5 components
linux-portability (ubuntu-24.04-arm)	Install pinned Rust toolchain	2026-09-20T12:12:35.4003701Z 
linux-portability (ubuntu-24.04-arm)	Install pinned Rust toolchain	2026-09-20T12:12:35.4065865Z   1.96.0-aarch64-unknown-linux-gnu installed - rustc 1.96.0 (ac68faa20 2026-05-25)
linux-portability (ubuntu-24.04-arm)	Install pinned Rust toolchain	2026-09-20T12:12:35.4066534Z 
linux-portability (ubuntu-24.04-arm)	Prepare tested locales and C build tools	﻿2026-09-20T12:12:35.4204412Z ##[group]Run sudo apt-get update
linux-portability (ubuntu-24.04-arm)	Prepare tested locales and C build tools	2026-09-20T12:12:35.4205104Z [36;1msudo apt-get update[0m
linux-portability (ubuntu-24.04-arm)	Prepare tested locales and C build tools	2026-09-20T12:12:35.4205569Z [36;1msudo apt-get install -y build-essential bison locales[0m
linux-portability (ubuntu-24.04-arm)	Prepare tested locales and C build tools	2026-09-20T12:12:35.4206046Z [36;1msudo localedef -i en_US -f UTF-8 en_US.UTF-8[0m
linux-portability (ubuntu-24.04-arm)	Prepare tested locales and C build tools	2026-09-20T12:12:35.4206581Z [36;1msudo localedef -i tr_TR -f UTF-8 tr_TR.UTF-8[0m
linux-portability (ubuntu-24.04-arm)	Prepare tested locales and C build tools	2026-09-20T12:12:35.4207004Z [36;1msudo localedef -i en_US -f ISO-8859-1 en_US.ISO8859-1[0m
linux-portability (ubuntu-24.04-arm)	Prepare tested locales and C build tools	2026-09-20T12:12:35.4207498Z [36;1msudo localedef -i tr_TR -f ISO-8859-9 tr_TR.ISO8859-9[0m
linux-portability (ubuntu-24.04-arm)	Prepare tested locales and C build tools	2026-09-20T12:12:35.4208017Z [36;1msudo localedef --no-warnings=ascii -i ja_JP -f SHIFT_JIS ja_JP.SJIS[0m
linux-portability (ubuntu-24.04-arm)	Prepare tested locales and C build tools	2026-09-20T12:12:35.4208464Z [36;1mlocale -a[0m
linux-portability (ubuntu-24.04-arm)	Prepare tested locales and C build tools	2026-09-20T12:12:35.4209021Z [36;1mcc -std=c11 -Wall -Wextra -Werror scripts/shift_jis_locale_probe.c -o /tmp/rawk-sjis-locale-probe[0m
linux-portability (ubuntu-24.04-arm)	Prepare tested locales and C build tools	2026-09-20T12:12:35.4209618Z [36;1mset -o pipefail[0m
linux-portability (ubuntu-24.04-arm)	Prepare tested locales and C build tools	2026-09-20T12:12:35.4210598Z [36;1m/tmp/rawk-sjis-locale-probe 2>&1 | tee diary/shift-jis-locale-ci.log[0m
linux-portability (ubuntu-24.04-arm)	Prepare tested locales and C build tools	2026-09-20T12:12:35.4264972Z shell: /usr/bin/bash -e {0}
linux-portability (ubuntu-24.04-arm)	Prepare tested locales and C build tools	2026-09-20T12:12:35.4265417Z env:
linux-portability (ubuntu-24.04-arm)	Prepare tested locales and C build tools	2026-09-20T12:12:35.4265715Z   LC_ALL: C
linux-portability (ubuntu-24.04-arm)	Prepare tested locales and C build tools	2026-09-20T12:12:35.4266038Z   CARGO_INCREMENTAL: 0
linux-portability (ubuntu-24.04-arm)	Prepare tested locales and C build tools	2026-09-20T12:12:35.4266325Z   RUSTUP_TOOLCHAIN: 1.96.0
linux-portability (ubuntu-24.04-arm)	Prepare tested locales and C build tools	2026-09-20T12:12:35.4266747Z ##[endgroup]
linux-portability (ubuntu-24.04-arm)	Prepare tested locales and C build tools	2026-09-20T12:12:35.5294858Z Get:1 https://packages.microsoft.com/ubuntu/24.04/prod noble InRelease [3600 B]
linux-portability (ubuntu-24.04-arm)	Prepare tested locales and C build tools	2026-09-20T12:12:35.6054726Z Get:2 https://packages.microsoft.com/ubuntu/24.04/prod noble/main arm64 Packages [429 kB]
linux-portability (ubuntu-24.04-arm)	Prepare tested locales and C build tools	2026-09-20T12:12:35.6235997Z Get:3 https://packages.microsoft.com/ubuntu/24.04/prod noble/main amd64 Packages [478 kB]
linux-portability (ubuntu-24.04-arm)	Prepare tested locales and C build tools	2026-09-20T12:12:35.6306956Z Hit:4 http://ports.ubuntu.com/ubuntu-ports noble InRelease
linux-portability (ubuntu-24.04-arm)	Prepare tested locales and C build tools	2026-09-20T12:12:35.6530796Z Get:5 http://ports.ubuntu.com/ubuntu-ports noble-updates InRelease [126 kB]
linux-portability (ubuntu-24.04-arm)	Prepare tested locales and C build tools	2026-09-20T12:12:35.7663642Z Get:6 http://ports.ubuntu.com/ubuntu-ports noble-backports InRelease [126 kB]
linux-portability (ubuntu-24.04-arm)	Prepare tested locales and C build tools	2026-09-20T12:12:35.8061969Z Get:7 http://ports.ubuntu.com/ubuntu-ports noble-security InRelease [126 kB]
linux-portability (ubuntu-24.04-arm)	Prepare tested locales and C build tools	2026-09-20T12:12:35.8344996Z Get:8 http://ports.ubuntu.com/ubuntu-ports noble-updates/main arm64 Packages [1323 kB]
linux-portability (ubuntu-24.04-arm)	Prepare tested locales and C build tools	2026-09-20T12:12:35.9203047Z Get:9 http://ports.ubuntu.com/ubuntu-ports noble-updates/main Translation-en [294 kB]
linux-portability (ubuntu-24.04-arm)	Prepare tested locales and C build tools	2026-09-20T12:12:35.9432803Z Get:10 http://ports.ubuntu.com/ubuntu-ports noble-updates/main arm64 Components [178 kB]
linux-portability (ubuntu-24.04-arm)	Prepare tested locales and C build tools	2026-09-20T12:12:35.9608462Z Get:11 http://ports.ubuntu.com/ubuntu-ports noble-updates/universe arm64 Packages [1734 kB]
linux-portability (ubuntu-24.04-arm)	Prepare tested locales and C build tools	2026-09-20T12:12:36.0075040Z Get:12 http://ports.ubuntu.com/ubuntu-ports noble-updates/universe Translation-en [338 kB]
linux-portability (ubuntu-24.04-arm)	Prepare tested locales and C build tools	2026-09-20T12:12:36.0271561Z Get:13 http://ports.ubuntu.com/ubuntu-ports noble-updates/universe arm64 Components [387 kB]
linux-portability (ubuntu-24.04-arm)	Prepare tested locales and C build tools	2026-09-20T12:12:36.2726133Z Get:14 http://ports.ubuntu.com/ubuntu-ports noble-updates/restricted arm64 Packages [2347 kB]
linux-portability (ubuntu-24.04-arm)	Prepare tested locales and C build tools	2026-09-20T12:12:36.3105994Z Get:15 http://ports.ubuntu.com/ubuntu-ports noble-updates/restricted Translation-en [359 kB]
linux-portability (ubuntu-24.04-arm)	Prepare tested locales and C build tools	2026-09-20T12:12:36.3301039Z Get:16 http://ports.ubuntu.com/ubuntu-ports noble-updates/multiverse arm64 Packages [78.0 kB]
linux-portability (ubuntu-24.04-arm)	Prepare tested locales and C build tools	2026-09-20T12:12:36.3488215Z Get:17 http://ports.ubuntu.com/ubuntu-ports noble-updates/multiverse Translation-en [13.1 kB]
linux-portability (ubuntu-24.04-arm)	Prepare tested locales and C build tools	2026-09-20T12:12:36.4244177Z Get:18 http://ports.ubuntu.com/ubuntu-ports noble-backports/main arm64 Packages [65.8 kB]
linux-portability (ubuntu-24.04-arm)	Prepare tested locales and C build tools	2026-09-20T12:12:36.4425766Z Get:19 http://ports.ubuntu.com/ubuntu-ports noble-backports/main arm64 Components [3556 B]
linux-portability (ubuntu-24.04-arm)	Prepare tested locales and C build tools	2026-09-20T12:12:36.4605201Z Get:20 http://ports.ubuntu.com/ubuntu-ports noble-backports/universe arm64 Packages [34.9 kB]
linux-portability (ubuntu-24.04-arm)	Prepare tested locales and C build tools	2026-09-20T12:12:36.4786145Z Get:21 http://ports.ubuntu.com/ubuntu-ports noble-backports/universe Translation-en [18.7 kB]
linux-portability (ubuntu-24.04-arm)	Prepare tested locales and C build tools	2026-09-20T12:12:36.4968818Z Get:22 http://ports.ubuntu.com/ubuntu-ports noble-backports/universe arm64 Components [12.6 kB]
linux-portability (ubuntu-24.04-arm)	Prepare tested locales and C build tools	2026-09-20T12:12:36.5151809Z Get:23 http://ports.ubuntu.com/ubuntu-ports noble-security/main arm64 Packages [1074 kB]
linux-portability (ubuntu-24.04-arm)	Prepare tested locales and C build tools	2026-09-20T12:12:36.5377298Z Get:24 http://ports.ubuntu.com/ubuntu-ports noble-security/main Translation-en [214 kB]
linux-portability (ubuntu-24.04-arm)	Prepare tested locales and C build tools	2026-09-20T12:12:36.5565215Z Get:25 http://ports.ubuntu.com/ubuntu-ports noble-security/main arm64 Components [43.3 kB]
linux-portability (ubuntu-24.04-arm)	Prepare tested locales and C build tools	2026-09-20T12:12:36.5747848Z Get:26 http://ports.ubuntu.com/ubuntu-ports noble-security/universe arm64 Packages [1289 kB]
linux-portability (ubuntu-24.04-arm)	Prepare tested locales and C build tools	2026-09-20T12:12:36.5995718Z Get:27 http://ports.ubuntu.com/ubuntu-ports noble-security/universe Translation-en [243 kB]
linux-portability (ubuntu-24.04-arm)	Prepare tested locales and C build tools	2026-09-20T12:12:36.6174111Z Get:28 http://ports.ubuntu.com/ubuntu-ports noble-security/universe arm64 Components [76.3 kB]
linux-portability (ubuntu-24.04-arm)	Prepare tested locales and C build tools	2026-09-20T12:12:36.6360435Z Get:29 http://ports.ubuntu.com/ubuntu-ports noble-security/restricted arm64 Packages [2230 kB]
linux-portability (ubuntu-24.04-arm)	Prepare tested locales and C build tools	2026-09-20T12:12:36.6642711Z Get:30 http://ports.ubuntu.com/ubuntu-ports noble-security/restricted Translation-en [336 kB]
linux-portability (ubuntu-24.04-arm)	Prepare tested locales and C build tools	2026-09-20T12:12:36.6843539Z Get:31 http://ports.ubuntu.com/ubuntu-ports noble-security/multiverse arm64 Packages [73.7 kB]
linux-portability (ubuntu-24.04-arm)	Prepare tested locales and C build tools	2026-09-20T12:12:36.7023007Z Get:32 http://ports.ubuntu.com/ubuntu-ports noble-security/multiverse Translation-en [11.3 kB]
linux-portability (ubuntu-24.04-arm)	Prepare tested locales and C build tools	2026-09-20T12:12:40.8465984Z Fetched 14.1 MB in 1s (9671 kB/s)
linux-portability (ubuntu-24.04-arm)	Prepare tested locales and C build tools	2026-09-20T12:12:41.8126905Z Reading package lists...
linux-portability (ubuntu-24.04-arm)	Prepare tested locales and C build tools	2026-09-20T12:12:41.8415704Z Reading package lists...
linux-portability (ubuntu-24.04-arm)	Prepare tested locales and C build tools	2026-09-20T12:12:42.1009098Z Building dependency tree...
linux-portability (ubuntu-24.04-arm)	Prepare tested locales and C build tools	2026-09-20T12:12:42.1016121Z Reading state information...
linux-portability (ubuntu-24.04-arm)	Prepare tested locales and C build tools	2026-09-20T12:12:42.3776459Z The following additional packages will be installed:
linux-portability (ubuntu-24.04-arm)	Prepare tested locales and C build tools	2026-09-20T12:12:42.3801126Z   libc-bin libc-dev-bin libc6 libc6-dev
linux-portability (ubuntu-24.04-arm)	Prepare tested locales and C build tools	2026-09-20T12:12:42.3801728Z Suggested packages:
linux-portability (ubuntu-24.04-arm)	Prepare tested locales and C build tools	2026-09-20T12:12:42.3802104Z   bison-doc glibc-doc libnss-nis libnss-nisplus manpages-dev
linux-portability (ubuntu-24.04-arm)	Prepare tested locales and C build tools	2026-09-20T12:12:42.3802525Z Recommended packages:
linux-portability (ubuntu-24.04-arm)	Prepare tested locales and C build tools	2026-09-20T12:12:42.3802790Z   manpages-dev libc-devtools
linux-portability (ubuntu-24.04-arm)	Prepare tested locales and C build tools	2026-09-20T12:12:42.4088781Z The following NEW packages will be installed:
linux-portability (ubuntu-24.04-arm)	Prepare tested locales and C build tools	2026-09-20T12:12:42.4098033Z   build-essential
linux-portability (ubuntu-24.04-arm)	Prepare tested locales and C build tools	2026-09-20T12:12:42.4102516Z The following packages will be upgraded:
linux-portability (ubuntu-24.04-arm)	Prepare tested locales and C build tools	2026-09-20T12:12:42.4112131Z   bison libc-bin libc-dev-bin libc6 libc6-dev locales
linux-portability (ubuntu-24.04-arm)	Prepare tested locales and C build tools	2026-09-20T12:12:42.5719556Z 6 upgraded, 1 newly installed, 0 to remove and 64 not upgraded.
linux-portability (ubuntu-24.04-arm)	Prepare tested locales and C build tools	2026-09-20T12:12:42.5720929Z Need to get 9961 kB of archives.
linux-portability (ubuntu-24.04-arm)	Prepare tested locales and C build tools	2026-09-20T12:12:42.5721338Z After this operation, 19.5 kB of additional disk space will be used.
linux-portability (ubuntu-24.04-arm)	Prepare tested locales and C build tools	2026-09-20T12:12:42.5722122Z Get:1 http://ports.ubuntu.com/ubuntu-ports noble-updates/main arm64 libc6-dev arm64 2.39-0ubuntu8.9 [1596 kB]
linux-portability (ubuntu-24.04-arm)	Prepare tested locales and C build tools	2026-09-20T12:12:42.7452568Z Get:2 http://ports.ubuntu.com/ubuntu-ports noble-updates/main arm64 libc-dev-bin arm64 2.39-0ubuntu8.9 [19.7 kB]
linux-portability (ubuntu-24.04-arm)	Prepare tested locales and C build tools	2026-09-20T12:12:42.7627433Z Get:3 http://ports.ubuntu.com/ubuntu-ports noble-updates/main arm64 libc6 arm64 2.39-0ubuntu8.9 [2776 kB]
linux-portability (ubuntu-24.04-arm)	Prepare tested locales and C build tools	2026-09-20T12:12:42.8252969Z Get:4 http://ports.ubuntu.com/ubuntu-ports noble-updates/main arm64 libc-bin arm64 2.39-0ubuntu8.9 [591 kB]
linux-portability (ubuntu-24.04-arm)	Prepare tested locales and C build tools	2026-09-20T12:12:42.8463818Z Get:5 http://ports.ubuntu.com/ubuntu-ports noble-updates/main arm64 locales all 2.39-0ubuntu8.9 [4232 kB]
linux-portability (ubuntu-24.04-arm)	Prepare tested locales and C build tools	2026-09-20T12:12:42.8913858Z Get:6 http://ports.ubuntu.com/ubuntu-ports noble-updates/main arm64 bison arm64 2:3.8.2+dfsg-1ubuntu0.24.04.1 [740 kB]
linux-portability (ubuntu-24.04-arm)	Prepare tested locales and C build tools	2026-09-20T12:12:42.9125324Z Get:7 http://ports.ubuntu.com/ubuntu-ports noble/main arm64 build-essential arm64 12.10ubuntu1 [4932 B]
linux-portability (ubuntu-24.04-arm)	Prepare tested locales and C build tools	2026-09-20T12:12:43.1761013Z Preconfiguring packages ...
linux-portability (ubuntu-24.04-arm)	Prepare tested locales and C build tools	2026-09-20T12:12:43.2611758Z Fetched 9961 kB in 0s (20.3 MB/s)
linux-portability (ubuntu-24.04-arm)	Prepare tested locales and C build tools	2026-09-20T12:12:43.3103545Z (Reading database ... 
linux-portability (ubuntu-24.04-arm)	Prepare tested locales and C build tools	2026-09-20T12:12:43.3103967Z (Reading database ... 5%
linux-portability (ubuntu-24.04-arm)	Prepare tested locales and C build tools	2026-09-20T12:12:43.3104566Z (Reading database ... 10%
linux-portability (ubuntu-24.04-arm)	Prepare tested locales and C build tools	2026-09-20T12:12:43.3104839Z (Reading database ... 15%
linux-portability (ubuntu-24.04-arm)	Prepare tested locales and C build tools	2026-09-20T12:12:43.3106131Z (Reading database ... 20%
linux-portability (ubuntu-24.04-arm)	Prepare tested locales and C build tools	2026-09-20T12:12:43.3106715Z (Reading database ... 25%
linux-portability (ubuntu-24.04-arm)	Prepare tested locales and C build tools	2026-09-20T12:12:43.3106985Z (Reading database ... 30%
linux-portability (ubuntu-24.04-arm)	Prepare tested locales and C build tools	2026-09-20T12:12:43.3107292Z (Reading database ... 35%
linux-portability (ubuntu-24.04-arm)	Prepare tested locales and C build tools	2026-09-20T12:12:43.3107629Z (Reading database ... 40%
linux-portability (ubuntu-24.04-arm)	Prepare tested locales and C build tools	2026-09-20T12:12:43.3107876Z (Reading database ... 45%
linux-portability (ubuntu-24.04-arm)	Prepare tested locales and C build tools	2026-09-20T12:12:43.3108177Z (Reading database ... 50%
linux-portability (ubuntu-24.04-arm)	Prepare tested locales and C build tools	2026-09-20T12:12:43.3295306Z (Reading database ... 55%
linux-portability (ubuntu-24.04-arm)	Prepare tested locales and C build tools	2026-09-20T12:12:43.4713774Z (Reading database ... 60%
linux-portability (ubuntu-24.04-arm)	Prepare tested locales and C build tools	2026-09-20T12:12:43.6777076Z (Reading database ... 65%
linux-portability (ubuntu-24.04-arm)	Prepare tested locales and C build tools	2026-09-20T12:12:43.7332799Z (Reading database ... 70%
linux-portability (ubuntu-24.04-arm)	Prepare tested locales and C build tools	2026-09-20T12:12:43.7846460Z (Reading database ... 75%
linux-portability (ubuntu-24.04-arm)	Prepare tested locales and C build tools	2026-09-20T12:12:43.9323154Z (Reading database ... 80%
linux-portability (ubuntu-24.04-arm)	Prepare tested locales and C build tools	2026-09-20T12:12:44.1407685Z (Reading database ... 85%
linux-portability (ubuntu-24.04-arm)	Prepare tested locales and C build tools	2026-09-20T12:12:44.2791834Z (Reading database ... 90%
linux-portability (ubuntu-24.04-arm)	Prepare tested locales and C build tools	2026-09-20T12:12:44.4324735Z (Reading database ... 95%
linux-portability (ubuntu-24.04-arm)	Prepare tested locales and C build tools	2026-09-20T12:12:44.4325124Z (Reading database ... 100%
linux-portability (ubuntu-24.04-arm)	Prepare tested locales and C build tools	2026-09-20T12:12:44.4325719Z (Reading database ... 201140 files and directories currently installed.)
linux-portability (ubuntu-24.04-arm)	Prepare tested locales and C build tools	2026-09-20T12:12:44.4370523Z Preparing to unpack .../libc6-dev_2.39-0ubuntu8.9_arm64.deb ...
linux-portability (ubuntu-24.04-arm)	Prepare tested locales and C build tools	2026-09-20T12:12:44.4425353Z Unpacking libc6-dev:arm64 (2.39-0ubuntu8.9) over (2.39-0ubuntu8.8) ...
linux-portability (ubuntu-24.04-arm)	Prepare tested locales and C build tools	2026-09-20T12:12:44.6248414Z Preparing to unpack .../libc-dev-bin_2.39-0ubuntu8.9_arm64.deb ...
linux-portability (ubuntu-24.04-arm)	Prepare tested locales and C build tools	2026-09-20T12:12:44.6292308Z Unpacking libc-dev-bin (2.39-0ubuntu8.9) over (2.39-0ubuntu8.8) ...
linux-portability (ubuntu-24.04-arm)	Prepare tested locales and C build tools	2026-09-20T12:12:44.6826675Z Preparing to unpack .../libc6_2.39-0ubuntu8.9_arm64.deb ...
linux-portability (ubuntu-24.04-arm)	Prepare tested locales and C build tools	2026-09-20T12:12:44.8058933Z Unpacking libc6:arm64 (2.39-0ubuntu8.9) over (2.39-0ubuntu8.8) ...
linux-portability (ubuntu-24.04-arm)	Prepare tested locales and C build tools	2026-09-20T12:12:44.9751338Z Setting up libc6:arm64 (2.39-0ubuntu8.9) ...
linux-portability (ubuntu-24.04-arm)	Prepare tested locales and C build tools	2026-09-20T12:12:45.3206104Z (Reading database ... 
linux-portability (ubuntu-24.04-arm)	Prepare tested locales and C build tools	2026-09-20T12:12:45.3206524Z (Reading database ... 5%
linux-portability (ubuntu-24.04-arm)	Prepare tested locales and C build tools	2026-09-20T12:12:45.3206821Z (Reading database ... 10%
linux-portability (ubuntu-24.04-arm)	Prepare tested locales and C build tools	2026-09-20T12:12:45.3207386Z (Reading database ... 15%
linux-portability (ubuntu-24.04-arm)	Prepare tested locales and C build tools	2026-09-20T12:12:45.3207632Z (Reading database ... 20%
linux-portability (ubuntu-24.04-arm)	Prepare tested locales and C build tools	2026-09-20T12:12:45.3207945Z (Reading database ... 25%
linux-portability (ubuntu-24.04-arm)	Prepare tested locales and C build tools	2026-09-20T12:12:45.3208201Z (Reading database ... 30%
linux-portability (ubuntu-24.04-arm)	Prepare tested locales and C build tools	2026-09-20T12:12:45.3208474Z (Reading database ... 35%
linux-portability (ubuntu-24.04-arm)	Prepare tested locales and C build tools	2026-09-20T12:12:45.3208771Z (Reading database ... 40%
linux-portability (ubuntu-24.04-arm)	Prepare tested locales and C build tools	2026-09-20T12:12:45.3209347Z (Reading database ... 45%
linux-portability (ubuntu-24.04-arm)	Prepare tested locales and C build tools	2026-09-20T12:12:45.3209753Z (Reading database ... 50%
linux-portability (ubuntu-24.04-arm)	Prepare tested locales and C build tools	2026-09-20T12:12:45.3226323Z (Reading database ... 55%
linux-portability (ubuntu-24.04-arm)	Prepare tested locales and C build tools	2026-09-20T12:12:45.3317557Z (Reading database ... 60%
linux-portability (ubuntu-24.04-arm)	Prepare tested locales and C build tools	2026-09-20T12:12:45.3343873Z (Reading database ... 65%
linux-portability (ubuntu-24.04-arm)	Prepare tested locales and C build tools	2026-09-20T12:12:45.3356563Z (Reading database ... 70%
linux-portability (ubuntu-24.04-arm)	Prepare tested locales and C build tools	2026-09-20T12:12:45.3375906Z (Reading database ... 75%
linux-portability (ubuntu-24.04-arm)	Prepare tested locales and C build tools	2026-09-20T12:12:45.3407366Z (Reading database ... 80%
linux-portability (ubuntu-24.04-arm)	Prepare tested locales and C build tools	2026-09-20T12:12:45.3524608Z (Reading database ... 85%
linux-portability (ubuntu-24.04-arm)	Prepare tested locales and C build tools	2026-09-20T12:12:45.3592956Z (Reading database ... 90%
linux-portability (ubuntu-24.04-arm)	Prepare tested locales and C build tools	2026-09-20T12:12:45.3777716Z (Reading database ... 95%
linux-portability (ubuntu-24.04-arm)	Prepare tested locales and C build tools	2026-09-20T12:12:45.3778254Z (Reading database ... 100%
linux-portability (ubuntu-24.04-arm)	Prepare tested locales and C build tools	2026-09-20T12:12:45.3778668Z (Reading database ... 201140 files and directories currently installed.)
linux-portability (ubuntu-24.04-arm)	Prepare tested locales and C build tools	2026-09-20T12:12:45.3822104Z Preparing to unpack .../libc-bin_2.39-0ubuntu8.9_arm64.deb ...
linux-portability (ubuntu-24.04-arm)	Prepare tested locales and C build tools	2026-09-20T12:12:45.3873775Z Unpacking libc-bin (2.39-0ubuntu8.9) over (2.39-0ubuntu8.8) ...
linux-portability (ubuntu-24.04-arm)	Prepare tested locales and C build tools	2026-09-20T12:12:45.4434785Z Setting up libc-bin (2.39-0ubuntu8.9) ...
linux-portability (ubuntu-24.04-arm)	Prepare tested locales and C build tools	2026-09-20T12:12:45.5166050Z (Reading database ... 
linux-portability (ubuntu-24.04-arm)	Prepare tested locales and C build tools	2026-09-20T12:12:45.5166697Z (Reading database ... 5%
linux-portability (ubuntu-24.04-arm)	Prepare tested locales and C build tools	2026-09-20T12:12:45.5166977Z (Reading database ... 10%
linux-portability (ubuntu-24.04-arm)	Prepare tested locales and C build tools	2026-09-20T12:12:45.5167239Z (Reading database ... 15%
linux-portability (ubuntu-24.04-arm)	Prepare tested locales and C build tools	2026-09-20T12:12:45.5167539Z (Reading database ... 20%
linux-portability (ubuntu-24.04-arm)	Prepare tested locales and C build tools	2026-09-20T12:12:45.5167845Z (Reading database ... 25%
linux-portability (ubuntu-24.04-arm)	Prepare tested locales and C build tools	2026-09-20T12:12:45.5168087Z (Reading database ... 30%
linux-portability (ubuntu-24.04-arm)	Prepare tested locales and C build tools	2026-09-20T12:12:45.5168409Z (Reading database ... 35%
linux-portability (ubuntu-24.04-arm)	Prepare tested locales and C build tools	2026-09-20T12:12:45.5168656Z (Reading database ... 40%
linux-portability (ubuntu-24.04-arm)	Prepare tested locales and C build tools	2026-09-20T12:12:45.5169601Z (Reading database ... 45%
linux-portability (ubuntu-24.04-arm)	Prepare tested locales and C build tools	2026-09-20T12:12:45.5169890Z (Reading database ... 50%
linux-portability (ubuntu-24.04-arm)	Prepare tested locales and C build tools	2026-09-20T12:12:45.5185799Z (Reading database ... 55%
linux-portability (ubuntu-24.04-arm)	Prepare tested locales and C build tools	2026-09-20T12:12:45.5278545Z (Reading database ... 60%
linux-portability (ubuntu-24.04-arm)	Prepare tested locales and C build tools	2026-09-20T12:12:45.5305426Z (Reading database ... 65%
linux-portability (ubuntu-24.04-arm)	Prepare tested locales and C build tools	2026-09-20T12:12:45.5318851Z (Reading database ... 70%
linux-portability (ubuntu-24.04-arm)	Prepare tested locales and C build tools	2026-09-20T12:12:45.5338624Z (Reading database ... 75%
linux-portability (ubuntu-24.04-arm)	Prepare tested locales and C build tools	2026-09-20T12:12:45.5370751Z (Reading database ... 80%
linux-portability (ubuntu-24.04-arm)	Prepare tested locales and C build tools	2026-09-20T12:12:45.5489502Z (Reading database ... 85%
linux-portability (ubuntu-24.04-arm)	Prepare tested locales and C build tools	2026-09-20T12:12:45.5559142Z (Reading database ... 90%
linux-portability (ubuntu-24.04-arm)	Prepare tested locales and C build tools	2026-09-20T12:12:45.5740227Z (Reading database ... 95%
linux-portability (ubuntu-24.04-arm)	Prepare tested locales and C build tools	2026-09-20T12:12:45.5740613Z (Reading database ... 100%
linux-portability (ubuntu-24.04-arm)	Prepare tested locales and C build tools	2026-09-20T12:12:45.5740975Z (Reading database ... 201140 files and directories currently installed.)
linux-portability (ubuntu-24.04-arm)	Prepare tested locales and C build tools	2026-09-20T12:12:45.5783309Z Preparing to unpack .../locales_2.39-0ubuntu8.9_all.deb ...
linux-portability (ubuntu-24.04-arm)	Prepare tested locales and C build tools	2026-09-20T12:12:45.5851771Z Unpacking locales (2.39-0ubuntu8.9) over (2.39-0ubuntu8.8) ...
linux-portability (ubuntu-24.04-arm)	Prepare tested locales and C build tools	2026-09-20T12:12:45.8296499Z Preparing to unpack .../bison_2%3a3.8.2+dfsg-1ubuntu0.24.04.1_arm64.deb ...
linux-portability (ubuntu-24.04-arm)	Prepare tested locales and C build tools	2026-09-20T12:12:45.8440702Z Unpacking bison (2:3.8.2+dfsg-1ubuntu0.24.04.1) over (2:3.8.2+dfsg-1build2) ...
linux-portability (ubuntu-24.04-arm)	Prepare tested locales and C build tools	2026-09-20T12:12:45.9205906Z Selecting previously unselected package build-essential.
linux-portability (ubuntu-24.04-arm)	Prepare tested locales and C build tools	2026-09-20T12:12:45.9372599Z Preparing to unpack .../build-essential_12.10ubuntu1_arm64.deb ...
linux-portability (ubuntu-24.04-arm)	Prepare tested locales and C build tools	2026-09-20T12:12:45.9390130Z Unpacking build-essential (12.10ubuntu1) ...
linux-portability (ubuntu-24.04-arm)	Prepare tested locales and C build tools	2026-09-20T12:12:45.9755172Z Setting up locales (2.39-0ubuntu8.9) ...
linux-portability (ubuntu-24.04-arm)	Prepare tested locales and C build tools	2026-09-20T12:12:46.3990653Z Generating locales (this might take a while)...
linux-portability (ubuntu-24.04-arm)	Prepare tested locales and C build tools	2026-09-20T12:12:47.6243355Z   en_US.UTF-8... done
linux-portability (ubuntu-24.04-arm)	Prepare tested locales and C build tools	2026-09-20T12:12:47.6244605Z Generation complete.
linux-portability (ubuntu-24.04-arm)	Prepare tested locales and C build tools	2026-09-20T12:12:47.6419279Z Setting up bison (2:3.8.2+dfsg-1ubuntu0.24.04.1) ...
linux-portability (ubuntu-24.04-arm)	Prepare tested locales and C build tools	2026-09-20T12:12:47.6505046Z Setting up libc-dev-bin (2.39-0ubuntu8.9) ...
linux-portability (ubuntu-24.04-arm)	Prepare tested locales and C build tools	2026-09-20T12:12:47.6546644Z Setting up libc6-dev:arm64 (2.39-0ubuntu8.9) ...
linux-portability (ubuntu-24.04-arm)	Prepare tested locales and C build tools	2026-09-20T12:12:47.6580205Z Setting up build-essential (12.10ubuntu1) ...
linux-portability (ubuntu-24.04-arm)	Prepare tested locales and C build tools	2026-09-20T12:12:47.6631150Z Processing triggers for man-db (2.12.0-4build2) ...
linux-portability (ubuntu-24.04-arm)	Prepare tested locales and C build tools	2026-09-20T12:12:47.6661205Z Not building database; man-db/auto-update is not 'true'.
linux-portability (ubuntu-24.04-arm)	Prepare tested locales and C build tools	2026-09-20T12:12:49.8378495Z 
linux-portability (ubuntu-24.04-arm)	Prepare tested locales and C build tools	2026-09-20T12:12:49.8379456Z Running kernel seems to be up-to-date.
linux-portability (ubuntu-24.04-arm)	Prepare tested locales and C build tools	2026-09-20T12:12:49.8379850Z 
linux-portability (ubuntu-24.04-arm)	Prepare tested locales and C build tools	2026-09-20T12:12:49.8379974Z Restarting services...
linux-portability (ubuntu-24.04-arm)	Prepare tested locales and C build tools	2026-09-20T12:12:49.9699819Z  systemctl restart chrony.service containerd.service cron.service haveged.service hv-kvp-daemon.service multipathd.service packagekit.service php8.3-fpm.service polkit.service rsyslog.service systemd-journald.service systemd-networkd.service systemd-resolved.service systemd-udevd.service udisks2.service
linux-portability (ubuntu-24.04-arm)	Prepare tested locales and C build tools	2026-09-20T12:12:50.1832909Z 
linux-portability (ubuntu-24.04-arm)	Prepare tested locales and C build tools	2026-09-20T12:12:50.1834003Z Service restarts being deferred:
linux-portability (ubuntu-24.04-arm)	Prepare tested locales and C build tools	2026-09-20T12:12:50.1835002Z  systemctl restart ModemManager.service
linux-portability (ubuntu-24.04-arm)	Prepare tested locales and C build tools	2026-09-20T12:12:50.1835603Z  /etc/needrestart/restart.d/dbus.service
linux-portability (ubuntu-24.04-arm)	Prepare tested locales and C build tools	2026-09-20T12:12:50.1836295Z  systemctl restart docker.service
linux-portability (ubuntu-24.04-arm)	Prepare tested locales and C build tools	2026-09-20T12:12:50.1836776Z  systemctl restart getty@tty1.service
linux-portability (ubuntu-24.04-arm)	Prepare tested locales and C build tools	2026-09-20T12:12:50.1837345Z  systemctl restart hosted-compute-agent.service
linux-portability (ubuntu-24.04-arm)	Prepare tested locales and C build tools	2026-09-20T12:12:50.1837933Z  systemctl restart networkd-dispatcher.service
linux-portability (ubuntu-24.04-arm)	Prepare tested locales and C build tools	2026-09-20T12:12:50.1838463Z  systemctl restart serial-getty@ttyAMA0.service
linux-portability (ubuntu-24.04-arm)	Prepare tested locales and C build tools	2026-09-20T12:12:50.1839010Z  systemctl restart systemd-logind.service
linux-portability (ubuntu-24.04-arm)	Prepare tested locales and C build tools	2026-09-20T12:12:50.1839470Z  systemctl restart walinuxagent.service
linux-portability (ubuntu-24.04-arm)	Prepare tested locales and C build tools	2026-09-20T12:12:50.1839821Z 
linux-portability (ubuntu-24.04-arm)	Prepare tested locales and C build tools	2026-09-20T12:12:50.1840349Z No containers need to be restarted.
linux-portability (ubuntu-24.04-arm)	Prepare tested locales and C build tools	2026-09-20T12:12:50.1840770Z 
linux-portability (ubuntu-24.04-arm)	Prepare tested locales and C build tools	2026-09-20T12:12:50.1841188Z User sessions running outdated binaries:
linux-portability (ubuntu-24.04-arm)	Prepare tested locales and C build tools	2026-09-20T12:12:50.1841776Z  runner @ user manager service: systemd[1187]
linux-portability (ubuntu-24.04-arm)	Prepare tested locales and C build tools	2026-09-20T12:12:50.1991879Z 
linux-portability (ubuntu-24.04-arm)	Prepare tested locales and C build tools	2026-09-20T12:12:50.2017454Z No VM guests are running outdated hypervisor (qemu) binaries on this host.
linux-portability (ubuntu-24.04-arm)	Prepare tested locales and C build tools	2026-09-20T12:12:54.7151858Z C
linux-portability (ubuntu-24.04-arm)	Prepare tested locales and C build tools	2026-09-20T12:12:54.7152256Z C.utf8
linux-portability (ubuntu-24.04-arm)	Prepare tested locales and C build tools	2026-09-20T12:12:54.7152629Z POSIX
linux-portability (ubuntu-24.04-arm)	Prepare tested locales and C build tools	2026-09-20T12:12:54.7152865Z en_US.iso88591
linux-portability (ubuntu-24.04-arm)	Prepare tested locales and C build tools	2026-09-20T12:12:54.7153103Z en_US.utf8
linux-portability (ubuntu-24.04-arm)	Prepare tested locales and C build tools	2026-09-20T12:12:54.7153395Z ja_JP.sjis
linux-portability (ubuntu-24.04-arm)	Prepare tested locales and C build tools	2026-09-20T12:12:54.7153607Z tr_TR.iso88599
linux-portability (ubuntu-24.04-arm)	Prepare tested locales and C build tools	2026-09-20T12:12:54.7153841Z tr_TR.utf8
linux-portability (ubuntu-24.04-arm)	Prepare tested locales and C build tools	2026-09-20T12:12:54.9147674Z locale=ja_JP.SJIS codeset=SHIFT_JIS MB_CUR_MAX=2 wchar_t=4
linux-portability (ubuntu-24.04-arm)	Prepare tested locales and C build tools	2026-09-20T12:12:54.9148142Z decode=2 wchar=0xff41
linux-portability (ubuntu-24.04-arm)	Prepare tested locales and C build tools	2026-09-20T12:12:54.9148574Z encode=2
linux-portability (ubuntu-24.04-arm)	Prepare tested locales and C build tools	2026-09-20T12:12:54.9149253Z truncated=incomplete
linux-portability (ubuntu-24.04-arm)	Prepare tested locales and C build tools	2026-09-20T12:12:54.9149622Z invalid=error errno=84
linux-portability (ubuntu-24.04-arm)	Build pinned original C oracle	﻿2026-09-20T12:12:54.9187368Z ##[group]Run git init ../c_awk
linux-portability (ubuntu-24.04-arm)	Build pinned original C oracle	2026-09-20T12:12:54.9187802Z [36;1mgit init ../c_awk[0m
linux-portability (ubuntu-24.04-arm)	Build pinned original C oracle	2026-09-20T12:12:54.9188308Z [36;1mgit -C ../c_awk remote add origin https://github.com/onetrueawk/awk.git[0m
linux-portability (ubuntu-24.04-arm)	Build pinned original C oracle	2026-09-20T12:12:54.9188888Z [36;1mgit -C ../c_awk fetch --depth 1 origin 5739fd79bcfc75ba7526773d0cf634521f8aca3c[0m
linux-portability (ubuntu-24.04-arm)	Build pinned original C oracle	2026-09-20T12:12:54.9189396Z [36;1mgit -C ../c_awk checkout --detach FETCH_HEAD[0m
linux-portability (ubuntu-24.04-arm)	Build pinned original C oracle	2026-09-20T12:12:54.9189724Z [36;1mmake -C ../c_awk[0m
linux-portability (ubuntu-24.04-arm)	Build pinned original C oracle	2026-09-20T12:12:54.9189977Z [36;1m../c_awk/a.out --version[0m
linux-portability (ubuntu-24.04-arm)	Build pinned original C oracle	2026-09-20T12:12:54.9225781Z shell: /usr/bin/bash -e {0}
linux-portability (ubuntu-24.04-arm)	Build pinned original C oracle	2026-09-20T12:12:54.9226242Z env:
linux-portability (ubuntu-24.04-arm)	Build pinned original C oracle	2026-09-20T12:12:54.9226461Z   LC_ALL: C
linux-portability (ubuntu-24.04-arm)	Build pinned original C oracle	2026-09-20T12:12:54.9226676Z   CARGO_INCREMENTAL: 0
linux-portability (ubuntu-24.04-arm)	Build pinned original C oracle	2026-09-20T12:12:54.9226987Z   RUSTUP_TOOLCHAIN: 1.96.0
linux-portability (ubuntu-24.04-arm)	Build pinned original C oracle	2026-09-20T12:12:54.9227272Z ##[endgroup]
linux-portability (ubuntu-24.04-arm)	Build pinned original C oracle	2026-09-20T12:12:54.9410906Z hint: Using 'master' as the name for the initial branch. This default branch name
linux-portability (ubuntu-24.04-arm)	Build pinned original C oracle	2026-09-20T12:12:54.9411595Z hint: will change to "main" in Git 3.0. To configure the initial branch name
linux-portability (ubuntu-24.04-arm)	Build pinned original C oracle	2026-09-20T12:12:54.9412410Z hint: to use in all of your new repositories, which will suppress this warning,
linux-portability (ubuntu-24.04-arm)	Build pinned original C oracle	2026-09-20T12:12:54.9412798Z hint: call:
linux-portability (ubuntu-24.04-arm)	Build pinned original C oracle	2026-09-20T12:12:54.9413100Z hint:
linux-portability (ubuntu-24.04-arm)	Build pinned original C oracle	2026-09-20T12:12:54.9413370Z hint: 	git config --global init.defaultBranch <name>
linux-portability (ubuntu-24.04-arm)	Build pinned original C oracle	2026-09-20T12:12:54.9413714Z hint:
linux-portability (ubuntu-24.04-arm)	Build pinned original C oracle	2026-09-20T12:12:54.9414020Z hint: Names commonly chosen instead of 'master' are 'main', 'trunk' and
linux-portability (ubuntu-24.04-arm)	Build pinned original C oracle	2026-09-20T12:12:54.9414530Z hint: 'development'. The just-created branch can be renamed via this command:
linux-portability (ubuntu-24.04-arm)	Build pinned original C oracle	2026-09-20T12:12:54.9415017Z hint:
linux-portability (ubuntu-24.04-arm)	Build pinned original C oracle	2026-09-20T12:12:54.9415231Z hint: 	git branch -m <name>
linux-portability (ubuntu-24.04-arm)	Build pinned original C oracle	2026-09-20T12:12:54.9415499Z hint:
linux-portability (ubuntu-24.04-arm)	Build pinned original C oracle	2026-09-20T12:12:54.9415838Z hint: Disable this message with "git config set advice.defaultBranchName false"
linux-portability (ubuntu-24.04-arm)	Build pinned original C oracle	2026-09-20T12:12:54.9416365Z Initialized empty Git repository in /home/runner/work/rawk/rawk/c_awk/.git/
linux-portability (ubuntu-24.04-arm)	Build pinned original C oracle	2026-09-20T12:12:55.5817188Z From https://github.com/onetrueawk/awk
linux-portability (ubuntu-24.04-arm)	Build pinned original C oracle	2026-09-20T12:12:55.5817926Z  * branch            5739fd79bcfc75ba7526773d0cf634521f8aca3c -> FETCH_HEAD
linux-portability (ubuntu-24.04-arm)	Build pinned original C oracle	2026-09-20T12:12:55.6290725Z HEAD is now at 5739fd7 updated.
linux-portability (ubuntu-24.04-arm)	Build pinned original C oracle	2026-09-20T12:12:55.6362542Z make: Entering directory '/home/runner/work/rawk/rawk/c_awk'
linux-portability (ubuntu-24.04-arm)	Build pinned original C oracle	2026-09-20T12:12:55.6363209Z bison -d  awkgram.y
linux-portability (ubuntu-24.04-arm)	Build pinned original C oracle	2026-09-20T12:12:55.6397963Z awkgram.y: warning: 44 shift/reduce conflicts [-Wconflicts-sr]
linux-portability (ubuntu-24.04-arm)	Build pinned original C oracle	2026-09-20T12:12:55.6398502Z awkgram.y: warning: 85 reduce/reduce conflicts [-Wconflicts-rr]
linux-portability (ubuntu-24.04-arm)	Build pinned original C oracle	2026-09-20T12:12:55.6399197Z awkgram.y: note: rerun with option '-Wcounterexamples' to generate conflict counterexamples
linux-portability (ubuntu-24.04-arm)	Build pinned original C oracle	2026-09-20T12:12:55.8155359Z cc -g -Wall -pedantic -Wcast-qual   -O2   -c -o awkgram.tab.o awkgram.tab.c
linux-portability (ubuntu-24.04-arm)	Build pinned original C oracle	2026-09-20T12:12:56.1089959Z cc -g -Wall -pedantic -Wcast-qual   -O2   -c -o b.o b.c
linux-portability (ubuntu-24.04-arm)	Build pinned original C oracle	2026-09-20T12:12:56.4995276Z cc -g -Wall -pedantic -Wcast-qual   -O2   -c -o main.o main.c
linux-portability (ubuntu-24.04-arm)	Build pinned original C oracle	2026-09-20T12:12:56.5838057Z cc -g -Wall -pedantic -Wcast-qual   -O2   -c -o parse.o parse.c
linux-portability (ubuntu-24.04-arm)	Build pinned original C oracle	2026-09-20T12:12:56.6739788Z cc -g -Wall -pedantic -Wcast-qual -O2 maketab.c -o maketab
linux-portability (ubuntu-24.04-arm)	Build pinned original C oracle	2026-09-20T12:12:56.7362653Z ./maketab awkgram.tab.h >proctab.c
linux-portability (ubuntu-24.04-arm)	Build pinned original C oracle	2026-09-20T12:12:56.7374173Z cc -g -Wall -pedantic -Wcast-qual   -O2   -c -o proctab.o proctab.c
linux-portability (ubuntu-24.04-arm)	Build pinned original C oracle	2026-09-20T12:12:56.7600654Z cc -g -Wall -pedantic -Wcast-qual   -O2   -c -o tran.o tran.c
linux-portability (ubuntu-24.04-arm)	Build pinned original C oracle	2026-09-20T12:12:56.9785127Z cc -g -Wall -pedantic -Wcast-qual   -O2   -c -o lib.o lib.c
linux-portability (ubuntu-24.04-arm)	Build pinned original C oracle	2026-09-20T12:12:57.2972849Z cc -g -Wall -pedantic -Wcast-qual   -O2   -c -o run.o run.c
linux-portability (ubuntu-24.04-arm)	Build pinned original C oracle	2026-09-20T12:12:58.0663222Z cc -g -Wall -pedantic -Wcast-qual   -O2   -c -o lex.o lex.c
linux-portability (ubuntu-24.04-arm)	Build pinned original C oracle	2026-09-20T12:12:58.3177153Z cc -g -Wall -pedantic -Wcast-qual   -O2 awkgram.tab.o b.o main.o parse.o proctab.o tran.o lib.o run.o lex.o   -lm
linux-portability (ubuntu-24.04-arm)	Build pinned original C oracle	2026-09-20T12:12:58.3400447Z make: Leaving directory '/home/runner/work/rawk/rawk/c_awk'
linux-portability (ubuntu-24.04-arm)	Build pinned original C oracle	2026-09-20T12:12:58.3408990Z awk version 20260426
linux-portability (ubuntu-24.04-arm)	Record native oracle formatting behavior	﻿2026-09-20T12:12:58.3445695Z ##[group]Run python3 scripts/format_platform_probe.py --output diary/format-platform-ci.json
linux-portability (ubuntu-24.04-arm)	Record native oracle formatting behavior	2026-09-20T12:12:58.3446530Z [36;1mpython3 scripts/format_platform_probe.py --output diary/format-platform-ci.json[0m
linux-portability (ubuntu-24.04-arm)	Record native oracle formatting behavior	2026-09-20T12:12:58.3488605Z shell: /usr/bin/bash -e {0}
linux-portability (ubuntu-24.04-arm)	Record native oracle formatting behavior	2026-09-20T12:12:58.3488947Z env:
linux-portability (ubuntu-24.04-arm)	Record native oracle formatting behavior	2026-09-20T12:12:58.3489163Z   LC_ALL: C
linux-portability (ubuntu-24.04-arm)	Record native oracle formatting behavior	2026-09-20T12:12:58.3489436Z   CARGO_INCREMENTAL: 0
linux-portability (ubuntu-24.04-arm)	Record native oracle formatting behavior	2026-09-20T12:12:58.3489703Z   RUSTUP_TOOLCHAIN: 1.96.0
linux-portability (ubuntu-24.04-arm)	Record native oracle formatting behavior	2026-09-20T12:12:58.3489984Z ##[endgroup]
linux-portability (ubuntu-24.04-arm)	Record native oracle formatting behavior	2026-09-20T12:12:58.5570325Z Recorded 220 native oracle cases in diary/format-platform-ci.json
linux-portability (ubuntu-24.04-arm)	Native portability gate (debug and release)	﻿2026-09-20T12:12:58.5665301Z ##[group]Run set -o pipefail
linux-portability (ubuntu-24.04-arm)	Native portability gate (debug and release)	2026-09-20T12:12:58.5665747Z [36;1mset -o pipefail[0m
linux-portability (ubuntu-24.04-arm)	Native portability gate (debug and release)	2026-09-20T12:12:58.5666137Z [36;1mbash scripts/check_portability.sh 2>&1 | tee diary/portability-ci.log[0m
linux-portability (ubuntu-24.04-arm)	Native portability gate (debug and release)	2026-09-20T12:12:58.5704055Z shell: /usr/bin/bash -e {0}
linux-portability (ubuntu-24.04-arm)	Native portability gate (debug and release)	2026-09-20T12:12:58.5704491Z env:
linux-portability (ubuntu-24.04-arm)	Native portability gate (debug and release)	2026-09-20T12:12:58.5704727Z   LC_ALL: C
linux-portability (ubuntu-24.04-arm)	Native portability gate (debug and release)	2026-09-20T12:12:58.5704960Z   CARGO_INCREMENTAL: 0
linux-portability (ubuntu-24.04-arm)	Native portability gate (debug and release)	2026-09-20T12:12:58.5705262Z   RUSTUP_TOOLCHAIN: 1.96.0
linux-portability (ubuntu-24.04-arm)	Native portability gate (debug and release)	2026-09-20T12:12:58.5705520Z ##[endgroup]
linux-portability (ubuntu-24.04-arm)	Native portability gate (debug and release)	2026-09-20T12:12:58.5784370Z Linux runnervmec22z 6.17.0-1022-azure #22-Ubuntu SMP Mon Jul 27 17:12:01 UTC 2026 aarch64 aarch64 aarch64 GNU/Linux
linux-portability (ubuntu-24.04-arm)	Native portability gate (debug and release)	2026-09-20T12:12:58.5870112Z rustc 1.96.0 (ac68faa20 2026-05-25)
linux-portability (ubuntu-24.04-arm)	Native portability gate (debug and release)	2026-09-20T12:12:58.7525026Z     Updating crates.io index
linux-portability (ubuntu-24.04-arm)	Native portability gate (debug and release)	2026-09-20T12:12:59.0511643Z  Downloading crates ...
linux-portability (ubuntu-24.04-arm)	Native portability gate (debug and release)	2026-09-20T12:12:59.1290140Z   Downloaded anstyle-query v1.1.5
linux-portability (ubuntu-24.04-arm)	Native portability gate (debug and release)	2026-09-20T12:12:59.1332890Z   Downloaded anstyle v1.0.14
linux-portability (ubuntu-24.04-arm)	Native portability gate (debug and release)	2026-09-20T12:12:59.1356533Z   Downloaded anstyle-parse v1.0.0
linux-portability (ubuntu-24.04-arm)	Native portability gate (debug and release)	2026-09-20T12:12:59.1368872Z   Downloaded anstream v1.0.0
linux-portability (ubuntu-24.04-arm)	Native portability gate (debug and release)	2026-09-20T12:12:59.1407548Z   Downloaded quick-error v1.2.3
linux-portability (ubuntu-24.04-arm)	Native portability gate (debug and release)	2026-09-20T12:12:59.1458531Z   Downloaded rand_core v0.9.5
linux-portability (ubuntu-24.04-arm)	Native portability gate (debug and release)	2026-09-20T12:12:59.1468414Z   Downloaded iana-time-zone v0.1.65
linux-portability (ubuntu-24.04-arm)	Native portability gate (debug and release)	2026-09-20T12:12:59.1508547Z   Downloaded getrandom v0.3.4
linux-portability (ubuntu-24.04-arm)	Native portability gate (debug and release)	2026-09-20T12:12:59.1530664Z   Downloaded anyhow v1.0.102
linux-portability (ubuntu-24.04-arm)	Native portability gate (debug and release)	2026-09-20T12:12:59.1553632Z   Downloaded serde v1.0.228
linux-portability (ubuntu-24.04-arm)	Native portability gate (debug and release)	2026-09-20T12:12:59.1580736Z   Downloaded crypto-common v0.1.7
linux-portability (ubuntu-24.04-arm)	Native portability gate (debug and release)	2026-09-20T12:12:59.1588011Z   Downloaded chacha20 v0.10.0
linux-portability (ubuntu-24.04-arm)	Native portability gate (debug and release)	2026-09-20T12:12:59.1610589Z   Downloaded block-buffer v0.10.4
linux-portability (ubuntu-24.04-arm)	Native portability gate (debug and release)	2026-09-20T12:12:59.1630880Z   Downloaded cpufeatures v0.2.17
linux-portability (ubuntu-24.04-arm)	Native portability gate (debug and release)	2026-09-20T12:12:59.1641172Z   Downloaded generic-array v0.14.7
linux-portability (ubuntu-24.04-arm)	Native portability gate (debug and release)	2026-09-20T12:12:59.1656339Z   Downloaded aho-corasick v1.1.4
linux-portability (ubuntu-24.04-arm)	Native portability gate (debug and release)	2026-09-20T12:12:59.1693777Z   Downloaded wait-timeout v0.2.1
linux-portability (ubuntu-24.04-arm)	Native portability gate (debug and release)	2026-09-20T12:12:59.1704838Z   Downloaded strsim v0.11.1
linux-portability (ubuntu-24.04-arm)	Native portability gate (debug and release)	2026-09-20T12:12:59.1714268Z   Downloaded errno v0.3.14
linux-portability (ubuntu-24.04-arm)	Native portability gate (debug and release)	2026-09-20T12:12:59.1723670Z   Downloaded bit-set v0.8.0
linux-portability (ubuntu-24.04-arm)	Native portability gate (debug and release)	2026-09-20T12:12:59.1731674Z   Downloaded digest v0.10.7
linux-portability (ubuntu-24.04-arm)	Native portability gate (debug and release)	2026-09-20T12:12:59.1745449Z   Downloaded version_check v0.9.5
linux-portability (ubuntu-24.04-arm)	Native portability gate (debug and release)	2026-09-20T12:12:59.1760360Z   Downloaded thiserror-impl v2.0.18
linux-portability (ubuntu-24.04-arm)	Native portability gate (debug and release)	2026-09-20T12:12:59.1772489Z   Downloaded num-traits v0.2.19
linux-portability (ubuntu-24.04-arm)	Native portability gate (debug and release)	2026-09-20T12:12:59.1787991Z   Downloaded fastrand v2.4.1
linux-portability (ubuntu-24.04-arm)	Native portability gate (debug and release)	2026-09-20T12:12:59.1798226Z   Downloaded rand_chacha v0.9.0
linux-portability (ubuntu-24.04-arm)	Native portability gate (debug and release)	2026-09-20T12:12:59.1812814Z   Downloaded unicode-ident v1.0.24
linux-portability (ubuntu-24.04-arm)	Native portability gate (debug and release)	2026-09-20T12:12:59.1831899Z   Downloaded proc-macro2 v1.0.106
linux-portability (ubuntu-24.04-arm)	Native portability gate (debug and release)	2026-09-20T12:12:59.1852318Z   Downloaded rand v0.10.1
linux-portability (ubuntu-24.04-arm)	Native portability gate (debug and release)	2026-09-20T12:12:59.1877864Z   Downloaded typenum v1.20.0
linux-portability (ubuntu-24.04-arm)	Native portability gate (debug and release)	2026-09-20T12:12:59.1903661Z   Downloaded rand v0.9.4
linux-portability (ubuntu-24.04-arm)	Native portability gate (debug and release)	2026-09-20T12:12:59.1928191Z   Downloaded pest v2.8.6
linux-portability (ubuntu-24.04-arm)	Native portability gate (debug and release)	2026-09-20T12:12:59.1957277Z   Downloaded clap_builder v4.6.0
linux-portability (ubuntu-24.04-arm)	Native portability gate (debug and release)	2026-09-20T12:12:59.1996886Z   Downloaded memchr v2.8.0
linux-portability (ubuntu-24.04-arm)	Native portability gate (debug and release)	2026-09-20T12:12:59.2028203Z   Downloaded proptest v1.11.0
linux-portability (ubuntu-24.04-arm)	Native portability gate (debug and release)	2026-09-20T12:12:59.2082937Z   Downloaded pest_meta v2.8.6
linux-portability (ubuntu-24.04-arm)	Native portability gate (debug and release)	2026-09-20T12:12:59.2098446Z   Downloaded quick-xml v0.39.2
linux-portability (ubuntu-24.04-arm)	Native portability gate (debug and release)	2026-09-20T12:12:59.2134348Z   Downloaded syn v2.0.117
linux-portability (ubuntu-24.04-arm)	Native portability gate (debug and release)	2026-09-20T12:12:59.2196565Z   Downloaded zerocopy v0.8.48
linux-portability (ubuntu-24.04-arm)	Native portability gate (debug and release)	2026-09-20T12:12:59.2304825Z   Downloaded chrono v0.4.44
linux-portability (ubuntu-24.04-arm)	Native portability gate (debug and release)	2026-09-20T12:12:59.2347319Z   Downloaded ucd-trie v0.1.7
linux-portability (ubuntu-24.04-arm)	Native portability gate (debug and release)	2026-09-20T12:12:59.2357925Z   Downloaded serde_derive v1.0.228
linux-portability (ubuntu-24.04-arm)	Native portability gate (debug and release)	2026-09-20T12:12:59.2376247Z   Downloaded regex-syntax v0.8.10
linux-portability (ubuntu-24.04-arm)	Native portability gate (debug and release)	2026-09-20T12:12:59.2422372Z   Downloaded serde_core v1.0.228
linux-portability (ubuntu-24.04-arm)	Native portability gate (debug and release)	2026-09-20T12:12:59.2439615Z   Downloaded regex v1.12.3
linux-portability (ubuntu-24.04-arm)	Native portability gate (debug and release)	2026-09-20T12:12:59.2472808Z   Downloaded rustix v1.1.4
linux-portability (ubuntu-24.04-arm)	Native portability gate (debug and release)	2026-09-20T12:12:59.2612472Z   Downloaded pest_generator v2.8.6
linux-portability (ubuntu-24.04-arm)	Native portability gate (debug and release)	2026-09-20T12:12:59.2623230Z   Downloaded once_cell v1.21.4
linux-portability (ubuntu-24.04-arm)	Native portability gate (debug and release)	2026-09-20T12:12:59.2637403Z   Downloaded clap v4.6.1
linux-portability (ubuntu-24.04-arm)	Native portability gate (debug and release)	2026-09-20T12:12:59.2685571Z   Downloaded pest_derive v2.8.6
linux-portability (ubuntu-24.04-arm)	Native portability gate (debug and release)	2026-09-20T12:12:59.2701607Z   Downloaded getrandom v0.4.2
linux-portability (ubuntu-24.04-arm)	Native portability gate (debug and release)	2026-09-20T12:12:59.2722624Z   Downloaded clap_derive v4.6.1
linux-portability (ubuntu-24.04-arm)	Native portability gate (debug and release)	2026-09-20T12:12:59.2739255Z   Downloaded bit-vec v0.8.0
linux-portability (ubuntu-24.04-arm)	Native portability gate (debug and release)	2026-09-20T12:12:59.2749007Z   Downloaded autocfg v1.5.0
linux-portability (ubuntu-24.04-arm)	Native portability gate (debug and release)	2026-09-20T12:12:59.2759385Z   Downloaded sha2 v0.10.9
linux-portability (ubuntu-24.04-arm)	Native portability gate (debug and release)	2026-09-20T12:12:59.2774866Z   Downloaded rusty-fork v0.3.1
linux-portability (ubuntu-24.04-arm)	Native portability gate (debug and release)	2026-09-20T12:12:59.2783511Z   Downloaded regex-automata v0.4.14
linux-portability (ubuntu-24.04-arm)	Native portability gate (debug and release)	2026-09-20T12:12:59.2871418Z   Downloaded rand_xorshift v0.4.0
linux-portability (ubuntu-24.04-arm)	Native portability gate (debug and release)	2026-09-20T12:12:59.2878618Z   Downloaded bitflags v2.11.1
linux-portability (ubuntu-24.04-arm)	Native portability gate (debug and release)	2026-09-20T12:12:59.2901517Z   Downloaded tempfile v3.27.0
linux-portability (ubuntu-24.04-arm)	Native portability gate (debug and release)	2026-09-20T12:12:59.2916158Z   Downloaded rand_core v0.10.1
linux-portability (ubuntu-24.04-arm)	Native portability gate (debug and release)	2026-09-20T12:12:59.2925427Z   Downloaded heck v0.5.0
linux-portability (ubuntu-24.04-arm)	Native portability gate (debug and release)	2026-09-20T12:12:59.2933881Z   Downloaded clap_lex v1.1.0
linux-portability (ubuntu-24.04-arm)	Native portability gate (debug and release)	2026-09-20T12:12:59.2940677Z   Downloaded colorchoice v1.0.5
linux-portability (ubuntu-24.04-arm)	Native portability gate (debug and release)	2026-09-20T12:12:59.2947116Z   Downloaded cfg-if v1.0.4
linux-portability (ubuntu-24.04-arm)	Native portability gate (debug and release)	2026-09-20T12:12:59.2954621Z   Downloaded utf8parse v0.2.2
linux-portability (ubuntu-24.04-arm)	Native portability gate (debug and release)	2026-09-20T12:12:59.2963784Z   Downloaded unarray v0.1.4
linux-portability (ubuntu-24.04-arm)	Native portability gate (debug and release)	2026-09-20T12:12:59.2971391Z   Downloaded libc v0.2.186
linux-portability (ubuntu-24.04-arm)	Native portability gate (debug and release)	2026-09-20T12:12:59.3179931Z   Downloaded thiserror v2.0.18
linux-portability (ubuntu-24.04-arm)	Native portability gate (debug and release)	2026-09-20T12:12:59.3212475Z   Downloaded sprintf v0.4.3
linux-portability (ubuntu-24.04-arm)	Native portability gate (debug and release)	2026-09-20T12:12:59.3226033Z   Downloaded quote v1.0.45
linux-portability (ubuntu-24.04-arm)	Native portability gate (debug and release)	2026-09-20T12:12:59.3234932Z   Downloaded ppv-lite86 v0.2.21
linux-portability (ubuntu-24.04-arm)	Native portability gate (debug and release)	2026-09-20T12:12:59.3242909Z   Downloaded is_terminal_polyfill v1.70.2
linux-portability (ubuntu-24.04-arm)	Native portability gate (debug and release)	2026-09-20T12:12:59.3249038Z   Downloaded fnv v1.0.7
linux-portability (ubuntu-24.04-arm)	Native portability gate (debug and release)	2026-09-20T12:12:59.3322045Z   Downloaded linux-raw-sys v0.12.1
linux-portability (ubuntu-24.04-arm)	Native portability gate (debug and release)	2026-09-20T12:12:59.4519578Z    Compiling proc-macro2 v1.0.106
linux-portability (ubuntu-24.04-arm)	Native portability gate (debug and release)	2026-09-20T12:12:59.4561274Z    Compiling unicode-ident v1.0.24
linux-portability (ubuntu-24.04-arm)	Native portability gate (debug and release)	2026-09-20T12:12:59.4604776Z    Compiling quote v1.0.45
linux-portability (ubuntu-24.04-arm)	Native portability gate (debug and release)	2026-09-20T12:12:59.4605343Z    Compiling libc v0.2.186
linux-portability (ubuntu-24.04-arm)	Native portability gate (debug and release)	2026-09-20T12:12:59.5151448Z     Checking cfg-if v1.0.4
linux-portability (ubuntu-24.04-arm)	Native portability gate (debug and release)	2026-09-20T12:12:59.5331398Z    Compiling getrandom v0.4.2
linux-portability (ubuntu-24.04-arm)	Native portability gate (debug and release)	2026-09-20T12:12:59.6384550Z     Checking rand_core v0.10.1
linux-portability (ubuntu-24.04-arm)	Native portability gate (debug and release)	2026-09-20T12:12:59.6783283Z    Compiling autocfg v1.5.0
linux-portability (ubuntu-24.04-arm)	Native portability gate (debug and release)	2026-09-20T12:12:59.7052102Z     Checking memchr v2.8.0
linux-portability (ubuntu-24.04-arm)	Native portability gate (debug and release)	2026-09-20T12:12:59.9290475Z    Compiling rustix v1.1.4
linux-portability (ubuntu-24.04-arm)	Native portability gate (debug and release)	2026-09-20T12:12:59.9541388Z    Compiling num-traits v0.2.19
linux-portability (ubuntu-24.04-arm)	Native portability gate (debug and release)	2026-09-20T12:13:00.1861498Z    Compiling syn v2.0.117
linux-portability (ubuntu-24.04-arm)	Native portability gate (debug and release)	2026-09-20T12:13:00.2742313Z    Compiling ucd-trie v0.1.7
linux-portability (ubuntu-24.04-arm)	Native portability gate (debug and release)	2026-09-20T12:13:00.3692101Z    Compiling serde_core v1.0.228
linux-portability (ubuntu-24.04-arm)	Native portability gate (debug and release)	2026-09-20T12:13:00.4066287Z     Checking bitflags v2.11.1
linux-portability (ubuntu-24.04-arm)	Native portability gate (debug and release)	2026-09-20T12:13:00.4836351Z     Checking linux-raw-sys v0.12.1
linux-portability (ubuntu-24.04-arm)	Native portability gate (debug and release)	2026-09-20T12:13:00.5921337Z    Compiling getrandom v0.3.4
linux-portability (ubuntu-24.04-arm)	Native portability gate (debug and release)	2026-09-20T12:13:00.6698732Z     Checking utf8parse v0.2.2
linux-portability (ubuntu-24.04-arm)	Native portability gate (debug and release)	2026-09-20T12:13:00.7085465Z     Checking anstyle-parse v1.0.0
linux-portability (ubuntu-24.04-arm)	Native portability gate (debug and release)	2026-09-20T12:13:00.7861458Z    Compiling pest v2.8.6
linux-portability (ubuntu-24.04-arm)	Native portability gate (debug and release)	2026-09-20T12:13:00.8611396Z     Checking colorchoice v1.0.5
linux-portability (ubuntu-24.04-arm)	Native portability gate (debug and release)	2026-09-20T12:13:00.8881499Z     Checking anstyle-query v1.1.5
linux-portability (ubuntu-24.04-arm)	Native portability gate (debug and release)	2026-09-20T12:13:00.9101265Z     Checking once_cell v1.21.4
linux-portability (ubuntu-24.04-arm)	Native portability gate (debug and release)	2026-09-20T12:13:00.9931197Z    Compiling serde v1.0.228
linux-portability (ubuntu-24.04-arm)	Native portability gate (debug and release)	2026-09-20T12:13:01.1731374Z     Checking anstyle v1.0.14
linux-portability (ubuntu-24.04-arm)	Native portability gate (debug and release)	2026-09-20T12:13:01.2721401Z     Checking is_terminal_polyfill v1.70.2
linux-portability (ubuntu-24.04-arm)	Native portability gate (debug and release)	2026-09-20T12:13:01.2961425Z     Checking fastrand v2.4.1
linux-portability (ubuntu-24.04-arm)	Native portability gate (debug and release)	2026-09-20T12:13:01.3831413Z     Checking regex-syntax v0.8.10
linux-portability (ubuntu-24.04-arm)	Native portability gate (debug and release)	2026-09-20T12:13:01.6041405Z    Compiling thiserror v2.0.18
linux-portability (ubuntu-24.04-arm)	Native portability gate (debug and release)	2026-09-20T12:13:01.6921681Z     Checking tempfile v3.27.0
linux-portability (ubuntu-24.04-arm)	Native portability gate (debug and release)	2026-09-20T12:13:01.8201456Z    Compiling pest_meta v2.8.6
linux-portability (ubuntu-24.04-arm)	Native portability gate (debug and release)	2026-09-20T12:13:01.8821485Z     Checking anstream v1.0.0
linux-portability (ubuntu-24.04-arm)	Native portability gate (debug and release)	2026-09-20T12:13:02.4296776Z     Checking aho-corasick v1.1.4
linux-portability (ubuntu-24.04-arm)	Native portability gate (debug and release)	2026-09-20T12:13:02.9231154Z    Compiling zerocopy v0.8.48
linux-portability (ubuntu-24.04-arm)	Native portability gate (debug and release)	2026-09-20T12:13:03.0191474Z    Compiling serde_derive v1.0.228
linux-portability (ubuntu-24.04-arm)	Native portability gate (debug and release)	2026-09-20T12:13:03.1701308Z    Compiling thiserror-impl v2.0.18
linux-portability (ubuntu-24.04-arm)	Native portability gate (debug and release)	2026-09-20T12:13:03.1771981Z     Checking strsim v0.11.1
linux-portability (ubuntu-24.04-arm)	Native portability gate (debug and release)	2026-09-20T12:13:03.2461340Z     Checking clap_lex v1.1.0
linux-portability (ubuntu-24.04-arm)	Native portability gate (debug and release)	2026-09-20T12:13:03.3101197Z    Compiling anyhow v1.0.102
linux-portability (ubuntu-24.04-arm)	Native portability gate (debug and release)	2026-09-20T12:13:03.5001362Z    Compiling heck v0.5.0
linux-portability (ubuntu-24.04-arm)	Native portability gate (debug and release)	2026-09-20T12:13:03.6232046Z    Compiling clap_derive v4.6.1
linux-portability (ubuntu-24.04-arm)	Native portability gate (debug and release)	2026-09-20T12:13:03.7228929Z     Checking clap_builder v4.6.0
linux-portability (ubuntu-24.04-arm)	Native portability gate (debug and release)	2026-09-20T12:13:04.2681356Z     Checking regex-automata v0.4.14
linux-portability (ubuntu-24.04-arm)	Native portability gate (debug and release)	2026-09-20T12:13:04.7711719Z     Checking rand_core v0.9.5
linux-portability (ubuntu-24.04-arm)	Native portability gate (debug and release)	2026-09-20T12:13:04.8592828Z    Compiling pest_generator v2.8.6
linux-portability (ubuntu-24.04-arm)	Native portability gate (debug and release)	2026-09-20T12:13:05.0038609Z     Checking chacha20 v0.10.0
linux-portability (ubuntu-24.04-arm)	Native portability gate (debug and release)	2026-09-20T12:13:05.1421241Z     Checking iana-time-zone v0.1.65
linux-portability (ubuntu-24.04-arm)	Native portability gate (debug and release)	2026-09-20T12:13:05.1951618Z     Checking chrono v0.4.44
linux-portability (ubuntu-24.04-arm)	Native portability gate (debug and release)	2026-09-20T12:13:05.3172430Z    Compiling pest_derive v2.8.6
linux-portability (ubuntu-24.04-arm)	Native portability gate (debug and release)	2026-09-20T12:13:05.6257828Z     Checking quick-xml v0.39.2
linux-portability (ubuntu-24.04-arm)	Native portability gate (debug and release)	2026-09-20T12:13:05.8101464Z     Checking rand v0.10.1
linux-portability (ubuntu-24.04-arm)	Native portability gate (debug and release)	2026-09-20T12:13:05.8503561Z     Checking regex v1.12.3
linux-portability (ubuntu-24.04-arm)	Native portability gate (debug and release)	2026-09-20T12:13:06.0317662Z     Checking clap v4.6.1
linux-portability (ubuntu-24.04-arm)	Native portability gate (debug and release)	2026-09-20T12:13:06.1421622Z     Checking sprintf v0.4.3
linux-portability (ubuntu-24.04-arm)	Native portability gate (debug and release)	2026-09-20T12:13:06.3201382Z     Checking wait-timeout v0.2.1
linux-portability (ubuntu-24.04-arm)	Native portability gate (debug and release)	2026-09-20T12:13:06.3621368Z     Checking quick-error v1.2.3
linux-portability (ubuntu-24.04-arm)	Native portability gate (debug and release)	2026-09-20T12:13:06.3921238Z     Checking fnv v1.0.7
linux-portability (ubuntu-24.04-arm)	Native portability gate (debug and release)	2026-09-20T12:13:06.4131416Z     Checking bit-vec v0.8.0
linux-portability (ubuntu-24.04-arm)	Native portability gate (debug and release)	2026-09-20T12:13:06.4221314Z     Checking rusty-fork v0.3.1
linux-portability (ubuntu-24.04-arm)	Native portability gate (debug and release)	2026-09-20T12:13:06.4701442Z     Checking rawk v0.1.0 (/home/runner/work/rawk/rawk/rawk)
linux-portability (ubuntu-24.04-arm)	Native portability gate (debug and release)	2026-09-20T12:13:06.4950961Z     Checking rand v0.9.4
linux-portability (ubuntu-24.04-arm)	Native portability gate (debug and release)	2026-09-20T12:13:06.5131086Z     Checking bit-set v0.8.0
linux-portability (ubuntu-24.04-arm)	Native portability gate (debug and release)	2026-09-20T12:13:06.5761287Z     Checking rand_xorshift v0.4.0
linux-portability (ubuntu-24.04-arm)	Native portability gate (debug and release)	2026-09-20T12:13:06.6121128Z     Checking unarray v0.1.4
linux-portability (ubuntu-24.04-arm)	Native portability gate (debug and release)	2026-09-20T12:13:08.5379813Z     Checking ppv-lite86 v0.2.21
linux-portability (ubuntu-24.04-arm)	Native portability gate (debug and release)	2026-09-20T12:13:08.6532215Z     Checking rand_chacha v0.9.0
linux-portability (ubuntu-24.04-arm)	Native portability gate (debug and release)	2026-09-20T12:13:08.7294850Z     Checking proptest v1.11.0
linux-portability (ubuntu-24.04-arm)	Native portability gate (debug and release)	2026-09-20T12:13:11.6333988Z     Finished `dev` profile [unoptimized + debuginfo] target(s) in 12.91s
linux-portability (ubuntu-24.04-arm)	Native portability gate (debug and release)	2026-09-20T12:13:11.7442366Z    Compiling proc-macro2 v1.0.106
linux-portability (ubuntu-24.04-arm)	Native portability gate (debug and release)	2026-09-20T12:13:11.7442869Z    Compiling quote v1.0.45
linux-portability (ubuntu-24.04-arm)	Native portability gate (debug and release)	2026-09-20T12:13:11.7443327Z    Compiling unicode-ident v1.0.24
linux-portability (ubuntu-24.04-arm)	Native portability gate (debug and release)	2026-09-20T12:13:11.7462662Z    Compiling libc v0.2.186
linux-portability (ubuntu-24.04-arm)	Native portability gate (debug and release)	2026-09-20T12:13:11.7871707Z    Compiling memchr v2.8.0
linux-portability (ubuntu-24.04-arm)	Native portability gate (debug and release)	2026-09-20T12:13:11.8752881Z    Compiling autocfg v1.5.0
linux-portability (ubuntu-24.04-arm)	Native portability gate (debug and release)	2026-09-20T12:13:11.9565959Z    Compiling ucd-trie v0.1.7
linux-portability (ubuntu-24.04-arm)	Native portability gate (debug and release)	2026-09-20T12:13:12.0831939Z    Compiling utf8parse v0.2.2
linux-portability (ubuntu-24.04-arm)	Native portability gate (debug and release)	2026-09-20T12:13:12.1291625Z    Compiling rand_core v0.10.1
linux-portability (ubuntu-24.04-arm)	Native portability gate (debug and release)	2026-09-20T12:13:12.1351228Z    Compiling cfg-if v1.0.4
linux-portability (ubuntu-24.04-arm)	Native portability gate (debug and release)	2026-09-20T12:13:12.1628136Z    Compiling getrandom v0.4.2
linux-portability (ubuntu-24.04-arm)	Native portability gate (debug and release)	2026-09-20T12:13:12.3853459Z    Compiling syn v2.0.117
linux-portability (ubuntu-24.04-arm)	Native portability gate (debug and release)	2026-09-20T12:13:12.4394129Z    Compiling serde_core v1.0.228
linux-portability (ubuntu-24.04-arm)	Native portability gate (debug and release)	2026-09-20T12:13:12.4428771Z    Compiling num-traits v0.2.19
linux-portability (ubuntu-24.04-arm)	Native portability gate (debug and release)	2026-09-20T12:13:12.5335934Z    Compiling pest v2.8.6
linux-portability (ubuntu-24.04-arm)	Native portability gate (debug and release)	2026-09-20T12:13:12.5361609Z    Compiling anstyle-parse v1.0.0
linux-portability (ubuntu-24.04-arm)	Native portability gate (debug and release)	2026-09-20T12:13:12.6381461Z    Compiling serde v1.0.228
linux-portability (ubuntu-24.04-arm)	Native portability gate (debug and release)	2026-09-20T12:13:12.7801307Z    Compiling thiserror v2.0.18
linux-portability (ubuntu-24.04-arm)	Native portability gate (debug and release)	2026-09-20T12:13:12.9342441Z    Compiling anstyle-query v1.1.5
linux-portability (ubuntu-24.04-arm)	Native portability gate (debug and release)	2026-09-20T12:13:12.9681578Z    Compiling anstyle v1.0.14
linux-portability (ubuntu-24.04-arm)	Native portability gate (debug and release)	2026-09-20T12:13:13.1121310Z    Compiling rustix v1.1.4
linux-portability (ubuntu-24.04-arm)	Native portability gate (debug and release)	2026-09-20T12:13:13.2270719Z    Compiling is_terminal_polyfill v1.70.2
linux-portability (ubuntu-24.04-arm)	Native portability gate (debug and release)	2026-09-20T12:13:13.2621418Z    Compiling colorchoice v1.0.5
linux-portability (ubuntu-24.04-arm)	Native portability gate (debug and release)	2026-09-20T12:13:13.2979408Z    Compiling anstream v1.0.0
linux-portability (ubuntu-24.04-arm)	Native portability gate (debug and release)	2026-09-20T12:13:13.4671299Z    Compiling pest_meta v2.8.6
linux-portability (ubuntu-24.04-arm)	Native portability gate (debug and release)	2026-09-20T12:13:13.7171444Z    Compiling aho-corasick v1.1.4
linux-portability (ubuntu-24.04-arm)	Native portability gate (debug and release)	2026-09-20T12:13:14.6071306Z    Compiling clap_lex v1.1.0
linux-portability (ubuntu-24.04-arm)	Native portability gate (debug and release)	2026-09-20T12:13:14.8295692Z    Compiling regex-syntax v0.8.10
linux-portability (ubuntu-24.04-arm)	Native portability gate (debug and release)	2026-09-20T12:13:15.0971256Z    Compiling serde_derive v1.0.228
linux-portability (ubuntu-24.04-arm)	Native portability gate (debug and release)	2026-09-20T12:13:15.2894743Z    Compiling thiserror-impl v2.0.18
linux-portability (ubuntu-24.04-arm)	Native portability gate (debug and release)	2026-09-20T12:13:16.2641236Z    Compiling bitflags v2.11.1
linux-portability (ubuntu-24.04-arm)	Native portability gate (debug and release)	2026-09-20T12:13:16.5125956Z    Compiling anyhow v1.0.102
linux-portability (ubuntu-24.04-arm)	Native portability gate (debug and release)	2026-09-20T12:13:16.6641302Z    Compiling strsim v0.11.1
linux-portability (ubuntu-24.04-arm)	Native portability gate (debug and release)	2026-09-20T12:13:17.3381223Z    Compiling heck v0.5.0
linux-portability (ubuntu-24.04-arm)	Native portability gate (debug and release)	2026-09-20T12:13:17.3421310Z    Compiling linux-raw-sys v0.12.1
linux-portability (ubuntu-24.04-arm)	Native portability gate (debug and release)	2026-09-20T12:13:17.4571234Z    Compiling clap_derive v4.6.1
linux-portability (ubuntu-24.04-arm)	Native portability gate (debug and release)	2026-09-20T12:13:17.8742942Z    Compiling clap_builder v4.6.0
linux-portability (ubuntu-24.04-arm)	Native portability gate (debug and release)	2026-09-20T12:13:18.8141910Z    Compiling regex-automata v0.4.14
linux-portability (ubuntu-24.04-arm)	Native portability gate (debug and release)	2026-09-20T12:13:19.6371411Z    Compiling pest_generator v2.8.6
linux-portability (ubuntu-24.04-arm)	Native portability gate (debug and release)	2026-09-20T12:13:20.6301468Z    Compiling chacha20 v0.10.0
linux-portability (ubuntu-24.04-arm)	Native portability gate (debug and release)	2026-09-20T12:13:20.7818497Z    Compiling iana-time-zone v0.1.65
linux-portability (ubuntu-24.04-arm)	Native portability gate (debug and release)	2026-09-20T12:13:20.9611385Z    Compiling once_cell v1.21.4
linux-portability (ubuntu-24.04-arm)	Native portability gate (debug and release)	2026-09-20T12:13:21.0981450Z    Compiling fastrand v2.4.1
linux-portability (ubuntu-24.04-arm)	Native portability gate (debug and release)	2026-09-20T12:13:21.2711424Z    Compiling tempfile v3.27.0
linux-portability (ubuntu-24.04-arm)	Native portability gate (debug and release)	2026-09-20T12:13:21.5251671Z    Compiling regex v1.12.3
linux-portability (ubuntu-24.04-arm)	Native portability gate (debug and release)	2026-09-20T12:13:22.7021348Z    Compiling chrono v0.4.44
linux-portability (ubuntu-24.04-arm)	Native portability gate (debug and release)	2026-09-20T12:13:23.3169654Z    Compiling rand v0.10.1
linux-portability (ubuntu-24.04-arm)	Native portability gate (debug and release)	2026-09-20T12:13:23.9191857Z    Compiling pest_derive v2.8.6
linux-portability (ubuntu-24.04-arm)	Native portability gate (debug and release)	2026-09-20T12:13:24.2151496Z    Compiling clap v4.6.1
linux-portability (ubuntu-24.04-arm)	Native portability gate (debug and release)	2026-09-20T12:13:24.2452646Z    Compiling sprintf v0.4.3
linux-portability (ubuntu-24.04-arm)	Native portability gate (debug and release)	2026-09-20T12:13:25.1691667Z    Compiling quick-xml v0.39.2
linux-portability (ubuntu-24.04-arm)	Native portability gate (debug and release)	2026-09-20T12:13:26.5791233Z    Compiling rawk v0.1.0 (/home/runner/work/rawk/rawk/rawk)
linux-portability (ubuntu-24.04-arm)	Native portability gate (debug and release)	2026-09-20T12:13:37.6260205Z     Finished `release` profile [optimized] target(s) in 25.94s
linux-portability (ubuntu-24.04-arm)	Native portability gate (debug and release)	2026-09-20T12:13:37.6907004Z    Compiling cfg-if v1.0.4
linux-portability (ubuntu-24.04-arm)	Native portability gate (debug and release)	2026-09-20T12:13:37.6907769Z    Compiling libc v0.2.186
linux-portability (ubuntu-24.04-arm)	Native portability gate (debug and release)	2026-09-20T12:13:37.6909494Z    Compiling memchr v2.8.0
linux-portability (ubuntu-24.04-arm)	Native portability gate (debug and release)	2026-09-20T12:13:37.6941158Z    Compiling rand_core v0.10.1
linux-portability (ubuntu-24.04-arm)	Native portability gate (debug and release)	2026-09-20T12:13:37.7121016Z    Compiling utf8parse v0.2.2
linux-portability (ubuntu-24.04-arm)	Native portability gate (debug and release)	2026-09-20T12:13:37.7517174Z    Compiling ucd-trie v0.1.7
linux-portability (ubuntu-24.04-arm)	Native portability gate (debug and release)	2026-09-20T12:13:37.7640550Z    Compiling bitflags v2.11.1
linux-portability (ubuntu-24.04-arm)	Native portability gate (debug and release)	2026-09-20T12:13:37.9022511Z    Compiling linux-raw-sys v0.12.1
linux-portability (ubuntu-24.04-arm)	Native portability gate (debug and release)	2026-09-20T12:13:37.9341867Z    Compiling anstyle-parse v1.0.0
linux-portability (ubuntu-24.04-arm)	Native portability gate (debug and release)	2026-09-20T12:13:38.0271421Z    Compiling pest v2.8.6
linux-portability (ubuntu-24.04-arm)	Native portability gate (debug and release)	2026-09-20T12:13:38.0622123Z    Compiling fastrand v2.4.1
linux-portability (ubuntu-24.04-arm)	Native portability gate (debug and release)	2026-09-20T12:13:38.1232297Z    Compiling rustix v1.1.4
linux-portability (ubuntu-24.04-arm)	Native portability gate (debug and release)	2026-09-20T12:13:38.2151976Z    Compiling once_cell v1.21.4
linux-portability (ubuntu-24.04-arm)	Native portability gate (debug and release)	2026-09-20T12:13:38.2944812Z    Compiling getrandom v0.4.2
linux-portability (ubuntu-24.04-arm)	Native portability gate (debug and release)	2026-09-20T12:13:38.3431639Z    Compiling is_terminal_polyfill v1.70.2
linux-portability (ubuntu-24.04-arm)	Native portability gate (debug and release)	2026-09-20T12:13:38.3731496Z    Compiling colorchoice v1.0.5
linux-portability (ubuntu-24.04-arm)	Native portability gate (debug and release)	2026-09-20T12:13:38.4101682Z    Compiling anstyle v1.0.14
linux-portability (ubuntu-24.04-arm)	Native portability gate (debug and release)	2026-09-20T12:13:38.4382984Z    Compiling regex-syntax v0.8.10
linux-portability (ubuntu-24.04-arm)	Native portability gate (debug and release)	2026-09-20T12:13:38.5331443Z    Compiling anstyle-query v1.1.5
linux-portability (ubuntu-24.04-arm)	Native portability gate (debug and release)	2026-09-20T12:13:38.5673063Z    Compiling anstream v1.0.0
linux-portability (ubuntu-24.04-arm)	Native portability gate (debug and release)	2026-09-20T12:13:38.7741381Z    Compiling getrandom v0.3.4
linux-portability (ubuntu-24.04-arm)	Native portability gate (debug and release)	2026-09-20T12:13:38.8851323Z    Compiling pest_meta v2.8.6
linux-portability (ubuntu-24.04-arm)	Native portability gate (debug and release)	2026-09-20T12:13:39.0121628Z    Compiling num-traits v0.2.19
linux-portability (ubuntu-24.04-arm)	Native portability gate (debug and release)	2026-09-20T12:13:39.4711590Z    Compiling tempfile v3.27.0
linux-portability (ubuntu-24.04-arm)	Native portability gate (debug and release)	2026-09-20T12:13:39.5681534Z    Compiling aho-corasick v1.1.4
linux-portability (ubuntu-24.04-arm)	Native portability gate (debug and release)	2026-09-20T12:13:39.8561422Z    Compiling serde_core v1.0.228
linux-portability (ubuntu-24.04-arm)	Native portability gate (debug and release)	2026-09-20T12:13:40.2431660Z    Compiling clap_lex v1.1.0
linux-portability (ubuntu-24.04-arm)	Native portability gate (debug and release)	2026-09-20T12:13:40.3871330Z    Compiling strsim v0.11.1
linux-portability (ubuntu-24.04-arm)	Native portability gate (debug and release)	2026-09-20T12:13:40.6871782Z    Compiling clap_builder v4.6.0
linux-portability (ubuntu-24.04-arm)	Native portability gate (debug and release)	2026-09-20T12:13:40.8874200Z    Compiling thiserror v2.0.18
linux-portability (ubuntu-24.04-arm)	Native portability gate (debug and release)	2026-09-20T12:13:40.9281846Z    Compiling regex-automata v0.4.14
linux-portability (ubuntu-24.04-arm)	Native portability gate (debug and release)	2026-09-20T12:13:41.2021729Z    Compiling pest_generator v2.8.6
linux-portability (ubuntu-24.04-arm)	Native portability gate (debug and release)	2026-09-20T12:13:41.6741991Z    Compiling serde v1.0.228
linux-portability (ubuntu-24.04-arm)	Native portability gate (debug and release)	2026-09-20T12:13:41.7426231Z    Compiling rand_core v0.9.5
linux-portability (ubuntu-24.04-arm)	Native portability gate (debug and release)	2026-09-20T12:13:41.8923745Z    Compiling chacha20 v0.10.0
linux-portability (ubuntu-24.04-arm)	Native portability gate (debug and release)	2026-09-20T12:13:42.0741886Z    Compiling iana-time-zone v0.1.65
linux-portability (ubuntu-24.04-arm)	Native portability gate (debug and release)	2026-09-20T12:13:42.2031725Z    Compiling chrono v0.4.44
linux-portability (ubuntu-24.04-arm)	Native portability gate (debug and release)	2026-09-20T12:13:42.2983379Z    Compiling quick-xml v0.39.2
linux-portability (ubuntu-24.04-arm)	Native portability gate (debug and release)	2026-09-20T12:13:43.6313447Z    Compiling regex v1.12.3
linux-portability (ubuntu-24.04-arm)	Native portability gate (debug and release)	2026-09-20T12:13:43.7401604Z    Compiling clap v4.6.1
linux-portability (ubuntu-24.04-arm)	Native portability gate (debug and release)	2026-09-20T12:13:43.7681309Z    Compiling rand v0.10.1
linux-portability (ubuntu-24.04-arm)	Native portability gate (debug and release)	2026-09-20T12:13:43.9711757Z    Compiling pest_derive v2.8.6
linux-portability (ubuntu-24.04-arm)	Native portability gate (debug and release)	2026-09-20T12:13:44.2831775Z    Compiling sprintf v0.4.3
linux-portability (ubuntu-24.04-arm)	Native portability gate (debug and release)	2026-09-20T12:13:44.2971396Z    Compiling zerocopy v0.8.48
linux-portability (ubuntu-24.04-arm)	Native portability gate (debug and release)	2026-09-20T12:13:44.4792185Z    Compiling anyhow v1.0.102
linux-portability (ubuntu-24.04-arm)	Native portability gate (debug and release)	2026-09-20T12:13:44.5584623Z    Compiling wait-timeout v0.2.1
linux-portability (ubuntu-24.04-arm)	Native portability gate (debug and release)	2026-09-20T12:13:44.7551416Z    Compiling fnv v1.0.7
linux-portability (ubuntu-24.04-arm)	Native portability gate (debug and release)	2026-09-20T12:13:44.7751110Z    Compiling bit-vec v0.8.0
linux-portability (ubuntu-24.04-arm)	Native portability gate (debug and release)	2026-09-20T12:13:44.7856709Z    Compiling quick-error v1.2.3
linux-portability (ubuntu-24.04-arm)	Native portability gate (debug and release)	2026-09-20T12:13:44.8328528Z    Compiling rusty-fork v0.3.1
linux-portability (ubuntu-24.04-arm)	Native portability gate (debug and release)	2026-09-20T12:13:44.9179322Z    Compiling bit-set v0.8.0
linux-portability (ubuntu-24.04-arm)	Native portability gate (debug and release)	2026-09-20T12:13:45.0051522Z    Compiling rawk v0.1.0 (/home/runner/work/rawk/rawk/rawk)
linux-portability (ubuntu-24.04-arm)	Native portability gate (debug and release)	2026-09-20T12:13:45.1262432Z    Compiling rand_xorshift v0.4.0
linux-portability (ubuntu-24.04-arm)	Native portability gate (debug and release)	2026-09-20T12:13:45.1811751Z    Compiling rand v0.9.4
linux-portability (ubuntu-24.04-arm)	Native portability gate (debug and release)	2026-09-20T12:13:45.5431397Z    Compiling unarray v0.1.4
linux-portability (ubuntu-24.04-arm)	Native portability gate (debug and release)	2026-09-20T12:13:46.7891335Z    Compiling ppv-lite86 v0.2.21
linux-portability (ubuntu-24.04-arm)	Native portability gate (debug and release)	2026-09-20T12:13:46.9193395Z    Compiling rand_chacha v0.9.0
linux-portability (ubuntu-24.04-arm)	Native portability gate (debug and release)	2026-09-20T12:13:47.0029070Z    Compiling proptest v1.11.0
linux-portability (ubuntu-24.04-arm)	Native portability gate (debug and release)	2026-09-20T12:13:51.7269027Z     Finished `test` profile [unoptimized + debuginfo] target(s) in 14.08s
linux-portability (ubuntu-24.04-arm)	Native portability gate (debug and release)	2026-09-20T12:13:51.7333276Z      Running unittests src/lib.rs (target/debug/deps/rawk-cf2e1085fda57426)
linux-portability (ubuntu-24.04-arm)	Native portability gate (debug and release)	2026-09-20T12:13:51.7342768Z 
linux-portability (ubuntu-24.04-arm)	Native portability gate (debug and release)	2026-09-20T12:13:51.7343148Z running 0 tests
linux-portability (ubuntu-24.04-arm)	Native portability gate (debug and release)	2026-09-20T12:13:51.7343385Z 
linux-portability (ubuntu-24.04-arm)	Native portability gate (debug and release)	2026-09-20T12:13:51.7345792Z test result: ok. 0 passed; 0 failed; 0 ignored; 0 measured; 0 filtered out; finished in 0.00s
linux-portability (ubuntu-24.04-arm)	Native portability gate (debug and release)	2026-09-20T12:13:51.7346197Z 
linux-portability (ubuntu-24.04-arm)	Native portability gate (debug and release)	2026-09-20T12:13:51.7346458Z      Running unittests src/bin/diffrun.rs (target/debug/deps/diffrun-3b6e51535cd91098)
linux-portability (ubuntu-24.04-arm)	Native portability gate (debug and release)	2026-09-20T12:13:51.7351989Z 
linux-portability (ubuntu-24.04-arm)	Native portability gate (debug and release)	2026-09-20T12:13:51.7352367Z running 0 tests
linux-portability (ubuntu-24.04-arm)	Native portability gate (debug and release)	2026-09-20T12:13:51.7352573Z 
linux-portability (ubuntu-24.04-arm)	Native portability gate (debug and release)	2026-09-20T12:13:51.7352836Z test result: ok. 0 passed; 0 failed; 0 ignored; 0 measured; 0 filtered out; finished in 0.00s
linux-portability (ubuntu-24.04-arm)	Native portability gate (debug and release)	2026-09-20T12:13:51.7353208Z 
linux-portability (ubuntu-24.04-arm)	Native portability gate (debug and release)	2026-09-20T12:13:51.7353643Z      Running unittests src/main.rs (target/debug/deps/rawk-992d587babbada91)
linux-portability (ubuntu-24.04-arm)	Native portability gate (debug and release)	2026-09-20T12:13:51.7361885Z 
linux-portability (ubuntu-24.04-arm)	Native portability gate (debug and release)	2026-09-20T12:13:51.7362151Z running 4 tests
linux-portability (ubuntu-24.04-arm)	Native portability gate (debug and release)	2026-09-20T12:13:51.7425917Z test unicode_ere::tests::encoding_preserves_offsets_and_invalid_bytes_without_sentinels ... ok
linux-portability (ubuntu-24.04-arm)	Native portability gate (debug and release)	2026-09-20T12:13:51.7471861Z test unicode_ere::tests::compiled_intervals_cover_only_the_requested_runes ... ok
linux-portability (ubuntu-24.04-arm)	Native portability gate (debug and release)	2026-09-20T12:13:51.7481501Z test input::tests::separators_are_independent_of_read_boundaries ... ok
linux-portability (ubuntu-24.04-arm)	Native portability gate (debug and release)	2026-09-20T12:13:51.7781019Z test ere::stream::tests::physical_short_reads_do_not_change_bwk_lookahead ... ok
linux-portability (ubuntu-24.04-arm)	Native portability gate (debug and release)	2026-09-20T12:13:51.7781639Z 
linux-portability (ubuntu-24.04-arm)	Native portability gate (debug and release)	2026-09-20T12:13:51.7781928Z test result: ok. 4 passed; 0 failed; 0 ignored; 0 measured; 0 filtered out; finished in 0.04s
linux-portability (ubuntu-24.04-arm)	Native portability gate (debug and release)	2026-09-20T12:13:51.7782304Z 
linux-portability (ubuntu-24.04-arm)	Native portability gate (debug and release)	2026-09-20T12:13:51.7783433Z      Running tests/bytes_array_keys.rs (target/debug/deps/bytes_array_keys-8912e42706625c48)
linux-portability (ubuntu-24.04-arm)	Native portability gate (debug and release)	2026-09-20T12:13:51.7791947Z 
linux-portability (ubuntu-24.04-arm)	Native portability gate (debug and release)	2026-09-20T12:13:51.7792391Z running 3 tests
linux-portability (ubuntu-24.04-arm)	Native portability gate (debug and release)	2026-09-20T12:13:51.7958727Z test distinct_high_byte_keys_do_not_collide ... ok
linux-portability (ubuntu-24.04-arm)	Native portability gate (debug and release)	2026-09-20T12:13:51.7959355Z test nul_embedded_key_round_trips ... ok
linux-portability (ubuntu-24.04-arm)	Native portability gate (debug and release)	2026-09-20T12:13:51.7959779Z test for_in_returns_all_distinct_byte_keys ... ok
linux-portability (ubuntu-24.04-arm)	Native portability gate (debug and release)	2026-09-20T12:13:51.7960184Z 
linux-portability (ubuntu-24.04-arm)	Native portability gate (debug and release)	2026-09-20T12:13:51.7960475Z test result: ok. 3 passed; 0 failed; 0 ignored; 0 measured; 0 filtered out; finished in 0.02s
linux-portability (ubuntu-24.04-arm)	Native portability gate (debug and release)	2026-09-20T12:13:51.7960897Z 
linux-portability (ubuntu-24.04-arm)	Native portability gate (debug and release)	2026-09-20T12:13:51.7961178Z      Running tests/bytes_printf.rs (target/debug/deps/bytes_printf-d8adb88f194b5935)
linux-portability (ubuntu-24.04-arm)	Native portability gate (debug and release)	2026-09-20T12:13:51.7967826Z 
linux-portability (ubuntu-24.04-arm)	Native portability gate (debug and release)	2026-09-20T12:13:51.7968038Z running 6 tests
linux-portability (ubuntu-24.04-arm)	Native portability gate (debug and release)	2026-09-20T12:13:51.8005076Z test printf_c_emits_first_byte_raw ... ok
linux-portability (ubuntu-24.04-arm)	Native portability gate (debug and release)	2026-09-20T12:13:51.8034618Z test print_with_high_byte_ofs ... ok
linux-portability (ubuntu-24.04-arm)	Native portability gate (debug and release)	2026-09-20T12:13:51.8035040Z test printf_format_string_with_high_bytes ... ok
linux-portability (ubuntu-24.04-arm)	Native portability gate (debug and release)	2026-09-20T12:13:51.8035507Z test field_split_with_high_byte_fs ... ok
linux-portability (ubuntu-24.04-arm)	Native portability gate (debug and release)	2026-09-20T12:13:51.8066320Z test printf_s_preserves_high_byte ... ok
linux-portability (ubuntu-24.04-arm)	Native portability gate (debug and release)	2026-09-20T12:13:51.8095195Z test sprintf_high_byte_round_trip ... ok
linux-portability (ubuntu-24.04-arm)	Native portability gate (debug and release)	2026-09-20T12:13:51.8095670Z 
linux-portability (ubuntu-24.04-arm)	Native portability gate (debug and release)	2026-09-20T12:13:51.8095950Z test result: ok. 6 passed; 0 failed; 0 ignored; 0 measured; 0 filtered out; finished in 0.01s
linux-portability (ubuntu-24.04-arm)	Native portability gate (debug and release)	2026-09-20T12:13:51.8096321Z 
linux-portability (ubuntu-24.04-arm)	Native portability gate (debug and release)	2026-09-20T12:13:51.8097145Z      Running tests/bytes_regex_match.rs (target/debug/deps/bytes_regex_match-42c23aa5e737afa6)
linux-portability (ubuntu-24.04-arm)	Native portability gate (debug and release)	2026-09-20T12:13:51.8104139Z 
linux-portability (ubuntu-24.04-arm)	Native portability gate (debug and release)	2026-09-20T12:13:51.8104525Z running 6 tests
linux-portability (ubuntu-24.04-arm)	Native portability gate (debug and release)	2026-09-20T12:13:51.8170809Z test match_distinguishes_high_bytes ... ok
linux-portability (ubuntu-24.04-arm)	Native portability gate (debug and release)	2026-09-20T12:13:51.8171356Z test nul_inside_subject_with_rs_regex ... ok
linux-portability (ubuntu-24.04-arm)	Native portability gate (debug and release)	2026-09-20T12:13:51.8173365Z test gsub_ampersand_includes_whole_match ... ok
linux-portability (ubuntu-24.04-arm)	Native portability gate (debug and release)	2026-09-20T12:13:51.8211720Z test match_builtin_high_byte_pattern_position ... ok
linux-portability (ubuntu-24.04-arm)	Native portability gate (debug and release)	2026-09-20T12:13:51.8232938Z test rs_regex_high_byte_separator_splits_correctly ... ok
linux-portability (ubuntu-24.04-arm)	Native portability gate (debug and release)	2026-09-20T12:13:51.8233389Z test sub_replaces_high_byte_run ... ok
linux-portability (ubuntu-24.04-arm)	Native portability gate (debug and release)	2026-09-20T12:13:51.8233595Z 
linux-portability (ubuntu-24.04-arm)	Native portability gate (debug and release)	2026-09-20T12:13:51.8233833Z test result: ok. 6 passed; 0 failed; 0 ignored; 0 measured; 0 filtered out; finished in 0.01s
linux-portability (ubuntu-24.04-arm)	Native portability gate (debug and release)	2026-09-20T12:13:51.8234261Z 
linux-portability (ubuntu-24.04-arm)	Native portability gate (debug and release)	2026-09-20T12:13:51.8234961Z      Running tests/data_contract.rs (target/debug/deps/data_contract-65cc91f870523ded)
linux-portability (ubuntu-24.04-arm)	Native portability gate (debug and release)	2026-09-20T12:13:51.8241638Z 
linux-portability (ubuntu-24.04-arm)	Native portability gate (debug and release)	2026-09-20T12:13:51.8241888Z running 6 tests
linux-portability (ubuntu-24.04-arm)	Native portability gate (debug and release)	2026-09-20T12:13:51.8307717Z test fields_accept_regex_separator ... ok
linux-portability (ubuntu-24.04-arm)	Native portability gate (debug and release)	2026-09-20T12:13:51.8319110Z test invalid_regex_is_reported ... ok
linux-portability (ubuntu-24.04-arm)	Native portability gate (debug and release)	2026-09-20T12:13:51.8319581Z test csv_handles_quoted_delimiters_newlines_and_escaped_quotes ... ok
linux-portability (ubuntu-24.04-arm)	Native portability gate (debug and release)	2026-09-20T12:13:51.8331300Z test regex_uses_leftmost_longest ... ok
linux-portability (ubuntu-24.04-arm)	Native portability gate (debug and release)	2026-09-20T12:13:51.8368712Z test split_preserves_empty_fields_and_clears_array ... ok
linux-portability (ubuntu-24.04-arm)	Native portability gate (debug and release)	2026-09-20T12:13:51.8385415Z test substitutions_report_count_not_changed_text ... ok
linux-portability (ubuntu-24.04-arm)	Native portability gate (debug and release)	2026-09-20T12:13:51.8385734Z 
linux-portability (ubuntu-24.04-arm)	Native portability gate (debug and release)	2026-09-20T12:13:51.8385987Z test result: ok. 6 passed; 0 failed; 0 ignored; 0 measured; 0 filtered out; finished in 0.01s
linux-portability (ubuntu-24.04-arm)	Native portability gate (debug and release)	2026-09-20T12:13:51.8386354Z 
linux-portability (ubuntu-24.04-arm)	Native portability gate (debug and release)	2026-09-20T12:13:51.8387402Z      Running tests/driver_regressions.rs (target/debug/deps/driver_regressions-7b3f66b843422112)
linux-portability (ubuntu-24.04-arm)	Native portability gate (debug and release)	2026-09-20T12:13:51.8394515Z 
linux-portability (ubuntu-24.04-arm)	Native portability gate (debug and release)	2026-09-20T12:13:51.8394751Z running 6 tests
linux-portability (ubuntu-24.04-arm)	Native portability gate (debug and release)	2026-09-20T12:13:51.8463847Z test multifile_syntax_error_names_offending_source ... ok
linux-portability (ubuntu-24.04-arm)	Native portability gate (debug and release)	2026-09-20T12:13:51.8487973Z test field_index_beyond_reference_integer_range_is_an_error ... ok
linux-portability (ubuntu-24.04-arm)	Native portability gate (debug and release)	2026-09-20T12:13:51.8520962Z test getline_comparison_is_not_part_of_filename ... ok
linux-portability (ubuntu-24.04-arm)	Native portability gate (debug and release)	2026-09-20T12:13:51.8646680Z test invalid_function_parameters_are_errors_before_execution ... ok
linux-portability (ubuntu-24.04-arm)	Native portability gate (debug and release)	2026-09-20T12:13:51.8828175Z test redirected_stdin_shares_buffer_with_main_input ... ok
linux-portability (ubuntu-24.04-arm)	Native portability gate (debug and release)	2026-09-20T12:13:51.8849198Z test stdin_program_and_empty_statements ... ok
linux-portability (ubuntu-24.04-arm)	Native portability gate (debug and release)	2026-09-20T12:13:51.8849695Z 
linux-portability (ubuntu-24.04-arm)	Native portability gate (debug and release)	2026-09-20T12:13:51.8850185Z test result: ok. 6 passed; 0 failed; 0 ignored; 0 measured; 0 filtered out; finished in 0.05s
linux-portability (ubuntu-24.04-arm)	Native portability gate (debug and release)	2026-09-20T12:13:51.8850577Z 
linux-portability (ubuntu-24.04-arm)	Native portability gate (debug and release)	2026-09-20T12:13:51.8851570Z      Running tests/dynamic_format.rs (target/debug/deps/dynamic_format-da660803ed5b773d)
linux-portability (ubuntu-24.04-arm)	Native portability gate (debug and release)	2026-09-20T12:13:51.8859278Z 
linux-portability (ubuntu-24.04-arm)	Native portability gate (debug and release)	2026-09-20T12:13:51.8859573Z running 8 tests
linux-portability (ubuntu-24.04-arm)	Native portability gate (debug and release)	2026-09-20T12:13:51.8985763Z test missing_star_arguments_are_errors ... ok
linux-portability (ubuntu-24.04-arm)	Native portability gate (debug and release)	2026-09-20T12:13:51.9047214Z test negative_precision_keeps_binary_and_multibyte_paths ... ok
linux-portability (ubuntu-24.04-arm)	Native portability gate (debug and release)	2026-09-20T12:13:51.9171049Z test string_and_literal_range_errors_do_not_discard_arithmetic_subnormals ... ok
linux-portability (ubuntu-24.04-arm)	Native portability gate (debug and release)	2026-09-20T12:13:52.0322159Z test unsigned_conversion_matches_native_oracle ... ok
linux-portability (ubuntu-24.04-arm)	Native portability gate (debug and release)	2026-09-20T12:13:52.0559333Z test zero_padded_strings_match_native_oracle ... ok
linux-portability (ubuntu-24.04-arm)	Native portability gate (debug and release)	2026-09-20T12:13:52.5411775Z test dynamic_width_precision_and_consumption ... ok
linux-portability (ubuntu-24.04-arm)	Native portability gate (debug and release)	2026-09-20T12:13:53.8498736Z test integer_flags_precision_and_signs ... ok
linux-portability (ubuntu-24.04-arm)	Native portability gate (debug and release)	2026-09-20T12:13:54.4313158Z test negative_dynamic_precision_preserves_flags_and_argument_consumption ... ok
linux-portability (ubuntu-24.04-arm)	Native portability gate (debug and release)	2026-09-20T12:13:54.4313613Z 
linux-portability (ubuntu-24.04-arm)	Native portability gate (debug and release)	2026-09-20T12:13:54.4313902Z test result: ok. 8 passed; 0 failed; 0 ignored; 0 measured; 0 filtered out; finished in 2.55s
linux-portability (ubuntu-24.04-arm)	Native portability gate (debug and release)	2026-09-20T12:13:54.4314405Z 
linux-portability (ubuntu-24.04-arm)	Native portability gate (debug and release)	2026-09-20T12:13:54.4315232Z      Running tests/harness.rs (target/debug/deps/harness-3a6b5b406c659a96)
linux-portability (ubuntu-24.04-arm)	Native portability gate (debug and release)	2026-09-20T12:13:54.4322706Z 
linux-portability (ubuntu-24.04-arm)	Native portability gate (debug and release)	2026-09-20T12:13:54.4322889Z running 5 tests
linux-portability (ubuntu-24.04-arm)	Native portability gate (debug and release)	2026-09-20T12:13:54.4327402Z test annotation_does_not_accept_new_failures ... ok
linux-portability (ubuntu-24.04-arm)	Native portability gate (debug and release)	2026-09-20T12:13:54.4348793Z test preserves_bytes_whitespace_and_status ... ok
linux-portability (ubuntu-24.04-arm)	Native portability gate (debug and release)	2026-09-20T12:13:54.4387286Z test aggregate_gate_reports_an_intermediate_failure ... ok
linux-portability (ubuntu-24.04-arm)	Native portability gate (debug and release)	2026-09-20T12:13:54.4452812Z test each_run_has_a_fresh_directory ... ok
linux-portability (ubuntu-24.04-arm)	Native portability gate (debug and release)	2026-09-20T12:13:54.8653419Z test timeout_kills_descendants ... ok
linux-portability (ubuntu-24.04-arm)	Native portability gate (debug and release)	2026-09-20T12:13:54.8653811Z 
linux-portability (ubuntu-24.04-arm)	Native portability gate (debug and release)	2026-09-20T12:13:54.8654119Z test result: ok. 5 passed; 0 failed; 0 ignored; 0 measured; 0 filtered out; finished in 0.43s
linux-portability (ubuntu-24.04-arm)	Native portability gate (debug and release)	2026-09-20T12:13:54.8654513Z 
linux-portability (ubuntu-24.04-arm)	Native portability gate (debug and release)	2026-09-20T12:13:54.8656169Z      Running tests/input_contract.rs (target/debug/deps/input_contract-ead71b1d543e31fb)
linux-portability (ubuntu-24.04-arm)	Native portability gate (debug and release)	2026-09-20T12:13:54.8664544Z 
linux-portability (ubuntu-24.04-arm)	Native portability gate (debug and release)	2026-09-20T12:13:54.8664703Z running 5 tests
linux-portability (ubuntu-24.04-arm)	Native portability gate (debug and release)	2026-09-20T12:13:54.8731822Z test getline_uses_main_stream_and_counts_every_read ... ok
linux-portability (ubuntu-24.04-arm)	Native portability gate (debug and release)	2026-09-20T12:13:54.8732497Z test file_getline_and_interleaved_assignments ... ok
linux-portability (ubuntu-24.04-arm)	Native portability gate (debug and release)	2026-09-20T12:13:54.8733568Z test rewriting_record_does_not_count_a_read ... ok
linux-portability (ubuntu-24.04-arm)	Native portability gate (debug and release)	2026-09-20T12:13:54.8734632Z test missing_getline_file_is_an_error_not_eof ... ok
linux-portability (ubuntu-24.04-arm)	Native portability gate (debug and release)	2026-09-20T12:13:54.8794361Z test rs_changes_apply_to_unconsumed_input ... ok
linux-portability (ubuntu-24.04-arm)	Native portability gate (debug and release)	2026-09-20T12:13:54.8794704Z 
linux-portability (ubuntu-24.04-arm)	Native portability gate (debug and release)	2026-09-20T12:13:54.8794981Z test result: ok. 5 passed; 0 failed; 0 ignored; 0 measured; 0 filtered out; finished in 0.01s
linux-portability (ubuntu-24.04-arm)	Native portability gate (debug and release)	2026-09-20T12:13:54.8795321Z 
linux-portability (ubuntu-24.04-arm)	Native portability gate (debug and release)	2026-09-20T12:13:54.8796480Z      Running tests/language_contract.rs (target/debug/deps/language_contract-f9cbf1434eb43d63)
linux-portability (ubuntu-24.04-arm)	Native portability gate (debug and release)	2026-09-20T12:13:54.8804164Z 
linux-portability (ubuntu-24.04-arm)	Native portability gate (debug and release)	2026-09-20T12:13:54.8804795Z running 7 tests
linux-portability (ubuntu-24.04-arm)	Native portability gate (debug and release)	2026-09-20T12:13:54.8871427Z test array_reads_create_entries ... ok
linux-portability (ubuntu-24.04-arm)	Native portability gate (debug and release)	2026-09-20T12:13:54.8872511Z test expressions_and_escapes ... ok
linux-portability (ubuntu-24.04-arm)	Native portability gate (debug and release)	2026-09-20T12:13:54.8878668Z test convfmt_is_used_for_comparisons_fields_and_keys ... ok
linux-portability (ubuntu-24.04-arm)	Native portability gate (debug and release)	2026-09-20T12:13:54.8891321Z test array_parameters_are_references ... ok
linux-portability (ubuntu-24.04-arm)	Native portability gate (debug and release)	2026-09-20T12:13:54.8934357Z test numeric_and_string_values_keep_their_types ... ok
linux-portability (ubuntu-24.04-arm)	Native portability gate (debug and release)	2026-09-20T12:13:54.8940654Z test lvalue_indices_are_evaluated_once ... ok
linux-portability (ubuntu-24.04-arm)	Native portability gate (debug and release)	2026-09-20T12:13:54.8950985Z test range_patterns_and_empty_actions ... ok
linux-portability (ubuntu-24.04-arm)	Native portability gate (debug and release)	2026-09-20T12:13:54.8951313Z 
linux-portability (ubuntu-24.04-arm)	Native portability gate (debug and release)	2026-09-20T12:13:54.8951622Z test result: ok. 7 passed; 0 failed; 0 ignored; 0 measured; 0 filtered out; finished in 0.01s
linux-portability (ubuntu-24.04-arm)	Native portability gate (debug and release)	2026-09-20T12:13:54.8952115Z 
linux-portability (ubuntu-24.04-arm)	Native portability gate (debug and release)	2026-09-20T12:13:54.8952968Z      Running tests/legacy_locale.rs (target/debug/deps/legacy_locale-973d0649f6bb55b6)
linux-portability (ubuntu-24.04-arm)	Native portability gate (debug and release)	2026-09-20T12:13:54.8960748Z 
linux-portability (ubuntu-24.04-arm)	Native portability gate (debug and release)	2026-09-20T12:13:54.8960927Z running 6 tests
linux-portability (ubuntu-24.04-arm)	Native portability gate (debug and release)	2026-09-20T12:13:54.9286538Z test every_nonzero_byte_case_conversion_matches_c ... ok
linux-portability (ubuntu-24.04-arm)	Native portability gate (debug and release)	2026-09-20T12:13:54.9411526Z test legacy_locale_selection_obeys_precedence_and_is_fixed_at_startup ... ok
linux-portability (ubuntu-24.04-arm)	Native portability gate (debug and release)	2026-09-20T12:13:54.9412322Z test nul_preservation_remains_an_explicit_rust_extension ... ok
linux-portability (ubuntu-24.04-arm)	Native portability gate (debug and release)	2026-09-20T12:13:54.9439838Z test byte_positions_ranges_splits_and_substitution_match_c ... ok
linux-portability (ubuntu-24.04-arm)	Native portability gate (debug and release)	2026-09-20T12:13:54.9662357Z test required_single_byte_locales_are_active ... ok
linux-portability (ubuntu-24.04-arm)	Native portability gate (debug and release)	2026-09-20T12:13:55.4918142Z test every_nonzero_byte_in_each_posix_class_matches_c ... ok
linux-portability (ubuntu-24.04-arm)	Native portability gate (debug and release)	2026-09-20T12:13:55.4918671Z 
linux-portability (ubuntu-24.04-arm)	Native portability gate (debug and release)	2026-09-20T12:13:55.4918970Z test result: ok. 6 passed; 0 failed; 0 ignored; 0 measured; 0 filtered out; finished in 0.60s
linux-portability (ubuntu-24.04-arm)	Native portability gate (debug and release)	2026-09-20T12:13:55.4919595Z 
linux-portability (ubuntu-24.04-arm)	Native portability gate (debug and release)	2026-09-20T12:13:55.4920278Z      Running tests/runtime_contract.rs (target/debug/deps/runtime_contract-aae3b40f5cf0db99)
linux-portability (ubuntu-24.04-arm)	Native portability gate (debug and release)	2026-09-20T12:13:55.4927980Z 
linux-portability (ubuntu-24.04-arm)	Native portability gate (debug and release)	2026-09-20T12:13:55.4928391Z running 3 tests
linux-portability (ubuntu-24.04-arm)	Native portability gate (debug and release)	2026-09-20T12:13:55.4993175Z test short_circuit_preserves_side_effects ... ok
linux-portability (ubuntu-24.04-arm)	Native portability gate (debug and release)	2026-09-20T12:13:55.4993911Z test return_escapes_all_loop_forms ... ok
linux-portability (ubuntu-24.04-arm)	Native portability gate (debug and release)	2026-09-20T12:13:55.4994498Z test exit_executes_end_and_interrupts_expressions ... ok
linux-portability (ubuntu-24.04-arm)	Native portability gate (debug and release)	2026-09-20T12:13:55.4995049Z 
linux-portability (ubuntu-24.04-arm)	Native portability gate (debug and release)	2026-09-20T12:13:55.4995553Z test result: ok. 3 passed; 0 failed; 0 ignored; 0 measured; 0 filtered out; finished in 0.01s
linux-portability (ubuntu-24.04-arm)	Native portability gate (debug and release)	2026-09-20T12:13:55.4996089Z 
linux-portability (ubuntu-24.04-arm)	Native portability gate (debug and release)	2026-09-20T12:13:55.4996653Z      Running tests/shift_jis.rs (target/debug/deps/shift_jis-6789f430a1f4bd93)
linux-portability (ubuntu-24.04-arm)	Native portability gate (debug and release)	2026-09-20T12:13:55.5003244Z 
linux-portability (ubuntu-24.04-arm)	Native portability gate (debug and release)	2026-09-20T12:13:55.5003453Z running 12 tests
linux-portability (ubuntu-24.04-arm)	Native portability gate (debug and release)	2026-09-20T12:13:55.5129344Z test conversion_failure_preserves_atomic_print_contract ... ok
linux-portability (ubuntu-24.04-arm)	Native portability gate (debug and release)	2026-09-20T12:13:55.5138147Z test embedded_nul_preserves_the_rust_binary_extension ... ok
linux-portability (ubuntu-24.04-arm)	Native portability gate (debug and release)	2026-09-20T12:13:55.5281885Z test decoded_character_with_unencodable_case_mapping_matches_c ... ok
linux-portability (ubuntu-24.04-arm)	Native portability gate (debug and release)	2026-09-20T12:13:55.5486283Z test regex_rs_with_three_or_four_byte_structural_units_matches_c ... ok
linux-portability (ubuntu-24.04-arm)	Native portability gate (debug and release)	2026-09-20T12:13:55.5551638Z test required_sjis_locale_has_observable_case_mapping ... ok
linux-portability (ubuntu-24.04-arm)	Native portability gate (debug and release)	2026-09-20T12:13:55.6409750Z test record_separators_and_locale_precedence_match_c ... ok
linux-portability (ubuntu-24.04-arm)	Native portability gate (debug and release)	2026-09-20T12:13:55.6544006Z test streaming_rs_keeps_binary_data_distinct_from_eof ... ok
linux-portability (ubuntu-24.04-arm)	Native portability gate (debug and release)	2026-09-20T12:13:55.8980634Z test regex_rs_sjis_refill_across_input_buffers_and_getline_matches_c ... ok
linux-portability (ubuntu-24.04-arm)	Native portability gate (debug and release)	2026-09-20T12:13:56.0278757Z test valid_case_conversion_and_truncated_suffixes_match_c ... ok
linux-portability (ubuntu-24.04-arm)	Native portability gate (debug and release)	2026-09-20T12:13:56.1221894Z test structural_units_regex_fields_and_formatting_match_c ... ok
linux-portability (ubuntu-24.04-arm)	Native portability gate (debug and release)	2026-09-20T12:13:58.7978466Z test regex_rs_refill_restart_longest_and_anchors_match_c ... ok
linux-portability (ubuntu-24.04-arm)	Native portability gate (debug and release)	2026-09-20T12:14:04.5494513Z test single_bytes_and_lead_trail_boundaries_match_c ... ok
linux-portability (ubuntu-24.04-arm)	Native portability gate (debug and release)	2026-09-20T12:14:04.5494940Z 
linux-portability (ubuntu-24.04-arm)	Native portability gate (debug and release)	2026-09-20T12:14:04.5495232Z test result: ok. 12 passed; 0 failed; 0 ignored; 0 measured; 0 filtered out; finished in 9.05s
linux-portability (ubuntu-24.04-arm)	Native portability gate (debug and release)	2026-09-20T12:14:04.5495993Z 
linux-portability (ubuntu-24.04-arm)	Native portability gate (debug and release)	2026-09-20T12:14:04.5496494Z      Running tests/unicode_contract.rs (target/debug/deps/unicode_contract-7b87809897e07017)
linux-portability (ubuntu-24.04-arm)	Native portability gate (debug and release)	2026-09-20T12:14:04.5503475Z 
linux-portability (ubuntu-24.04-arm)	Native portability gate (debug and release)	2026-09-20T12:14:04.5503690Z running 10 tests
linux-portability (ubuntu-24.04-arm)	Native portability gate (debug and release)	2026-09-20T12:14:04.5633327Z test binary_nul_extension_and_case_conversion_errors ... ok
linux-portability (ubuntu-24.04-arm)	Native portability gate (debug and release)	2026-09-20T12:14:04.6244947Z test repeated_matches_and_index_inside_a_multibyte_unit ... ok
linux-portability (ubuntu-24.04-arm)	Native portability gate (debug and release)	2026-09-20T12:14:04.6532212Z test locale_precedence_and_character_operations ... ok
linux-portability (ubuntu-24.04-arm)	Native portability gate (debug and release)	2026-09-20T12:14:04.6605730Z test required_locales_are_active_in_both_interpreters ... ok
linux-portability (ubuntu-24.04-arm)	Native portability gate (debug and release)	2026-09-20T12:14:04.6801120Z test unicode_formatting_and_source_escapes ... ok
linux-portability (ubuntu-24.04-arm)	Native portability gate (debug and release)	2026-09-20T12:14:04.7444592Z test utf8_record_separators_across_buffers ... ok
linux-portability (ubuntu-24.04-arm)	Native portability gate (debug and release)	2026-09-20T12:14:04.7846868Z test boolean_regex_search_preserves_rune_alignment_and_empty_matches ... ok
linux-portability (ubuntu-24.04-arm)	Native portability gate (debug and release)	2026-09-20T12:14:04.8103486Z test utf8_regex_empty_matches_and_mixed_bytes ... ok
linux-portability (ubuntu-24.04-arm)	Native portability gate (debug and release)	2026-09-20T12:14:04.8361288Z test unicode_classes_ranges_and_anchors ... ok
linux-portability (ubuntu-24.04-arm)	Native portability gate (debug and release)	2026-09-20T12:14:07.8409828Z test original_utf8_drivers ... ok
linux-portability (ubuntu-24.04-arm)	Native portability gate (debug and release)	2026-09-20T12:14:07.8410487Z 
linux-portability (ubuntu-24.04-arm)	Native portability gate (debug and release)	2026-09-20T12:14:07.8410764Z test result: ok. 10 passed; 0 failed; 0 ignored; 0 measured; 0 filtered out; finished in 3.29s
linux-portability (ubuntu-24.04-arm)	Native portability gate (debug and release)	2026-09-20T12:14:07.8411139Z 
linux-portability (ubuntu-24.04-arm)	Native portability gate (debug and release)	2026-09-20T12:14:07.8990690Z    Compiling num-traits v0.2.19
linux-portability (ubuntu-24.04-arm)	Native portability gate (debug and release)	2026-09-20T12:14:07.8995440Z    Compiling getrandom v0.3.4
linux-portability (ubuntu-24.04-arm)	Native portability gate (debug and release)	2026-09-20T12:14:07.9051358Z    Compiling zerocopy v0.8.48
linux-portability (ubuntu-24.04-arm)	Native portability gate (debug and release)	2026-09-20T12:14:07.9052195Z    Compiling wait-timeout v0.2.1
linux-portability (ubuntu-24.04-arm)	Native portability gate (debug and release)	2026-09-20T12:14:08.2241310Z    Compiling rand_core v0.9.5
linux-portability (ubuntu-24.04-arm)	Native portability gate (debug and release)	2026-09-20T12:14:08.2517239Z    Compiling bit-vec v0.8.0
linux-portability (ubuntu-24.04-arm)	Native portability gate (debug and release)	2026-09-20T12:14:08.3661339Z    Compiling quick-error v1.2.3
linux-portability (ubuntu-24.04-arm)	Native portability gate (debug and release)	2026-09-20T12:14:08.4031304Z    Compiling fnv v1.0.7
linux-portability (ubuntu-24.04-arm)	Native portability gate (debug and release)	2026-09-20T12:14:08.4307489Z    Compiling rusty-fork v0.3.1
linux-portability (ubuntu-24.04-arm)	Native portability gate (debug and release)	2026-09-20T12:14:08.4323886Z    Compiling bit-set v0.8.0
linux-portability (ubuntu-24.04-arm)	Native portability gate (debug and release)	2026-09-20T12:14:08.5251492Z    Compiling chrono v0.4.44
linux-portability (ubuntu-24.04-arm)	Native portability gate (debug and release)	2026-09-20T12:14:08.5842424Z    Compiling rand v0.9.4
linux-portability (ubuntu-24.04-arm)	Native portability gate (debug and release)	2026-09-20T12:14:09.0331415Z    Compiling rand_xorshift v0.4.0
linux-portability (ubuntu-24.04-arm)	Native portability gate (debug and release)	2026-09-20T12:14:09.1083248Z    Compiling unarray v0.1.4
linux-portability (ubuntu-24.04-arm)	Native portability gate (debug and release)	2026-09-20T12:14:09.3760723Z    Compiling rawk v0.1.0 (/home/runner/work/rawk/rawk/rawk)
linux-portability (ubuntu-24.04-arm)	Native portability gate (debug and release)	2026-09-20T12:14:10.8275693Z    Compiling ppv-lite86 v0.2.21
linux-portability (ubuntu-24.04-arm)	Native portability gate (debug and release)	2026-09-20T12:14:10.9676356Z    Compiling rand_chacha v0.9.0
linux-portability (ubuntu-24.04-arm)	Native portability gate (debug and release)	2026-09-20T12:14:11.2512762Z    Compiling proptest v1.11.0
linux-portability (ubuntu-24.04-arm)	Native portability gate (debug and release)	2026-09-20T12:14:20.9526416Z     Finished `release` profile [optimized] target(s) in 13.10s
linux-portability (ubuntu-24.04-arm)	Native portability gate (debug and release)	2026-09-20T12:14:20.9586682Z      Running unittests src/lib.rs (target/release/deps/rawk-f01313c0880b44e3)
linux-portability (ubuntu-24.04-arm)	Native portability gate (debug and release)	2026-09-20T12:14:20.9595952Z 
linux-portability (ubuntu-24.04-arm)	Native portability gate (debug and release)	2026-09-20T12:14:20.9596207Z running 0 tests
linux-portability (ubuntu-24.04-arm)	Native portability gate (debug and release)	2026-09-20T12:14:20.9596388Z 
linux-portability (ubuntu-24.04-arm)	Native portability gate (debug and release)	2026-09-20T12:14:20.9596669Z test result: ok. 0 passed; 0 failed; 0 ignored; 0 measured; 0 filtered out; finished in 0.00s
linux-portability (ubuntu-24.04-arm)	Native portability gate (debug and release)	2026-09-20T12:14:20.9597026Z 
linux-portability (ubuntu-24.04-arm)	Native portability gate (debug and release)	2026-09-20T12:14:20.9597936Z      Running unittests src/bin/diffrun.rs (target/release/deps/diffrun-f69a7b3d0e0963fc)
linux-portability (ubuntu-24.04-arm)	Native portability gate (debug and release)	2026-09-20T12:14:20.9605302Z 
linux-portability (ubuntu-24.04-arm)	Native portability gate (debug and release)	2026-09-20T12:14:20.9605526Z running 0 tests
linux-portability (ubuntu-24.04-arm)	Native portability gate (debug and release)	2026-09-20T12:14:20.9605743Z 
linux-portability (ubuntu-24.04-arm)	Native portability gate (debug and release)	2026-09-20T12:14:20.9606011Z test result: ok. 0 passed; 0 failed; 0 ignored; 0 measured; 0 filtered out; finished in 0.00s
linux-portability (ubuntu-24.04-arm)	Native portability gate (debug and release)	2026-09-20T12:14:20.9606474Z 
linux-portability (ubuntu-24.04-arm)	Native portability gate (debug and release)	2026-09-20T12:14:20.9607238Z      Running unittests src/main.rs (target/release/deps/rawk-481f660a10639138)
linux-portability (ubuntu-24.04-arm)	Native portability gate (debug and release)	2026-09-20T12:14:20.9614728Z 
linux-portability (ubuntu-24.04-arm)	Native portability gate (debug and release)	2026-09-20T12:14:20.9614915Z running 4 tests
linux-portability (ubuntu-24.04-arm)	Native portability gate (debug and release)	2026-09-20T12:14:20.9628846Z test unicode_ere::tests::encoding_preserves_offsets_and_invalid_bytes_without_sentinels ... ok
linux-portability (ubuntu-24.04-arm)	Native portability gate (debug and release)	2026-09-20T12:14:20.9629544Z test input::tests::separators_are_independent_of_read_boundaries ... ok
linux-portability (ubuntu-24.04-arm)	Native portability gate (debug and release)	2026-09-20T12:14:20.9631697Z test unicode_ere::tests::compiled_intervals_cover_only_the_requested_runes ... ok
linux-portability (ubuntu-24.04-arm)	Native portability gate (debug and release)	2026-09-20T12:14:20.9638556Z test ere::stream::tests::physical_short_reads_do_not_change_bwk_lookahead ... ok
linux-portability (ubuntu-24.04-arm)	Native portability gate (debug and release)	2026-09-20T12:14:20.9638973Z 
linux-portability (ubuntu-24.04-arm)	Native portability gate (debug and release)	2026-09-20T12:14:20.9639230Z test result: ok. 4 passed; 0 failed; 0 ignored; 0 measured; 0 filtered out; finished in 0.00s
linux-portability (ubuntu-24.04-arm)	Native portability gate (debug and release)	2026-09-20T12:14:20.9639583Z 
linux-portability (ubuntu-24.04-arm)	Native portability gate (debug and release)	2026-09-20T12:14:20.9642536Z      Running tests/bytes_array_keys.rs (target/release/deps/bytes_array_keys-d155b0d8da843dda)
linux-portability (ubuntu-24.04-arm)	Native portability gate (debug and release)	2026-09-20T12:14:20.9648181Z 
linux-portability (ubuntu-24.04-arm)	Native portability gate (debug and release)	2026-09-20T12:14:20.9648467Z running 3 tests
linux-portability (ubuntu-24.04-arm)	Native portability gate (debug and release)	2026-09-20T12:14:20.9713197Z test distinct_high_byte_keys_do_not_collide ... ok
linux-portability (ubuntu-24.04-arm)	Native portability gate (debug and release)	2026-09-20T12:14:20.9713783Z test nul_embedded_key_round_trips ... ok
linux-portability (ubuntu-24.04-arm)	Native portability gate (debug and release)	2026-09-20T12:14:20.9715121Z test for_in_returns_all_distinct_byte_keys ... ok
linux-portability (ubuntu-24.04-arm)	Native portability gate (debug and release)	2026-09-20T12:14:20.9715395Z 
linux-portability (ubuntu-24.04-arm)	Native portability gate (debug and release)	2026-09-20T12:14:20.9715780Z test result: ok. 3 passed; 0 failed; 0 ignored; 0 measured; 0 filtered out; finished in 0.01s
linux-portability (ubuntu-24.04-arm)	Native portability gate (debug and release)	2026-09-20T12:14:20.9716437Z 
linux-portability (ubuntu-24.04-arm)	Native portability gate (debug and release)	2026-09-20T12:14:20.9716680Z      Running tests/bytes_printf.rs (target/release/deps/bytes_printf-6c7eea9fe464e227)
linux-portability (ubuntu-24.04-arm)	Native portability gate (debug and release)	2026-09-20T12:14:20.9722563Z 
linux-portability (ubuntu-24.04-arm)	Native portability gate (debug and release)	2026-09-20T12:14:20.9722795Z running 6 tests
linux-portability (ubuntu-24.04-arm)	Native portability gate (debug and release)	2026-09-20T12:14:20.9747896Z test print_with_high_byte_ofs ... ok
linux-portability (ubuntu-24.04-arm)	Native portability gate (debug and release)	2026-09-20T12:14:20.9789915Z test field_split_with_high_byte_fs ... ok
linux-portability (ubuntu-24.04-arm)	Native portability gate (debug and release)	2026-09-20T12:14:20.9790650Z test printf_c_emits_first_byte_raw ... ok
linux-portability (ubuntu-24.04-arm)	Native portability gate (debug and release)	2026-09-20T12:14:20.9791018Z test printf_format_string_with_high_bytes ... ok
linux-portability (ubuntu-24.04-arm)	Native portability gate (debug and release)	2026-09-20T12:14:20.9809041Z test printf_s_preserves_high_byte ... ok
linux-portability (ubuntu-24.04-arm)	Native portability gate (debug and release)	2026-09-20T12:14:20.9849796Z test sprintf_high_byte_round_trip ... ok
linux-portability (ubuntu-24.04-arm)	Native portability gate (debug and release)	2026-09-20T12:14:20.9850135Z 
linux-portability (ubuntu-24.04-arm)	Native portability gate (debug and release)	2026-09-20T12:14:20.9850398Z test result: ok. 6 passed; 0 failed; 0 ignored; 0 measured; 0 filtered out; finished in 0.01s
linux-portability (ubuntu-24.04-arm)	Native portability gate (debug and release)	2026-09-20T12:14:20.9850751Z 
linux-portability (ubuntu-24.04-arm)	Native portability gate (debug and release)	2026-09-20T12:14:20.9852329Z      Running tests/bytes_regex_match.rs (target/release/deps/bytes_regex_match-310b2dc819533d4b)
linux-portability (ubuntu-24.04-arm)	Native portability gate (debug and release)	2026-09-20T12:14:20.9858814Z 
linux-portability (ubuntu-24.04-arm)	Native portability gate (debug and release)	2026-09-20T12:14:20.9859067Z running 6 tests
linux-portability (ubuntu-24.04-arm)	Native portability gate (debug and release)	2026-09-20T12:14:20.9926397Z test gsub_ampersand_includes_whole_match ... ok
linux-portability (ubuntu-24.04-arm)	Native portability gate (debug and release)	2026-09-20T12:14:20.9927170Z test nul_inside_subject_with_rs_regex ... ok
linux-portability (ubuntu-24.04-arm)	Native portability gate (debug and release)	2026-09-20T12:14:20.9931021Z test match_distinguishes_high_bytes ... ok
linux-portability (ubuntu-24.04-arm)	Native portability gate (debug and release)	2026-09-20T12:14:20.9934392Z test match_builtin_high_byte_pattern_position ... ok
linux-portability (ubuntu-24.04-arm)	Native portability gate (debug and release)	2026-09-20T12:14:20.9947553Z test rs_regex_high_byte_separator_splits_correctly ... ok
linux-portability (ubuntu-24.04-arm)	Native portability gate (debug and release)	2026-09-20T12:14:20.9987484Z test sub_replaces_high_byte_run ... ok
linux-portability (ubuntu-24.04-arm)	Native portability gate (debug and release)	2026-09-20T12:14:20.9987995Z 
linux-portability (ubuntu-24.04-arm)	Native portability gate (debug and release)	2026-09-20T12:14:20.9988282Z test result: ok. 6 passed; 0 failed; 0 ignored; 0 measured; 0 filtered out; finished in 0.01s
linux-portability (ubuntu-24.04-arm)	Native portability gate (debug and release)	2026-09-20T12:14:20.9988663Z 
linux-portability (ubuntu-24.04-arm)	Native portability gate (debug and release)	2026-09-20T12:14:20.9989586Z      Running tests/data_contract.rs (target/release/deps/data_contract-777ee05770f2a4c8)
linux-portability (ubuntu-24.04-arm)	Native portability gate (debug and release)	2026-09-20T12:14:20.9996239Z 
linux-portability (ubuntu-24.04-arm)	Native portability gate (debug and release)	2026-09-20T12:14:20.9996636Z running 6 tests
linux-portability (ubuntu-24.04-arm)	Native portability gate (debug and release)	2026-09-20T12:14:21.0021141Z test fields_accept_regex_separator ... ok
linux-portability (ubuntu-24.04-arm)	Native portability gate (debug and release)	2026-09-20T12:14:21.0033824Z test invalid_regex_is_reported ... ok
linux-portability (ubuntu-24.04-arm)	Native portability gate (debug and release)	2026-09-20T12:14:21.0034276Z test regex_uses_leftmost_longest ... ok
linux-portability (ubuntu-24.04-arm)	Native portability gate (debug and release)	2026-09-20T12:14:21.0041082Z test split_preserves_empty_fields_and_clears_array ... ok
linux-portability (ubuntu-24.04-arm)	Native portability gate (debug and release)	2026-09-20T12:14:21.0061266Z test csv_handles_quoted_delimiters_newlines_and_escaped_quotes ... ok
linux-portability (ubuntu-24.04-arm)	Native portability gate (debug and release)	2026-09-20T12:14:21.0082890Z test substitutions_report_count_not_changed_text ... ok
linux-portability (ubuntu-24.04-arm)	Native portability gate (debug and release)	2026-09-20T12:14:21.0083240Z 
linux-portability (ubuntu-24.04-arm)	Native portability gate (debug and release)	2026-09-20T12:14:21.0083509Z test result: ok. 6 passed; 0 failed; 0 ignored; 0 measured; 0 filtered out; finished in 0.01s
linux-portability (ubuntu-24.04-arm)	Native portability gate (debug and release)	2026-09-20T12:14:21.0084013Z 
linux-portability (ubuntu-24.04-arm)	Native portability gate (debug and release)	2026-09-20T12:14:21.0084734Z      Running tests/driver_regressions.rs (target/release/deps/driver_regressions-fff89f77cc57c407)
linux-portability (ubuntu-24.04-arm)	Native portability gate (debug and release)	2026-09-20T12:14:21.0091683Z 
linux-portability (ubuntu-24.04-arm)	Native portability gate (debug and release)	2026-09-20T12:14:21.0091911Z running 6 tests
linux-portability (ubuntu-24.04-arm)	Native portability gate (debug and release)	2026-09-20T12:14:21.0166326Z test multifile_syntax_error_names_offending_source ... ok
linux-portability (ubuntu-24.04-arm)	Native portability gate (debug and release)	2026-09-20T12:14:21.0219836Z test field_index_beyond_reference_integer_range_is_an_error ... ok
linux-portability (ubuntu-24.04-arm)	Native portability gate (debug and release)	2026-09-20T12:14:21.0233204Z test getline_comparison_is_not_part_of_filename ... ok
linux-portability (ubuntu-24.04-arm)	Native portability gate (debug and release)	2026-09-20T12:14:21.0296881Z test invalid_function_parameters_are_errors_before_execution ... ok
linux-portability (ubuntu-24.04-arm)	Native portability gate (debug and release)	2026-09-20T12:14:21.0473110Z test redirected_stdin_shares_buffer_with_main_input ... ok
linux-portability (ubuntu-24.04-arm)	Native portability gate (debug and release)	2026-09-20T12:14:21.0581900Z test stdin_program_and_empty_statements ... ok
linux-portability (ubuntu-24.04-arm)	Native portability gate (debug and release)	2026-09-20T12:14:21.0582284Z 
linux-portability (ubuntu-24.04-arm)	Native portability gate (debug and release)	2026-09-20T12:14:21.0582577Z test result: ok. 6 passed; 0 failed; 0 ignored; 0 measured; 0 filtered out; finished in 0.05s
linux-portability (ubuntu-24.04-arm)	Native portability gate (debug and release)	2026-09-20T12:14:21.0582928Z 
linux-portability (ubuntu-24.04-arm)	Native portability gate (debug and release)	2026-09-20T12:14:21.0583833Z      Running tests/dynamic_format.rs (target/release/deps/dynamic_format-5b49c33678791dab)
linux-portability (ubuntu-24.04-arm)	Native portability gate (debug and release)	2026-09-20T12:14:21.0591496Z 
linux-portability (ubuntu-24.04-arm)	Native portability gate (debug and release)	2026-09-20T12:14:21.0591796Z running 8 tests
linux-portability (ubuntu-24.04-arm)	Native portability gate (debug and release)	2026-09-20T12:14:21.0679026Z test missing_star_arguments_are_errors ... ok
linux-portability (ubuntu-24.04-arm)	Native portability gate (debug and release)	2026-09-20T12:14:21.0740458Z test negative_precision_keeps_binary_and_multibyte_paths ... ok
linux-portability (ubuntu-24.04-arm)	Native portability gate (debug and release)	2026-09-20T12:14:21.0860684Z test string_and_literal_range_errors_do_not_discard_arithmetic_subnormals ... ok
linux-portability (ubuntu-24.04-arm)	Native portability gate (debug and release)	2026-09-20T12:14:21.2064773Z test unsigned_conversion_matches_native_oracle ... ok
linux-portability (ubuntu-24.04-arm)	Native portability gate (debug and release)	2026-09-20T12:14:21.2305910Z test zero_padded_strings_match_native_oracle ... ok
linux-portability (ubuntu-24.04-arm)	Native portability gate (debug and release)	2026-09-20T12:14:21.7229030Z test dynamic_width_precision_and_consumption ... ok
linux-portability (ubuntu-24.04-arm)	Native portability gate (debug and release)	2026-09-20T12:14:23.0387935Z test integer_flags_precision_and_signs ... ok
linux-portability (ubuntu-24.04-arm)	Native portability gate (debug and release)	2026-09-20T12:14:23.6242144Z test negative_dynamic_precision_preserves_flags_and_argument_consumption ... ok
linux-portability (ubuntu-24.04-arm)	Native portability gate (debug and release)	2026-09-20T12:14:23.6242624Z 
linux-portability (ubuntu-24.04-arm)	Native portability gate (debug and release)	2026-09-20T12:14:23.6242912Z test result: ok. 8 passed; 0 failed; 0 ignored; 0 measured; 0 filtered out; finished in 2.56s
linux-portability (ubuntu-24.04-arm)	Native portability gate (debug and release)	2026-09-20T12:14:23.6243261Z 
linux-portability (ubuntu-24.04-arm)	Native portability gate (debug and release)	2026-09-20T12:14:23.6243890Z      Running tests/harness.rs (target/release/deps/harness-d2eb8f676666579c)
linux-portability (ubuntu-24.04-arm)	Native portability gate (debug and release)	2026-09-20T12:14:23.6251773Z 
linux-portability (ubuntu-24.04-arm)	Native portability gate (debug and release)	2026-09-20T12:14:23.6251966Z running 5 tests
linux-portability (ubuntu-24.04-arm)	Native portability gate (debug and release)	2026-09-20T12:14:23.6262816Z test annotation_does_not_accept_new_failures ... ok
linux-portability (ubuntu-24.04-arm)	Native portability gate (debug and release)	2026-09-20T12:14:23.6324108Z test preserves_bytes_whitespace_and_status ... ok
linux-portability (ubuntu-24.04-arm)	Native portability gate (debug and release)	2026-09-20T12:14:23.6326342Z test aggregate_gate_reports_an_intermediate_failure ... ok
linux-portability (ubuntu-24.04-arm)	Native portability gate (debug and release)	2026-09-20T12:14:23.6386949Z test each_run_has_a_fresh_directory ... ok
linux-portability (ubuntu-24.04-arm)	Native portability gate (debug and release)	2026-09-20T12:14:24.0589085Z test timeout_kills_descendants ... ok
linux-portability (ubuntu-24.04-arm)	Native portability gate (debug and release)	2026-09-20T12:14:24.0589483Z 
linux-portability (ubuntu-24.04-arm)	Native portability gate (debug and release)	2026-09-20T12:14:24.0589957Z test result: ok. 5 passed; 0 failed; 0 ignored; 0 measured; 0 filtered out; finished in 0.43s
linux-portability (ubuntu-24.04-arm)	Native portability gate (debug and release)	2026-09-20T12:14:24.0590518Z 
linux-portability (ubuntu-24.04-arm)	Native portability gate (debug and release)	2026-09-20T12:14:24.0590800Z      Running tests/input_contract.rs (target/release/deps/input_contract-7af55302e2598d8a)
linux-portability (ubuntu-24.04-arm)	Native portability gate (debug and release)	2026-09-20T12:14:24.0599970Z 
linux-portability (ubuntu-24.04-arm)	Native portability gate (debug and release)	2026-09-20T12:14:24.0600232Z running 5 tests
linux-portability (ubuntu-24.04-arm)	Native portability gate (debug and release)	2026-09-20T12:14:24.0670138Z test missing_getline_file_is_an_error_not_eof ... ok
linux-portability (ubuntu-24.04-arm)	Native portability gate (debug and release)	2026-09-20T12:14:24.0671180Z test rewriting_record_does_not_count_a_read ... ok
linux-portability (ubuntu-24.04-arm)	Native portability gate (debug and release)	2026-09-20T12:14:24.0671785Z test file_getline_and_interleaved_assignments ... ok
linux-portability (ubuntu-24.04-arm)	Native portability gate (debug and release)	2026-09-20T12:14:24.0672219Z test getline_uses_main_stream_and_counts_every_read ... ok
linux-portability (ubuntu-24.04-arm)	Native portability gate (debug and release)	2026-09-20T12:14:24.0732977Z test rs_changes_apply_to_unconsumed_input ... ok
linux-portability (ubuntu-24.04-arm)	Native portability gate (debug and release)	2026-09-20T12:14:24.0733430Z 
linux-portability (ubuntu-24.04-arm)	Native portability gate (debug and release)	2026-09-20T12:14:24.0733710Z test result: ok. 5 passed; 0 failed; 0 ignored; 0 measured; 0 filtered out; finished in 0.01s
linux-portability (ubuntu-24.04-arm)	Native portability gate (debug and release)	2026-09-20T12:14:24.0734081Z 
linux-portability (ubuntu-24.04-arm)	Native portability gate (debug and release)	2026-09-20T12:14:24.0735180Z      Running tests/language_contract.rs (target/release/deps/language_contract-3857c07be8374753)
linux-portability (ubuntu-24.04-arm)	Native portability gate (debug and release)	2026-09-20T12:14:24.0743286Z 
linux-portability (ubuntu-24.04-arm)	Native portability gate (debug and release)	2026-09-20T12:14:24.0743676Z running 7 tests
linux-portability (ubuntu-24.04-arm)	Native portability gate (debug and release)	2026-09-20T12:14:24.0824936Z test convfmt_is_used_for_comparisons_fields_and_keys ... ok
linux-portability (ubuntu-24.04-arm)	Native portability gate (debug and release)	2026-09-20T12:14:24.0825432Z test array_parameters_are_references ... ok
linux-portability (ubuntu-24.04-arm)	Native portability gate (debug and release)	2026-09-20T12:14:24.0825919Z test expressions_and_escapes ... ok
linux-portability (ubuntu-24.04-arm)	Native portability gate (debug and release)	2026-09-20T12:14:24.0826222Z test array_reads_create_entries ... ok
linux-portability (ubuntu-24.04-arm)	Native portability gate (debug and release)	2026-09-20T12:14:24.0876201Z test lvalue_indices_are_evaluated_once ... ok
linux-portability (ubuntu-24.04-arm)	Native portability gate (debug and release)	2026-09-20T12:14:24.0876720Z test range_patterns_and_empty_actions ... ok
linux-portability (ubuntu-24.04-arm)	Native portability gate (debug and release)	2026-09-20T12:14:24.0884414Z test numeric_and_string_values_keep_their_types ... ok
linux-portability (ubuntu-24.04-arm)	Native portability gate (debug and release)	2026-09-20T12:14:24.0885847Z 
linux-portability (ubuntu-24.04-arm)	Native portability gate (debug and release)	2026-09-20T12:14:24.0886327Z test result: ok. 7 passed; 0 failed; 0 ignored; 0 measured; 0 filtered out; finished in 0.01s
linux-portability (ubuntu-24.04-arm)	Native portability gate (debug and release)	2026-09-20T12:14:24.0886748Z 
linux-portability (ubuntu-24.04-arm)	Native portability gate (debug and release)	2026-09-20T12:14:24.0887013Z      Running tests/legacy_locale.rs (target/release/deps/legacy_locale-8b632052e75975eb)
linux-portability (ubuntu-24.04-arm)	Native portability gate (debug and release)	2026-09-20T12:14:24.0894361Z 
linux-portability (ubuntu-24.04-arm)	Native portability gate (debug and release)	2026-09-20T12:14:24.0895465Z running 6 tests
linux-portability (ubuntu-24.04-arm)	Native portability gate (debug and release)	2026-09-20T12:14:24.1107034Z test every_nonzero_byte_case_conversion_matches_c ... ok
linux-portability (ubuntu-24.04-arm)	Native portability gate (debug and release)	2026-09-20T12:14:24.1108360Z test byte_positions_ranges_splits_and_substitution_match_c ... ok
linux-portability (ubuntu-24.04-arm)	Native portability gate (debug and release)	2026-09-20T12:14:24.1229949Z test nul_preservation_remains_an_explicit_rust_extension ... ok
linux-portability (ubuntu-24.04-arm)	Native portability gate (debug and release)	2026-09-20T12:14:24.1305648Z test legacy_locale_selection_obeys_precedence_and_is_fixed_at_startup ... ok
linux-portability (ubuntu-24.04-arm)	Native portability gate (debug and release)	2026-09-20T12:14:24.1315548Z test required_single_byte_locales_are_active ... ok
linux-portability (ubuntu-24.04-arm)	Native portability gate (debug and release)	2026-09-20T12:14:24.3775659Z test every_nonzero_byte_in_each_posix_class_matches_c ... ok
linux-portability (ubuntu-24.04-arm)	Native portability gate (debug and release)	2026-09-20T12:14:24.3776085Z 
linux-portability (ubuntu-24.04-arm)	Native portability gate (debug and release)	2026-09-20T12:14:24.3776384Z test result: ok. 6 passed; 0 failed; 0 ignored; 0 measured; 0 filtered out; finished in 0.29s
linux-portability (ubuntu-24.04-arm)	Native portability gate (debug and release)	2026-09-20T12:14:24.3776752Z 
linux-portability (ubuntu-24.04-arm)	Native portability gate (debug and release)	2026-09-20T12:14:24.3777037Z      Running tests/runtime_contract.rs (target/release/deps/runtime_contract-ac624beca28deeec)
linux-portability (ubuntu-24.04-arm)	Native portability gate (debug and release)	2026-09-20T12:14:24.3785199Z 
linux-portability (ubuntu-24.04-arm)	Native portability gate (debug and release)	2026-09-20T12:14:24.3785737Z running 3 tests
linux-portability (ubuntu-24.04-arm)	Native portability gate (debug and release)	2026-09-20T12:14:24.3851217Z test exit_executes_end_and_interrupts_expressions ... ok
linux-portability (ubuntu-24.04-arm)	Native portability gate (debug and release)	2026-09-20T12:14:24.3852431Z test return_escapes_all_loop_forms ... ok
linux-portability (ubuntu-24.04-arm)	Native portability gate (debug and release)	2026-09-20T12:14:24.3852967Z test short_circuit_preserves_side_effects ... ok
linux-portability (ubuntu-24.04-arm)	Native portability gate (debug and release)	2026-09-20T12:14:24.3853367Z 
linux-portability (ubuntu-24.04-arm)	Native portability gate (debug and release)	2026-09-20T12:14:24.3854038Z test result: ok. 3 passed; 0 failed; 0 ignored; 0 measured; 0 filtered out; finished in 0.01s
linux-portability (ubuntu-24.04-arm)	Native portability gate (debug and release)	2026-09-20T12:14:24.3856123Z 
linux-portability (ubuntu-24.04-arm)	Native portability gate (debug and release)	2026-09-20T12:14:24.3860816Z      Running tests/shift_jis.rs (target/release/deps/shift_jis-23910551a52ee09f)
linux-portability (ubuntu-24.04-arm)	Native portability gate (debug and release)	2026-09-20T12:14:24.3861642Z 
linux-portability (ubuntu-24.04-arm)	Native portability gate (debug and release)	2026-09-20T12:14:24.3861825Z running 12 tests
linux-portability (ubuntu-24.04-arm)	Native portability gate (debug and release)	2026-09-20T12:14:24.3989202Z test conversion_failure_preserves_atomic_print_contract ... ok
linux-portability (ubuntu-24.04-arm)	Native portability gate (debug and release)	2026-09-20T12:14:24.3999857Z test embedded_nul_preserves_the_rust_binary_extension ... ok
linux-portability (ubuntu-24.04-arm)	Native portability gate (debug and release)	2026-09-20T12:14:24.4073197Z test decoded_character_with_unencodable_case_mapping_matches_c ... ok
linux-portability (ubuntu-24.04-arm)	Native portability gate (debug and release)	2026-09-20T12:14:24.4189586Z test regex_rs_with_three_or_four_byte_structural_units_matches_c ... ok
linux-portability (ubuntu-24.04-arm)	Native portability gate (debug and release)	2026-09-20T12:14:24.4312800Z test required_sjis_locale_has_observable_case_mapping ... ok
linux-portability (ubuntu-24.04-arm)	Native portability gate (debug and release)	2026-09-20T12:14:24.4656644Z test record_separators_and_locale_precedence_match_c ... ok
linux-portability (ubuntu-24.04-arm)	Native portability gate (debug and release)	2026-09-20T12:14:24.4779382Z test streaming_rs_keeps_binary_data_distinct_from_eof ... ok
linux-portability (ubuntu-24.04-arm)	Native portability gate (debug and release)	2026-09-20T12:14:24.5656693Z test regex_rs_sjis_refill_across_input_buffers_and_getline_matches_c ... ok
linux-portability (ubuntu-24.04-arm)	Native portability gate (debug and release)	2026-09-20T12:14:24.6648999Z test structural_units_regex_fields_and_formatting_match_c ... ok
linux-portability (ubuntu-24.04-arm)	Native portability gate (debug and release)	2026-09-20T12:14:24.7016923Z test valid_case_conversion_and_truncated_suffixes_match_c ... ok
linux-portability (ubuntu-24.04-arm)	Native portability gate (debug and release)	2026-09-20T12:14:26.6366857Z test regex_rs_refill_restart_longest_and_anchors_match_c ... ok
linux-portability (ubuntu-24.04-arm)	Native portability gate (debug and release)	2026-09-20T12:14:33.5085765Z test single_bytes_and_lead_trail_boundaries_match_c ... ok
linux-portability (ubuntu-24.04-arm)	Native portability gate (debug and release)	2026-09-20T12:14:33.5086157Z 
linux-portability (ubuntu-24.04-arm)	Native portability gate (debug and release)	2026-09-20T12:14:33.5086418Z test result: ok. 12 passed; 0 failed; 0 ignored; 0 measured; 0 filtered out; finished in 9.12s
linux-portability (ubuntu-24.04-arm)	Native portability gate (debug and release)	2026-09-20T12:14:33.5087020Z 
linux-portability (ubuntu-24.04-arm)	Native portability gate (debug and release)	2026-09-20T12:14:33.5087562Z      Running tests/unicode_contract.rs (target/release/deps/unicode_contract-ed05e2a14edbe220)
linux-portability (ubuntu-24.04-arm)	Native portability gate (debug and release)	2026-09-20T12:14:33.5095942Z 
linux-portability (ubuntu-24.04-arm)	Native portability gate (debug and release)	2026-09-20T12:14:33.5096407Z running 10 tests
linux-portability (ubuntu-24.04-arm)	Native portability gate (debug and release)	2026-09-20T12:14:33.5222772Z test binary_nul_extension_and_case_conversion_errors ... ok
linux-portability (ubuntu-24.04-arm)	Native portability gate (debug and release)	2026-09-20T12:14:33.5486400Z test repeated_matches_and_index_inside_a_multibyte_unit ... ok
linux-portability (ubuntu-24.04-arm)	Native portability gate (debug and release)	2026-09-20T12:14:33.5844203Z test required_locales_are_active_in_both_interpreters ... ok
linux-portability (ubuntu-24.04-arm)	Native portability gate (debug and release)	2026-09-20T12:14:33.6064277Z test locale_precedence_and_character_operations ... ok
linux-portability (ubuntu-24.04-arm)	Native portability gate (debug and release)	2026-09-20T12:14:33.6275621Z test boolean_regex_search_preserves_rune_alignment_and_empty_matches ... ok
linux-portability (ubuntu-24.04-arm)	Native portability gate (debug and release)	2026-09-20T12:14:33.6306489Z test unicode_formatting_and_source_escapes ... ok
linux-portability (ubuntu-24.04-arm)	Native portability gate (debug and release)	2026-09-20T12:14:33.6758835Z test utf8_record_separators_across_buffers ... ok
linux-portability (ubuntu-24.04-arm)	Native portability gate (debug and release)	2026-09-20T12:14:33.6915214Z test utf8_regex_empty_matches_and_mixed_bytes ... ok
linux-portability (ubuntu-24.04-arm)	Native portability gate (debug and release)	2026-09-20T12:14:33.7199231Z test unicode_classes_ranges_and_anchors ... ok
linux-portability (ubuntu-24.04-arm)	Native portability gate (debug and release)	2026-09-20T12:14:35.1677448Z test original_utf8_drivers ... ok
linux-portability (ubuntu-24.04-arm)	Native portability gate (debug and release)	2026-09-20T12:14:35.1677790Z 
linux-portability (ubuntu-24.04-arm)	Native portability gate (debug and release)	2026-09-20T12:14:35.1678085Z test result: ok. 10 passed; 0 failed; 0 ignored; 0 measured; 0 filtered out; finished in 1.66s
linux-portability (ubuntu-24.04-arm)	Native portability gate (debug and release)	2026-09-20T12:14:35.1678661Z 
linux-portability (ubuntu-24.04-arm)	Compare all native libc-valid Shift-JIS pairs	﻿2026-09-20T12:14:35.1747690Z ##[group]Run python3 scripts/shift_jis_platform_probe.py --output diary/shift-jis-platform-ci.json
linux-portability (ubuntu-24.04-arm)	Compare all native libc-valid Shift-JIS pairs	2026-09-20T12:14:35.1748487Z [36;1mpython3 scripts/shift_jis_platform_probe.py --output diary/shift-jis-platform-ci.json[0m
linux-portability (ubuntu-24.04-arm)	Compare all native libc-valid Shift-JIS pairs	2026-09-20T12:14:35.1783705Z shell: /usr/bin/bash -e {0}
linux-portability (ubuntu-24.04-arm)	Compare all native libc-valid Shift-JIS pairs	2026-09-20T12:14:35.1784178Z env:
linux-portability (ubuntu-24.04-arm)	Compare all native libc-valid Shift-JIS pairs	2026-09-20T12:14:35.1784402Z   LC_ALL: C
linux-portability (ubuntu-24.04-arm)	Compare all native libc-valid Shift-JIS pairs	2026-09-20T12:14:35.1784617Z   CARGO_INCREMENTAL: 0
linux-portability (ubuntu-24.04-arm)	Compare all native libc-valid Shift-JIS pairs	2026-09-20T12:14:35.1784937Z   RUSTUP_TOOLCHAIN: 1.96.0
linux-portability (ubuntu-24.04-arm)	Compare all native libc-valid Shift-JIS pairs	2026-09-20T12:14:35.1785450Z ##[endgroup]
linux-portability (ubuntu-24.04-arm)	Compare all native libc-valid Shift-JIS pairs	2026-09-20T12:14:35.3375832Z 6879 libc-valid double-byte pairs: upper/lower MATCH
linux-portability (ubuntu-24.04-arm)	Inventory original drivers on this platform	﻿2026-09-20T12:14:35.3485398Z ##[group]Run python3 scripts/full_driver_audit.py --output diary/linux-driver-results-ci.json
linux-portability (ubuntu-24.04-arm)	Inventory original drivers on this platform	2026-09-20T12:14:35.3486230Z [36;1mpython3 scripts/full_driver_audit.py --output diary/linux-driver-results-ci.json[0m
linux-portability (ubuntu-24.04-arm)	Inventory original drivers on this platform	2026-09-20T12:14:35.3520814Z shell: /usr/bin/bash -e {0}
linux-portability (ubuntu-24.04-arm)	Inventory original drivers on this platform	2026-09-20T12:14:35.3521190Z env:
linux-portability (ubuntu-24.04-arm)	Inventory original drivers on this platform	2026-09-20T12:14:35.3521406Z   LC_ALL: C
linux-portability (ubuntu-24.04-arm)	Inventory original drivers on this platform	2026-09-20T12:14:35.3521682Z   CARGO_INCREMENTAL: 0
linux-portability (ubuntu-24.04-arm)	Inventory original drivers on this platform	2026-09-20T12:14:35.3521956Z   RUSTUP_TOOLCHAIN: 1.96.0
linux-portability (ubuntu-24.04-arm)	Inventory original drivers on this platform	2026-09-20T12:14:35.3522238Z ##[endgroup]
linux-portability (ubuntu-24.04-arm)	Inventory original drivers on this platform	2026-09-20T12:14:35.5634242Z T.-f-f pass 
linux-portability (ubuntu-24.04-arm)	Inventory original drivers on this platform	2026-09-20T12:14:35.7745794Z T.argv pass 
linux-portability (ubuntu-24.04-arm)	Inventory original drivers on this platform	2026-09-20T12:14:36.1263671Z T.arnold pass 
linux-portability (ubuntu-24.04-arm)	Inventory original drivers on this platform	2026-09-20T12:14:36.6262990Z T.beebe open 
linux-portability (ubuntu-24.04-arm)	Inventory original drivers on this platform	2026-09-20T12:14:36.7948166Z T.builtin open BAD: T.builtin (rand)
linux-portability (ubuntu-24.04-arm)	Inventory original drivers on this platform	2026-09-20T12:14:37.0159767Z T.chem pass 
linux-portability (ubuntu-24.04-arm)	Inventory original drivers on this platform	2026-09-20T12:14:37.3833733Z T.close pass 
linux-portability (ubuntu-24.04-arm)	Inventory original drivers on this platform	2026-09-20T12:14:37.6311326Z T.clv pass 
linux-portability (ubuntu-24.04-arm)	Inventory original drivers on this platform	2026-09-20T12:14:37.7666862Z T.csconcat pass 
linux-portability (ubuntu-24.04-arm)	Inventory original drivers on this platform	2026-09-20T12:14:38.0537261Z T.csv pass 
linux-portability (ubuntu-24.04-arm)	Inventory original drivers on this platform	2026-09-20T12:14:38.1882568Z T.delete pass 
linux-portability (ubuntu-24.04-arm)	Inventory original drivers on this platform	2026-09-20T12:14:38.5105849Z T.errmsg reference-failure BAD: illegal primary in regular expression failed BAD: illegal break, continue, next or nextfile from BEGIN failed BAD: illegal break, continue, next or nextfile from END failed BAD: nextfile is illegal inside a function failed BAD: nonterminated character class failed BAD: nonterminated character class failed BAD: nonterminated character cl
linux-portability (ubuntu-24.04-arm)	Inventory original drivers on this platform	2026-09-20T12:14:39.2598314Z T.expr pass 
linux-portability (ubuntu-24.04-arm)	Inventory original drivers on this platform	2026-09-20T12:14:39.3934649Z T.exprconv pass 
linux-portability (ubuntu-24.04-arm)	Inventory original drivers on this platform	2026-09-20T12:14:39.5421658Z T.flags open T.flags: bad no program T.flags: bad can.t open program T.flags: bad can.t open program 2 T.flags: bad missing field separator
linux-portability (ubuntu-24.04-arm)	Inventory original drivers on this platform	2026-09-20T12:14:39.8690669Z T.func pass 
linux-portability (ubuntu-24.04-arm)	Inventory original drivers on this platform	2026-09-20T12:14:40.8012238Z T.gawk pass 
linux-portability (ubuntu-24.04-arm)	Inventory original drivers on this platform	2026-09-20T12:14:40.9673190Z T.getline pass 
linux-portability (ubuntu-24.04-arm)	Inventory original drivers on this platform	2026-09-20T12:14:41.1058693Z T.int-expr pass 
linux-portability (ubuntu-24.04-arm)	Inventory original drivers on this platform	2026-09-20T12:14:41.2571705Z T.latin1 pass 
linux-portability (ubuntu-24.04-arm)	Inventory original drivers on this platform	2026-09-20T12:14:42.4576397Z T.lilly pass 
linux-portability (ubuntu-24.04-arm)	Inventory original drivers on this platform	2026-09-20T12:14:42.6062647Z T.main pass 
linux-portability (ubuntu-24.04-arm)	Inventory original drivers on this platform	2026-09-20T12:14:42.9785962Z T.misc open BAD: T.misc split error BAD: T.misc hello error BAD: T.misc pile error BAD: T.misc gsub banana error BAD: T.misc sub banana error BAD: T.misc lineno BAD: T.misc can't open BAD: T.misc continuation line number BAD: T.misc syntax error line number �BAD: T.misc escape sequences in strings mishandled BAD: T.misc fcn args BAD: T.misc undefine
linux-portability (ubuntu-24.04-arm)	Inventory original drivers on this platform	2026-09-20T12:14:43.2661639Z T.nextfile pass 
linux-portability (ubuntu-24.04-arm)	Inventory original drivers on this platform	2026-09-20T12:14:43.7189849Z T.overflow pass 
linux-portability (ubuntu-24.04-arm)	Inventory original drivers on this platform	2026-09-20T12:14:44.7538727Z T.re pass 
linux-portability (ubuntu-24.04-arm)	Inventory original drivers on this platform	2026-09-20T12:14:44.8902122Z T.recache pass 
linux-portability (ubuntu-24.04-arm)	Inventory original drivers on this platform	2026-09-20T12:14:45.0513664Z T.redir pass 
linux-portability (ubuntu-24.04-arm)	Inventory original drivers on this platform	2026-09-20T12:14:45.2400686Z T.split pass 
linux-portability (ubuntu-24.04-arm)	Inventory original drivers on this platform	2026-09-20T12:14:45.8255111Z T.sub pass 
linux-portability (ubuntu-24.04-arm)	Inventory original drivers on this platform	2026-09-20T12:14:45.9609870Z T.system pass 
linux-portability (ubuntu-24.04-arm)	Inventory original drivers on this platform	2026-09-20T12:14:46.6812458Z T.utf reference-failure test 1.3 failed test 1.4 failed test 1.5 failed test 1.6 failed test 1.7 failed test 1.8 failed test 1.9 failed test 1.10 failed test 1.11 failed test 1.12 failed test 1.13 failed test 1.14 failed test 1.15 failed test 1.16 failed test 1.17 failed test 1.18 failed test 1.19 failed test 1.20 failed test 1.21 fail
linux-portability (ubuntu-24.04-arm)	Inventory original drivers on this platform	2026-09-20T12:14:47.4002937Z T.utfre reference-failure 43 fails ^λ.$ ~ λλ 51 fails ^.해 ~ め해 52 fails ^.해 ~ め해해 64 fails 해* ~  68 fails 해* ~ めめめめ 69 fails 해해* ~ 해 71 fails 해해* ~ め해 84 fails xθ+y ~ xθθy 85 fails xθ+y ~ xθθθθθθy 89 fails xθ?y ~ xy 92 fails θ?b?の? ~  93 fails θ?b?の? ~ x 106 fails [Α-Ω] !~ β 108 fails [^Α-Ω] ~ δ 119 fails [Α-ΔΦ-Ω] !~ Π 120 fails [Α-ΔΦ-Ω] !~ Σ
linux-portability (ubuntu-24.04-arm)	Diagnose original driver subcases and standard streams	﻿2026-09-20T12:14:47.4119727Z ##[group]Run python3 scripts/linux_driver_probe.py --output diary/linux-driver-probe-ci.json
linux-portability (ubuntu-24.04-arm)	Diagnose original driver subcases and standard streams	2026-09-20T12:14:47.4120812Z [36;1mpython3 scripts/linux_driver_probe.py --output diary/linux-driver-probe-ci.json[0m
linux-portability (ubuntu-24.04-arm)	Diagnose original driver subcases and standard streams	2026-09-20T12:14:47.4153768Z shell: /usr/bin/bash -e {0}
linux-portability (ubuntu-24.04-arm)	Diagnose original driver subcases and standard streams	2026-09-20T12:14:47.4153998Z env:
linux-portability (ubuntu-24.04-arm)	Diagnose original driver subcases and standard streams	2026-09-20T12:14:47.4154156Z   LC_ALL: C
linux-portability (ubuntu-24.04-arm)	Diagnose original driver subcases and standard streams	2026-09-20T12:14:47.4154321Z   CARGO_INCREMENTAL: 0
linux-portability (ubuntu-24.04-arm)	Diagnose original driver subcases and standard streams	2026-09-20T12:14:47.4154515Z   RUSTUP_TOOLCHAIN: 1.96.0
linux-portability (ubuntu-24.04-arm)	Diagnose original driver subcases and standard streams	2026-09-20T12:14:47.4154995Z ##[endgroup]
linux-portability (ubuntu-24.04-arm)	Diagnose original driver subcases and standard streams	2026-09-20T12:14:48.2744983Z Darwin contract mismatches: ['T.errmsg/49', 'T.errmsg/50']
linux-portability (ubuntu-24.04-arm)	Diagnose original driver subcases and standard streams	2026-09-20T12:14:48.2745395Z stream difference: stdout-mixed file
linux-portability (ubuntu-24.04-arm)	Diagnose original driver subcases and standard streams	2026-09-20T12:14:48.2745654Z stream difference: stdout-printf file
linux-portability (ubuntu-24.04-arm)	Diagnose original driver subcases and standard streams	2026-09-20T12:14:48.2745913Z stream difference: stdout-printf pipe
linux-portability (ubuntu-24.04-arm)	Diagnose original driver subcases and standard streams	2026-09-20T12:14:48.2746166Z stream difference: stdout-append file
linux-portability (ubuntu-24.04-arm)	Diagnose original driver subcases and standard streams	2026-09-20T12:14:48.2746413Z stream difference: stdout-close file
linux-portability (ubuntu-24.04-arm)	Diagnose original driver subcases and standard streams	2026-09-20T12:14:48.2746667Z stream difference: stdout-close pipe
linux-portability (ubuntu-24.04-arm)	Diagnose original driver subcases and standard streams	2026-09-20T12:14:48.2746911Z stream difference: stderr-close file
linux-portability (ubuntu-24.04-arm)	Diagnose original driver subcases and standard streams	2026-09-20T12:14:48.2747226Z stream difference: stderr-close pipe
linux-portability (ubuntu-24.04-arm)	Diagnose original driver subcases and standard streams	2026-09-20T12:14:48.2747469Z stream difference: stdout-flush file
linux-portability (ubuntu-24.04-arm)	Diagnose original driver subcases and standard streams	2026-09-20T12:14:48.2747711Z stream difference: stderr-flush file
linux-portability (ubuntu-24.04-arm)	Diagnose original driver subcases and standard streams	2026-09-20T12:14:48.2747954Z stream difference: stderr-flush pipe
linux-portability (ubuntu-24.04-arm)	Retain platform evidence	﻿2026-09-20T12:14:48.2912259Z Node 20 is being deprecated. This workflow is running with Node 24 by default. If you need to temporarily use Node 20, you can set the ACTIONS_ALLOW_USE_UNSECURE_NODE_VERSION=true environment variable. For more information see: https://github.blog/changelog/2025-09-19-deprecation-of-node-20-on-github-actions-runners/
linux-portability (ubuntu-24.04-arm)	Retain platform evidence	2026-09-20T12:14:48.2914312Z ##[group]Run actions/upload-artifact@ea165f8d65b6e75b540449e92b4886f43607fa02
linux-portability (ubuntu-24.04-arm)	Retain platform evidence	2026-09-20T12:14:48.2914678Z with:
linux-portability (ubuntu-24.04-arm)	Retain platform evidence	2026-09-20T12:14:48.2914864Z   name: portability-ubuntu-24.04-arm
linux-portability (ubuntu-24.04-arm)	Retain platform evidence	2026-09-20T12:14:48.2915743Z   path: rawk/diary/shift-jis-platform-ci.json
linux-portability (ubuntu-24.04-arm)	Retain platform evidence	rawk/diary/shift-jis-locale-ci.log
linux-portability (ubuntu-24.04-arm)	Retain platform evidence	rawk/diary/format-platform-ci.json
linux-portability (ubuntu-24.04-arm)	Retain platform evidence	rawk/diary/portability-ci.log
linux-portability (ubuntu-24.04-arm)	Retain platform evidence	rawk/diary/linux-driver-results-ci.json
linux-portability (ubuntu-24.04-arm)	Retain platform evidence	rawk/diary/linux-driver-probe-ci.json
linux-portability (ubuntu-24.04-arm)	Retain platform evidence	
linux-portability (ubuntu-24.04-arm)	Retain platform evidence	2026-09-20T12:14:48.2916646Z   if-no-files-found: error
linux-portability (ubuntu-24.04-arm)	Retain platform evidence	2026-09-20T12:14:48.2916856Z   compression-level: 6
linux-portability (ubuntu-24.04-arm)	Retain platform evidence	2026-09-20T12:14:48.2917048Z   overwrite: false
linux-portability (ubuntu-24.04-arm)	Retain platform evidence	2026-09-20T12:14:48.2917237Z   include-hidden-files: false
linux-portability (ubuntu-24.04-arm)	Retain platform evidence	2026-09-20T12:14:48.2917476Z env:
linux-portability (ubuntu-24.04-arm)	Retain platform evidence	2026-09-20T12:14:48.2917623Z   LC_ALL: C
linux-portability (ubuntu-24.04-arm)	Retain platform evidence	2026-09-20T12:14:48.2917787Z   CARGO_INCREMENTAL: 0
linux-portability (ubuntu-24.04-arm)	Retain platform evidence	2026-09-20T12:14:48.2917991Z   RUSTUP_TOOLCHAIN: 1.96.0
linux-portability (ubuntu-24.04-arm)	Retain platform evidence	2026-09-20T12:14:48.2918190Z ##[endgroup]
linux-portability (ubuntu-24.04-arm)	Retain platform evidence	2026-09-20T12:14:48.4375863Z (node:35426) [DEP0040] DeprecationWarning: The `punycode` module is deprecated. Please use a userland alternative instead.
linux-portability (ubuntu-24.04-arm)	Retain platform evidence	2026-09-20T12:14:48.4376575Z (Use `node --trace-deprecation ...` to show where the warning was created)
linux-portability (ubuntu-24.04-arm)	Retain platform evidence	2026-09-20T12:14:48.4482261Z Multiple search paths detected. Calculating the least common ancestor of all paths
linux-portability (ubuntu-24.04-arm)	Retain platform evidence	2026-09-20T12:14:48.4483735Z The least common ancestor is /home/runner/work/rawk/rawk/rawk/diary. This will be the root directory of the artifact
linux-portability (ubuntu-24.04-arm)	Retain platform evidence	2026-09-20T12:14:48.4484282Z With the provided path, there will be 6 files uploaded
linux-portability (ubuntu-24.04-arm)	Retain platform evidence	2026-09-20T12:14:48.4484727Z Artifact name is valid!
linux-portability (ubuntu-24.04-arm)	Retain platform evidence	2026-09-20T12:14:48.4510634Z Root directory input is valid!
linux-portability (ubuntu-24.04-arm)	Retain platform evidence	2026-09-20T12:14:48.6726066Z Beginning upload of artifact content to blob storage
linux-portability (ubuntu-24.04-arm)	Retain platform evidence	2026-09-20T12:14:48.7029996Z (node:35426) [DEP0169] DeprecationWarning: `url.parse()` behavior is not standardized and prone to errors that have security implications. Use the WHATWG URL API instead. CVEs are not issued for `url.parse()` vulnerabilities.
linux-portability (ubuntu-24.04-arm)	Retain platform evidence	2026-09-20T12:14:48.7404321Z Uploaded bytes 54508
linux-portability (ubuntu-24.04-arm)	Retain platform evidence	2026-09-20T12:14:48.7526972Z Finished uploading artifact content to blob storage!
linux-portability (ubuntu-24.04-arm)	Retain platform evidence	2026-09-20T12:14:48.7527602Z SHA256 digest of uploaded artifact zip is 517dea5a652e5665b456b699884bddb860a9e39ef90f5ba9a4a838450e30e9ab
linux-portability (ubuntu-24.04-arm)	Retain platform evidence	2026-09-20T12:14:48.7529498Z Finalizing artifact upload
linux-portability (ubuntu-24.04-arm)	Retain platform evidence	2026-09-20T12:14:48.9332677Z Artifact portability-ubuntu-24.04-arm.zip successfully finalized. Artifact ID 10605160579
linux-portability (ubuntu-24.04-arm)	Retain platform evidence	2026-09-20T12:14:48.9333453Z Artifact portability-ubuntu-24.04-arm has been successfully uploaded! Final size is 54508 bytes. Artifact ID is 10605160579
linux-portability (ubuntu-24.04-arm)	Retain platform evidence	2026-09-20T12:14:48.9341111Z Artifact download URL: https://github.com/francescotinti/rawk/actions/runs/35509952804/artifacts/10605160579
linux-portability (ubuntu-24.04-arm)	Post Run actions/checkout@11bd71901bbe5b1630ceea73d27597364c9af683	﻿2026-09-20T12:14:48.9523891Z Node 20 is being deprecated. This workflow is running with Node 24 by default. If you need to temporarily use Node 20, you can set the ACTIONS_ALLOW_USE_UNSECURE_NODE_VERSION=true environment variable. For more information see: https://github.blog/changelog/2025-09-19-deprecation-of-node-20-on-github-actions-runners/
linux-portability (ubuntu-24.04-arm)	Post Run actions/checkout@11bd71901bbe5b1630ceea73d27597364c9af683	2026-09-20T12:14:48.9525409Z Post job cleanup.
linux-portability (ubuntu-24.04-arm)	Post Run actions/checkout@11bd71901bbe5b1630ceea73d27597364c9af683	2026-09-20T12:14:49.0231798Z [command]/usr/bin/git version
linux-portability (ubuntu-24.04-arm)	Post Run actions/checkout@11bd71901bbe5b1630ceea73d27597364c9af683	2026-09-20T12:14:49.0268139Z git version 2.55.0
linux-portability (ubuntu-24.04-arm)	Post Run actions/checkout@11bd71901bbe5b1630ceea73d27597364c9af683	2026-09-20T12:14:49.0303343Z Temporarily overriding HOME='/home/runner/work/_temp/b70704e7-f410-4c87-96fb-5d30f9a90ac8' before making global git config changes
linux-portability (ubuntu-24.04-arm)	Post Run actions/checkout@11bd71901bbe5b1630ceea73d27597364c9af683	2026-09-20T12:14:49.0304089Z Adding repository directory to the temporary git global config as a safe directory
linux-portability (ubuntu-24.04-arm)	Post Run actions/checkout@11bd71901bbe5b1630ceea73d27597364c9af683	2026-09-20T12:14:49.0308194Z [command]/usr/bin/git config --global --add safe.directory /home/runner/work/rawk/rawk/rawk
linux-portability (ubuntu-24.04-arm)	Post Run actions/checkout@11bd71901bbe5b1630ceea73d27597364c9af683	2026-09-20T12:14:49.0344322Z [command]/usr/bin/git config --local --name-only --get-regexp core\.sshCommand
linux-portability (ubuntu-24.04-arm)	Post Run actions/checkout@11bd71901bbe5b1630ceea73d27597364c9af683	2026-09-20T12:14:49.0374085Z [command]/usr/bin/git submodule foreach --recursive sh -c "git config --local --name-only --get-regexp 'core\.sshCommand' && git config --local --unset-all 'core.sshCommand' || :"
linux-portability (ubuntu-24.04-arm)	Post Run actions/checkout@11bd71901bbe5b1630ceea73d27597364c9af683	2026-09-20T12:14:49.0547034Z [command]/usr/bin/git config --local --name-only --get-regexp http\.https\:\/\/github\.com\/\.extraheader
linux-portability (ubuntu-24.04-arm)	Post Run actions/checkout@11bd71901bbe5b1630ceea73d27597364c9af683	2026-09-20T12:14:49.0584820Z http.https://github.com/.extraheader
linux-portability (ubuntu-24.04-arm)	Post Run actions/checkout@11bd71901bbe5b1630ceea73d27597364c9af683	2026-09-20T12:14:49.0586487Z [command]/usr/bin/git config --local --unset-all http.https://github.com/.extraheader
linux-portability (ubuntu-24.04-arm)	Post Run actions/checkout@11bd71901bbe5b1630ceea73d27597364c9af683	2026-09-20T12:14:49.0615150Z [command]/usr/bin/git submodule foreach --recursive sh -c "git config --local --name-only --get-regexp 'http\.https\:\/\/github\.com\/\.extraheader' && git config --local --unset-all 'http.https://github.com/.extraheader' || :"
linux-portability (ubuntu-24.04-arm)	Complete job	﻿2026-09-20T12:14:49.0913623Z Cleaning up orphan processes
linux-portability (ubuntu-24.04-arm)	Complete job	2026-09-20T12:14:49.1392440Z ##[warning]Node.js 20 is deprecated. The following actions target Node.js 20 but are being forced to run on Node.js 24: actions/checkout@11bd71901bbe5b1630ceea73d27597364c9af683, actions/upload-artifact@ea165f8d65b6e75b540449e92b4886f43607fa02. For more information see: https://github.blog/changelog/2025-09-19-deprecation-of-node-20-on-github-actions-runners/
