compatibility	Set up job	﻿2026-09-20T11:48:31.3665900Z Current runner version: '2.337.0'
compatibility	Set up job	2026-09-20T11:48:31.3685810Z ##[group]Runner Image Provisioner
compatibility	Set up job	2026-09-20T11:48:31.3686390Z Hosted Compute Agent
compatibility	Set up job	2026-09-20T11:48:31.3686850Z Version: 20260828.587
compatibility	Set up job	2026-09-20T11:48:31.3687250Z Commit: abac92662cab4cc7352de4f9f9d2e2419aad9c29
compatibility	Set up job	2026-09-20T11:48:31.3687710Z Build Date: 2026-08-28T16:44:25Z
compatibility	Set up job	2026-09-20T11:48:31.3688130Z Worker ID: {d6e95495-6b24-432b-9eba-8f0412abfe31}
compatibility	Set up job	2026-09-20T11:48:31.3688570Z Azure Region: westus
compatibility	Set up job	2026-09-20T11:48:31.3688930Z ##[endgroup]
compatibility	Set up job	2026-09-20T11:48:31.3689830Z ##[group]Operating System
compatibility	Set up job	2026-09-20T11:48:31.3690220Z macOS
compatibility	Set up job	2026-09-20T11:48:31.3691710Z 15.7.9
compatibility	Set up job	2026-09-20T11:48:31.3692180Z 24G830
compatibility	Set up job	2026-09-20T11:48:31.3692500Z ##[endgroup]
compatibility	Set up job	2026-09-20T11:48:31.3692840Z ##[group]Runner Image
compatibility	Set up job	2026-09-20T11:48:31.3693210Z Image: macos-15-arm64
compatibility	Set up job	2026-09-20T11:48:31.3693570Z Version: 20260907.0337.1
compatibility	Set up job	2026-09-20T11:48:31.3694310Z Included Software: https://github.com/actions/runner-images/blob/macos-15-arm64/20260907.0337/images/macos/macos-15-arm64-Readme.md
compatibility	Set up job	2026-09-20T11:48:31.3695470Z Image Release: https://github.com/actions/runner-images/releases/tag/macos-15-arm64%2F20260907.0337
compatibility	Set up job	2026-09-20T11:48:31.3696160Z ##[endgroup]
compatibility	Set up job	2026-09-20T11:48:31.3696900Z ##[group]GITHUB_TOKEN Permissions
compatibility	Set up job	2026-09-20T11:48:31.3698340Z Contents: read
compatibility	Set up job	2026-09-20T11:48:31.3698710Z Metadata: read
compatibility	Set up job	2026-09-20T11:48:31.3699070Z ##[endgroup]
compatibility	Set up job	2026-09-20T11:48:31.3701580Z Secret source: Actions
compatibility	Set up job	2026-09-20T11:48:31.3702260Z Cache mode: write
compatibility	Set up job	2026-09-20T11:48:31.3702700Z Prepare workflow directory
compatibility	Set up job	2026-09-20T11:48:31.4104090Z Prepare all required actions
compatibility	Set up job	2026-09-20T11:48:31.4160940Z Getting action download info
compatibility	Set up job	2026-09-20T11:48:31.8652510Z Download action repository 'actions/checkout@11bd71901bbe5b1630ceea73d27597364c9af683' (SHA:11bd71901bbe5b1630ceea73d27597364c9af683)
compatibility	Set up job	2026-09-20T11:48:32.6686590Z Download action repository 'actions/upload-artifact@ea165f8d65b6e75b540449e92b4886f43607fa02' (SHA:ea165f8d65b6e75b540449e92b4886f43607fa02)
compatibility	Set up job	2026-09-20T11:48:32.9321740Z Complete job name: compatibility
compatibility	Run actions/checkout@11bd71901bbe5b1630ceea73d27597364c9af683	﻿2026-09-20T11:48:33.0149850Z Node 20 is being deprecated. This workflow is running with Node 24 by default. If you need to temporarily use Node 20, you can set the ACTIONS_ALLOW_USE_UNSECURE_NODE_VERSION=true environment variable. For more information see: https://github.blog/changelog/2025-09-19-deprecation-of-node-20-on-github-actions-runners/
compatibility	Run actions/checkout@11bd71901bbe5b1630ceea73d27597364c9af683	2026-09-20T11:48:33.0158000Z ##[group]Run actions/checkout@11bd71901bbe5b1630ceea73d27597364c9af683
compatibility	Run actions/checkout@11bd71901bbe5b1630ceea73d27597364c9af683	2026-09-20T11:48:33.0158740Z with:
compatibility	Run actions/checkout@11bd71901bbe5b1630ceea73d27597364c9af683	2026-09-20T11:48:33.0159220Z   path: rawk
compatibility	Run actions/checkout@11bd71901bbe5b1630ceea73d27597364c9af683	2026-09-20T11:48:33.0159620Z   repository: francescotinti/rawk
compatibility	Run actions/checkout@11bd71901bbe5b1630ceea73d27597364c9af683	2026-09-20T11:48:33.0163200Z   token: ***
compatibility	Run actions/checkout@11bd71901bbe5b1630ceea73d27597364c9af683	2026-09-20T11:48:33.0163590Z   ssh-strict: true
compatibility	Run actions/checkout@11bd71901bbe5b1630ceea73d27597364c9af683	2026-09-20T11:48:33.0163970Z   ssh-user: git
compatibility	Run actions/checkout@11bd71901bbe5b1630ceea73d27597364c9af683	2026-09-20T11:48:33.0164370Z   persist-credentials: true
compatibility	Run actions/checkout@11bd71901bbe5b1630ceea73d27597364c9af683	2026-09-20T11:48:33.0164880Z   clean: true
compatibility	Run actions/checkout@11bd71901bbe5b1630ceea73d27597364c9af683	2026-09-20T11:48:33.0165310Z   sparse-checkout-cone-mode: true
compatibility	Run actions/checkout@11bd71901bbe5b1630ceea73d27597364c9af683	2026-09-20T11:48:33.0165770Z   fetch-depth: 1
compatibility	Run actions/checkout@11bd71901bbe5b1630ceea73d27597364c9af683	2026-09-20T11:48:33.0166160Z   fetch-tags: false
compatibility	Run actions/checkout@11bd71901bbe5b1630ceea73d27597364c9af683	2026-09-20T11:48:33.0166870Z   show-progress: true
compatibility	Run actions/checkout@11bd71901bbe5b1630ceea73d27597364c9af683	2026-09-20T11:48:33.0167390Z   lfs: false
compatibility	Run actions/checkout@11bd71901bbe5b1630ceea73d27597364c9af683	2026-09-20T11:48:33.0167770Z   submodules: false
compatibility	Run actions/checkout@11bd71901bbe5b1630ceea73d27597364c9af683	2026-09-20T11:48:33.0168170Z   set-safe-directory: true
compatibility	Run actions/checkout@11bd71901bbe5b1630ceea73d27597364c9af683	2026-09-20T11:48:33.0168740Z env:
compatibility	Run actions/checkout@11bd71901bbe5b1630ceea73d27597364c9af683	2026-09-20T11:48:33.0169300Z   LC_ALL: C
compatibility	Run actions/checkout@11bd71901bbe5b1630ceea73d27597364c9af683	2026-09-20T11:48:33.0169670Z   CARGO_INCREMENTAL: 0
compatibility	Run actions/checkout@11bd71901bbe5b1630ceea73d27597364c9af683	2026-09-20T11:48:33.0170090Z   RUSTUP_TOOLCHAIN: 1.96.0
compatibility	Run actions/checkout@11bd71901bbe5b1630ceea73d27597364c9af683	2026-09-20T11:48:33.0170560Z ##[endgroup]
compatibility	Run actions/checkout@11bd71901bbe5b1630ceea73d27597364c9af683	2026-09-20T11:48:33.4512240Z Syncing repository: francescotinti/rawk
compatibility	Run actions/checkout@11bd71901bbe5b1630ceea73d27597364c9af683	2026-09-20T11:48:33.4514730Z ##[group]Getting Git version info
compatibility	Run actions/checkout@11bd71901bbe5b1630ceea73d27597364c9af683	2026-09-20T11:48:33.4515340Z Working directory is '/Users/runner/work/rawk/rawk/rawk'
compatibility	Run actions/checkout@11bd71901bbe5b1630ceea73d27597364c9af683	2026-09-20T11:48:33.4516240Z [command]/opt/homebrew/bin/git version
compatibility	Run actions/checkout@11bd71901bbe5b1630ceea73d27597364c9af683	2026-09-20T11:48:33.5115760Z git version 2.55.0
compatibility	Run actions/checkout@11bd71901bbe5b1630ceea73d27597364c9af683	2026-09-20T11:48:33.5151360Z ##[endgroup]
compatibility	Run actions/checkout@11bd71901bbe5b1630ceea73d27597364c9af683	2026-09-20T11:48:33.5161680Z Copying '/Users/runner/.gitconfig' to '/Users/runner/work/_temp/19bf82ec-f860-45bd-b383-639ec044e172/.gitconfig'
compatibility	Run actions/checkout@11bd71901bbe5b1630ceea73d27597364c9af683	2026-09-20T11:48:33.5164120Z Temporarily overriding HOME='/Users/runner/work/_temp/19bf82ec-f860-45bd-b383-639ec044e172' before making global git config changes
compatibility	Run actions/checkout@11bd71901bbe5b1630ceea73d27597364c9af683	2026-09-20T11:48:33.5180340Z Adding repository directory to the temporary git global config as a safe directory
compatibility	Run actions/checkout@11bd71901bbe5b1630ceea73d27597364c9af683	2026-09-20T11:48:33.5181950Z [command]/opt/homebrew/bin/git config --global --add safe.directory /Users/runner/work/rawk/rawk/rawk
compatibility	Run actions/checkout@11bd71901bbe5b1630ceea73d27597364c9af683	2026-09-20T11:48:33.5320020Z ##[group]Initializing the repository
compatibility	Run actions/checkout@11bd71901bbe5b1630ceea73d27597364c9af683	2026-09-20T11:48:33.5327040Z [command]/opt/homebrew/bin/git init /Users/runner/work/rawk/rawk/rawk
compatibility	Run actions/checkout@11bd71901bbe5b1630ceea73d27597364c9af683	2026-09-20T11:48:33.5666560Z hint: Using 'master' as the name for the initial branch. This default branch name
compatibility	Run actions/checkout@11bd71901bbe5b1630ceea73d27597364c9af683	2026-09-20T11:48:33.5669840Z hint: will change to "main" in Git 3.0. To configure the initial branch name
compatibility	Run actions/checkout@11bd71901bbe5b1630ceea73d27597364c9af683	2026-09-20T11:48:33.5675800Z hint: to use in all of your new repositories, which will suppress this warning,
compatibility	Run actions/checkout@11bd71901bbe5b1630ceea73d27597364c9af683	2026-09-20T11:48:33.5682570Z hint: call:
compatibility	Run actions/checkout@11bd71901bbe5b1630ceea73d27597364c9af683	2026-09-20T11:48:33.5684050Z hint:
compatibility	Run actions/checkout@11bd71901bbe5b1630ceea73d27597364c9af683	2026-09-20T11:48:33.5686630Z hint: 	git config --global init.defaultBranch <name>
compatibility	Run actions/checkout@11bd71901bbe5b1630ceea73d27597364c9af683	2026-09-20T11:48:33.5688190Z hint:
compatibility	Run actions/checkout@11bd71901bbe5b1630ceea73d27597364c9af683	2026-09-20T11:48:33.5689940Z hint: Names commonly chosen instead of 'master' are 'main', 'trunk' and
compatibility	Run actions/checkout@11bd71901bbe5b1630ceea73d27597364c9af683	2026-09-20T11:48:33.5693210Z hint: 'development'. The just-created branch can be renamed via this command:
compatibility	Run actions/checkout@11bd71901bbe5b1630ceea73d27597364c9af683	2026-09-20T11:48:33.5695610Z hint:
compatibility	Run actions/checkout@11bd71901bbe5b1630ceea73d27597364c9af683	2026-09-20T11:48:33.5700240Z hint: 	git branch -m <name>
compatibility	Run actions/checkout@11bd71901bbe5b1630ceea73d27597364c9af683	2026-09-20T11:48:33.5702020Z hint:
compatibility	Run actions/checkout@11bd71901bbe5b1630ceea73d27597364c9af683	2026-09-20T11:48:33.5703970Z hint: Disable this message with "git config set advice.defaultBranchName false"
compatibility	Run actions/checkout@11bd71901bbe5b1630ceea73d27597364c9af683	2026-09-20T11:48:33.5707830Z Initialized empty Git repository in /Users/runner/work/rawk/rawk/rawk/.git/
compatibility	Run actions/checkout@11bd71901bbe5b1630ceea73d27597364c9af683	2026-09-20T11:48:33.5716520Z [command]/opt/homebrew/bin/git remote add origin https://github.com/francescotinti/rawk
compatibility	Run actions/checkout@11bd71901bbe5b1630ceea73d27597364c9af683	2026-09-20T11:48:33.5791430Z ##[endgroup]
compatibility	Run actions/checkout@11bd71901bbe5b1630ceea73d27597364c9af683	2026-09-20T11:48:33.5792770Z ##[group]Disabling automatic garbage collection
compatibility	Run actions/checkout@11bd71901bbe5b1630ceea73d27597364c9af683	2026-09-20T11:48:33.5801790Z [command]/opt/homebrew/bin/git config --local gc.auto 0
compatibility	Run actions/checkout@11bd71901bbe5b1630ceea73d27597364c9af683	2026-09-20T11:48:33.5884850Z ##[endgroup]
compatibility	Run actions/checkout@11bd71901bbe5b1630ceea73d27597364c9af683	2026-09-20T11:48:33.5885680Z ##[group]Setting up auth
compatibility	Run actions/checkout@11bd71901bbe5b1630ceea73d27597364c9af683	2026-09-20T11:48:33.5889820Z [command]/opt/homebrew/bin/git config --local --name-only --get-regexp core\.sshCommand
compatibility	Run actions/checkout@11bd71901bbe5b1630ceea73d27597364c9af683	2026-09-20T11:48:33.5963490Z [command]/opt/homebrew/bin/git submodule foreach --recursive sh -c "git config --local --name-only --get-regexp 'core\.sshCommand' && git config --local --unset-all 'core.sshCommand' || :"
compatibility	Run actions/checkout@11bd71901bbe5b1630ceea73d27597364c9af683	2026-09-20T11:48:33.7311930Z [command]/opt/homebrew/bin/git config --local --name-only --get-regexp http\.https\:\/\/github\.com\/\.extraheader
compatibility	Run actions/checkout@11bd71901bbe5b1630ceea73d27597364c9af683	2026-09-20T11:48:33.7405030Z [command]/opt/homebrew/bin/git submodule foreach --recursive sh -c "git config --local --name-only --get-regexp 'http\.https\:\/\/github\.com\/\.extraheader' && git config --local --unset-all 'http.https://github.com/.extraheader' || :"
compatibility	Run actions/checkout@11bd71901bbe5b1630ceea73d27597364c9af683	2026-09-20T11:48:33.8549910Z [command]/opt/homebrew/bin/git config --local http.https://github.com/.extraheader AUTHORIZATION: basic ***
compatibility	Run actions/checkout@11bd71901bbe5b1630ceea73d27597364c9af683	2026-09-20T11:48:33.8633350Z ##[endgroup]
compatibility	Run actions/checkout@11bd71901bbe5b1630ceea73d27597364c9af683	2026-09-20T11:48:33.8635430Z ##[group]Fetching the repository
compatibility	Run actions/checkout@11bd71901bbe5b1630ceea73d27597364c9af683	2026-09-20T11:48:33.8639060Z [command]/opt/homebrew/bin/git -c protocol.version=2 fetch --no-tags --prune --no-recurse-submodules --depth=1 origin +3b9facfebb6e29f4399f330be3ca7fbbfe591663:refs/remotes/origin/master
compatibility	Run actions/checkout@11bd71901bbe5b1630ceea73d27597364c9af683	2026-09-20T11:48:34.5745960Z From https://github.com/francescotinti/rawk
compatibility	Run actions/checkout@11bd71901bbe5b1630ceea73d27597364c9af683	2026-09-20T11:48:34.5747060Z  * [new ref]         3b9facfebb6e29f4399f330be3ca7fbbfe591663 -> origin/master
compatibility	Run actions/checkout@11bd71901bbe5b1630ceea73d27597364c9af683	2026-09-20T11:48:34.5748990Z ##[endgroup]
compatibility	Run actions/checkout@11bd71901bbe5b1630ceea73d27597364c9af683	2026-09-20T11:48:34.5749770Z ##[group]Determining the checkout info
compatibility	Run actions/checkout@11bd71901bbe5b1630ceea73d27597364c9af683	2026-09-20T11:48:34.5754640Z ##[endgroup]
compatibility	Run actions/checkout@11bd71901bbe5b1630ceea73d27597364c9af683	2026-09-20T11:48:34.5759910Z [command]/opt/homebrew/bin/git sparse-checkout disable
compatibility	Run actions/checkout@11bd71901bbe5b1630ceea73d27597364c9af683	2026-09-20T11:48:34.5904270Z [command]/opt/homebrew/bin/git config --local --unset-all extensions.worktreeConfig
compatibility	Run actions/checkout@11bd71901bbe5b1630ceea73d27597364c9af683	2026-09-20T11:48:34.6019050Z ##[group]Checking out the ref
compatibility	Run actions/checkout@11bd71901bbe5b1630ceea73d27597364c9af683	2026-09-20T11:48:34.6021650Z [command]/opt/homebrew/bin/git checkout --progress --force -B master refs/remotes/origin/master
compatibility	Run actions/checkout@11bd71901bbe5b1630ceea73d27597364c9af683	2026-09-20T11:48:34.7095670Z Reset branch 'master'
compatibility	Run actions/checkout@11bd71901bbe5b1630ceea73d27597364c9af683	2026-09-20T11:48:34.7107580Z branch 'master' set up to track 'origin/master'.
compatibility	Run actions/checkout@11bd71901bbe5b1630ceea73d27597364c9af683	2026-09-20T11:48:34.7114170Z ##[endgroup]
compatibility	Run actions/checkout@11bd71901bbe5b1630ceea73d27597364c9af683	2026-09-20T11:48:34.7312980Z [command]/opt/homebrew/bin/git log -1 --format=%H
compatibility	Run actions/checkout@11bd71901bbe5b1630ceea73d27597364c9af683	2026-09-20T11:48:34.7447980Z 3b9facfebb6e29f4399f330be3ca7fbbfe591663
compatibility	Install pinned Rust toolchain	﻿2026-09-20T11:48:34.7871530Z ##[group]Run rustup toolchain install 1.96.0 --profile minimal --component rustfmt --component clippy
compatibility	Install pinned Rust toolchain	2026-09-20T11:48:34.7873600Z [36;1mrustup toolchain install 1.96.0 --profile minimal --component rustfmt --component clippy[0m
compatibility	Install pinned Rust toolchain	2026-09-20T11:48:34.7927770Z shell: /bin/bash -e {0}
compatibility	Install pinned Rust toolchain	2026-09-20T11:48:34.7928330Z env:
compatibility	Install pinned Rust toolchain	2026-09-20T11:48:34.7928710Z   LC_ALL: C
compatibility	Install pinned Rust toolchain	2026-09-20T11:48:34.7929170Z   CARGO_INCREMENTAL: 0
compatibility	Install pinned Rust toolchain	2026-09-20T11:48:34.7929710Z   RUSTUP_TOOLCHAIN: 1.96.0
compatibility	Install pinned Rust toolchain	2026-09-20T11:48:34.7930730Z ##[endgroup]
compatibility	Install pinned Rust toolchain	2026-09-20T11:48:34.8968320Z info: syncing channel updates for 1.96.0-aarch64-apple-darwin
compatibility	Install pinned Rust toolchain	2026-09-20T11:48:35.0595040Z info: latest update on 2026-05-28 for version 1.96.0 (ac68faa20 2026-05-25)
compatibility	Install pinned Rust toolchain	2026-09-20T11:48:35.0602370Z info: downloading 5 components
compatibility	Install pinned Rust toolchain	2026-09-20T11:48:43.3300850Z 
compatibility	Install pinned Rust toolchain	2026-09-20T11:48:43.5143710Z info: self-update is disabled for this build of rustup
compatibility	Install pinned Rust toolchain	2026-09-20T11:48:43.5145350Z info: any updates to rustup will need to be fetched with your system package manager
compatibility	Install pinned Rust toolchain	2026-09-20T11:48:43.5153490Z   1.96.0-aarch64-apple-darwin installed - rustc 1.96.0 (ac68faa20 2026-05-25)
compatibility	Install pinned Rust toolchain	2026-09-20T11:48:43.5155820Z 
compatibility	Build pinned original C oracle	﻿2026-09-20T11:48:43.5394780Z ##[group]Run git init ../c_awk
compatibility	Build pinned original C oracle	2026-09-20T11:48:43.5395840Z [36;1mgit init ../c_awk[0m
compatibility	Build pinned original C oracle	2026-09-20T11:48:43.5396740Z [36;1mgit -C ../c_awk remote add origin https://github.com/onetrueawk/awk.git[0m
compatibility	Build pinned original C oracle	2026-09-20T11:48:43.5397300Z [36;1mgit -C ../c_awk fetch --depth 1 origin 5739fd79bcfc75ba7526773d0cf634521f8aca3c[0m
compatibility	Build pinned original C oracle	2026-09-20T11:48:43.5397930Z [36;1mgit -C ../c_awk checkout --detach FETCH_HEAD[0m
compatibility	Build pinned original C oracle	2026-09-20T11:48:43.5398390Z [36;1mmake -C ../c_awk[0m
compatibility	Build pinned original C oracle	2026-09-20T11:48:43.5398660Z [36;1m../c_awk/a.out --version[0m
compatibility	Build pinned original C oracle	2026-09-20T11:48:43.5455280Z shell: /bin/bash -e {0}
compatibility	Build pinned original C oracle	2026-09-20T11:48:43.5455630Z env:
compatibility	Build pinned original C oracle	2026-09-20T11:48:43.5455980Z   LC_ALL: C
compatibility	Build pinned original C oracle	2026-09-20T11:48:43.5456330Z   CARGO_INCREMENTAL: 0
compatibility	Build pinned original C oracle	2026-09-20T11:48:43.5456700Z   RUSTUP_TOOLCHAIN: 1.96.0
compatibility	Build pinned original C oracle	2026-09-20T11:48:43.5457050Z ##[endgroup]
compatibility	Build pinned original C oracle	2026-09-20T11:48:43.6153720Z hint: Using 'master' as the name for the initial branch. This default branch name
compatibility	Build pinned original C oracle	2026-09-20T11:48:43.6156210Z hint: will change to "main" in Git 3.0. To configure the initial branch name
compatibility	Build pinned original C oracle	2026-09-20T11:48:43.6157780Z hint: to use in all of your new repositories, which will suppress this warning,
compatibility	Build pinned original C oracle	2026-09-20T11:48:43.6158900Z hint: call:
compatibility	Build pinned original C oracle	2026-09-20T11:48:43.6159330Z hint:
compatibility	Build pinned original C oracle	2026-09-20T11:48:43.6159730Z hint: 	git config --global init.defaultBranch <name>
compatibility	Build pinned original C oracle	2026-09-20T11:48:43.6160060Z hint:
compatibility	Build pinned original C oracle	2026-09-20T11:48:43.6160370Z hint: Names commonly chosen instead of 'master' are 'main', 'trunk' and
compatibility	Build pinned original C oracle	2026-09-20T11:48:43.6160860Z hint: 'development'. The just-created branch can be renamed via this command:
compatibility	Build pinned original C oracle	2026-09-20T11:48:43.6161270Z hint:
compatibility	Build pinned original C oracle	2026-09-20T11:48:43.6161540Z hint: 	git branch -m <name>
compatibility	Build pinned original C oracle	2026-09-20T11:48:43.6161880Z hint:
compatibility	Build pinned original C oracle	2026-09-20T11:48:43.6162290Z hint: Disable this message with "git config set advice.defaultBranchName false"
compatibility	Build pinned original C oracle	2026-09-20T11:48:43.6162820Z Initialized empty Git repository in /Users/runner/work/rawk/rawk/c_awk/.git/
compatibility	Build pinned original C oracle	2026-09-20T11:48:44.4503510Z From https://github.com/onetrueawk/awk
compatibility	Build pinned original C oracle	2026-09-20T11:48:44.4516880Z  * branch            5739fd79bcfc75ba7526773d0cf634521f8aca3c -> FETCH_HEAD
compatibility	Build pinned original C oracle	2026-09-20T11:48:44.5578790Z HEAD is now at 5739fd7 updated.
compatibility	Build pinned original C oracle	2026-09-20T11:48:46.0966360Z bison -d  awkgram.y
compatibility	Build pinned original C oracle	2026-09-20T11:48:46.7063720Z awkgram.y: conflicts: 44 shift/reduce, 85 reduce/reduce
compatibility	Build pinned original C oracle	2026-09-20T11:48:46.7620170Z cc -g -Wall -pedantic -Wcast-qual   -O2   -c -o awkgram.tab.o awkgram.tab.c
compatibility	Build pinned original C oracle	2026-09-20T11:48:47.8793830Z cc -g -Wall -pedantic -Wcast-qual   -O2   -c -o b.o b.c
compatibility	Build pinned original C oracle	2026-09-20T11:48:48.1339540Z cc -g -Wall -pedantic -Wcast-qual   -O2   -c -o main.o main.c
compatibility	Build pinned original C oracle	2026-09-20T11:48:48.1977580Z cc -g -Wall -pedantic -Wcast-qual   -O2   -c -o parse.o parse.c
compatibility	Build pinned original C oracle	2026-09-20T11:48:48.2702690Z cc -g -Wall -pedantic -Wcast-qual -O2 maketab.c -o maketab
compatibility	Build pinned original C oracle	2026-09-20T11:48:48.6688830Z ./maketab awkgram.tab.h >proctab.c
compatibility	Build pinned original C oracle	2026-09-20T11:48:48.6797710Z cc -g -Wall -pedantic -Wcast-qual   -O2   -c -o proctab.o proctab.c
compatibility	Build pinned original C oracle	2026-09-20T11:48:48.7224390Z cc -g -Wall -pedantic -Wcast-qual   -O2   -c -o tran.o tran.c
compatibility	Build pinned original C oracle	2026-09-20T11:48:48.8420510Z cc -g -Wall -pedantic -Wcast-qual   -O2   -c -o lib.o lib.c
compatibility	Build pinned original C oracle	2026-09-20T11:48:48.9059860Z lib.c:758:11: warning: a function declaration without a prototype is deprecated in all versions of C [-Wstrict-prototypes]
compatibility	Build pinned original C oracle	2026-09-20T11:48:48.9062850Z   758 | void error()
compatibility	Build pinned original C oracle	2026-09-20T11:48:48.9064030Z       |           ^
compatibility	Build pinned original C oracle	2026-09-20T11:48:48.9064440Z       |            void
compatibility	Build pinned original C oracle	2026-09-20T11:48:49.0421110Z 1 warning generated.
compatibility	Build pinned original C oracle	2026-09-20T11:48:49.0449040Z cc -g -Wall -pedantic -Wcast-qual   -O2   -c -o run.o run.c
compatibility	Build pinned original C oracle	2026-09-20T11:48:49.1757880Z run.c:1981:6: warning: variable 'unused' set but not used [-Wunused-but-set-variable]
compatibility	Build pinned original C oracle	2026-09-20T11:48:49.1761890Z  1981 |         int unused;
compatibility	Build pinned original C oracle	2026-09-20T11:48:49.1769990Z       |             ^
compatibility	Build pinned original C oracle	2026-09-20T11:48:49.6747910Z 1 warning generated.
compatibility	Build pinned original C oracle	2026-09-20T11:48:49.6793140Z cc -g -Wall -pedantic -Wcast-qual   -O2   -c -o lex.o lex.c
compatibility	Build pinned original C oracle	2026-09-20T11:48:49.8326440Z cc -g -Wall -pedantic -Wcast-qual   -O2 awkgram.tab.o b.o main.o parse.o proctab.o tran.o lib.o run.o lex.o   -lm
compatibility	Build pinned original C oracle	2026-09-20T11:48:49.9068050Z awk version 20260426
compatibility	Complete correctness gate	﻿2026-09-20T11:48:49.9193460Z ##[group]Run bash scripts/checks.sh
compatibility	Complete correctness gate	2026-09-20T11:48:49.9194660Z [36;1mbash scripts/checks.sh[0m
compatibility	Complete correctness gate	2026-09-20T11:48:49.9253710Z shell: /bin/bash -e {0}
compatibility	Complete correctness gate	2026-09-20T11:48:49.9253980Z env:
compatibility	Complete correctness gate	2026-09-20T11:48:49.9254300Z   LC_ALL: C
compatibility	Complete correctness gate	2026-09-20T11:48:49.9254520Z   CARGO_INCREMENTAL: 0
compatibility	Complete correctness gate	2026-09-20T11:48:49.9254870Z   RUSTUP_TOOLCHAIN: 1.96.0
compatibility	Complete correctness gate	2026-09-20T11:48:49.9255120Z ##[endgroup]
compatibility	Complete correctness gate	2026-09-20T11:49:12.8792810Z check_clippy                   OK
compatibility	Complete correctness gate	2026-09-20T11:49:13.0834470Z    Compiling proc-macro2 v1.0.106
compatibility	Complete correctness gate	2026-09-20T11:49:13.0837070Z    Compiling unicode-ident v1.0.24
compatibility	Complete correctness gate	2026-09-20T11:49:13.0838050Z    Compiling quote v1.0.45
compatibility	Complete correctness gate	2026-09-20T11:49:13.1684900Z    Compiling libc v0.2.186
compatibility	Complete correctness gate	2026-09-20T11:49:13.3669650Z    Compiling memchr v2.8.0
compatibility	Complete correctness gate	2026-09-20T11:49:14.1689040Z    Compiling cfg-if v1.0.4
compatibility	Complete correctness gate	2026-09-20T11:49:14.3047610Z    Compiling syn v2.0.117
compatibility	Complete correctness gate	2026-09-20T11:49:14.3722330Z    Compiling utf8parse v0.2.2
compatibility	Complete correctness gate	2026-09-20T11:49:14.4263080Z    Compiling serde_core v1.0.228
compatibility	Complete correctness gate	2026-09-20T11:49:14.7509800Z    Compiling autocfg v1.5.0
compatibility	Complete correctness gate	2026-09-20T11:49:14.8981640Z    Compiling getrandom v0.4.2
compatibility	Complete correctness gate	2026-09-20T11:49:15.1050340Z    Compiling ucd-trie v0.1.7
compatibility	Complete correctness gate	2026-09-20T11:49:15.1281550Z    Compiling rand_core v0.10.1
compatibility	Complete correctness gate	2026-09-20T11:49:15.2590470Z    Compiling pest v2.8.6
compatibility	Complete correctness gate	2026-09-20T11:49:15.3115330Z    Compiling num-traits v0.2.19
compatibility	Complete correctness gate	2026-09-20T11:49:15.5519660Z    Compiling anstyle-parse v1.0.0
compatibility	Complete correctness gate	2026-09-20T11:49:15.7548550Z    Compiling anstyle-query v1.1.5
compatibility	Complete correctness gate	2026-09-20T11:49:15.8119880Z    Compiling thiserror v2.0.18
compatibility	Complete correctness gate	2026-09-20T11:49:16.0683830Z    Compiling colorchoice v1.0.5
compatibility	Complete correctness gate	2026-09-20T11:49:16.1228060Z    Compiling anstyle v1.0.14
compatibility	Complete correctness gate	2026-09-20T11:49:16.3119270Z    Compiling serde v1.0.228
compatibility	Complete correctness gate	2026-09-20T11:49:16.5260460Z    Compiling is_terminal_polyfill v1.70.2
compatibility	Complete correctness gate	2026-09-20T11:49:16.5609240Z    Compiling rustix v1.1.4
compatibility	Complete correctness gate	2026-09-20T11:49:16.5737960Z    Compiling anstream v1.0.0
compatibility	Complete correctness gate	2026-09-20T11:49:16.9453120Z    Compiling pest_meta v2.8.6
compatibility	Complete correctness gate	2026-09-20T11:49:17.9997770Z    Compiling thiserror-impl v2.0.18
compatibility	Complete correctness gate	2026-09-20T11:49:18.1427320Z    Compiling serde_derive v1.0.228
compatibility	Complete correctness gate	2026-09-20T11:49:19.0898900Z    Compiling errno v0.3.14
compatibility	Complete correctness gate	2026-09-20T11:49:19.1871560Z    Compiling aho-corasick v1.1.4
compatibility	Complete correctness gate	2026-09-20T11:49:19.1876690Z    Compiling core-foundation-sys v0.8.7
compatibility	Complete correctness gate	2026-09-20T11:49:19.3240270Z    Compiling clap_lex v1.1.0
compatibility	Complete correctness gate	2026-09-20T11:49:19.5876880Z    Compiling strsim v0.11.1
compatibility	Complete correctness gate	2026-09-20T11:49:20.3429780Z    Compiling anyhow v1.0.102
compatibility	Complete correctness gate	2026-09-20T11:49:20.4997130Z    Compiling bitflags v2.11.1
compatibility	Complete correctness gate	2026-09-20T11:49:20.5956640Z    Compiling heck v0.5.0
compatibility	Complete correctness gate	2026-09-20T11:49:20.7171580Z    Compiling regex-syntax v0.8.10
compatibility	Complete correctness gate	2026-09-20T11:49:20.8205230Z    Compiling clap_derive v4.6.1
compatibility	Complete correctness gate	2026-09-20T11:49:23.6439000Z    Compiling regex-automata v0.4.14
compatibility	Complete correctness gate	2026-09-20T11:49:24.4598310Z    Compiling clap_builder v4.6.0
compatibility	Complete correctness gate	2026-09-20T11:49:28.9381310Z    Compiling iana-time-zone v0.1.65
compatibility	Complete correctness gate	2026-09-20T11:49:29.8171950Z    Compiling pest_generator v2.8.6
compatibility	Complete correctness gate	2026-09-20T11:49:30.4339030Z    Compiling chacha20 v0.10.0
compatibility	Complete correctness gate	2026-09-20T11:49:30.6386000Z    Compiling once_cell v1.21.4
compatibility	Complete correctness gate	2026-09-20T11:49:30.8212860Z    Compiling fastrand v2.4.1
compatibility	Complete correctness gate	2026-09-20T11:49:33.3144830Z    Compiling tempfile v3.27.0
compatibility	Complete correctness gate	2026-09-20T11:49:34.2426050Z    Compiling rand v0.10.1
compatibility	Complete correctness gate	2026-09-20T11:49:34.9070190Z    Compiling pest_derive v2.8.6
compatibility	Complete correctness gate	2026-09-20T11:49:35.2288860Z    Compiling sprintf v0.4.3
compatibility	Complete correctness gate	2026-09-20T11:49:35.8375980Z    Compiling chrono v0.4.44
compatibility	Complete correctness gate	2026-09-20T11:49:37.5882280Z    Compiling regex v1.12.3
compatibility	Complete correctness gate	2026-09-20T11:49:39.4889150Z    Compiling clap v4.6.1
compatibility	Complete correctness gate	2026-09-20T11:49:39.5591720Z    Compiling quick-xml v0.39.2
compatibility	Complete correctness gate	2026-09-20T11:49:42.0676560Z    Compiling rawk v0.1.0 (/Users/runner/work/rawk/rawk/rawk)
compatibility	Complete correctness gate	2026-09-20T11:49:55.7144930Z     Finished `release` profile [optimized] target(s) in 42.79s
compatibility	Complete correctness gate	2026-09-20T11:49:55.7454150Z check_diffrun_no_unexpected    Reference awk: /Users/runner/work/rawk/rawk/c_awk/a.out
compatibility	Complete correctness gate	2026-09-20T11:49:55.7455220Z Total testcase: 109
compatibility	Complete correctness gate	2026-09-20T11:50:02.2192630Z   MATCH: 97
compatibility	Complete correctness gate	2026-09-20T11:50:02.2193960Z   EXPECTED-DIVERGE: 12
compatibility	Complete correctness gate	2026-09-20T11:50:02.2197680Z   UNEXPECTED-DIVERGE: 0
compatibility	Complete correctness gate	2026-09-20T11:50:02.2199680Z   SKIPPED: 0
compatibility	Complete correctness gate	2026-09-20T11:50:02.2206300Z OK
compatibility	Complete correctness gate	2026-09-20T11:50:02.4149420Z check_fmt                      OK
compatibility	Complete correctness gate	2026-09-20T11:50:02.4254040Z check_no_exit_outside_main     OK
compatibility	Complete correctness gate	2026-09-20T11:50:02.4426660Z check_no_macos_forks           OK
compatibility	Complete correctness gate	2026-09-20T11:50:02.4428040Z check_no_scratch_root          OK
compatibility	Complete correctness gate	2026-09-20T11:50:02.4429640Z check_runner_split             OK
compatibility	Complete correctness gate	2026-09-20T11:50:02.6279190Z    Compiling libc v0.2.186
compatibility	Complete correctness gate	2026-09-20T11:50:02.6302820Z    Compiling cfg-if v1.0.4
compatibility	Complete correctness gate	2026-09-20T11:50:02.6307030Z    Compiling memchr v2.8.0
compatibility	Complete correctness gate	2026-09-20T11:50:02.6596960Z    Compiling rand_core v0.10.1
compatibility	Complete correctness gate	2026-09-20T11:50:02.7562220Z    Compiling bitflags v2.11.1
compatibility	Complete correctness gate	2026-09-20T11:50:02.9253520Z    Compiling utf8parse v0.2.2
compatibility	Complete correctness gate	2026-09-20T11:50:02.9730750Z    Compiling ucd-trie v0.1.7
compatibility	Complete correctness gate	2026-09-20T11:50:03.0285470Z    Compiling errno v0.3.14
compatibility	Complete correctness gate	2026-09-20T11:50:03.0691030Z    Compiling getrandom v0.4.2
compatibility	Complete correctness gate	2026-09-20T11:50:03.1123270Z    Compiling rustix v1.1.4
compatibility	Complete correctness gate	2026-09-20T11:50:03.1780200Z    Compiling pest v2.8.6
compatibility	Complete correctness gate	2026-09-20T11:50:03.2150500Z    Compiling anstyle-parse v1.0.0
compatibility	Complete correctness gate	2026-09-20T11:50:03.3229440Z    Compiling anstyle-query v1.1.5
compatibility	Complete correctness gate	2026-09-20T11:50:03.3683790Z    Compiling once_cell v1.21.4
compatibility	Complete correctness gate	2026-09-20T11:50:03.4877480Z    Compiling is_terminal_polyfill v1.70.2
compatibility	Complete correctness gate	2026-09-20T11:50:03.5135260Z    Compiling regex-syntax v0.8.10
compatibility	Complete correctness gate	2026-09-20T11:50:04.1536470Z    Compiling anstyle v1.0.14
compatibility	Complete correctness gate	2026-09-20T11:50:04.2745860Z    Compiling fastrand v2.4.1
compatibility	Complete correctness gate	2026-09-20T11:50:04.3330140Z    Compiling colorchoice v1.0.5
compatibility	Complete correctness gate	2026-09-20T11:50:04.3794830Z    Compiling anstream v1.0.0
compatibility	Complete correctness gate	2026-09-20T11:50:04.4163110Z    Compiling tempfile v3.27.0
compatibility	Complete correctness gate	2026-09-20T11:50:04.6198900Z    Compiling pest_meta v2.8.6
compatibility	Complete correctness gate	2026-09-20T11:50:04.7771950Z    Compiling num-traits v0.2.19
compatibility	Complete correctness gate	2026-09-20T11:50:05.3746720Z    Compiling serde_core v1.0.228
compatibility	Complete correctness gate	2026-09-20T11:50:06.0813480Z    Compiling getrandom v0.3.4
compatibility	Complete correctness gate	2026-09-20T11:50:06.1887400Z    Compiling aho-corasick v1.1.4
compatibility	Complete correctness gate	2026-09-20T11:50:06.2258590Z    Compiling clap_lex v1.1.0
compatibility	Complete correctness gate	2026-09-20T11:50:06.3762210Z    Compiling core-foundation-sys v0.8.7
compatibility	Complete correctness gate	2026-09-20T11:50:06.5036940Z    Compiling strsim v0.11.1
compatibility	Complete correctness gate	2026-09-20T11:50:06.8122970Z    Compiling clap_builder v4.6.0
compatibility	Complete correctness gate	2026-09-20T11:50:07.2153600Z    Compiling serde v1.0.228
compatibility	Complete correctness gate	2026-09-20T11:50:07.6788010Z    Compiling regex-automata v0.4.14
compatibility	Complete correctness gate	2026-09-20T11:50:07.8975720Z    Compiling iana-time-zone v0.1.65
compatibility	Complete correctness gate	2026-09-20T11:50:07.9938160Z    Compiling thiserror v2.0.18
compatibility	Complete correctness gate	2026-09-20T11:50:08.0425030Z    Compiling rand_core v0.9.5
compatibility	Complete correctness gate	2026-09-20T11:50:08.1948530Z    Compiling pest_generator v2.8.6
compatibility	Complete correctness gate	2026-09-20T11:50:08.8043510Z    Compiling chacha20 v0.10.0
compatibility	Complete correctness gate	2026-09-20T11:50:08.9455910Z    Compiling rand v0.10.1
compatibility	Complete correctness gate	2026-09-20T11:50:09.5116170Z    Compiling pest_derive v2.8.6
compatibility	Complete correctness gate	2026-09-20T11:50:09.8061970Z    Compiling clap v4.6.1
compatibility	Complete correctness gate	2026-09-20T11:50:09.8568830Z    Compiling sprintf v0.4.3
compatibility	Complete correctness gate	2026-09-20T11:50:10.0887550Z    Compiling regex v1.12.3
compatibility	Complete correctness gate	2026-09-20T11:50:10.4659530Z    Compiling chrono v0.4.44
compatibility	Complete correctness gate	2026-09-20T11:50:10.4946560Z    Compiling quick-xml v0.39.2
compatibility	Complete correctness gate	2026-09-20T11:50:12.1097660Z    Compiling anyhow v1.0.102
compatibility	Complete correctness gate	2026-09-20T11:50:12.4354170Z    Compiling zerocopy v0.8.48
compatibility	Complete correctness gate	2026-09-20T11:50:12.6475140Z    Compiling wait-timeout v0.2.1
compatibility	Complete correctness gate	2026-09-20T11:50:12.9361910Z    Compiling bit-vec v0.8.0
compatibility	Complete correctness gate	2026-09-20T11:50:13.1587310Z    Compiling fnv v1.0.7
compatibility	Complete correctness gate	2026-09-20T11:50:13.1948450Z    Compiling quick-error v1.2.3
compatibility	Complete correctness gate	2026-09-20T11:50:13.2383140Z    Compiling rusty-fork v0.3.1
compatibility	Complete correctness gate	2026-09-20T11:50:13.5229730Z    Compiling bit-set v0.8.0
compatibility	Complete correctness gate	2026-09-20T11:50:13.5391370Z    Compiling rawk v0.1.0 (/Users/runner/work/rawk/rawk/rawk)
compatibility	Complete correctness gate	2026-09-20T11:50:13.5985730Z    Compiling rand v0.9.4
compatibility	Complete correctness gate	2026-09-20T11:50:14.0159550Z    Compiling rand_xorshift v0.4.0
compatibility	Complete correctness gate	2026-09-20T11:50:14.0955520Z    Compiling unarray v0.1.4
compatibility	Complete correctness gate	2026-09-20T11:50:15.4750370Z    Compiling ppv-lite86 v0.2.21
compatibility	Complete correctness gate	2026-09-20T11:50:15.6599740Z    Compiling rand_chacha v0.9.0
compatibility	Complete correctness gate	2026-09-20T11:50:15.7717350Z    Compiling proptest v1.11.0
compatibility	Complete correctness gate	2026-09-20T11:50:22.7613930Z     Finished `test` profile [unoptimized + debuginfo] target(s) in 20.29s
compatibility	Complete correctness gate	2026-09-20T11:50:22.7769710Z      Running unittests src/lib.rs (target/debug/deps/rawk-9dbe7698d42ed002)
compatibility	Complete correctness gate	2026-09-20T11:50:22.7828420Z check_tests                    
compatibility	Complete correctness gate	2026-09-20T11:50:22.7836590Z      Running unittests src/bin/diffrun.rs (target/debug/deps/diffrun-8286b0db4d8fbf11)
compatibility	Complete correctness gate	2026-09-20T11:50:22.7837020Z running 0 tests
compatibility	Complete correctness gate	2026-09-20T11:50:22.7837180Z 
compatibility	Complete correctness gate	2026-09-20T11:50:22.7837460Z test result: ok. 0 passed; 0 failed; 0 ignored; 0 measured; 0 filtered out; finished in 0.00s
compatibility	Complete correctness gate	2026-09-20T11:50:22.7837740Z 
compatibility	Complete correctness gate	2026-09-20T11:50:22.7858400Z 
compatibility	Complete correctness gate	2026-09-20T11:50:22.7858580Z running 0 tests
compatibility	Complete correctness gate	2026-09-20T11:50:22.7858780Z 
compatibility	Complete correctness gate	2026-09-20T11:50:22.7859080Z test result: ok. 0 passed; 0 failed; 0 ignored; 0 measured; 0 filtered out; finished in 0.00s
compatibility	Complete correctness gate	2026-09-20T11:50:22.7859450Z 
compatibility	Complete correctness gate	2026-09-20T11:50:22.7860130Z      Running unittests src/main.rs (target/debug/deps/rawk-2bc2f632572d6b98)
compatibility	Complete correctness gate	2026-09-20T11:50:22.7903270Z 
compatibility	Complete correctness gate	2026-09-20T11:50:22.7904980Z running 4 tests
compatibility	Complete correctness gate	2026-09-20T11:50:22.7967370Z test unicode_ere::tests::compiled_intervals_cover_only_the_requested_runes ... ok
compatibility	Complete correctness gate	2026-09-20T11:50:22.8012190Z test unicode_ere::tests::encoding_preserves_offsets_and_invalid_bytes_without_sentinels ... ok
compatibility	Complete correctness gate	2026-09-20T11:50:22.8050580Z test input::tests::separators_are_independent_of_read_boundaries ... ok
compatibility	Complete correctness gate	2026-09-20T11:50:22.8285460Z test ere::stream::tests::physical_short_reads_do_not_change_bwk_lookahead ... ok
compatibility	Complete correctness gate	2026-09-20T11:50:22.8285890Z 
compatibility	Complete correctness gate	2026-09-20T11:50:22.8286190Z test result: ok. 4 passed; 0 failed; 0 ignored; 0 measured; 0 filtered out; finished in 0.04s
compatibility	Complete correctness gate	2026-09-20T11:50:22.8286630Z 
compatibility	Complete correctness gate	2026-09-20T11:50:22.8293110Z      Running tests/builtins_sanity.rs (target/debug/deps/builtins_sanity-2a45869b271f02d7)
compatibility	Complete correctness gate	2026-09-20T11:50:22.8324100Z 
compatibility	Complete correctness gate	2026-09-20T11:50:22.8324780Z running 5 tests
compatibility	Complete correctness gate	2026-09-20T11:50:22.8840990Z test length_string ... ok
compatibility	Complete correctness gate	2026-09-20T11:50:22.8938150Z test split_basic ... ok
compatibility	Complete correctness gate	2026-09-20T11:50:22.8944050Z test match_basic ... ok
compatibility	Complete correctness gate	2026-09-20T11:50:22.8988510Z test sprintf_int ... ok
compatibility	Complete correctness gate	2026-09-20T11:50:22.9421420Z test substr_basic ... ok
compatibility	Complete correctness gate	2026-09-20T11:50:22.9424390Z      Running tests/bytes_array_keys.rs (target/debug/deps/bytes_array_keys-5870b8ef60de3eae)
compatibility	Complete correctness gate	2026-09-20T11:50:22.9424950Z 
compatibility	Complete correctness gate	2026-09-20T11:50:22.9427370Z test result: ok. 5 passed; 0 failed; 0 ignored; 0 measured; 0 filtered out; finished in 0.11s
compatibility	Complete correctness gate	2026-09-20T11:50:22.9428390Z 
compatibility	Complete correctness gate	2026-09-20T11:50:22.9459910Z 
compatibility	Complete correctness gate	2026-09-20T11:50:22.9460370Z running 3 tests
compatibility	Complete correctness gate	2026-09-20T11:50:22.9583900Z test distinct_high_byte_keys_do_not_collide ... ok
compatibility	Complete correctness gate	2026-09-20T11:50:22.9678610Z test for_in_returns_all_distinct_byte_keys ... ok
compatibility	Complete correctness gate	2026-09-20T11:50:22.9737350Z test nul_embedded_key_round_trips ... ok
compatibility	Complete correctness gate	2026-09-20T11:50:22.9738230Z 
compatibility	Complete correctness gate	2026-09-20T11:50:22.9738660Z test result: ok. 3 passed; 0 failed; 0 ignored; 0 measured; 0 filtered out; finished in 0.03s
compatibility	Complete correctness gate	2026-09-20T11:50:22.9739530Z      Running tests/bytes_printf.rs (target/debug/deps/bytes_printf-0921065dadc2b1b7)
compatibility	Complete correctness gate	2026-09-20T11:50:22.9740100Z 
compatibility	Complete correctness gate	2026-09-20T11:50:22.9778690Z 
compatibility	Complete correctness gate	2026-09-20T11:50:22.9793290Z running 6 tests
compatibility	Complete correctness gate	2026-09-20T11:50:23.0131150Z test printf_c_emits_first_byte_raw ... ok
compatibility	Complete correctness gate	2026-09-20T11:50:23.0299990Z test printf_format_string_with_high_bytes ... ok
compatibility	Complete correctness gate	2026-09-20T11:50:23.0307870Z test field_split_with_high_byte_fs ... ok
compatibility	Complete correctness gate	2026-09-20T11:50:23.0331140Z test print_with_high_byte_ofs ... ok
compatibility	Complete correctness gate	2026-09-20T11:50:23.0474930Z test sprintf_high_byte_round_trip ... ok
compatibility	Complete correctness gate	2026-09-20T11:50:23.0659630Z test printf_s_preserves_high_byte ... ok
compatibility	Complete correctness gate	2026-09-20T11:50:23.0660030Z 
compatibility	Complete correctness gate	2026-09-20T11:50:23.0660300Z test result: ok. 6 passed; 0 failed; 0 ignored; 0 measured; 0 filtered out; finished in 0.09s
compatibility	Complete correctness gate	2026-09-20T11:50:23.0660680Z 
compatibility	Complete correctness gate	2026-09-20T11:50:23.0664420Z      Running tests/bytes_regex_match.rs (target/debug/deps/bytes_regex_match-feaf9f241fc4d15b)
compatibility	Complete correctness gate	2026-09-20T11:50:23.0704460Z 
compatibility	Complete correctness gate	2026-09-20T11:50:23.0715410Z running 6 tests
compatibility	Complete correctness gate	2026-09-20T11:50:23.0919760Z test gsub_ampersand_includes_whole_match ... ok
compatibility	Complete correctness gate	2026-09-20T11:50:23.1162670Z test match_distinguishes_high_bytes ... ok
compatibility	Complete correctness gate	2026-09-20T11:50:23.1166610Z test match_builtin_high_byte_pattern_position ... ok
compatibility	Complete correctness gate	2026-09-20T11:50:23.1325590Z test nul_inside_subject_with_rs_regex ... ok
compatibility	Complete correctness gate	2026-09-20T11:50:23.1514100Z test sub_replaces_high_byte_run ... ok
compatibility	Complete correctness gate	2026-09-20T11:50:23.1520070Z      Running tests/cli_contract.rs (target/debug/deps/cli_contract-c2a8f5582d9448e4)
compatibility	Complete correctness gate	2026-09-20T11:50:23.1520620Z test rs_regex_high_byte_separator_splits_correctly ... ok
compatibility	Complete correctness gate	2026-09-20T11:50:23.1520900Z 
compatibility	Complete correctness gate	2026-09-20T11:50:23.1521420Z test result: ok. 6 passed; 0 failed; 0 ignored; 0 measured; 0 filtered out; finished in 0.08s
compatibility	Complete correctness gate	2026-09-20T11:50:23.1522090Z 
compatibility	Complete correctness gate	2026-09-20T11:50:23.1562240Z 
compatibility	Complete correctness gate	2026-09-20T11:50:23.1570630Z running 5 tests
compatibility	Complete correctness gate	2026-09-20T11:50:23.1713960Z test file_program_keeps_all_input_files ... ok
compatibility	Complete correctness gate	2026-09-20T11:50:23.2206210Z test arrays_and_scalars_cannot_be_interchanged ... ok
compatibility	Complete correctness gate	2026-09-20T11:50:23.2456380Z test invalid_builtin_arity_is_a_language_error ... ok
compatibility	Complete correctness gate	2026-09-20T11:50:23.2655370Z test malformed_formats_and_invalid_runtime_arguments_do_not_panic ... ok
compatibility	Complete correctness gate	2026-09-20T11:50:23.3251850Z test safe_mode_rejects_even_unexecuted_forbidden_operations ... ok
compatibility	Complete correctness gate	2026-09-20T11:50:23.3253350Z      Running tests/compatibility.rs (target/debug/deps/compatibility-1b1275e14835aeb4)
compatibility	Complete correctness gate	2026-09-20T11:50:23.3255420Z 
compatibility	Complete correctness gate	2026-09-20T11:50:23.3256290Z test result: ok. 5 passed; 0 failed; 0 ignored; 0 measured; 0 filtered out; finished in 0.17s
compatibility	Complete correctness gate	2026-09-20T11:50:23.3257400Z 
compatibility	Complete correctness gate	2026-09-20T11:50:23.3292530Z 
compatibility	Complete correctness gate	2026-09-20T11:50:23.3306300Z running 8 tests
compatibility	Complete correctness gate	2026-09-20T11:50:23.3968560Z test braces_in_bracket_expressions_are_not_repetitions ... ok
compatibility	Complete correctness gate	2026-09-20T11:50:23.5171850Z test composed_input_and_control_flow ... ok
compatibility	Complete correctness gate	2026-09-20T11:50:23.5956300Z test arrays_forwarding_recursion_and_local_parameters ... ok
compatibility	Complete correctness gate	2026-09-20T11:50:23.9075990Z test numeric_conversion_matches_original_buffer_limit ... ok
compatibility	Complete correctness gate	2026-09-20T11:50:26.4696040Z test regex_compositions_match_original ... ok
compatibility	Complete correctness gate	2026-09-20T11:50:26.5784680Z test tuple_membership_uses_current_subsep_between_components ... ok
compatibility	Complete correctness gate	2026-09-20T11:50:27.0785020Z test generated_record_array_function_programs ... ok
compatibility	Complete correctness gate	2026-09-20T11:50:29.5397060Z test hex_floats_precision_flags_and_boundaries ... ok
compatibility	Complete correctness gate	2026-09-20T11:50:29.5397560Z 
compatibility	Complete correctness gate	2026-09-20T11:50:29.5397860Z test result: ok. 8 passed; 0 failed; 0 ignored; 0 measured; 0 filtered out; finished in 6.21s
compatibility	Complete correctness gate	2026-09-20T11:50:29.5398230Z 
compatibility	Complete correctness gate	2026-09-20T11:50:29.5398750Z      Running tests/corpus.rs (target/debug/deps/corpus-e61ffb70b04a8df8)
compatibility	Complete correctness gate	2026-09-20T11:50:29.5428880Z 
compatibility	Complete correctness gate	2026-09-20T11:50:29.5429600Z running 1 test
compatibility	Complete correctness gate	2026-09-20T11:50:44.9930500Z test original_small_programs ... ok
compatibility	Complete correctness gate	2026-09-20T11:50:44.9931050Z 
compatibility	Complete correctness gate	2026-09-20T11:50:44.9931390Z test result: ok. 1 passed; 0 failed; 0 ignored; 0 measured; 0 filtered out; finished in 15.45s
compatibility	Complete correctness gate	2026-09-20T11:50:44.9932090Z 
compatibility	Complete correctness gate	2026-09-20T11:50:44.9932930Z      Running tests/corpus_contracts.rs (target/debug/deps/corpus_contracts-a0f22865482f63b5)
compatibility	Complete correctness gate	2026-09-20T11:50:44.9970420Z 
compatibility	Complete correctness gate	2026-09-20T11:50:44.9975260Z running 3 tests
compatibility	Complete correctness gate	2026-09-20T11:50:45.0488190Z test rng_is_bounded_repeatable_and_srand_returns_previous_seed ... ok
compatibility	Complete correctness gate	2026-09-20T11:50:45.5949610Z test contracts_reject_new_differences ... ok
compatibility	Complete correctness gate	2026-09-20T11:50:50.4517180Z test entire_small_corpus_obeys_explicit_contracts ... ok
compatibility	Complete correctness gate	2026-09-20T11:50:50.4518120Z 
compatibility	Complete correctness gate	2026-09-20T11:50:50.4518740Z test result: ok. 3 passed; 0 failed; 0 ignored; 0 measured; 0 filtered out; finished in 5.46s
compatibility	Complete correctness gate	2026-09-20T11:50:50.4519600Z 
compatibility	Complete correctness gate	2026-09-20T11:50:50.4520520Z      Running tests/data_contract.rs (target/debug/deps/data_contract-a0619d1bf76e7467)
compatibility	Complete correctness gate	2026-09-20T11:50:50.4551470Z 
compatibility	Complete correctness gate	2026-09-20T11:50:50.4553320Z running 6 tests
compatibility	Complete correctness gate	2026-09-20T11:50:50.4693090Z test invalid_regex_is_reported ... ok
compatibility	Complete correctness gate	2026-09-20T11:50:50.4871320Z test csv_handles_quoted_delimiters_newlines_and_escaped_quotes ... ok
compatibility	Complete correctness gate	2026-09-20T11:50:50.4888120Z test regex_uses_leftmost_longest ... ok
compatibility	Complete correctness gate	2026-09-20T11:50:50.4890670Z test fields_accept_regex_separator ... ok
compatibility	Complete correctness gate	2026-09-20T11:50:50.5300090Z test substitutions_report_count_not_changed_text ... ok
compatibility	Complete correctness gate	2026-09-20T11:50:50.5301460Z      Running tests/diffrun_buckets.rs (target/debug/deps/diffrun_buckets-c0ae24e50169eaf7)
compatibility	Complete correctness gate	2026-09-20T11:50:50.5302790Z test split_preserves_empty_fields_and_clears_array ... ok
compatibility	Complete correctness gate	2026-09-20T11:50:50.5303480Z 
compatibility	Complete correctness gate	2026-09-20T11:50:50.5304130Z test result: ok. 6 passed; 0 failed; 0 ignored; 0 measured; 0 filtered out; finished in 0.07s
compatibility	Complete correctness gate	2026-09-20T11:50:50.5305940Z 
compatibility	Complete correctness gate	2026-09-20T11:50:50.5336490Z 
compatibility	Complete correctness gate	2026-09-20T11:50:50.5338210Z running 3 tests
compatibility	Complete correctness gate	2026-09-20T11:50:57.2830650Z test diffrun_emits_four_bucket_summary ... ok
compatibility	Complete correctness gate	2026-09-20T11:50:57.3349610Z test diffrun_step23_target_counts ... ok
compatibility	Complete correctness gate	2026-09-20T11:50:57.4005860Z test diffrun_exits_nonzero_when_unexpected_divergences_present ... ok
compatibility	Complete correctness gate	2026-09-20T11:50:57.4006220Z 
compatibility	Complete correctness gate	2026-09-20T11:50:57.4006440Z test result: ok. 3 passed; 0 failed; 0 ignored; 0 measured; 0 filtered out; finished in 6.87s
compatibility	Complete correctness gate	2026-09-20T11:50:57.4006880Z 
compatibility	Complete correctness gate	2026-09-20T11:50:57.4007200Z      Running tests/driver_regressions.rs (target/debug/deps/driver_regressions-5f1e2d53ab8fb804)
compatibility	Complete correctness gate	2026-09-20T11:50:57.4039750Z 
compatibility	Complete correctness gate	2026-09-20T11:50:57.4049340Z running 6 tests
compatibility	Complete correctness gate	2026-09-20T11:50:57.4751670Z test field_index_beyond_reference_integer_range_is_an_error ... ok
compatibility	Complete correctness gate	2026-09-20T11:50:57.4797100Z test getline_comparison_is_not_part_of_filename ... ok
compatibility	Complete correctness gate	2026-09-20T11:50:57.4954590Z test multifile_syntax_error_names_offending_source ... ok
compatibility	Complete correctness gate	2026-09-20T11:50:57.5138970Z test invalid_function_parameters_are_errors_before_execution ... ok
compatibility	Complete correctness gate	2026-09-20T11:50:57.5851460Z test redirected_stdin_shares_buffer_with_main_input ... ok
compatibility	Complete correctness gate	2026-09-20T11:50:57.6414030Z test stdin_program_and_empty_statements ... ok
compatibility	Complete correctness gate	2026-09-20T11:50:57.6414450Z 
compatibility	Complete correctness gate	2026-09-20T11:50:57.6414660Z test result: ok. 6 passed; 0 failed; 0 ignored; 0 measured; 0 filtered out; finished in 0.24s
compatibility	Complete correctness gate	2026-09-20T11:50:57.6415010Z 
compatibility	Complete correctness gate	2026-09-20T11:50:57.6416280Z      Running tests/dynamic_format.rs (target/debug/deps/dynamic_format-dc2803db40b3264c)
compatibility	Complete correctness gate	2026-09-20T11:50:57.6468080Z 
compatibility	Complete correctness gate	2026-09-20T11:50:57.6474150Z running 8 tests
compatibility	Complete correctness gate	2026-09-20T11:50:57.7217180Z test missing_star_arguments_are_errors ... ok
compatibility	Complete correctness gate	2026-09-20T11:51:01.2964170Z test dynamic_width_precision_and_consumption ... ok
compatibility	Complete correctness gate	2026-09-20T11:51:01.3204080Z test negative_precision_keeps_binary_and_multibyte_paths ... ok
compatibility	Complete correctness gate	2026-09-20T11:51:01.3820460Z test string_and_literal_range_errors_do_not_discard_arithmetic_subnormals ... ok
compatibility	Complete correctness gate	2026-09-20T11:51:01.9376840Z test unsigned_conversion_matches_native_oracle ... ok
compatibility	Complete correctness gate	2026-09-20T11:51:02.0512420Z test zero_padded_strings_match_native_oracle ... ok
compatibility	Complete correctness gate	2026-09-20T11:51:07.4830310Z test integer_flags_precision_and_signs ... ok
compatibility	Complete correctness gate	2026-09-20T11:51:10.6386290Z test negative_dynamic_precision_preserves_flags_and_argument_consumption ... ok
compatibility	Complete correctness gate	2026-09-20T11:51:10.6386700Z 
compatibility	Complete correctness gate	2026-09-20T11:51:10.6386970Z test result: ok. 8 passed; 0 failed; 0 ignored; 0 measured; 0 filtered out; finished in 12.99s
compatibility	Complete correctness gate	2026-09-20T11:51:10.6387280Z 
compatibility	Complete correctness gate	2026-09-20T11:51:10.6394190Z      Running tests/error_messages.rs (target/debug/deps/error_messages-e64895121661739b)
compatibility	Complete correctness gate	2026-09-20T11:51:10.6437720Z 
compatibility	Complete correctness gate	2026-09-20T11:51:10.6438710Z running 2 tests
compatibility	Complete correctness gate	2026-09-20T11:51:10.6510560Z test missing_program_file_mentions_filename ... ok
compatibility	Complete correctness gate	2026-09-20T11:51:10.6515480Z test output_to_unwritable_path_mentions_filename ... ok
compatibility	Complete correctness gate	2026-09-20T11:51:10.6516850Z 
compatibility	Complete correctness gate	2026-09-20T11:51:10.6517090Z test result: ok. 2 passed; 0 failed; 0 ignored; 0 measured; 0 filtered out; finished in 0.01s
compatibility	Complete correctness gate	2026-09-20T11:51:10.6517500Z 
compatibility	Complete correctness gate	2026-09-20T11:51:10.6517790Z      Running tests/exit_codes.rs (target/debug/deps/exit_codes-012261b8652a4c67)
compatibility	Complete correctness gate	2026-09-20T11:51:10.6551730Z 
compatibility	Complete correctness gate	2026-09-20T11:51:10.6552380Z running 4 tests
compatibility	Complete correctness gate	2026-09-20T11:51:10.6609420Z test exit_with_value ... ok
compatibility	Complete correctness gate	2026-09-20T11:51:10.6612600Z test exit_zero_default ... ok
compatibility	Complete correctness gate	2026-09-20T11:51:10.6613530Z test exit_from_end_block ... ok
compatibility	Complete correctness gate	2026-09-20T11:51:10.6674920Z test syntax_error_nonzero ... ok
compatibility	Complete correctness gate	2026-09-20T11:51:10.6675600Z 
compatibility	Complete correctness gate	2026-09-20T11:51:10.6676570Z test result: ok. 4 passed; 0 failed; 0 ignored; 0 measured; 0 filtered out; finished in 0.01s
compatibility	Complete correctness gate	2026-09-20T11:51:10.6676960Z 
compatibility	Complete correctness gate	2026-09-20T11:51:10.6677230Z      Running tests/harness.rs (target/debug/deps/harness-77036443891c6712)
compatibility	Complete correctness gate	2026-09-20T11:51:10.6712590Z 
compatibility	Complete correctness gate	2026-09-20T11:51:10.6713910Z running 5 tests
compatibility	Complete correctness gate	2026-09-20T11:51:10.6724060Z test annotation_does_not_accept_new_failures ... ok
compatibility	Complete correctness gate	2026-09-20T11:51:10.6910770Z test preserves_bytes_whitespace_and_status ... ok
compatibility	Complete correctness gate	2026-09-20T11:51:10.6911930Z test aggregate_gate_reports_an_intermediate_failure ... ok
compatibility	Complete correctness gate	2026-09-20T11:51:10.7618750Z test each_run_has_a_fresh_directory ... ok
compatibility	Complete correctness gate	2026-09-20T11:51:11.1940850Z test timeout_kills_descendants ... ok
compatibility	Complete correctness gate	2026-09-20T11:51:11.1941370Z 
compatibility	Complete correctness gate	2026-09-20T11:51:11.1941730Z test result: ok. 5 passed; 0 failed; 0 ignored; 0 measured; 0 filtered out; finished in 0.52s
compatibility	Complete correctness gate	2026-09-20T11:51:11.1942170Z 
compatibility	Complete correctness gate	2026-09-20T11:51:11.1951520Z      Running tests/historical.rs (target/debug/deps/historical-d2aa7e6e2d02f6e9)
compatibility	Complete correctness gate	2026-09-20T11:51:11.1991360Z 
compatibility	Complete correctness gate	2026-09-20T11:51:11.1992590Z running 2 tests
compatibility	Complete correctness gate	2026-09-20T11:51:11.4971890Z test original_invalid_programs_are_rejected_without_panicking ... ok
compatibility	Complete correctness gate	2026-09-20T11:51:13.4296360Z test original_positive_regressions ... ok
compatibility	Complete correctness gate	2026-09-20T11:51:13.4298970Z      Running tests/input_contract.rs (target/debug/deps/input_contract-d3a16d22dd2df171)
compatibility	Complete correctness gate	2026-09-20T11:51:13.4299500Z 
compatibility	Complete correctness gate	2026-09-20T11:51:13.4299790Z test result: ok. 2 passed; 0 failed; 0 ignored; 0 measured; 0 filtered out; finished in 2.23s
compatibility	Complete correctness gate	2026-09-20T11:51:13.4300190Z 
compatibility	Complete correctness gate	2026-09-20T11:51:13.4345530Z 
compatibility	Complete correctness gate	2026-09-20T11:51:13.4348290Z running 5 tests
compatibility	Complete correctness gate	2026-09-20T11:51:13.4624180Z test missing_getline_file_is_an_error_not_eof ... ok
compatibility	Complete correctness gate	2026-09-20T11:51:13.4720000Z test file_getline_and_interleaved_assignments ... ok
compatibility	Complete correctness gate	2026-09-20T11:51:13.4995510Z test getline_uses_main_stream_and_counts_every_read ... ok
compatibility	Complete correctness gate	2026-09-20T11:51:13.5075040Z test rs_changes_apply_to_unconsumed_input ... ok
compatibility	Complete correctness gate	2026-09-20T11:51:13.5146040Z test rewriting_record_does_not_count_a_read ... ok
compatibility	Complete correctness gate	2026-09-20T11:51:13.5146970Z 
compatibility	Complete correctness gate	2026-09-20T11:51:13.5147630Z test result: ok. 5 passed; 0 failed; 0 ignored; 0 measured; 0 filtered out; finished in 0.08s
compatibility	Complete correctness gate	2026-09-20T11:51:13.5148760Z 
compatibility	Complete correctness gate	2026-09-20T11:51:13.5151410Z      Running tests/language_contract.rs (target/debug/deps/language_contract-cde8066e1d7c2b70)
compatibility	Complete correctness gate	2026-09-20T11:51:13.5189200Z 
compatibility	Complete correctness gate	2026-09-20T11:51:13.5191750Z running 7 tests
compatibility	Complete correctness gate	2026-09-20T11:51:13.5647580Z test convfmt_is_used_for_comparisons_fields_and_keys ... ok
compatibility	Complete correctness gate	2026-09-20T11:51:13.5734410Z test array_parameters_are_references ... ok
compatibility	Complete correctness gate	2026-09-20T11:51:13.5737330Z test array_reads_create_entries ... ok
compatibility	Complete correctness gate	2026-09-20T11:51:13.5854670Z test expressions_and_escapes ... ok
compatibility	Complete correctness gate	2026-09-20T11:51:13.6253760Z test numeric_and_string_values_keep_their_types ... ok
compatibility	Complete correctness gate	2026-09-20T11:51:13.6335740Z test lvalue_indices_are_evaluated_once ... ok
compatibility	Complete correctness gate	2026-09-20T11:51:13.6621330Z test range_patterns_and_empty_actions ... ok
compatibility	Complete correctness gate	2026-09-20T11:51:13.6621990Z      Running tests/legacy_locale.rs (target/debug/deps/legacy_locale-8bcee91200be312f)
compatibility	Complete correctness gate	2026-09-20T11:51:13.6622310Z 
compatibility	Complete correctness gate	2026-09-20T11:51:13.6622790Z test result: ok. 7 passed; 0 failed; 0 ignored; 0 measured; 0 filtered out; finished in 0.14s
compatibility	Complete correctness gate	2026-09-20T11:51:13.6623450Z 
compatibility	Complete correctness gate	2026-09-20T11:51:13.6657330Z 
compatibility	Complete correctness gate	2026-09-20T11:51:13.6657680Z running 6 tests
compatibility	Complete correctness gate	2026-09-20T11:51:13.8192080Z test every_nonzero_byte_case_conversion_matches_c ... ok
compatibility	Complete correctness gate	2026-09-20T11:51:13.9177730Z test byte_positions_ranges_splits_and_substitution_match_c ... ok
compatibility	Complete correctness gate	2026-09-20T11:51:13.9975960Z test nul_preservation_remains_an_explicit_rust_extension ... ok
compatibility	Complete correctness gate	2026-09-20T11:51:14.1711050Z test legacy_locale_selection_obeys_precedence_and_is_fixed_at_startup ... ok
compatibility	Complete correctness gate	2026-09-20T11:51:14.1773210Z test required_single_byte_locales_are_active ... ok
compatibility	Complete correctness gate	2026-09-20T11:51:15.6521630Z test every_nonzero_byte_in_each_posix_class_matches_c ... ok
compatibility	Complete correctness gate	2026-09-20T11:51:15.6522840Z 
compatibility	Complete correctness gate	2026-09-20T11:51:15.6523110Z test result: ok. 6 passed; 0 failed; 0 ignored; 0 measured; 0 filtered out; finished in 1.99s
compatibility	Complete correctness gate	2026-09-20T11:51:15.6523570Z 
compatibility	Complete correctness gate	2026-09-20T11:51:15.6525470Z      Running tests/phase7_closure.rs (target/debug/deps/phase7_closure-34ec5d4b37cf044e)
compatibility	Complete correctness gate	2026-09-20T11:51:15.6568050Z 
compatibility	Complete correctness gate	2026-09-20T11:51:15.6569120Z running 7 tests
compatibility	Complete correctness gate	2026-09-20T11:51:15.7155220Z test closed_output_pipe_reports_language_error ... ok
compatibility	Complete correctness gate	2026-09-20T11:51:15.8128580Z test contracts_reject_mutations ... ok
compatibility	Complete correctness gate	2026-09-20T11:51:16.3781380Z test keyword_prefixes_and_integral_precision ... ok
compatibility	Complete correctness gate	2026-09-20T11:51:16.5446030Z test generated_octal_regex_atoms_and_literal_operators ... ok
compatibility	Complete correctness gate	2026-09-20T11:51:16.6164540Z test raw_source_bytes_survive_inline_file_and_stdin ... ok
compatibility	Complete correctness gate	2026-09-20T11:51:17.1223710Z test separators_keep_string_and_regex_semantics ... ok
compatibility	Complete correctness gate	2026-09-20T11:51:20.2176380Z test individual_driver_contracts ... ok
compatibility	Complete correctness gate	2026-09-20T11:51:20.2177160Z 
compatibility	Complete correctness gate	2026-09-20T11:51:20.2177430Z test result: ok. 7 passed; 0 failed; 0 ignored; 0 measured; 0 filtered out; finished in 4.56s
compatibility	Complete correctness gate	2026-09-20T11:51:20.2177740Z 
compatibility	Complete correctness gate	2026-09-20T11:51:20.2179880Z      Running tests/printf_sanity.rs (target/debug/deps/printf_sanity-7136c99a55f18e88)
compatibility	Complete correctness gate	2026-09-20T11:51:20.2220750Z 
compatibility	Complete correctness gate	2026-09-20T11:51:20.2229240Z running 5 tests
compatibility	Complete correctness gate	2026-09-20T11:51:20.2464010Z test d_padding ... ok
compatibility	Complete correctness gate	2026-09-20T11:51:20.2476390Z test f_precision ... ok
compatibility	Complete correctness gate	2026-09-20T11:51:20.2530730Z test e_scientific ... ok
compatibility	Complete correctness gate	2026-09-20T11:51:20.2600150Z test s_truncate ... ok
compatibility	Complete correctness gate	2026-09-20T11:51:20.2610920Z test x_hex ... ok
compatibility	Complete correctness gate	2026-09-20T11:51:20.2611400Z 
compatibility	Complete correctness gate	2026-09-20T11:51:20.2611630Z test result: ok. 5 passed; 0 failed; 0 ignored; 0 measured; 0 filtered out; finished in 0.04s
compatibility	Complete correctness gate	2026-09-20T11:51:20.2611970Z 
compatibility	Complete correctness gate	2026-09-20T11:51:20.2614940Z      Running tests/proptest_diff.rs (target/debug/deps/proptest_diff-e5009bf092758d21)
compatibility	Complete correctness gate	2026-09-20T11:51:20.2653590Z 
compatibility	Complete correctness gate	2026-09-20T11:51:20.2654960Z running 6 tests
compatibility	Complete correctness gate	2026-09-20T11:51:24.3755290Z test template_concat_string ... ok
compatibility	Complete correctness gate	2026-09-20T11:51:24.4106140Z test template_add ... ok
compatibility	Complete correctness gate	2026-09-20T11:51:24.6748210Z test template_multiply ... ok
compatibility	Complete correctness gate	2026-09-20T11:51:26.7870500Z test template_scientific_no_orphan_dot ... ok
compatibility	Complete correctness gate	2026-09-20T11:51:28.2636330Z test template_printf_float ... ok
compatibility	Complete correctness gate	2026-09-20T11:51:28.5755700Z test template_printf_int ... ok
compatibility	Complete correctness gate	2026-09-20T11:51:28.5756460Z 
compatibility	Complete correctness gate	2026-09-20T11:51:28.5757100Z test result: ok. 6 passed; 0 failed; 0 ignored; 0 measured; 0 filtered out; finished in 8.31s
compatibility	Complete correctness gate	2026-09-20T11:51:28.5758300Z 
compatibility	Complete correctness gate	2026-09-20T11:51:28.5759740Z      Running tests/remaining_contract.rs (target/debug/deps/remaining_contract-7a9f8e2e6bedf0e8)
compatibility	Complete correctness gate	2026-09-20T11:51:28.5828870Z 
compatibility	Complete correctness gate	2026-09-20T11:51:28.5830890Z running 7 tests
compatibility	Complete correctness gate	2026-09-20T11:51:28.6150230Z test bracket_normalization_preserves_the_binary_profile ... ok
compatibility	Complete correctness gate	2026-09-20T11:51:28.6845600Z test character_format_distinguishes_numeric_fields_from_literal_strings ... ok
compatibility	Complete correctness gate	2026-09-20T11:51:28.8018120Z test missing_fields_are_empty_strings_not_uninitialized_variables ... ok
compatibility	Complete correctness gate	2026-09-20T11:51:29.4156930Z test descending_bracket_ranges_follow_original_c ... ok
compatibility	Complete correctness gate	2026-09-20T11:51:32.6488130Z test generated_rational_values_and_float_formats ... ok
compatibility	Complete correctness gate	2026-09-20T11:51:35.0967530Z test replacement_escapes_have_separate_lexical_and_runtime_stages ... ok
compatibility	Complete correctness gate	2026-09-20T11:51:36.1170350Z test numeric_rounding_uses_the_exact_binary_value ... ok
compatibility	Complete correctness gate	2026-09-20T11:51:36.1170790Z 
compatibility	Complete correctness gate	2026-09-20T11:51:36.1172140Z test result: ok. 7 passed; 0 failed; 0 ignored; 0 measured; 0 filtered out; finished in 7.53s
compatibility	Complete correctness gate	2026-09-20T11:51:36.1173720Z      Running tests/runtime_contract.rs (target/debug/deps/runtime_contract-d65bacc50385039a)
compatibility	Complete correctness gate	2026-09-20T11:51:36.1176310Z 
compatibility	Complete correctness gate	2026-09-20T11:51:36.1206240Z 
compatibility	Complete correctness gate	2026-09-20T11:51:36.1207260Z running 3 tests
compatibility	Complete correctness gate	2026-09-20T11:51:36.1342320Z test exit_executes_end_and_interrupts_expressions ... ok
compatibility	Complete correctness gate	2026-09-20T11:51:36.1483050Z test return_escapes_all_loop_forms ... ok
compatibility	Complete correctness gate	2026-09-20T11:51:36.1639930Z test short_circuit_preserves_side_effects ... ok
compatibility	Complete correctness gate	2026-09-20T11:51:36.1640550Z 
compatibility	Complete correctness gate	2026-09-20T11:51:36.1641280Z test result: ok. 3 passed; 0 failed; 0 ignored; 0 measured; 0 filtered out; finished in 0.04s
compatibility	Complete correctness gate	2026-09-20T11:51:36.1642080Z      Running tests/shell_drivers.rs (target/debug/deps/shell_drivers-b33b16bb97343606)
compatibility	Complete correctness gate	2026-09-20T11:51:36.1642420Z 
compatibility	Complete correctness gate	2026-09-20T11:51:36.1691140Z 
compatibility	Complete correctness gate	2026-09-20T11:51:36.1692680Z running 3 tests
compatibility	Complete correctness gate	2026-09-20T11:51:38.4020290Z test shell_driver_gate_rejects_missing_interpreter_output ... ok
compatibility	Complete correctness gate	2026-09-20T11:51:39.4872610Z test original_cli_and_array_shell_drivers ... ok
compatibility	Complete correctness gate	2026-09-20T11:52:33.5115350Z test admitted_original_shell_drivers ... ok
compatibility	Complete correctness gate	2026-09-20T11:52:33.5116600Z 
compatibility	Complete correctness gate	2026-09-20T11:52:33.5117360Z test result: ok. 3 passed; 0 failed; 0 ignored; 0 measured; 0 filtered out; finished in 57.34s
compatibility	Complete correctness gate	2026-09-20T11:52:33.5117900Z 
compatibility	Complete correctness gate	2026-09-20T11:52:33.5121640Z      Running tests/shift_jis.rs (target/debug/deps/shift_jis-1c1b9bb11ce40504)
compatibility	Complete correctness gate	2026-09-20T11:52:33.5225150Z 
compatibility	Complete correctness gate	2026-09-20T11:52:33.5225810Z running 12 tests
compatibility	Complete correctness gate	2026-09-20T11:52:33.5964840Z test embedded_nul_preserves_the_rust_binary_extension ... ok
compatibility	Complete correctness gate	2026-09-20T11:52:33.5995230Z test decoded_character_with_unencodable_case_mapping_matches_c ... ok
compatibility	Complete correctness gate	2026-09-20T11:52:33.6169310Z test conversion_failure_preserves_atomic_print_contract ... ok
compatibility	Complete correctness gate	2026-09-20T11:52:34.0685300Z test record_separators_and_locale_precedence_match_c ... ok
compatibility	Complete correctness gate	2026-09-20T11:52:34.1126590Z test regex_rs_with_three_or_four_byte_structural_units_matches_c ... ok
compatibility	Complete correctness gate	2026-09-20T11:52:34.1954520Z test required_sjis_locale_has_observable_case_mapping ... ok
compatibility	Complete correctness gate	2026-09-20T11:52:34.4819600Z test regex_rs_sjis_refill_across_input_buffers_and_getline_matches_c ... ok
compatibility	Complete correctness gate	2026-09-20T11:52:34.5696490Z test streaming_rs_keeps_binary_data_distinct_from_eof ... ok
compatibility	Complete correctness gate	2026-09-20T11:52:35.5635090Z test structural_units_regex_fields_and_formatting_match_c ... ok
compatibility	Complete correctness gate	2026-09-20T11:52:36.2973160Z test valid_case_conversion_and_truncated_suffixes_match_c ... ok
compatibility	Complete correctness gate	2026-09-20T11:52:45.1395830Z test regex_rs_refill_restart_longest_and_anchors_match_c ... ok
compatibility	Complete correctness gate	2026-09-20T11:53:18.5778830Z test single_bytes_and_lead_trail_boundaries_match_c ... ok
compatibility	Complete correctness gate	2026-09-20T11:53:18.5780080Z 
compatibility	Complete correctness gate	2026-09-20T11:53:18.5780730Z test result: ok. 12 passed; 0 failed; 0 ignored; 0 measured; 0 filtered out; finished in 45.06s
compatibility	Complete correctness gate	2026-09-20T11:53:18.5781770Z 
compatibility	Complete correctness gate	2026-09-20T11:53:18.5784800Z      Running tests/unicode_contract.rs (target/debug/deps/unicode_contract-ff53360e0ff39268)
compatibility	Complete correctness gate	2026-09-20T11:53:18.5908510Z 
compatibility	Complete correctness gate	2026-09-20T11:53:18.5909680Z running 10 tests
compatibility	Complete correctness gate	2026-09-20T11:53:18.6886030Z test binary_nul_extension_and_case_conversion_errors ... ok
compatibility	Complete correctness gate	2026-09-20T11:53:19.0184920Z test locale_precedence_and_character_operations ... ok
compatibility	Complete correctness gate	2026-09-20T11:53:19.2098590Z test repeated_matches_and_index_inside_a_multibyte_unit ... ok
compatibility	Complete correctness gate	2026-09-20T11:53:19.3485290Z test boolean_regex_search_preserves_rune_alignment_and_empty_matches ... ok
compatibility	Complete correctness gate	2026-09-20T11:53:19.4778610Z test required_locales_are_active_in_both_interpreters ... ok
compatibility	Complete correctness gate	2026-09-20T11:53:19.6350400Z test unicode_formatting_and_source_escapes ... ok
compatibility	Complete correctness gate	2026-09-20T11:53:20.0599290Z test utf8_record_separators_across_buffers ... ok
compatibility	Complete correctness gate	2026-09-20T11:53:20.4536050Z test unicode_classes_ranges_and_anchors ... ok
compatibility	Complete correctness gate	2026-09-20T11:53:20.5789080Z test utf8_regex_empty_matches_and_mixed_bytes ... ok
compatibility	Complete correctness gate	2026-09-20T11:53:28.6098650Z test original_utf8_drivers ... ok
compatibility	Complete correctness gate	2026-09-20T11:53:28.6100140Z 
compatibility	Complete correctness gate	2026-09-20T11:53:28.6101280Z      Running tests/xml_runner_test.rs (target/debug/deps/xml_runner_test-bbb04a9a34486b5f)
compatibility	Complete correctness gate	2026-09-20T11:53:28.6101830Z test result: ok. 10 passed; 0 failed; 0 ignored; 0 measured; 0 filtered out; finished in 10.02s
compatibility	Complete correctness gate	2026-09-20T11:53:28.6102310Z 
compatibility	Complete correctness gate	2026-09-20T11:53:28.6188220Z 
compatibility	Complete correctness gate	2026-09-20T11:53:28.6188570Z running 1 test
compatibility	Complete correctness gate	2026-09-20T11:53:31.6070050Z test run_xml_testsuite ... ok
compatibility	Complete correctness gate	2026-09-20T11:53:31.6070630Z 
compatibility	Complete correctness gate	2026-09-20T11:53:31.6071450Z test result: ok. 1 passed; 0 failed; 0 ignored; 0 measured; 0 filtered out; finished in 2.99s
compatibility	Complete correctness gate	2026-09-20T11:53:31.6073090Z    Doc-tests rawk
compatibility	Complete correctness gate	2026-09-20T11:53:31.6073600Z 
compatibility	Complete correctness gate	2026-09-20T11:53:32.3536880Z 
compatibility	Complete correctness gate	2026-09-20T11:53:32.3538050Z running 0 tests
compatibility	Complete correctness gate	2026-09-20T11:53:32.3538600Z 
compatibility	Complete correctness gate	2026-09-20T11:53:32.3539130Z test result: ok. 0 passed; 0 failed; 0 ignored; 0 measured; 0 filtered out; finished in 0.00s
compatibility	Complete correctness gate	2026-09-20T11:53:32.3539950Z 
compatibility	Complete correctness gate	2026-09-20T11:53:32.3647160Z OK
compatibility	Audit all original shell drivers (includes documented diagnostic and locale differences)	﻿2026-09-20T11:53:32.3819570Z ##[group]Run python3 scripts/full_driver_audit.py --output diary/full-driver-results-ci.json
compatibility	Audit all original shell drivers (includes documented diagnostic and locale differences)	2026-09-20T11:53:32.3820870Z [36;1mpython3 scripts/full_driver_audit.py --output diary/full-driver-results-ci.json[0m
compatibility	Audit all original shell drivers (includes documented diagnostic and locale differences)	2026-09-20T11:53:32.4033760Z shell: /bin/bash -e {0}
compatibility	Audit all original shell drivers (includes documented diagnostic and locale differences)	2026-09-20T11:53:32.4034230Z env:
compatibility	Audit all original shell drivers (includes documented diagnostic and locale differences)	2026-09-20T11:53:32.4034510Z   LC_ALL: C
compatibility	Audit all original shell drivers (includes documented diagnostic and locale differences)	2026-09-20T11:53:32.4034710Z   CARGO_INCREMENTAL: 0
compatibility	Audit all original shell drivers (includes documented diagnostic and locale differences)	2026-09-20T11:53:32.4034970Z   RUSTUP_TOOLCHAIN: 1.96.0
compatibility	Audit all original shell drivers (includes documented diagnostic and locale differences)	2026-09-20T11:53:32.4035190Z ##[endgroup]
compatibility	Audit all original shell drivers (includes documented diagnostic and locale differences)	2026-09-20T11:53:33.2084420Z T.-f-f pass 
compatibility	Audit all original shell drivers (includes documented diagnostic and locale differences)	2026-09-20T11:53:34.3292220Z T.argv pass 
compatibility	Audit all original shell drivers (includes documented diagnostic and locale differences)	2026-09-20T11:53:34.9226500Z T.arnold pass 
compatibility	Audit all original shell drivers (includes documented diagnostic and locale differences)	2026-09-20T11:53:37.3434290Z T.beebe pass 
compatibility	Audit all original shell drivers (includes documented diagnostic and locale differences)	2026-09-20T11:53:38.0629380Z T.builtin reference-failure BAD: T.builtin (rand) BAD: T.builtin (toupper/tolower) for utf-8
compatibility	Audit all original shell drivers (includes documented diagnostic and locale differences)	2026-09-20T11:53:38.4871240Z T.chem pass 
compatibility	Audit all original shell drivers (includes documented diagnostic and locale differences)	2026-09-20T11:53:39.1145240Z T.close pass 
compatibility	Audit all original shell drivers (includes documented diagnostic and locale differences)	2026-09-20T11:53:40.6548580Z T.clv pass 
compatibility	Audit all original shell drivers (includes documented diagnostic and locale differences)	2026-09-20T11:53:41.0212990Z T.csconcat pass 
compatibility	Audit all original shell drivers (includes documented diagnostic and locale differences)	2026-09-20T11:53:41.8959940Z T.csv pass 
compatibility	Audit all original shell drivers (includes documented diagnostic and locale differences)	2026-09-20T11:53:42.2531530Z T.delete pass 
compatibility	Audit all original shell drivers (includes documented diagnostic and locale differences)	2026-09-20T11:53:43.6594630Z T.errmsg reference-failure BAD: illegal primary in regular expression failed BAD: illegal break, continue, next or nextfile from BEGIN failed BAD: illegal break, continue, next or nextfile from END failed BAD: nextfile is illegal inside a function failed BAD: nonterminated character class failed BAD: nonterminated character class failed BAD: nonterminated character cl
compatibility	Audit all original shell drivers (includes documented diagnostic and locale differences)	2026-09-20T11:53:46.8269370Z T.expr pass 
compatibility	Audit all original shell drivers (includes documented diagnostic and locale differences)	2026-09-20T11:53:47.1433590Z T.exprconv pass 
compatibility	Audit all original shell drivers (includes documented diagnostic and locale differences)	2026-09-20T11:53:47.5337220Z T.flags open T.flags: bad no program T.flags: bad can.t open program T.flags: bad can.t open program 2 T.flags: bad missing field separator
compatibility	Audit all original shell drivers (includes documented diagnostic and locale differences)	2026-09-20T11:53:48.4631210Z T.func pass 
compatibility	Audit all original shell drivers (includes documented diagnostic and locale differences)	2026-09-20T11:53:50.5396130Z T.gawk pass 
compatibility	Audit all original shell drivers (includes documented diagnostic and locale differences)	2026-09-20T11:53:51.1538120Z T.getline pass 
compatibility	Audit all original shell drivers (includes documented diagnostic and locale differences)	2026-09-20T11:53:51.5684770Z T.int-expr pass 
compatibility	Audit all original shell drivers (includes documented diagnostic and locale differences)	2026-09-20T11:53:52.0942140Z T.latin1 pass 
compatibility	Audit all original shell drivers (includes documented diagnostic and locale differences)	2026-09-20T11:53:56.2932740Z T.lilly pass 
compatibility	Audit all original shell drivers (includes documented diagnostic and locale differences)	2026-09-20T11:53:56.8784210Z T.main pass 
compatibility	Audit all original shell drivers (includes documented diagnostic and locale differences)	2026-09-20T11:53:59.0167800Z T.misc open BAD: T.misc split error BAD: T.misc hello error BAD: T.misc pile error BAD: T.misc gsub banana error BAD: T.misc sub banana error BAD: T.misc lineno BAD: T.misc can't open BAD: T.misc continuation line number BAD: T.misc syntax error line number �BAD: T.misc escape sequences in strings mishandled BAD: T.misc fcn args BAD: T.misc undefine
compatibility	Audit all original shell drivers (includes documented diagnostic and locale differences)	2026-09-20T11:54:00.3330190Z T.nextfile pass 
compatibility	Audit all original shell drivers (includes documented diagnostic and locale differences)	2026-09-20T11:54:01.3445700Z T.overflow pass 
compatibility	Audit all original shell drivers (includes documented diagnostic and locale differences)	2026-09-20T11:54:07.4635800Z T.re pass 
compatibility	Audit all original shell drivers (includes documented diagnostic and locale differences)	2026-09-20T11:54:07.8633760Z T.recache pass 
compatibility	Audit all original shell drivers (includes documented diagnostic and locale differences)	2026-09-20T11:54:08.3386590Z T.redir pass 
compatibility	Audit all original shell drivers (includes documented diagnostic and locale differences)	2026-09-20T11:54:09.2763990Z T.split pass 
compatibility	Audit all original shell drivers (includes documented diagnostic and locale differences)	2026-09-20T11:54:12.1870400Z T.sub pass 
compatibility	Audit all original shell drivers (includes documented diagnostic and locale differences)	2026-09-20T11:54:12.5603280Z T.system pass 
compatibility	Audit all original shell drivers (includes documented diagnostic and locale differences)	2026-09-20T11:54:15.9401230Z T.utf reference-failure test 1.3 failed test 1.4 failed test 1.5 failed test 1.6 failed test 1.7 failed test 1.8 failed test 1.9 failed test 1.10 failed test 1.11 failed test 1.12 failed test 1.13 failed test 1.14 failed test 1.15 failed test 1.16 failed test 1.17 failed test 1.18 failed test 1.19 failed test 1.20 failed test 1.21 fail
compatibility	Audit all original shell drivers (includes documented diagnostic and locale differences)	2026-09-20T11:54:20.7776650Z T.utfre reference-failure 43 fails ^λ.$ ~ λλ 51 fails ^.해 ~ め해 52 fails ^.해 ~ め해해 64 fails 해* ~  68 fails 해* ~ めめめめ 69 fails 해해* ~ 해 71 fails 해해* ~ め해 84 fails xθ+y ~ xθθy 85 fails xθ+y ~ xθθθθθθy 89 fails xθ?y ~ xy 92 fails θ?b?の? ~  93 fails θ?b?の? ~ x 106 fails [Α-Ω] !~ β 108 fails [^Α-Ω] ~ δ 119 fails [Α-ΔΦ-Ω] !~ Π 120 fails [Α-ΔΦ-Ω] !~ Σ
compatibility	Audit original UTF-8 drivers	﻿2026-09-20T11:54:20.7981570Z ##[group]Run python3 scripts/full_driver_audit.py --drivers T.utf T.utfre --locale en_US.UTF-8 --check --output diary/unicode-driver-results-ci.json
compatibility	Audit original UTF-8 drivers	2026-09-20T11:54:20.7983100Z [36;1mpython3 scripts/full_driver_audit.py --drivers T.utf T.utfre --locale en_US.UTF-8 --check --output diary/unicode-driver-results-ci.json[0m
compatibility	Audit original UTF-8 drivers	2026-09-20T11:54:20.8082060Z shell: /bin/bash -e {0}
compatibility	Audit original UTF-8 drivers	2026-09-20T11:54:20.8082500Z env:
compatibility	Audit original UTF-8 drivers	2026-09-20T11:54:20.8082740Z   LC_ALL: C
compatibility	Audit original UTF-8 drivers	2026-09-20T11:54:20.8083980Z   CARGO_INCREMENTAL: 0
compatibility	Audit original UTF-8 drivers	2026-09-20T11:54:20.8085610Z   RUSTUP_TOOLCHAIN: 1.96.0
compatibility	Audit original UTF-8 drivers	2026-09-20T11:54:20.8085910Z ##[endgroup]
compatibility	Audit original UTF-8 drivers	2026-09-20T11:54:24.9780920Z T.utf pass 
compatibility	Audit original UTF-8 drivers	2026-09-20T11:54:30.1299990Z T.utfre pass 
compatibility	Retain full driver evidence	﻿2026-09-20T11:54:30.1476400Z Node 20 is being deprecated. This workflow is running with Node 24 by default. If you need to temporarily use Node 20, you can set the ACTIONS_ALLOW_USE_UNSECURE_NODE_VERSION=true environment variable. For more information see: https://github.blog/changelog/2025-09-19-deprecation-of-node-20-on-github-actions-runners/
compatibility	Retain full driver evidence	2026-09-20T11:54:30.1481930Z ##[group]Run actions/upload-artifact@ea165f8d65b6e75b540449e92b4886f43607fa02
compatibility	Retain full driver evidence	2026-09-20T11:54:30.1482380Z with:
compatibility	Retain full driver evidence	2026-09-20T11:54:30.1482540Z   name: original-driver-audit
compatibility	Retain full driver evidence	2026-09-20T11:54:30.1482960Z   path: rawk/diary/full-driver-results-ci.json
compatibility	Retain full driver evidence	rawk/diary/unicode-driver-results-ci.json
compatibility	Retain full driver evidence	
compatibility	Retain full driver evidence	2026-09-20T11:54:30.1483340Z   if-no-files-found: error
compatibility	Retain full driver evidence	2026-09-20T11:54:30.1483660Z   compression-level: 6
compatibility	Retain full driver evidence	2026-09-20T11:54:30.1483950Z   overwrite: false
compatibility	Retain full driver evidence	2026-09-20T11:54:30.1484180Z   include-hidden-files: false
compatibility	Retain full driver evidence	2026-09-20T11:54:30.1484470Z env:
compatibility	Retain full driver evidence	2026-09-20T11:54:30.1484640Z   LC_ALL: C
compatibility	Retain full driver evidence	2026-09-20T11:54:30.1484890Z   CARGO_INCREMENTAL: 0
compatibility	Retain full driver evidence	2026-09-20T11:54:30.1485110Z   RUSTUP_TOOLCHAIN: 1.96.0
compatibility	Retain full driver evidence	2026-09-20T11:54:30.1485470Z ##[endgroup]
compatibility	Retain full driver evidence	2026-09-20T11:54:30.5629780Z (node:67921) [DEP0040] DeprecationWarning: The `punycode` module is deprecated. Please use a userland alternative instead.
compatibility	Retain full driver evidence	2026-09-20T11:54:30.5630620Z (Use `node --trace-deprecation ...` to show where the warning was created)
compatibility	Retain full driver evidence	2026-09-20T11:54:30.5718770Z Multiple search paths detected. Calculating the least common ancestor of all paths
compatibility	Retain full driver evidence	2026-09-20T11:54:30.5724900Z The least common ancestor is /Users/runner/work/rawk/rawk/rawk/diary. This will be the root directory of the artifact
compatibility	Retain full driver evidence	2026-09-20T11:54:30.5725660Z With the provided path, there will be 2 files uploaded
compatibility	Retain full driver evidence	2026-09-20T11:54:30.5726120Z Artifact name is valid!
compatibility	Retain full driver evidence	2026-09-20T11:54:30.5726380Z Root directory input is valid!
compatibility	Retain full driver evidence	2026-09-20T11:54:30.9825980Z Beginning upload of artifact content to blob storage
compatibility	Retain full driver evidence	2026-09-20T11:54:31.0117370Z (node:67921) [DEP0169] DeprecationWarning: `url.parse()` behavior is not standardized and prone to errors that have security implications. Use the WHATWG URL API instead. CVEs are not issued for `url.parse()` vulnerabilities.
compatibility	Retain full driver evidence	2026-09-20T11:54:31.2847060Z Uploaded bytes 11670
compatibility	Retain full driver evidence	2026-09-20T11:54:31.3563770Z Finished uploading artifact content to blob storage!
compatibility	Retain full driver evidence	2026-09-20T11:54:31.3565320Z SHA256 digest of uploaded artifact zip is 5d854a68301bf8c52f754a0ff44ca54645ac629cda7752b34515e717e1d283b8
compatibility	Retain full driver evidence	2026-09-20T11:54:31.3566500Z Finalizing artifact upload
compatibility	Retain full driver evidence	2026-09-20T11:54:31.6542930Z Artifact original-driver-audit.zip successfully finalized. Artifact ID 10604173566
compatibility	Retain full driver evidence	2026-09-20T11:54:31.6544710Z Artifact original-driver-audit has been successfully uploaded! Final size is 11670 bytes. Artifact ID is 10604173566
compatibility	Retain full driver evidence	2026-09-20T11:54:31.6546630Z Artifact download URL: https://github.com/francescotinti/rawk/actions/runs/35508846617/artifacts/10604173566
compatibility	Post Run actions/checkout@11bd71901bbe5b1630ceea73d27597364c9af683	﻿2026-09-20T11:54:31.6692440Z Node 20 is being deprecated. This workflow is running with Node 24 by default. If you need to temporarily use Node 20, you can set the ACTIONS_ALLOW_USE_UNSECURE_NODE_VERSION=true environment variable. For more information see: https://github.blog/changelog/2025-09-19-deprecation-of-node-20-on-github-actions-runners/
compatibility	Post Run actions/checkout@11bd71901bbe5b1630ceea73d27597364c9af683	2026-09-20T11:54:31.6693580Z Post job cleanup.
compatibility	Post Run actions/checkout@11bd71901bbe5b1630ceea73d27597364c9af683	2026-09-20T11:54:31.7841580Z [command]/opt/homebrew/bin/git version
compatibility	Post Run actions/checkout@11bd71901bbe5b1630ceea73d27597364c9af683	2026-09-20T11:54:31.7936310Z git version 2.55.0
compatibility	Post Run actions/checkout@11bd71901bbe5b1630ceea73d27597364c9af683	2026-09-20T11:54:31.7958330Z Copying '/Users/runner/.gitconfig' to '/Users/runner/work/_temp/5351c52d-4025-498c-9473-9be7bd0a38f4/.gitconfig'
compatibility	Post Run actions/checkout@11bd71901bbe5b1630ceea73d27597364c9af683	2026-09-20T11:54:31.7970330Z Temporarily overriding HOME='/Users/runner/work/_temp/5351c52d-4025-498c-9473-9be7bd0a38f4' before making global git config changes
compatibility	Post Run actions/checkout@11bd71901bbe5b1630ceea73d27597364c9af683	2026-09-20T11:54:31.7971220Z Adding repository directory to the temporary git global config as a safe directory
compatibility	Post Run actions/checkout@11bd71901bbe5b1630ceea73d27597364c9af683	2026-09-20T11:54:31.7976470Z [command]/opt/homebrew/bin/git config --global --add safe.directory /Users/runner/work/rawk/rawk/rawk
compatibility	Post Run actions/checkout@11bd71901bbe5b1630ceea73d27597364c9af683	2026-09-20T11:54:31.8092040Z [command]/opt/homebrew/bin/git config --local --name-only --get-regexp core\.sshCommand
compatibility	Post Run actions/checkout@11bd71901bbe5b1630ceea73d27597364c9af683	2026-09-20T11:54:31.8162440Z [command]/opt/homebrew/bin/git submodule foreach --recursive sh -c "git config --local --name-only --get-regexp 'core\.sshCommand' && git config --local --unset-all 'core.sshCommand' || :"
compatibility	Post Run actions/checkout@11bd71901bbe5b1630ceea73d27597364c9af683	2026-09-20T11:54:31.9125410Z [command]/opt/homebrew/bin/git config --local --name-only --get-regexp http\.https\:\/\/github\.com\/\.extraheader
compatibility	Post Run actions/checkout@11bd71901bbe5b1630ceea73d27597364c9af683	2026-09-20T11:54:31.9183890Z http.https://github.com/.extraheader
compatibility	Post Run actions/checkout@11bd71901bbe5b1630ceea73d27597364c9af683	2026-09-20T11:54:31.9186770Z [command]/opt/homebrew/bin/git config --local --unset-all http.https://github.com/.extraheader
compatibility	Post Run actions/checkout@11bd71901bbe5b1630ceea73d27597364c9af683	2026-09-20T11:54:31.9271710Z [command]/opt/homebrew/bin/git submodule foreach --recursive sh -c "git config --local --name-only --get-regexp 'http\.https\:\/\/github\.com\/\.extraheader' && git config --local --unset-all 'http.https://github.com/.extraheader' || :"
compatibility	Complete job	﻿2026-09-20T11:54:32.0168090Z Cleaning up orphan processes
compatibility	Complete job	2026-09-20T11:54:33.6357860Z ##[warning]Node.js 20 is deprecated. The following actions target Node.js 20 but are being forced to run on Node.js 24: actions/checkout@11bd71901bbe5b1630ceea73d27597364c9af683, actions/upload-artifact@ea165f8d65b6e75b540449e92b4886f43607fa02. For more information see: https://github.blog/changelog/2025-09-19-deprecation-of-node-20-on-github-actions-runners/
linux-portability (ubuntu-24.04)	Set up job	﻿2026-09-20T11:48:23.9496206Z Current runner version: '2.337.0'
linux-portability (ubuntu-24.04)	Set up job	2026-09-20T11:48:23.9535532Z ##[group]Runner Image Provisioner
linux-portability (ubuntu-24.04)	Set up job	2026-09-20T11:48:23.9537048Z Hosted Compute Agent
linux-portability (ubuntu-24.04)	Set up job	2026-09-20T11:48:23.9538074Z Version: 20260828.587
linux-portability (ubuntu-24.04)	Set up job	2026-09-20T11:48:23.9539362Z Commit: abac92662cab4cc7352de4f9f9d2e2419aad9c29
linux-portability (ubuntu-24.04)	Set up job	2026-09-20T11:48:23.9540705Z Build Date: 2026-08-28T16:44:25Z
linux-portability (ubuntu-24.04)	Set up job	2026-09-20T11:48:23.9541968Z Worker ID: {634c6db8-80d8-409e-a9c4-c18b5ee9448e}
linux-portability (ubuntu-24.04)	Set up job	2026-09-20T11:48:23.9543220Z Azure Region: eastus
linux-portability (ubuntu-24.04)	Set up job	2026-09-20T11:48:23.9544297Z ##[endgroup]
linux-portability (ubuntu-24.04)	Set up job	2026-09-20T11:48:23.9546903Z ##[group]Operating System
linux-portability (ubuntu-24.04)	Set up job	2026-09-20T11:48:23.9548005Z Ubuntu
linux-portability (ubuntu-24.04)	Set up job	2026-09-20T11:48:23.9549029Z 24.04.5
linux-portability (ubuntu-24.04)	Set up job	2026-09-20T11:48:23.9549904Z LTS
linux-portability (ubuntu-24.04)	Set up job	2026-09-20T11:48:23.9550908Z ##[endgroup]
linux-portability (ubuntu-24.04)	Set up job	2026-09-20T11:48:23.9551976Z ##[group]Runner Image
linux-portability (ubuntu-24.04)	Set up job	2026-09-20T11:48:23.9553139Z Image: ubuntu-24.04
linux-portability (ubuntu-24.04)	Set up job	2026-09-20T11:48:23.9554356Z Version: 20260907.300.1
linux-portability (ubuntu-24.04)	Set up job	2026-09-20T11:48:23.9556585Z Included Software: https://github.com/actions/runner-images/blob/ubuntu24/20260907.300/images/ubuntu/Ubuntu2404-Readme.md
linux-portability (ubuntu-24.04)	Set up job	2026-09-20T11:48:23.9559739Z Image Release: https://github.com/actions/runner-images/releases/tag/ubuntu24%2F20260907.300
linux-portability (ubuntu-24.04)	Set up job	2026-09-20T11:48:23.9561723Z ##[endgroup]
linux-portability (ubuntu-24.04)	Set up job	2026-09-20T11:48:23.9563610Z ##[group]GITHUB_TOKEN Permissions
linux-portability (ubuntu-24.04)	Set up job	2026-09-20T11:48:23.9566600Z Contents: read
linux-portability (ubuntu-24.04)	Set up job	2026-09-20T11:48:23.9567728Z Metadata: read
linux-portability (ubuntu-24.04)	Set up job	2026-09-20T11:48:23.9568901Z ##[endgroup]
linux-portability (ubuntu-24.04)	Set up job	2026-09-20T11:48:23.9572082Z Secret source: Actions
linux-portability (ubuntu-24.04)	Set up job	2026-09-20T11:48:23.9573748Z Cache mode: write
linux-portability (ubuntu-24.04)	Set up job	2026-09-20T11:48:23.9575139Z Prepare workflow directory
linux-portability (ubuntu-24.04)	Set up job	2026-09-20T11:48:24.0188110Z Prepare all required actions
linux-portability (ubuntu-24.04)	Set up job	2026-09-20T11:48:24.0261825Z Getting action download info
linux-portability (ubuntu-24.04)	Set up job	2026-09-20T11:48:24.1818144Z Download action repository 'actions/checkout@11bd71901bbe5b1630ceea73d27597364c9af683' (SHA:11bd71901bbe5b1630ceea73d27597364c9af683)
linux-portability (ubuntu-24.04)	Set up job	2026-09-20T11:48:24.3284032Z Download action repository 'actions/upload-artifact@ea165f8d65b6e75b540449e92b4886f43607fa02' (SHA:ea165f8d65b6e75b540449e92b4886f43607fa02)
linux-portability (ubuntu-24.04)	Set up job	2026-09-20T11:48:24.5385627Z Complete job name: linux-portability (ubuntu-24.04)
linux-portability (ubuntu-24.04)	Run actions/checkout@11bd71901bbe5b1630ceea73d27597364c9af683	﻿2026-09-20T11:48:24.6169521Z Node 20 is being deprecated. This workflow is running with Node 24 by default. If you need to temporarily use Node 20, you can set the ACTIONS_ALLOW_USE_UNSECURE_NODE_VERSION=true environment variable. For more information see: https://github.blog/changelog/2025-09-19-deprecation-of-node-20-on-github-actions-runners/
linux-portability (ubuntu-24.04)	Run actions/checkout@11bd71901bbe5b1630ceea73d27597364c9af683	2026-09-20T11:48:24.6178712Z ##[group]Run actions/checkout@11bd71901bbe5b1630ceea73d27597364c9af683
linux-portability (ubuntu-24.04)	Run actions/checkout@11bd71901bbe5b1630ceea73d27597364c9af683	2026-09-20T11:48:24.6179700Z with:
linux-portability (ubuntu-24.04)	Run actions/checkout@11bd71901bbe5b1630ceea73d27597364c9af683	2026-09-20T11:48:24.6180142Z   path: rawk
linux-portability (ubuntu-24.04)	Run actions/checkout@11bd71901bbe5b1630ceea73d27597364c9af683	2026-09-20T11:48:24.6180657Z   repository: francescotinti/rawk
linux-portability (ubuntu-24.04)	Run actions/checkout@11bd71901bbe5b1630ceea73d27597364c9af683	2026-09-20T11:48:24.6184339Z   token: ***
linux-portability (ubuntu-24.04)	Run actions/checkout@11bd71901bbe5b1630ceea73d27597364c9af683	2026-09-20T11:48:24.6185018Z   ssh-strict: true
linux-portability (ubuntu-24.04)	Run actions/checkout@11bd71901bbe5b1630ceea73d27597364c9af683	2026-09-20T11:48:24.6185466Z   ssh-user: git
linux-portability (ubuntu-24.04)	Run actions/checkout@11bd71901bbe5b1630ceea73d27597364c9af683	2026-09-20T11:48:24.6185913Z   persist-credentials: true
linux-portability (ubuntu-24.04)	Run actions/checkout@11bd71901bbe5b1630ceea73d27597364c9af683	2026-09-20T11:48:24.6186403Z   clean: true
linux-portability (ubuntu-24.04)	Run actions/checkout@11bd71901bbe5b1630ceea73d27597364c9af683	2026-09-20T11:48:24.6186853Z   sparse-checkout-cone-mode: true
linux-portability (ubuntu-24.04)	Run actions/checkout@11bd71901bbe5b1630ceea73d27597364c9af683	2026-09-20T11:48:24.6187370Z   fetch-depth: 1
linux-portability (ubuntu-24.04)	Run actions/checkout@11bd71901bbe5b1630ceea73d27597364c9af683	2026-09-20T11:48:24.6187795Z   fetch-tags: false
linux-portability (ubuntu-24.04)	Run actions/checkout@11bd71901bbe5b1630ceea73d27597364c9af683	2026-09-20T11:48:24.6188235Z   show-progress: true
linux-portability (ubuntu-24.04)	Run actions/checkout@11bd71901bbe5b1630ceea73d27597364c9af683	2026-09-20T11:48:24.6188747Z   lfs: false
linux-portability (ubuntu-24.04)	Run actions/checkout@11bd71901bbe5b1630ceea73d27597364c9af683	2026-09-20T11:48:24.6189247Z   submodules: false
linux-portability (ubuntu-24.04)	Run actions/checkout@11bd71901bbe5b1630ceea73d27597364c9af683	2026-09-20T11:48:24.6189699Z   set-safe-directory: true
linux-portability (ubuntu-24.04)	Run actions/checkout@11bd71901bbe5b1630ceea73d27597364c9af683	2026-09-20T11:48:24.6190466Z env:
linux-portability (ubuntu-24.04)	Run actions/checkout@11bd71901bbe5b1630ceea73d27597364c9af683	2026-09-20T11:48:24.6190878Z   LC_ALL: C
linux-portability (ubuntu-24.04)	Run actions/checkout@11bd71901bbe5b1630ceea73d27597364c9af683	2026-09-20T11:48:24.6191289Z   CARGO_INCREMENTAL: 0
linux-portability (ubuntu-24.04)	Run actions/checkout@11bd71901bbe5b1630ceea73d27597364c9af683	2026-09-20T11:48:24.6191761Z   RUSTUP_TOOLCHAIN: 1.96.0
linux-portability (ubuntu-24.04)	Run actions/checkout@11bd71901bbe5b1630ceea73d27597364c9af683	2026-09-20T11:48:24.6192233Z ##[endgroup]
linux-portability (ubuntu-24.04)	Run actions/checkout@11bd71901bbe5b1630ceea73d27597364c9af683	2026-09-20T11:48:24.7226705Z Syncing repository: francescotinti/rawk
linux-portability (ubuntu-24.04)	Run actions/checkout@11bd71901bbe5b1630ceea73d27597364c9af683	2026-09-20T11:48:24.7229796Z ##[group]Getting Git version info
linux-portability (ubuntu-24.04)	Run actions/checkout@11bd71901bbe5b1630ceea73d27597364c9af683	2026-09-20T11:48:24.7231018Z Working directory is '/home/runner/work/rawk/rawk/rawk'
linux-portability (ubuntu-24.04)	Run actions/checkout@11bd71901bbe5b1630ceea73d27597364c9af683	2026-09-20T11:48:24.7232655Z [command]/usr/bin/git version
linux-portability (ubuntu-24.04)	Run actions/checkout@11bd71901bbe5b1630ceea73d27597364c9af683	2026-09-20T11:48:24.7331736Z git version 2.55.0
linux-portability (ubuntu-24.04)	Run actions/checkout@11bd71901bbe5b1630ceea73d27597364c9af683	2026-09-20T11:48:24.7353649Z ##[endgroup]
linux-portability (ubuntu-24.04)	Run actions/checkout@11bd71901bbe5b1630ceea73d27597364c9af683	2026-09-20T11:48:24.7368659Z Temporarily overriding HOME='/home/runner/work/_temp/4ee3cc66-ed83-4f3f-b2ad-2225c913d6b5' before making global git config changes
linux-portability (ubuntu-24.04)	Run actions/checkout@11bd71901bbe5b1630ceea73d27597364c9af683	2026-09-20T11:48:24.7371129Z Adding repository directory to the temporary git global config as a safe directory
linux-portability (ubuntu-24.04)	Run actions/checkout@11bd71901bbe5b1630ceea73d27597364c9af683	2026-09-20T11:48:24.7373457Z [command]/usr/bin/git config --global --add safe.directory /home/runner/work/rawk/rawk/rawk
linux-portability (ubuntu-24.04)	Run actions/checkout@11bd71901bbe5b1630ceea73d27597364c9af683	2026-09-20T11:48:24.7432658Z ##[group]Initializing the repository
linux-portability (ubuntu-24.04)	Run actions/checkout@11bd71901bbe5b1630ceea73d27597364c9af683	2026-09-20T11:48:24.7435150Z [command]/usr/bin/git init /home/runner/work/rawk/rawk/rawk
linux-portability (ubuntu-24.04)	Run actions/checkout@11bd71901bbe5b1630ceea73d27597364c9af683	2026-09-20T11:48:24.7576326Z hint: Using 'master' as the name for the initial branch. This default branch name
linux-portability (ubuntu-24.04)	Run actions/checkout@11bd71901bbe5b1630ceea73d27597364c9af683	2026-09-20T11:48:24.7578228Z hint: will change to "main" in Git 3.0. To configure the initial branch name
linux-portability (ubuntu-24.04)	Run actions/checkout@11bd71901bbe5b1630ceea73d27597364c9af683	2026-09-20T11:48:24.7580087Z hint: to use in all of your new repositories, which will suppress this warning,
linux-portability (ubuntu-24.04)	Run actions/checkout@11bd71901bbe5b1630ceea73d27597364c9af683	2026-09-20T11:48:24.7581867Z hint: call:
linux-portability (ubuntu-24.04)	Run actions/checkout@11bd71901bbe5b1630ceea73d27597364c9af683	2026-09-20T11:48:24.7582721Z hint:
linux-portability (ubuntu-24.04)	Run actions/checkout@11bd71901bbe5b1630ceea73d27597364c9af683	2026-09-20T11:48:24.7583727Z hint: 	git config --global init.defaultBranch <name>
linux-portability (ubuntu-24.04)	Run actions/checkout@11bd71901bbe5b1630ceea73d27597364c9af683	2026-09-20T11:48:24.7585154Z hint:
linux-portability (ubuntu-24.04)	Run actions/checkout@11bd71901bbe5b1630ceea73d27597364c9af683	2026-09-20T11:48:24.7586454Z hint: Names commonly chosen instead of 'master' are 'main', 'trunk' and
linux-portability (ubuntu-24.04)	Run actions/checkout@11bd71901bbe5b1630ceea73d27597364c9af683	2026-09-20T11:48:24.7588206Z hint: 'development'. The just-created branch can be renamed via this command:
linux-portability (ubuntu-24.04)	Run actions/checkout@11bd71901bbe5b1630ceea73d27597364c9af683	2026-09-20T11:48:24.7589660Z hint:
linux-portability (ubuntu-24.04)	Run actions/checkout@11bd71901bbe5b1630ceea73d27597364c9af683	2026-09-20T11:48:24.7590777Z hint: 	git branch -m <name>
linux-portability (ubuntu-24.04)	Run actions/checkout@11bd71901bbe5b1630ceea73d27597364c9af683	2026-09-20T11:48:24.7591917Z hint:
linux-portability (ubuntu-24.04)	Run actions/checkout@11bd71901bbe5b1630ceea73d27597364c9af683	2026-09-20T11:48:24.7593130Z hint: Disable this message with "git config set advice.defaultBranchName false"
linux-portability (ubuntu-24.04)	Run actions/checkout@11bd71901bbe5b1630ceea73d27597364c9af683	2026-09-20T11:48:24.7595249Z Initialized empty Git repository in /home/runner/work/rawk/rawk/rawk/.git/
linux-portability (ubuntu-24.04)	Run actions/checkout@11bd71901bbe5b1630ceea73d27597364c9af683	2026-09-20T11:48:24.7598358Z [command]/usr/bin/git remote add origin https://github.com/francescotinti/rawk
linux-portability (ubuntu-24.04)	Run actions/checkout@11bd71901bbe5b1630ceea73d27597364c9af683	2026-09-20T11:48:24.7662487Z ##[endgroup]
linux-portability (ubuntu-24.04)	Run actions/checkout@11bd71901bbe5b1630ceea73d27597364c9af683	2026-09-20T11:48:24.7663576Z ##[group]Disabling automatic garbage collection
linux-portability (ubuntu-24.04)	Run actions/checkout@11bd71901bbe5b1630ceea73d27597364c9af683	2026-09-20T11:48:24.7666408Z [command]/usr/bin/git config --local gc.auto 0
linux-portability (ubuntu-24.04)	Run actions/checkout@11bd71901bbe5b1630ceea73d27597364c9af683	2026-09-20T11:48:24.7703432Z ##[endgroup]
linux-portability (ubuntu-24.04)	Run actions/checkout@11bd71901bbe5b1630ceea73d27597364c9af683	2026-09-20T11:48:24.7705371Z ##[group]Setting up auth
linux-portability (ubuntu-24.04)	Run actions/checkout@11bd71901bbe5b1630ceea73d27597364c9af683	2026-09-20T11:48:24.7711367Z [command]/usr/bin/git config --local --name-only --get-regexp core\.sshCommand
linux-portability (ubuntu-24.04)	Run actions/checkout@11bd71901bbe5b1630ceea73d27597364c9af683	2026-09-20T11:48:24.7749387Z [command]/usr/bin/git submodule foreach --recursive sh -c "git config --local --name-only --get-regexp 'core\.sshCommand' && git config --local --unset-all 'core.sshCommand' || :"
linux-portability (ubuntu-24.04)	Run actions/checkout@11bd71901bbe5b1630ceea73d27597364c9af683	2026-09-20T11:48:24.8133880Z [command]/usr/bin/git config --local --name-only --get-regexp http\.https\:\/\/github\.com\/\.extraheader
linux-portability (ubuntu-24.04)	Run actions/checkout@11bd71901bbe5b1630ceea73d27597364c9af683	2026-09-20T11:48:24.8177696Z [command]/usr/bin/git submodule foreach --recursive sh -c "git config --local --name-only --get-regexp 'http\.https\:\/\/github\.com\/\.extraheader' && git config --local --unset-all 'http.https://github.com/.extraheader' || :"
linux-portability (ubuntu-24.04)	Run actions/checkout@11bd71901bbe5b1630ceea73d27597364c9af683	2026-09-20T11:48:24.8380742Z [command]/usr/bin/git config --local http.https://github.com/.extraheader AUTHORIZATION: basic ***
linux-portability (ubuntu-24.04)	Run actions/checkout@11bd71901bbe5b1630ceea73d27597364c9af683	2026-09-20T11:48:24.8420800Z ##[endgroup]
linux-portability (ubuntu-24.04)	Run actions/checkout@11bd71901bbe5b1630ceea73d27597364c9af683	2026-09-20T11:48:24.8421716Z ##[group]Fetching the repository
linux-portability (ubuntu-24.04)	Run actions/checkout@11bd71901bbe5b1630ceea73d27597364c9af683	2026-09-20T11:48:24.8431153Z [command]/usr/bin/git -c protocol.version=2 fetch --no-tags --prune --no-recurse-submodules --depth=1 origin +3b9facfebb6e29f4399f330be3ca7fbbfe591663:refs/remotes/origin/master
linux-portability (ubuntu-24.04)	Run actions/checkout@11bd71901bbe5b1630ceea73d27597364c9af683	2026-09-20T11:48:25.1439927Z From https://github.com/francescotinti/rawk
linux-portability (ubuntu-24.04)	Run actions/checkout@11bd71901bbe5b1630ceea73d27597364c9af683	2026-09-20T11:48:25.1442167Z  * [new ref]         3b9facfebb6e29f4399f330be3ca7fbbfe591663 -> origin/master
linux-portability (ubuntu-24.04)	Run actions/checkout@11bd71901bbe5b1630ceea73d27597364c9af683	2026-09-20T11:48:25.1447167Z ##[endgroup]
linux-portability (ubuntu-24.04)	Run actions/checkout@11bd71901bbe5b1630ceea73d27597364c9af683	2026-09-20T11:48:25.1449223Z ##[group]Determining the checkout info
linux-portability (ubuntu-24.04)	Run actions/checkout@11bd71901bbe5b1630ceea73d27597364c9af683	2026-09-20T11:48:25.1451658Z ##[endgroup]
linux-portability (ubuntu-24.04)	Run actions/checkout@11bd71901bbe5b1630ceea73d27597364c9af683	2026-09-20T11:48:25.1456973Z [command]/usr/bin/git sparse-checkout disable
linux-portability (ubuntu-24.04)	Run actions/checkout@11bd71901bbe5b1630ceea73d27597364c9af683	2026-09-20T11:48:25.1510433Z [command]/usr/bin/git config --local --unset-all extensions.worktreeConfig
linux-portability (ubuntu-24.04)	Run actions/checkout@11bd71901bbe5b1630ceea73d27597364c9af683	2026-09-20T11:48:25.1540784Z ##[group]Checking out the ref
linux-portability (ubuntu-24.04)	Run actions/checkout@11bd71901bbe5b1630ceea73d27597364c9af683	2026-09-20T11:48:25.1545743Z [command]/usr/bin/git checkout --progress --force -B master refs/remotes/origin/master
linux-portability (ubuntu-24.04)	Run actions/checkout@11bd71901bbe5b1630ceea73d27597364c9af683	2026-09-20T11:48:25.1882477Z Reset branch 'master'
linux-portability (ubuntu-24.04)	Run actions/checkout@11bd71901bbe5b1630ceea73d27597364c9af683	2026-09-20T11:48:25.1889203Z branch 'master' set up to track 'origin/master'.
linux-portability (ubuntu-24.04)	Run actions/checkout@11bd71901bbe5b1630ceea73d27597364c9af683	2026-09-20T11:48:25.1897353Z ##[endgroup]
linux-portability (ubuntu-24.04)	Run actions/checkout@11bd71901bbe5b1630ceea73d27597364c9af683	2026-09-20T11:48:25.1951259Z [command]/usr/bin/git log -1 --format=%H
linux-portability (ubuntu-24.04)	Run actions/checkout@11bd71901bbe5b1630ceea73d27597364c9af683	2026-09-20T11:48:25.1977043Z 3b9facfebb6e29f4399f330be3ca7fbbfe591663
linux-portability (ubuntu-24.04)	Install pinned Rust toolchain	﻿2026-09-20T11:48:25.2191383Z ##[group]Run rustup toolchain install 1.96.0 --profile minimal --component rustfmt --component clippy
linux-portability (ubuntu-24.04)	Install pinned Rust toolchain	2026-09-20T11:48:25.2192977Z [36;1mrustup toolchain install 1.96.0 --profile minimal --component rustfmt --component clippy[0m
linux-portability (ubuntu-24.04)	Install pinned Rust toolchain	2026-09-20T11:48:25.2234210Z shell: /usr/bin/bash -e {0}
linux-portability (ubuntu-24.04)	Install pinned Rust toolchain	2026-09-20T11:48:25.2235121Z env:
linux-portability (ubuntu-24.04)	Install pinned Rust toolchain	2026-09-20T11:48:25.2235600Z   LC_ALL: C
linux-portability (ubuntu-24.04)	Install pinned Rust toolchain	2026-09-20T11:48:25.2236084Z   CARGO_INCREMENTAL: 0
linux-portability (ubuntu-24.04)	Install pinned Rust toolchain	2026-09-20T11:48:25.2236654Z   RUSTUP_TOOLCHAIN: 1.96.0
linux-portability (ubuntu-24.04)	Install pinned Rust toolchain	2026-09-20T11:48:25.2237220Z ##[endgroup]
linux-portability (ubuntu-24.04)	Install pinned Rust toolchain	2026-09-20T11:48:25.2885844Z info: syncing channel updates for 1.96.0-x86_64-unknown-linux-gnu
linux-portability (ubuntu-24.04)	Install pinned Rust toolchain	2026-09-20T11:48:25.3991175Z info: latest update on 2026-05-28 for version 1.96.0 (ac68faa20 2026-05-25)
linux-portability (ubuntu-24.04)	Install pinned Rust toolchain	2026-09-20T11:48:25.3992327Z info: downloading 5 components
linux-portability (ubuntu-24.04)	Install pinned Rust toolchain	2026-09-20T11:48:33.2702035Z 
linux-portability (ubuntu-24.04)	Install pinned Rust toolchain	2026-09-20T11:48:33.2775494Z   1.96.0-x86_64-unknown-linux-gnu installed - rustc 1.96.0 (ac68faa20 2026-05-25)
linux-portability (ubuntu-24.04)	Install pinned Rust toolchain	2026-09-20T11:48:33.2776052Z 
linux-portability (ubuntu-24.04)	Prepare tested locales and C build tools	﻿2026-09-20T11:48:33.2882681Z ##[group]Run sudo apt-get update
linux-portability (ubuntu-24.04)	Prepare tested locales and C build tools	2026-09-20T11:48:33.2883145Z [36;1msudo apt-get update[0m
linux-portability (ubuntu-24.04)	Prepare tested locales and C build tools	2026-09-20T11:48:33.2883527Z [36;1msudo apt-get install -y build-essential bison locales[0m
linux-portability (ubuntu-24.04)	Prepare tested locales and C build tools	2026-09-20T11:48:33.2883965Z [36;1msudo localedef -i en_US -f UTF-8 en_US.UTF-8[0m
linux-portability (ubuntu-24.04)	Prepare tested locales and C build tools	2026-09-20T11:48:33.2884391Z [36;1msudo localedef -i tr_TR -f UTF-8 tr_TR.UTF-8[0m
linux-portability (ubuntu-24.04)	Prepare tested locales and C build tools	2026-09-20T11:48:33.2885174Z [36;1msudo localedef -i en_US -f ISO-8859-1 en_US.ISO8859-1[0m
linux-portability (ubuntu-24.04)	Prepare tested locales and C build tools	2026-09-20T11:48:33.2885801Z [36;1msudo localedef -i tr_TR -f ISO-8859-9 tr_TR.ISO8859-9[0m
linux-portability (ubuntu-24.04)	Prepare tested locales and C build tools	2026-09-20T11:48:33.2886316Z [36;1msudo localedef --no-warnings=ascii -i ja_JP -f SHIFT_JIS ja_JP.SJIS[0m
linux-portability (ubuntu-24.04)	Prepare tested locales and C build tools	2026-09-20T11:48:33.2886753Z [36;1mlocale -a[0m
linux-portability (ubuntu-24.04)	Prepare tested locales and C build tools	2026-09-20T11:48:33.2887255Z [36;1mcc -std=c11 -Wall -Wextra -Werror scripts/shift_jis_locale_probe.c -o /tmp/rawk-sjis-locale-probe[0m
linux-portability (ubuntu-24.04)	Prepare tested locales and C build tools	2026-09-20T11:48:33.2887804Z [36;1mset -o pipefail[0m
linux-portability (ubuntu-24.04)	Prepare tested locales and C build tools	2026-09-20T11:48:33.2888213Z [36;1m/tmp/rawk-sjis-locale-probe 2>&1 | tee diary/shift-jis-locale-ci.log[0m
linux-portability (ubuntu-24.04)	Prepare tested locales and C build tools	2026-09-20T11:48:33.2927724Z shell: /usr/bin/bash -e {0}
linux-portability (ubuntu-24.04)	Prepare tested locales and C build tools	2026-09-20T11:48:33.2928031Z env:
linux-portability (ubuntu-24.04)	Prepare tested locales and C build tools	2026-09-20T11:48:33.2928257Z   LC_ALL: C
linux-portability (ubuntu-24.04)	Prepare tested locales and C build tools	2026-09-20T11:48:33.2928492Z   CARGO_INCREMENTAL: 0
linux-portability (ubuntu-24.04)	Prepare tested locales and C build tools	2026-09-20T11:48:33.2928760Z   RUSTUP_TOOLCHAIN: 1.96.0
linux-portability (ubuntu-24.04)	Prepare tested locales and C build tools	2026-09-20T11:48:33.2929046Z ##[endgroup]
linux-portability (ubuntu-24.04)	Prepare tested locales and C build tools	2026-09-20T11:48:33.3842050Z Get:1 file:/etc/apt/apt-mirrors.txt Mirrorlist [144 B]
linux-portability (ubuntu-24.04)	Prepare tested locales and C build tools	2026-09-20T11:48:33.4122361Z Hit:2 http://azure.archive.ubuntu.com/ubuntu noble InRelease
linux-portability (ubuntu-24.04)	Prepare tested locales and C build tools	2026-09-20T11:48:33.4142077Z Get:3 http://azure.archive.ubuntu.com/ubuntu noble-updates InRelease [126 kB]
linux-portability (ubuntu-24.04)	Prepare tested locales and C build tools	2026-09-20T11:48:33.4217552Z Get:4 http://azure.archive.ubuntu.com/ubuntu noble-backports InRelease [126 kB]
linux-portability (ubuntu-24.04)	Prepare tested locales and C build tools	2026-09-20T11:48:33.4239868Z Get:5 http://azure.archive.ubuntu.com/ubuntu noble-security InRelease [126 kB]
linux-portability (ubuntu-24.04)	Prepare tested locales and C build tools	2026-09-20T11:48:33.4319031Z Get:6 https://dl.google.com/linux/chrome-stable/deb stable InRelease [2548 B]
linux-portability (ubuntu-24.04)	Prepare tested locales and C build tools	2026-09-20T11:48:33.5411406Z Get:7 http://azure.archive.ubuntu.com/ubuntu noble-updates/main amd64 Packages [1275 kB]
linux-portability (ubuntu-24.04)	Prepare tested locales and C build tools	2026-09-20T11:48:33.5585943Z Get:8 http://azure.archive.ubuntu.com/ubuntu noble-updates/main Translation-en [294 kB]
linux-portability (ubuntu-24.04)	Prepare tested locales and C build tools	2026-09-20T11:48:33.5749853Z Get:9 http://azure.archive.ubuntu.com/ubuntu noble-updates/main amd64 Components [180 kB]
linux-portability (ubuntu-24.04)	Prepare tested locales and C build tools	2026-09-20T11:48:33.5762011Z Get:10 http://azure.archive.ubuntu.com/ubuntu noble-updates/universe amd64 Packages [1689 kB]
linux-portability (ubuntu-24.04)	Prepare tested locales and C build tools	2026-09-20T11:48:33.5850447Z Get:11 http://azure.archive.ubuntu.com/ubuntu noble-updates/universe Translation-en [338 kB]
linux-portability (ubuntu-24.04)	Prepare tested locales and C build tools	2026-09-20T11:48:33.5863623Z Get:12 http://azure.archive.ubuntu.com/ubuntu noble-updates/universe amd64 Components [388 kB]
linux-portability (ubuntu-24.04)	Prepare tested locales and C build tools	2026-09-20T11:48:33.5912945Z Get:13 http://azure.archive.ubuntu.com/ubuntu noble-updates/restricted amd64 Packages [1580 kB]
linux-portability (ubuntu-24.04)	Prepare tested locales and C build tools	2026-09-20T11:48:33.6007587Z Get:14 http://azure.archive.ubuntu.com/ubuntu noble-updates/restricted Translation-en [359 kB]
linux-portability (ubuntu-24.04)	Prepare tested locales and C build tools	2026-09-20T11:48:33.6022627Z Get:15 http://azure.archive.ubuntu.com/ubuntu noble-updates/multiverse amd64 Packages [45.7 kB]
linux-portability (ubuntu-24.04)	Prepare tested locales and C build tools	2026-09-20T11:48:33.6029084Z Get:16 http://azure.archive.ubuntu.com/ubuntu noble-updates/multiverse Translation-en [13.1 kB]
linux-portability (ubuntu-24.04)	Prepare tested locales and C build tools	2026-09-20T11:48:33.6249653Z Get:23 https://packages.microsoft.com/ubuntu/24.04/prod noble InRelease [3600 B]
linux-portability (ubuntu-24.04)	Prepare tested locales and C build tools	2026-09-20T11:48:33.6508779Z Get:17 http://azure.archive.ubuntu.com/ubuntu noble-updates/multiverse amd64 Components [940 B]
linux-portability (ubuntu-24.04)	Prepare tested locales and C build tools	2026-09-20T11:48:33.6522239Z Get:18 http://azure.archive.ubuntu.com/ubuntu noble-backports/main amd64 Packages [65.9 kB]
linux-portability (ubuntu-24.04)	Prepare tested locales and C build tools	2026-09-20T11:48:33.6523062Z Get:19 http://azure.archive.ubuntu.com/ubuntu noble-backports/main amd64 Components [5768 B]
linux-portability (ubuntu-24.04)	Prepare tested locales and C build tools	2026-09-20T11:48:33.6524180Z Get:20 http://azure.archive.ubuntu.com/ubuntu noble-backports/universe amd64 Packages [34.6 kB]
linux-portability (ubuntu-24.04)	Prepare tested locales and C build tools	2026-09-20T11:48:33.6528885Z Get:21 http://azure.archive.ubuntu.com/ubuntu noble-backports/universe Translation-en [18.7 kB]
linux-portability (ubuntu-24.04)	Prepare tested locales and C build tools	2026-09-20T11:48:33.6530093Z Get:22 http://azure.archive.ubuntu.com/ubuntu noble-backports/universe amd64 Components [12.6 kB]
linux-portability (ubuntu-24.04)	Prepare tested locales and C build tools	2026-09-20T11:48:33.6546581Z Get:24 http://azure.archive.ubuntu.com/ubuntu noble-security/main amd64 Packages [1009 kB]
linux-portability (ubuntu-24.04)	Prepare tested locales and C build tools	2026-09-20T11:48:33.6603693Z Get:25 http://azure.archive.ubuntu.com/ubuntu noble-security/main Translation-en [214 kB]
linux-portability (ubuntu-24.04)	Prepare tested locales and C build tools	2026-09-20T11:48:33.6608654Z Get:26 http://azure.archive.ubuntu.com/ubuntu noble-security/main amd64 Components [46.4 kB]
linux-portability (ubuntu-24.04)	Prepare tested locales and C build tools	2026-09-20T11:48:33.6626485Z Get:27 http://azure.archive.ubuntu.com/ubuntu noble-security/universe amd64 Packages [1208 kB]
linux-portability (ubuntu-24.04)	Prepare tested locales and C build tools	2026-09-20T11:48:33.6686117Z Get:28 http://azure.archive.ubuntu.com/ubuntu noble-security/universe Translation-en [243 kB]
linux-portability (ubuntu-24.04)	Prepare tested locales and C build tools	2026-09-20T11:48:33.6703957Z Get:29 http://azure.archive.ubuntu.com/ubuntu noble-security/universe amd64 Components [76.2 kB]
linux-portability (ubuntu-24.04)	Prepare tested locales and C build tools	2026-09-20T11:48:33.6709132Z Get:30 http://azure.archive.ubuntu.com/ubuntu noble-security/restricted amd64 Packages [1449 kB]
linux-portability (ubuntu-24.04)	Prepare tested locales and C build tools	2026-09-20T11:48:33.6779776Z Get:31 http://azure.archive.ubuntu.com/ubuntu noble-security/restricted Translation-en [336 kB]
linux-portability (ubuntu-24.04)	Prepare tested locales and C build tools	2026-09-20T11:48:33.7222008Z Get:33 https://dl.google.com/linux/chrome-stable/deb stable/main amd64 Packages [1408 B]
linux-portability (ubuntu-24.04)	Prepare tested locales and C build tools	2026-09-20T11:48:33.7231044Z Get:32 http://azure.archive.ubuntu.com/ubuntu noble-security/multiverse Translation-en [11.3 kB]
linux-portability (ubuntu-24.04)	Prepare tested locales and C build tools	2026-09-20T11:48:33.7495873Z Get:34 https://packages.microsoft.com/ubuntu/24.04/prod noble/main arm64 Packages [429 kB]
linux-portability (ubuntu-24.04)	Prepare tested locales and C build tools	2026-09-20T11:48:33.7548628Z Get:35 https://packages.microsoft.com/ubuntu/24.04/prod noble/main amd64 Packages [478 kB]
linux-portability (ubuntu-24.04)	Prepare tested locales and C build tools	2026-09-20T11:48:37.9646813Z Fetched 12.2 MB in 1s (9075 kB/s)
linux-portability (ubuntu-24.04)	Prepare tested locales and C build tools	2026-09-20T11:48:38.7642121Z Reading package lists...
linux-portability (ubuntu-24.04)	Prepare tested locales and C build tools	2026-09-20T11:48:38.7951654Z Reading package lists...
linux-portability (ubuntu-24.04)	Prepare tested locales and C build tools	2026-09-20T11:48:38.9857208Z Building dependency tree...
linux-portability (ubuntu-24.04)	Prepare tested locales and C build tools	2026-09-20T11:48:38.9865036Z Reading state information...
linux-portability (ubuntu-24.04)	Prepare tested locales and C build tools	2026-09-20T11:48:39.1658493Z The following additional packages will be installed:
linux-portability (ubuntu-24.04)	Prepare tested locales and C build tools	2026-09-20T11:48:39.1663577Z   libc-bin libc-dev-bin libc6 libc6-dev libc6-i386
linux-portability (ubuntu-24.04)	Prepare tested locales and C build tools	2026-09-20T11:48:39.1670192Z Suggested packages:
linux-portability (ubuntu-24.04)	Prepare tested locales and C build tools	2026-09-20T11:48:39.1670861Z   bison-doc glibc-doc libnss-nis libnss-nisplus manpages-dev
linux-portability (ubuntu-24.04)	Prepare tested locales and C build tools	2026-09-20T11:48:39.1671247Z Recommended packages:
linux-portability (ubuntu-24.04)	Prepare tested locales and C build tools	2026-09-20T11:48:39.1671485Z   manpages-dev libc-devtools
linux-portability (ubuntu-24.04)	Prepare tested locales and C build tools	2026-09-20T11:48:39.1973157Z The following NEW packages will be installed:
linux-portability (ubuntu-24.04)	Prepare tested locales and C build tools	2026-09-20T11:48:39.1981432Z   build-essential
linux-portability (ubuntu-24.04)	Prepare tested locales and C build tools	2026-09-20T11:48:39.1985131Z The following packages will be upgraded:
linux-portability (ubuntu-24.04)	Prepare tested locales and C build tools	2026-09-20T11:48:39.1992595Z   bison libc-bin libc-dev-bin libc6 libc6-dev libc6-i386 locales
linux-portability (ubuntu-24.04)	Prepare tested locales and C build tools	2026-09-20T11:48:39.2200010Z 7 upgraded, 1 newly installed, 0 to remove and 66 not upgraded.
linux-portability (ubuntu-24.04)	Prepare tested locales and C build tools	2026-09-20T11:48:39.2200707Z Need to get 13.9 MB of archives.
linux-portability (ubuntu-24.04)	Prepare tested locales and C build tools	2026-09-20T11:48:39.2201065Z After this operation, 27.6 kB of additional disk space will be used.
linux-portability (ubuntu-24.04)	Prepare tested locales and C build tools	2026-09-20T11:48:39.2201507Z Get:1 file:/etc/apt/apt-mirrors.txt Mirrorlist [144 B]
linux-portability (ubuntu-24.04)	Prepare tested locales and C build tools	2026-09-20T11:48:39.2431098Z Get:2 http://azure.archive.ubuntu.com/ubuntu noble-updates/main amd64 libc6-dev amd64 2.39-0ubuntu8.9 [2126 kB]
linux-portability (ubuntu-24.04)	Prepare tested locales and C build tools	2026-09-20T11:48:39.2668957Z Get:3 http://azure.archive.ubuntu.com/ubuntu noble-updates/main amd64 libc-dev-bin amd64 2.39-0ubuntu8.9 [20.4 kB]
linux-portability (ubuntu-24.04)	Prepare tested locales and C build tools	2026-09-20T11:48:39.2739355Z Get:4 http://azure.archive.ubuntu.com/ubuntu noble-updates/main amd64 libc6-i386 amd64 2.39-0ubuntu8.9 [2787 kB]
linux-portability (ubuntu-24.04)	Prepare tested locales and C build tools	2026-09-20T11:48:39.3060868Z Get:5 http://azure.archive.ubuntu.com/ubuntu noble-updates/main amd64 libc6 amd64 2.39-0ubuntu8.9 [3264 kB]
linux-portability (ubuntu-24.04)	Prepare tested locales and C build tools	2026-09-20T11:48:39.3368550Z Get:6 http://azure.archive.ubuntu.com/ubuntu noble-updates/main amd64 libc-bin amd64 2.39-0ubuntu8.9 [682 kB]
linux-portability (ubuntu-24.04)	Prepare tested locales and C build tools	2026-09-20T11:48:39.3494122Z Get:7 http://azure.archive.ubuntu.com/ubuntu noble-updates/main amd64 locales all 2.39-0ubuntu8.9 [4232 kB]
linux-portability (ubuntu-24.04)	Prepare tested locales and C build tools	2026-09-20T11:48:39.3919382Z Get:8 http://azure.archive.ubuntu.com/ubuntu noble-updates/main amd64 bison amd64 2:3.8.2+dfsg-1ubuntu0.24.04.1 [749 kB]
linux-portability (ubuntu-24.04)	Prepare tested locales and C build tools	2026-09-20T11:48:39.4052698Z Get:9 http://azure.archive.ubuntu.com/ubuntu noble/main amd64 build-essential amd64 12.10ubuntu1 [4928 B]
linux-portability (ubuntu-24.04)	Prepare tested locales and C build tools	2026-09-20T11:48:39.6327442Z Preconfiguring packages ...
linux-portability (ubuntu-24.04)	Prepare tested locales and C build tools	2026-09-20T11:48:39.7158699Z Fetched 13.9 MB in 0s (70.7 MB/s)
linux-portability (ubuntu-24.04)	Prepare tested locales and C build tools	2026-09-20T11:48:39.7729163Z (Reading database ... 
linux-portability (ubuntu-24.04)	Prepare tested locales and C build tools	2026-09-20T11:48:39.7730135Z (Reading database ... 5%
linux-portability (ubuntu-24.04)	Prepare tested locales and C build tools	2026-09-20T11:48:39.7730639Z (Reading database ... 10%
linux-portability (ubuntu-24.04)	Prepare tested locales and C build tools	2026-09-20T11:48:39.7731268Z (Reading database ... 15%
linux-portability (ubuntu-24.04)	Prepare tested locales and C build tools	2026-09-20T11:48:39.7731618Z (Reading database ... 20%
linux-portability (ubuntu-24.04)	Prepare tested locales and C build tools	2026-09-20T11:48:39.7731969Z (Reading database ... 25%
linux-portability (ubuntu-24.04)	Prepare tested locales and C build tools	2026-09-20T11:48:39.7732320Z (Reading database ... 30%
linux-portability (ubuntu-24.04)	Prepare tested locales and C build tools	2026-09-20T11:48:39.7732667Z (Reading database ... 35%
linux-portability (ubuntu-24.04)	Prepare tested locales and C build tools	2026-09-20T11:48:39.7733023Z (Reading database ... 40%
linux-portability (ubuntu-24.04)	Prepare tested locales and C build tools	2026-09-20T11:48:39.7733341Z (Reading database ... 45%
linux-portability (ubuntu-24.04)	Prepare tested locales and C build tools	2026-09-20T11:48:39.7733650Z (Reading database ... 50%
linux-portability (ubuntu-24.04)	Prepare tested locales and C build tools	2026-09-20T11:48:39.7806510Z (Reading database ... 55%
linux-portability (ubuntu-24.04)	Prepare tested locales and C build tools	2026-09-20T11:48:39.9501879Z (Reading database ... 60%
linux-portability (ubuntu-24.04)	Prepare tested locales and C build tools	2026-09-20T11:48:40.1429591Z (Reading database ... 65%
linux-portability (ubuntu-24.04)	Prepare tested locales and C build tools	2026-09-20T11:48:40.3027838Z (Reading database ... 70%
linux-portability (ubuntu-24.04)	Prepare tested locales and C build tools	2026-09-20T11:48:40.4895450Z (Reading database ... 75%
linux-portability (ubuntu-24.04)	Prepare tested locales and C build tools	2026-09-20T11:48:40.6979167Z (Reading database ... 80%
linux-portability (ubuntu-24.04)	Prepare tested locales and C build tools	2026-09-20T11:48:40.8889172Z (Reading database ... 85%
linux-portability (ubuntu-24.04)	Prepare tested locales and C build tools	2026-09-20T11:48:41.0995510Z (Reading database ... 90%
linux-portability (ubuntu-24.04)	Prepare tested locales and C build tools	2026-09-20T11:48:41.3049118Z (Reading database ... 95%
linux-portability (ubuntu-24.04)	Prepare tested locales and C build tools	2026-09-20T11:48:41.3094911Z (Reading database ... 100%
linux-portability (ubuntu-24.04)	Prepare tested locales and C build tools	2026-09-20T11:48:41.3095815Z (Reading database ... 201818 files and directories currently installed.)
linux-portability (ubuntu-24.04)	Prepare tested locales and C build tools	2026-09-20T11:48:41.3096711Z Preparing to unpack .../libc6-dev_2.39-0ubuntu8.9_amd64.deb ...
linux-portability (ubuntu-24.04)	Prepare tested locales and C build tools	2026-09-20T11:48:41.3151317Z Unpacking libc6-dev:amd64 (2.39-0ubuntu8.9) over (2.39-0ubuntu8.8) ...
linux-portability (ubuntu-24.04)	Prepare tested locales and C build tools	2026-09-20T11:48:41.5379851Z Preparing to unpack .../libc-dev-bin_2.39-0ubuntu8.9_amd64.deb ...
linux-portability (ubuntu-24.04)	Prepare tested locales and C build tools	2026-09-20T11:48:41.5408655Z Unpacking libc-dev-bin (2.39-0ubuntu8.9) over (2.39-0ubuntu8.8) ...
linux-portability (ubuntu-24.04)	Prepare tested locales and C build tools	2026-09-20T11:48:41.5829362Z Preparing to unpack .../libc6-i386_2.39-0ubuntu8.9_amd64.deb ...
linux-portability (ubuntu-24.04)	Prepare tested locales and C build tools	2026-09-20T11:48:41.5960944Z Unpacking libc6-i386 (2.39-0ubuntu8.9) over (2.39-0ubuntu8.8) ...
linux-portability (ubuntu-24.04)	Prepare tested locales and C build tools	2026-09-20T11:48:41.7372046Z Preparing to unpack .../libc6_2.39-0ubuntu8.9_amd64.deb ...
linux-portability (ubuntu-24.04)	Prepare tested locales and C build tools	2026-09-20T11:48:41.8801025Z Unpacking libc6:amd64 (2.39-0ubuntu8.9) over (2.39-0ubuntu8.8) ...
linux-portability (ubuntu-24.04)	Prepare tested locales and C build tools	2026-09-20T11:48:42.0167215Z Setting up libc6:amd64 (2.39-0ubuntu8.9) ...
linux-portability (ubuntu-24.04)	Prepare tested locales and C build tools	2026-09-20T11:48:42.4460121Z (Reading database ... 
linux-portability (ubuntu-24.04)	Prepare tested locales and C build tools	2026-09-20T11:48:42.4461165Z (Reading database ... 5%
linux-portability (ubuntu-24.04)	Prepare tested locales and C build tools	2026-09-20T11:48:42.4461788Z (Reading database ... 10%
linux-portability (ubuntu-24.04)	Prepare tested locales and C build tools	2026-09-20T11:48:42.4462742Z (Reading database ... 15%
linux-portability (ubuntu-24.04)	Prepare tested locales and C build tools	2026-09-20T11:48:42.4463650Z (Reading database ... 20%
linux-portability (ubuntu-24.04)	Prepare tested locales and C build tools	2026-09-20T11:48:42.4464208Z (Reading database ... 25%
linux-portability (ubuntu-24.04)	Prepare tested locales and C build tools	2026-09-20T11:48:42.4464763Z (Reading database ... 30%
linux-portability (ubuntu-24.04)	Prepare tested locales and C build tools	2026-09-20T11:48:42.4465278Z (Reading database ... 35%
linux-portability (ubuntu-24.04)	Prepare tested locales and C build tools	2026-09-20T11:48:42.4465630Z (Reading database ... 40%
linux-portability (ubuntu-24.04)	Prepare tested locales and C build tools	2026-09-20T11:48:42.4466266Z (Reading database ... 45%
linux-portability (ubuntu-24.04)	Prepare tested locales and C build tools	2026-09-20T11:48:42.4466694Z (Reading database ... 50%
linux-portability (ubuntu-24.04)	Prepare tested locales and C build tools	2026-09-20T11:48:42.4470563Z (Reading database ... 55%
linux-portability (ubuntu-24.04)	Prepare tested locales and C build tools	2026-09-20T11:48:42.4572163Z (Reading database ... 60%
linux-portability (ubuntu-24.04)	Prepare tested locales and C build tools	2026-09-20T11:48:42.4594008Z (Reading database ... 65%
linux-portability (ubuntu-24.04)	Prepare tested locales and C build tools	2026-09-20T11:48:42.4625593Z (Reading database ... 70%
linux-portability (ubuntu-24.04)	Prepare tested locales and C build tools	2026-09-20T11:48:42.4652277Z (Reading database ... 75%
linux-portability (ubuntu-24.04)	Prepare tested locales and C build tools	2026-09-20T11:48:42.4794126Z (Reading database ... 80%
linux-portability (ubuntu-24.04)	Prepare tested locales and C build tools	2026-09-20T11:48:42.4814806Z (Reading database ... 85%
linux-portability (ubuntu-24.04)	Prepare tested locales and C build tools	2026-09-20T11:48:42.4889707Z (Reading database ... 90%
linux-portability (ubuntu-24.04)	Prepare tested locales and C build tools	2026-09-20T11:48:42.5113158Z (Reading database ... 95%
linux-portability (ubuntu-24.04)	Prepare tested locales and C build tools	2026-09-20T11:48:42.5113827Z (Reading database ... 100%
linux-portability (ubuntu-24.04)	Prepare tested locales and C build tools	2026-09-20T11:48:42.5115041Z (Reading database ... 201818 files and directories currently installed.)
linux-portability (ubuntu-24.04)	Prepare tested locales and C build tools	2026-09-20T11:48:42.5155593Z Preparing to unpack .../libc-bin_2.39-0ubuntu8.9_amd64.deb ...
linux-portability (ubuntu-24.04)	Prepare tested locales and C build tools	2026-09-20T11:48:42.5192805Z Unpacking libc-bin (2.39-0ubuntu8.9) over (2.39-0ubuntu8.8) ...
linux-portability (ubuntu-24.04)	Prepare tested locales and C build tools	2026-09-20T11:48:42.5782516Z Setting up libc-bin (2.39-0ubuntu8.9) ...
linux-portability (ubuntu-24.04)	Prepare tested locales and C build tools	2026-09-20T11:48:42.6519841Z (Reading database ... 
linux-portability (ubuntu-24.04)	Prepare tested locales and C build tools	2026-09-20T11:48:42.6520625Z (Reading database ... 5%
linux-portability (ubuntu-24.04)	Prepare tested locales and C build tools	2026-09-20T11:48:42.6521443Z (Reading database ... 10%
linux-portability (ubuntu-24.04)	Prepare tested locales and C build tools	2026-09-20T11:48:42.6522237Z (Reading database ... 15%
linux-portability (ubuntu-24.04)	Prepare tested locales and C build tools	2026-09-20T11:48:42.6522951Z (Reading database ... 20%
linux-portability (ubuntu-24.04)	Prepare tested locales and C build tools	2026-09-20T11:48:42.6523749Z (Reading database ... 25%
linux-portability (ubuntu-24.04)	Prepare tested locales and C build tools	2026-09-20T11:48:42.6524464Z (Reading database ... 30%
linux-portability (ubuntu-24.04)	Prepare tested locales and C build tools	2026-09-20T11:48:42.6525258Z (Reading database ... 35%
linux-portability (ubuntu-24.04)	Prepare tested locales and C build tools	2026-09-20T11:48:42.6525841Z (Reading database ... 40%
linux-portability (ubuntu-24.04)	Prepare tested locales and C build tools	2026-09-20T11:48:42.6526202Z (Reading database ... 45%
linux-portability (ubuntu-24.04)	Prepare tested locales and C build tools	2026-09-20T11:48:42.6526548Z (Reading database ... 50%
linux-portability (ubuntu-24.04)	Prepare tested locales and C build tools	2026-09-20T11:48:42.6531022Z (Reading database ... 55%
linux-portability (ubuntu-24.04)	Prepare tested locales and C build tools	2026-09-20T11:48:42.6635698Z (Reading database ... 60%
linux-portability (ubuntu-24.04)	Prepare tested locales and C build tools	2026-09-20T11:48:42.6658789Z (Reading database ... 65%
linux-portability (ubuntu-24.04)	Prepare tested locales and C build tools	2026-09-20T11:48:42.6693840Z (Reading database ... 70%
linux-portability (ubuntu-24.04)	Prepare tested locales and C build tools	2026-09-20T11:48:42.6728027Z (Reading database ... 75%
linux-portability (ubuntu-24.04)	Prepare tested locales and C build tools	2026-09-20T11:48:42.6884853Z (Reading database ... 80%
linux-portability (ubuntu-24.04)	Prepare tested locales and C build tools	2026-09-20T11:48:42.6915024Z (Reading database ... 85%
linux-portability (ubuntu-24.04)	Prepare tested locales and C build tools	2026-09-20T11:48:42.7010892Z (Reading database ... 90%
linux-portability (ubuntu-24.04)	Prepare tested locales and C build tools	2026-09-20T11:48:42.7227781Z (Reading database ... 95%
linux-portability (ubuntu-24.04)	Prepare tested locales and C build tools	2026-09-20T11:48:42.7228414Z (Reading database ... 100%
linux-portability (ubuntu-24.04)	Prepare tested locales and C build tools	2026-09-20T11:48:42.7229009Z (Reading database ... 201818 files and directories currently installed.)
linux-portability (ubuntu-24.04)	Prepare tested locales and C build tools	2026-09-20T11:48:42.7268678Z Preparing to unpack .../locales_2.39-0ubuntu8.9_all.deb ...
linux-portability (ubuntu-24.04)	Prepare tested locales and C build tools	2026-09-20T11:48:42.7340322Z Unpacking locales (2.39-0ubuntu8.9) over (2.39-0ubuntu8.8) ...
linux-portability (ubuntu-24.04)	Prepare tested locales and C build tools	2026-09-20T11:48:42.9693905Z Preparing to unpack .../bison_2%3a3.8.2+dfsg-1ubuntu0.24.04.1_amd64.deb ...
linux-portability (ubuntu-24.04)	Prepare tested locales and C build tools	2026-09-20T11:48:42.9778140Z Unpacking bison (2:3.8.2+dfsg-1ubuntu0.24.04.1) over (2:3.8.2+dfsg-1build2) ...
linux-portability (ubuntu-24.04)	Prepare tested locales and C build tools	2026-09-20T11:48:43.0572417Z Selecting previously unselected package build-essential.
linux-portability (ubuntu-24.04)	Prepare tested locales and C build tools	2026-09-20T11:48:43.0703337Z Preparing to unpack .../build-essential_12.10ubuntu1_amd64.deb ...
linux-portability (ubuntu-24.04)	Prepare tested locales and C build tools	2026-09-20T11:48:43.0714543Z Unpacking build-essential (12.10ubuntu1) ...
linux-portability (ubuntu-24.04)	Prepare tested locales and C build tools	2026-09-20T11:48:43.1104440Z Setting up locales (2.39-0ubuntu8.9) ...
linux-portability (ubuntu-24.04)	Prepare tested locales and C build tools	2026-09-20T11:48:43.6069578Z Generating locales (this might take a while)...
linux-portability (ubuntu-24.04)	Prepare tested locales and C build tools	2026-09-20T11:48:44.7306031Z   en_US.UTF-8... done
linux-portability (ubuntu-24.04)	Prepare tested locales and C build tools	2026-09-20T11:48:44.7308217Z Generation complete.
linux-portability (ubuntu-24.04)	Prepare tested locales and C build tools	2026-09-20T11:48:44.7498094Z Setting up bison (2:3.8.2+dfsg-1ubuntu0.24.04.1) ...
linux-portability (ubuntu-24.04)	Prepare tested locales and C build tools	2026-09-20T11:48:44.7576736Z Setting up libc6-i386 (2.39-0ubuntu8.9) ...
linux-portability (ubuntu-24.04)	Prepare tested locales and C build tools	2026-09-20T11:48:44.7626964Z Setting up libc-dev-bin (2.39-0ubuntu8.9) ...
linux-portability (ubuntu-24.04)	Prepare tested locales and C build tools	2026-09-20T11:48:44.7647464Z Setting up libc6-dev:amd64 (2.39-0ubuntu8.9) ...
linux-portability (ubuntu-24.04)	Prepare tested locales and C build tools	2026-09-20T11:48:44.7668339Z Setting up build-essential (12.10ubuntu1) ...
linux-portability (ubuntu-24.04)	Prepare tested locales and C build tools	2026-09-20T11:48:44.7699898Z Processing triggers for man-db (2.12.0-4build2) ...
linux-portability (ubuntu-24.04)	Prepare tested locales and C build tools	2026-09-20T11:48:44.7722369Z Not building database; man-db/auto-update is not 'true'.
linux-portability (ubuntu-24.04)	Prepare tested locales and C build tools	2026-09-20T11:48:44.7735807Z Processing triggers for libc-bin (2.39-0ubuntu8.9) ...
linux-portability (ubuntu-24.04)	Prepare tested locales and C build tools	2026-09-20T11:48:45.1826370Z 
linux-portability (ubuntu-24.04)	Prepare tested locales and C build tools	2026-09-20T11:48:45.1827017Z Running kernel seems to be up-to-date.
linux-portability (ubuntu-24.04)	Prepare tested locales and C build tools	2026-09-20T11:48:45.1829651Z 
linux-portability (ubuntu-24.04)	Prepare tested locales and C build tools	2026-09-20T11:48:45.1830202Z Restarting services...
linux-portability (ubuntu-24.04)	Prepare tested locales and C build tools	2026-09-20T11:48:45.3413615Z  systemctl restart chrony.service containerd.service cron.service haveged.service hv-kvp-daemon.service multipathd.service packagekit.service php8.3-fpm.service polkit.service rsyslog.service systemd-journald.service systemd-networkd.service systemd-resolved.service systemd-udevd.service udisks2.service
linux-portability (ubuntu-24.04)	Prepare tested locales and C build tools	2026-09-20T11:48:45.6995895Z 
linux-portability (ubuntu-24.04)	Prepare tested locales and C build tools	2026-09-20T11:48:45.6996600Z Service restarts being deferred:
linux-portability (ubuntu-24.04)	Prepare tested locales and C build tools	2026-09-20T11:48:45.6997216Z  systemctl restart ModemManager.service
linux-portability (ubuntu-24.04)	Prepare tested locales and C build tools	2026-09-20T11:48:45.6997718Z  /etc/needrestart/restart.d/dbus.service
linux-portability (ubuntu-24.04)	Prepare tested locales and C build tools	2026-09-20T11:48:45.6998231Z  systemctl restart docker.service
linux-portability (ubuntu-24.04)	Prepare tested locales and C build tools	2026-09-20T11:48:45.6998703Z  systemctl restart getty@tty1.service
linux-portability (ubuntu-24.04)	Prepare tested locales and C build tools	2026-09-20T11:48:45.6999224Z  systemctl restart hosted-compute-agent.service
linux-portability (ubuntu-24.04)	Prepare tested locales and C build tools	2026-09-20T11:48:45.6999868Z  systemctl restart networkd-dispatcher.service
linux-portability (ubuntu-24.04)	Prepare tested locales and C build tools	2026-09-20T11:48:45.7000432Z  systemctl restart serial-getty@ttyS0.service
linux-portability (ubuntu-24.04)	Prepare tested locales and C build tools	2026-09-20T11:48:45.7000981Z  systemctl restart systemd-logind.service
linux-portability (ubuntu-24.04)	Prepare tested locales and C build tools	2026-09-20T11:48:45.7001821Z  systemctl restart walinuxagent.service
linux-portability (ubuntu-24.04)	Prepare tested locales and C build tools	2026-09-20T11:48:45.7002139Z 
linux-portability (ubuntu-24.04)	Prepare tested locales and C build tools	2026-09-20T11:48:45.7002305Z No containers need to be restarted.
linux-portability (ubuntu-24.04)	Prepare tested locales and C build tools	2026-09-20T11:48:45.7002630Z 
linux-portability (ubuntu-24.04)	Prepare tested locales and C build tools	2026-09-20T11:48:45.7002807Z User sessions running outdated binaries:
linux-portability (ubuntu-24.04)	Prepare tested locales and C build tools	2026-09-20T11:48:45.7003327Z  runner @ user manager service: systemd[1279]
linux-portability (ubuntu-24.04)	Prepare tested locales and C build tools	2026-09-20T11:48:45.7135102Z 
linux-portability (ubuntu-24.04)	Prepare tested locales and C build tools	2026-09-20T11:48:45.7135774Z No VM guests are running outdated hypervisor (qemu) binaries on this host.
linux-portability (ubuntu-24.04)	Prepare tested locales and C build tools	2026-09-20T11:48:49.6716006Z C
linux-portability (ubuntu-24.04)	Prepare tested locales and C build tools	2026-09-20T11:48:49.6716409Z C.utf8
linux-portability (ubuntu-24.04)	Prepare tested locales and C build tools	2026-09-20T11:48:49.6716702Z POSIX
linux-portability (ubuntu-24.04)	Prepare tested locales and C build tools	2026-09-20T11:48:49.6716990Z en_US.iso88591
linux-portability (ubuntu-24.04)	Prepare tested locales and C build tools	2026-09-20T11:48:49.6717254Z en_US.utf8
linux-portability (ubuntu-24.04)	Prepare tested locales and C build tools	2026-09-20T11:48:49.6717437Z ja_JP.sjis
linux-portability (ubuntu-24.04)	Prepare tested locales and C build tools	2026-09-20T11:48:49.6717618Z tr_TR.iso88599
linux-portability (ubuntu-24.04)	Prepare tested locales and C build tools	2026-09-20T11:48:49.6717811Z tr_TR.utf8
linux-portability (ubuntu-24.04)	Prepare tested locales and C build tools	2026-09-20T11:48:50.7102556Z locale=ja_JP.SJIS codeset=SHIFT_JIS MB_CUR_MAX=2 wchar_t=4
linux-portability (ubuntu-24.04)	Prepare tested locales and C build tools	2026-09-20T11:48:50.7103554Z decode=2 wchar=0xff41
linux-portability (ubuntu-24.04)	Prepare tested locales and C build tools	2026-09-20T11:48:50.7104091Z encode=2
linux-portability (ubuntu-24.04)	Prepare tested locales and C build tools	2026-09-20T11:48:50.7104671Z truncated=incomplete
linux-portability (ubuntu-24.04)	Prepare tested locales and C build tools	2026-09-20T11:48:50.7105441Z invalid=error errno=84
linux-portability (ubuntu-24.04)	Build pinned original C oracle	﻿2026-09-20T11:48:50.7137801Z ##[group]Run git init ../c_awk
linux-portability (ubuntu-24.04)	Build pinned original C oracle	2026-09-20T11:48:50.7138139Z [36;1mgit init ../c_awk[0m
linux-portability (ubuntu-24.04)	Build pinned original C oracle	2026-09-20T11:48:50.7138540Z [36;1mgit -C ../c_awk remote add origin https://github.com/onetrueawk/awk.git[0m
linux-portability (ubuntu-24.04)	Build pinned original C oracle	2026-09-20T11:48:50.7139147Z [36;1mgit -C ../c_awk fetch --depth 1 origin 5739fd79bcfc75ba7526773d0cf634521f8aca3c[0m
linux-portability (ubuntu-24.04)	Build pinned original C oracle	2026-09-20T11:48:50.7139646Z [36;1mgit -C ../c_awk checkout --detach FETCH_HEAD[0m
linux-portability (ubuntu-24.04)	Build pinned original C oracle	2026-09-20T11:48:50.7139986Z [36;1mmake -C ../c_awk[0m
linux-portability (ubuntu-24.04)	Build pinned original C oracle	2026-09-20T11:48:50.7140242Z [36;1m../c_awk/a.out --version[0m
linux-portability (ubuntu-24.04)	Build pinned original C oracle	2026-09-20T11:48:50.7177302Z shell: /usr/bin/bash -e {0}
linux-portability (ubuntu-24.04)	Build pinned original C oracle	2026-09-20T11:48:50.7177575Z env:
linux-portability (ubuntu-24.04)	Build pinned original C oracle	2026-09-20T11:48:50.7177779Z   LC_ALL: C
linux-portability (ubuntu-24.04)	Build pinned original C oracle	2026-09-20T11:48:50.7177998Z   CARGO_INCREMENTAL: 0
linux-portability (ubuntu-24.04)	Build pinned original C oracle	2026-09-20T11:48:50.7178244Z   RUSTUP_TOOLCHAIN: 1.96.0
linux-portability (ubuntu-24.04)	Build pinned original C oracle	2026-09-20T11:48:50.7178492Z ##[endgroup]
linux-portability (ubuntu-24.04)	Build pinned original C oracle	2026-09-20T11:48:50.7256188Z hint: Using 'master' as the name for the initial branch. This default branch name
linux-portability (ubuntu-24.04)	Build pinned original C oracle	2026-09-20T11:48:50.7257171Z hint: will change to "main" in Git 3.0. To configure the initial branch name
linux-portability (ubuntu-24.04)	Build pinned original C oracle	2026-09-20T11:48:50.7258053Z hint: to use in all of your new repositories, which will suppress this warning,
linux-portability (ubuntu-24.04)	Build pinned original C oracle	2026-09-20T11:48:50.7258588Z hint: call:
linux-portability (ubuntu-24.04)	Build pinned original C oracle	2026-09-20T11:48:50.7258839Z hint:
linux-portability (ubuntu-24.04)	Build pinned original C oracle	2026-09-20T11:48:50.7259171Z hint: 	git config --global init.defaultBranch <name>
linux-portability (ubuntu-24.04)	Build pinned original C oracle	2026-09-20T11:48:50.7259770Z hint:
linux-portability (ubuntu-24.04)	Build pinned original C oracle	2026-09-20T11:48:50.7260439Z hint: Names commonly chosen instead of 'master' are 'main', 'trunk' and
linux-portability (ubuntu-24.04)	Build pinned original C oracle	2026-09-20T11:48:50.7261577Z hint: 'development'. The just-created branch can be renamed via this command:
linux-portability (ubuntu-24.04)	Build pinned original C oracle	2026-09-20T11:48:50.7262142Z hint:
linux-portability (ubuntu-24.04)	Build pinned original C oracle	2026-09-20T11:48:50.7262404Z hint: 	git branch -m <name>
linux-portability (ubuntu-24.04)	Build pinned original C oracle	2026-09-20T11:48:50.7262739Z hint:
linux-portability (ubuntu-24.04)	Build pinned original C oracle	2026-09-20T11:48:50.7263189Z hint: Disable this message with "git config set advice.defaultBranchName false"
linux-portability (ubuntu-24.04)	Build pinned original C oracle	2026-09-20T11:48:50.7263933Z Initialized empty Git repository in /home/runner/work/rawk/rawk/c_awk/.git/
linux-portability (ubuntu-24.04)	Build pinned original C oracle	2026-09-20T11:48:51.3092092Z From https://github.com/onetrueawk/awk
linux-portability (ubuntu-24.04)	Build pinned original C oracle	2026-09-20T11:48:51.3092837Z  * branch            5739fd79bcfc75ba7526773d0cf634521f8aca3c -> FETCH_HEAD
linux-portability (ubuntu-24.04)	Build pinned original C oracle	2026-09-20T11:48:51.3618170Z HEAD is now at 5739fd7 updated.
linux-portability (ubuntu-24.04)	Build pinned original C oracle	2026-09-20T11:48:51.3828761Z make: Entering directory '/home/runner/work/rawk/rawk/c_awk'
linux-portability (ubuntu-24.04)	Build pinned original C oracle	2026-09-20T11:48:51.3829566Z bison -d  awkgram.y
linux-portability (ubuntu-24.04)	Build pinned original C oracle	2026-09-20T11:48:51.3867765Z awkgram.y: warning: 44 shift/reduce conflicts [-Wconflicts-sr]
linux-portability (ubuntu-24.04)	Build pinned original C oracle	2026-09-20T11:48:51.3868466Z awkgram.y: warning: 85 reduce/reduce conflicts [-Wconflicts-rr]
linux-portability (ubuntu-24.04)	Build pinned original C oracle	2026-09-20T11:48:51.3869245Z awkgram.y: note: rerun with option '-Wcounterexamples' to generate conflict counterexamples
linux-portability (ubuntu-24.04)	Build pinned original C oracle	2026-09-20T11:48:51.5402802Z cc -g -Wall -pedantic -Wcast-qual   -O2   -c -o awkgram.tab.o awkgram.tab.c
linux-portability (ubuntu-24.04)	Build pinned original C oracle	2026-09-20T11:48:51.9042790Z cc -g -Wall -pedantic -Wcast-qual   -O2   -c -o b.o b.c
linux-portability (ubuntu-24.04)	Build pinned original C oracle	2026-09-20T11:48:52.3234445Z cc -g -Wall -pedantic -Wcast-qual   -O2   -c -o main.o main.c
linux-portability (ubuntu-24.04)	Build pinned original C oracle	2026-09-20T11:48:52.3963367Z cc -g -Wall -pedantic -Wcast-qual   -O2   -c -o parse.o parse.c
linux-portability (ubuntu-24.04)	Build pinned original C oracle	2026-09-20T11:48:52.4885737Z cc -g -Wall -pedantic -Wcast-qual -O2 maketab.c -o maketab
linux-portability (ubuntu-24.04)	Build pinned original C oracle	2026-09-20T11:48:52.5532982Z ./maketab awkgram.tab.h >proctab.c
linux-portability (ubuntu-24.04)	Build pinned original C oracle	2026-09-20T11:48:52.5546834Z cc -g -Wall -pedantic -Wcast-qual   -O2   -c -o proctab.o proctab.c
linux-portability (ubuntu-24.04)	Build pinned original C oracle	2026-09-20T11:48:52.5784084Z cc -g -Wall -pedantic -Wcast-qual   -O2   -c -o tran.o tran.c
linux-portability (ubuntu-24.04)	Build pinned original C oracle	2026-09-20T11:48:52.8406480Z cc -g -Wall -pedantic -Wcast-qual   -O2   -c -o lib.o lib.c
linux-portability (ubuntu-24.04)	Build pinned original C oracle	2026-09-20T11:48:53.1536000Z cc -g -Wall -pedantic -Wcast-qual   -O2   -c -o run.o run.c
linux-portability (ubuntu-24.04)	Build pinned original C oracle	2026-09-20T11:48:53.9445435Z cc -g -Wall -pedantic -Wcast-qual   -O2   -c -o lex.o lex.c
linux-portability (ubuntu-24.04)	Build pinned original C oracle	2026-09-20T11:48:54.1672199Z cc -g -Wall -pedantic -Wcast-qual   -O2 awkgram.tab.o b.o main.o parse.o proctab.o tran.o lib.o run.o lex.o   -lm
linux-portability (ubuntu-24.04)	Build pinned original C oracle	2026-09-20T11:48:54.1923394Z make: Leaving directory '/home/runner/work/rawk/rawk/c_awk'
linux-portability (ubuntu-24.04)	Build pinned original C oracle	2026-09-20T11:48:54.1932829Z awk version 20260426
linux-portability (ubuntu-24.04)	Record native oracle formatting behavior	﻿2026-09-20T11:48:54.1964482Z ##[group]Run python3 scripts/format_platform_probe.py --output diary/format-platform-ci.json
linux-portability (ubuntu-24.04)	Record native oracle formatting behavior	2026-09-20T11:48:54.1966042Z [36;1mpython3 scripts/format_platform_probe.py --output diary/format-platform-ci.json[0m
linux-portability (ubuntu-24.04)	Record native oracle formatting behavior	2026-09-20T11:48:54.2004118Z shell: /usr/bin/bash -e {0}
linux-portability (ubuntu-24.04)	Record native oracle formatting behavior	2026-09-20T11:48:54.2004983Z env:
linux-portability (ubuntu-24.04)	Record native oracle formatting behavior	2026-09-20T11:48:54.2005187Z   LC_ALL: C
linux-portability (ubuntu-24.04)	Record native oracle formatting behavior	2026-09-20T11:48:54.2005383Z   CARGO_INCREMENTAL: 0
linux-portability (ubuntu-24.04)	Record native oracle formatting behavior	2026-09-20T11:48:54.2005623Z   RUSTUP_TOOLCHAIN: 1.96.0
linux-portability (ubuntu-24.04)	Record native oracle formatting behavior	2026-09-20T11:48:54.2005871Z ##[endgroup]
linux-portability (ubuntu-24.04)	Record native oracle formatting behavior	2026-09-20T11:48:54.4504540Z Recorded 220 native oracle cases in diary/format-platform-ci.json
linux-portability (ubuntu-24.04)	Native portability gate (debug and release)	﻿2026-09-20T11:48:54.4599418Z ##[group]Run set -o pipefail
linux-portability (ubuntu-24.04)	Native portability gate (debug and release)	2026-09-20T11:48:54.4599813Z [36;1mset -o pipefail[0m
linux-portability (ubuntu-24.04)	Native portability gate (debug and release)	2026-09-20T11:48:54.4600217Z [36;1mbash scripts/check_portability.sh 2>&1 | tee diary/portability-ci.log[0m
linux-portability (ubuntu-24.04)	Native portability gate (debug and release)	2026-09-20T11:48:54.4637217Z shell: /usr/bin/bash -e {0}
linux-portability (ubuntu-24.04)	Native portability gate (debug and release)	2026-09-20T11:48:54.4637510Z env:
linux-portability (ubuntu-24.04)	Native portability gate (debug and release)	2026-09-20T11:48:54.4637718Z   LC_ALL: C
linux-portability (ubuntu-24.04)	Native portability gate (debug and release)	2026-09-20T11:48:54.4637942Z   CARGO_INCREMENTAL: 0
linux-portability (ubuntu-24.04)	Native portability gate (debug and release)	2026-09-20T11:48:54.4638197Z   RUSTUP_TOOLCHAIN: 1.96.0
linux-portability (ubuntu-24.04)	Native portability gate (debug and release)	2026-09-20T11:48:54.4638494Z ##[endgroup]
linux-portability (ubuntu-24.04)	Native portability gate (debug and release)	2026-09-20T11:48:54.4718984Z Linux runnervmlun5p 6.17.0-1022-azure #22-Ubuntu SMP Mon Jul 27 17:24:03 UTC 2026 x86_64 x86_64 x86_64 GNU/Linux
linux-portability (ubuntu-24.04)	Native portability gate (debug and release)	2026-09-20T11:48:54.4830402Z rustc 1.96.0 (ac68faa20 2026-05-25)
linux-portability (ubuntu-24.04)	Native portability gate (debug and release)	2026-09-20T11:48:54.6818385Z     Updating crates.io index
linux-portability (ubuntu-24.04)	Native portability gate (debug and release)	2026-09-20T11:48:54.9219589Z  Downloading crates ...
linux-portability (ubuntu-24.04)	Native portability gate (debug and release)	2026-09-20T11:48:55.0202924Z   Downloaded bit-set v0.8.0
linux-portability (ubuntu-24.04)	Native portability gate (debug and release)	2026-09-20T11:48:55.0225240Z   Downloaded anstyle-query v1.1.5
linux-portability (ubuntu-24.04)	Native portability gate (debug and release)	2026-09-20T11:48:55.0242977Z   Downloaded errno v0.3.14
linux-portability (ubuntu-24.04)	Native portability gate (debug and release)	2026-09-20T11:48:55.0263749Z   Downloaded cpufeatures v0.3.0
linux-portability (ubuntu-24.04)	Native portability gate (debug and release)	2026-09-20T11:48:55.0284191Z   Downloaded autocfg v1.5.0
linux-portability (ubuntu-24.04)	Native portability gate (debug and release)	2026-09-20T11:48:55.0309608Z   Downloaded is_terminal_polyfill v1.70.2
linux-portability (ubuntu-24.04)	Native portability gate (debug and release)	2026-09-20T11:48:55.0324567Z   Downloaded wait-timeout v0.2.1
linux-portability (ubuntu-24.04)	Native portability gate (debug and release)	2026-09-20T11:48:55.0344090Z   Downloaded fnv v1.0.7
linux-portability (ubuntu-24.04)	Native portability gate (debug and release)	2026-09-20T11:48:55.0357997Z   Downloaded version_check v0.9.5
linux-portability (ubuntu-24.04)	Native portability gate (debug and release)	2026-09-20T11:48:55.0376130Z   Downloaded utf8parse v0.2.2
linux-portability (ubuntu-24.04)	Native portability gate (debug and release)	2026-09-20T11:48:55.0389788Z   Downloaded thiserror-impl v2.0.18
linux-portability (ubuntu-24.04)	Native portability gate (debug and release)	2026-09-20T11:48:55.0412003Z   Downloaded quick-error v1.2.3
linux-portability (ubuntu-24.04)	Native portability gate (debug and release)	2026-09-20T11:48:55.0431678Z   Downloaded bitflags v2.11.1
linux-portability (ubuntu-24.04)	Native portability gate (debug and release)	2026-09-20T11:48:55.0478519Z   Downloaded colorchoice v1.0.5
linux-portability (ubuntu-24.04)	Native portability gate (debug and release)	2026-09-20T11:48:55.0491169Z   Downloaded strsim v0.11.1
linux-portability (ubuntu-24.04)	Native portability gate (debug and release)	2026-09-20T11:48:55.0507995Z   Downloaded rand_xorshift v0.4.0
linux-portability (ubuntu-24.04)	Native portability gate (debug and release)	2026-09-20T11:48:55.0521846Z   Downloaded heck v0.5.0
linux-portability (ubuntu-24.04)	Native portability gate (debug and release)	2026-09-20T11:48:55.0538292Z   Downloaded sprintf v0.4.3
linux-portability (ubuntu-24.04)	Native portability gate (debug and release)	2026-09-20T11:48:55.0554585Z   Downloaded unarray v0.1.4
linux-portability (ubuntu-24.04)	Native portability gate (debug and release)	2026-09-20T11:48:55.0570708Z   Downloaded cpufeatures v0.2.17
linux-portability (ubuntu-24.04)	Native portability gate (debug and release)	2026-09-20T11:48:55.0588962Z   Downloaded cfg-if v1.0.4
linux-portability (ubuntu-24.04)	Native portability gate (debug and release)	2026-09-20T11:48:55.0606972Z   Downloaded rand_core v0.9.5
linux-portability (ubuntu-24.04)	Native portability gate (debug and release)	2026-09-20T11:48:55.0626522Z   Downloaded rand_chacha v0.9.0
linux-portability (ubuntu-24.04)	Native portability gate (debug and release)	2026-09-20T11:48:55.0642515Z   Downloaded rusty-fork v0.3.1
linux-portability (ubuntu-24.04)	Native portability gate (debug and release)	2026-09-20T11:48:55.0663552Z   Downloaded sha2 v0.10.9
linux-portability (ubuntu-24.04)	Native portability gate (debug and release)	2026-09-20T11:48:55.0694390Z   Downloaded ucd-trie v0.1.7
linux-portability (ubuntu-24.04)	Native portability gate (debug and release)	2026-09-20T11:48:55.0712617Z   Downloaded pest_meta v2.8.6
linux-portability (ubuntu-24.04)	Native portability gate (debug and release)	2026-09-20T11:48:55.0740364Z   Downloaded tempfile v3.27.0
linux-portability (ubuntu-24.04)	Native portability gate (debug and release)	2026-09-20T11:48:55.0773024Z   Downloaded unicode-ident v1.0.24
linux-portability (ubuntu-24.04)	Native portability gate (debug and release)	2026-09-20T11:48:55.0805612Z   Downloaded proc-macro2 v1.0.106
linux-portability (ubuntu-24.04)	Native portability gate (debug and release)	2026-09-20T11:48:55.0840016Z   Downloaded pest_derive v2.8.6
linux-portability (ubuntu-24.04)	Native portability gate (debug and release)	2026-09-20T11:48:55.0869753Z   Downloaded serde_derive v1.0.228
linux-portability (ubuntu-24.04)	Native portability gate (debug and release)	2026-09-20T11:48:55.0905091Z   Downloaded serde v1.0.228
linux-portability (ubuntu-24.04)	Native portability gate (debug and release)	2026-09-20T11:48:55.0945668Z   Downloaded typenum v1.20.0
linux-portability (ubuntu-24.04)	Native portability gate (debug and release)	2026-09-20T11:48:55.0985308Z   Downloaded rand v0.9.4
linux-portability (ubuntu-24.04)	Native portability gate (debug and release)	2026-09-20T11:48:55.1028797Z   Downloaded pest v2.8.6
linux-portability (ubuntu-24.04)	Native portability gate (debug and release)	2026-09-20T11:48:55.1077747Z   Downloaded rand v0.10.1
linux-portability (ubuntu-24.04)	Native portability gate (debug and release)	2026-09-20T11:48:55.1120208Z   Downloaded regex v1.12.3
linux-portability (ubuntu-24.04)	Native portability gate (debug and release)	2026-09-20T11:48:55.1178060Z   Downloaded memchr v2.8.0
linux-portability (ubuntu-24.04)	Native portability gate (debug and release)	2026-09-20T11:48:55.1236800Z   Downloaded num-traits v0.2.19
linux-portability (ubuntu-24.04)	Native portability gate (debug and release)	2026-09-20T11:48:55.1267546Z   Downloaded clap_builder v4.6.0
linux-portability (ubuntu-24.04)	Native portability gate (debug and release)	2026-09-20T11:48:55.1334686Z   Downloaded clap v4.6.1
linux-portability (ubuntu-24.04)	Native portability gate (debug and release)	2026-09-20T11:48:55.1437691Z   Downloaded quick-xml v0.39.2
linux-portability (ubuntu-24.04)	Native portability gate (debug and release)	2026-09-20T11:48:55.1499156Z   Downloaded proptest v1.11.0
linux-portability (ubuntu-24.04)	Native portability gate (debug and release)	2026-09-20T11:48:55.1602002Z   Downloaded serde_core v1.0.228
linux-portability (ubuntu-24.04)	Native portability gate (debug and release)	2026-09-20T11:48:55.1632403Z   Downloaded chrono v0.4.44
linux-portability (ubuntu-24.04)	Native portability gate (debug and release)	2026-09-20T11:48:55.1703809Z   Downloaded zerocopy v0.8.48
linux-portability (ubuntu-24.04)	Native portability gate (debug and release)	2026-09-20T11:48:55.1930043Z   Downloaded chacha20 v0.10.0
linux-portability (ubuntu-24.04)	Native portability gate (debug and release)	2026-09-20T11:48:55.1955951Z   Downloaded syn v2.0.117
linux-portability (ubuntu-24.04)	Native portability gate (debug and release)	2026-09-20T11:48:55.2069271Z   Downloaded pest_generator v2.8.6
linux-portability (ubuntu-24.04)	Native portability gate (debug and release)	2026-09-20T11:48:55.2087404Z   Downloaded regex-syntax v0.8.10
linux-portability (ubuntu-24.04)	Native portability gate (debug and release)	2026-09-20T11:48:55.2157208Z   Downloaded iana-time-zone v0.1.65
linux-portability (ubuntu-24.04)	Native portability gate (debug and release)	2026-09-20T11:48:55.2188195Z   Downloaded clap_derive v4.6.1
linux-portability (ubuntu-24.04)	Native portability gate (debug and release)	2026-09-20T11:48:55.2214762Z   Downloaded thiserror v2.0.18
linux-portability (ubuntu-24.04)	Native portability gate (debug and release)	2026-09-20T11:48:55.2284544Z   Downloaded rand_core v0.10.1
linux-portability (ubuntu-24.04)	Native portability gate (debug and release)	2026-09-20T11:48:55.2305336Z   Downloaded once_cell v1.21.4
linux-portability (ubuntu-24.04)	Native portability gate (debug and release)	2026-09-20T11:48:55.2333793Z   Downloaded rustix v1.1.4
linux-portability (ubuntu-24.04)	Native portability gate (debug and release)	2026-09-20T11:48:55.2611805Z   Downloaded quote v1.0.45
linux-portability (ubuntu-24.04)	Native portability gate (debug and release)	2026-09-20T11:48:55.2641656Z   Downloaded ppv-lite86 v0.2.21
linux-portability (ubuntu-24.04)	Native portability gate (debug and release)	2026-09-20T11:48:55.2655905Z   Downloaded bit-vec v0.8.0
linux-portability (ubuntu-24.04)	Native portability gate (debug and release)	2026-09-20T11:48:55.2673259Z   Downloaded digest v0.10.7
linux-portability (ubuntu-24.04)	Native portability gate (debug and release)	2026-09-20T11:48:55.2693005Z   Downloaded getrandom v0.3.4
linux-portability (ubuntu-24.04)	Native portability gate (debug and release)	2026-09-20T11:48:55.2729298Z   Downloaded fastrand v2.4.1
linux-portability (ubuntu-24.04)	Native portability gate (debug and release)	2026-09-20T11:48:55.2744205Z   Downloaded crypto-common v0.1.7
linux-portability (ubuntu-24.04)	Native portability gate (debug and release)	2026-09-20T11:48:55.2754947Z   Downloaded regex-automata v0.4.14
linux-portability (ubuntu-24.04)	Native portability gate (debug and release)	2026-09-20T11:48:55.2896447Z   Downloaded clap_lex v1.1.0
linux-portability (ubuntu-24.04)	Native portability gate (debug and release)	2026-09-20T11:48:55.2908087Z   Downloaded generic-array v0.14.7
linux-portability (ubuntu-24.04)	Native portability gate (debug and release)	2026-09-20T11:48:55.2922816Z   Downloaded getrandom v0.4.2
linux-portability (ubuntu-24.04)	Native portability gate (debug and release)	2026-09-20T11:48:55.2961768Z   Downloaded block-buffer v0.10.4
linux-portability (ubuntu-24.04)	Native portability gate (debug and release)	2026-09-20T11:48:55.2973889Z   Downloaded aho-corasick v1.1.4
linux-portability (ubuntu-24.04)	Native portability gate (debug and release)	2026-09-20T11:48:55.3028553Z   Downloaded anyhow v1.0.102
linux-portability (ubuntu-24.04)	Native portability gate (debug and release)	2026-09-20T11:48:55.3070318Z   Downloaded anstyle-parse v1.0.0
linux-portability (ubuntu-24.04)	Native portability gate (debug and release)	2026-09-20T11:48:55.3087030Z   Downloaded libc v0.2.186
linux-portability (ubuntu-24.04)	Native portability gate (debug and release)	2026-09-20T11:48:55.3489650Z   Downloaded anstyle v1.0.14
linux-portability (ubuntu-24.04)	Native portability gate (debug and release)	2026-09-20T11:48:55.3504528Z   Downloaded anstream v1.0.0
linux-portability (ubuntu-24.04)	Native portability gate (debug and release)	2026-09-20T11:48:55.3748653Z   Downloaded linux-raw-sys v0.12.1
linux-portability (ubuntu-24.04)	Native portability gate (debug and release)	2026-09-20T11:48:55.4772292Z    Compiling proc-macro2 v1.0.106
linux-portability (ubuntu-24.04)	Native portability gate (debug and release)	2026-09-20T11:48:55.4773381Z    Compiling libc v0.2.186
linux-portability (ubuntu-24.04)	Native portability gate (debug and release)	2026-09-20T11:48:55.4774180Z    Compiling quote v1.0.45
linux-portability (ubuntu-24.04)	Native portability gate (debug and release)	2026-09-20T11:48:55.4775128Z    Compiling unicode-ident v1.0.24
linux-portability (ubuntu-24.04)	Native portability gate (debug and release)	2026-09-20T11:48:55.5382048Z     Checking cfg-if v1.0.4
linux-portability (ubuntu-24.04)	Native portability gate (debug and release)	2026-09-20T11:48:55.5688552Z     Checking rand_core v0.10.1
linux-portability (ubuntu-24.04)	Native portability gate (debug and release)	2026-09-20T11:48:55.6359497Z    Compiling getrandom v0.4.2
linux-portability (ubuntu-24.04)	Native portability gate (debug and release)	2026-09-20T11:48:55.6446729Z     Checking memchr v2.8.0
linux-portability (ubuntu-24.04)	Native portability gate (debug and release)	2026-09-20T11:48:55.7727004Z    Compiling rustix v1.1.4
linux-portability (ubuntu-24.04)	Native portability gate (debug and release)	2026-09-20T11:48:55.9926231Z    Compiling autocfg v1.5.0
linux-portability (ubuntu-24.04)	Native portability gate (debug and release)	2026-09-20T11:48:56.0926121Z     Checking bitflags v2.11.1
linux-portability (ubuntu-24.04)	Native portability gate (debug and release)	2026-09-20T11:48:56.3217832Z    Compiling num-traits v0.2.19
linux-portability (ubuntu-24.04)	Native portability gate (debug and release)	2026-09-20T11:48:56.3486526Z    Compiling ucd-trie v0.1.7
linux-portability (ubuntu-24.04)	Native portability gate (debug and release)	2026-09-20T11:48:56.4084575Z    Compiling syn v2.0.117
linux-portability (ubuntu-24.04)	Native portability gate (debug and release)	2026-09-20T11:48:56.4116903Z     Checking linux-raw-sys v0.12.1
linux-portability (ubuntu-24.04)	Native portability gate (debug and release)	2026-09-20T11:48:56.6944132Z    Compiling serde_core v1.0.228
linux-portability (ubuntu-24.04)	Native portability gate (debug and release)	2026-09-20T11:48:56.7018386Z    Compiling getrandom v0.3.4
linux-portability (ubuntu-24.04)	Native portability gate (debug and release)	2026-09-20T11:48:56.8622221Z     Checking utf8parse v0.2.2
linux-portability (ubuntu-24.04)	Native portability gate (debug and release)	2026-09-20T11:48:56.9027376Z     Checking anstyle-parse v1.0.0
linux-portability (ubuntu-24.04)	Native portability gate (debug and release)	2026-09-20T11:48:56.9830927Z    Compiling pest v2.8.6
linux-portability (ubuntu-24.04)	Native portability gate (debug and release)	2026-09-20T11:48:57.2047535Z    Compiling serde v1.0.228
linux-portability (ubuntu-24.04)	Native portability gate (debug and release)	2026-09-20T11:48:57.3715944Z     Checking regex-syntax v0.8.10
linux-portability (ubuntu-24.04)	Native portability gate (debug and release)	2026-09-20T11:48:58.1866583Z    Compiling thiserror v2.0.18
linux-portability (ubuntu-24.04)	Native portability gate (debug and release)	2026-09-20T11:48:58.2228088Z     Checking anstyle v1.0.14
linux-portability (ubuntu-24.04)	Native portability gate (debug and release)	2026-09-20T11:48:58.3375971Z     Checking is_terminal_polyfill v1.70.2
linux-portability (ubuntu-24.04)	Native portability gate (debug and release)	2026-09-20T11:48:58.3677841Z     Checking colorchoice v1.0.5
linux-portability (ubuntu-24.04)	Native portability gate (debug and release)	2026-09-20T11:48:58.3777897Z     Checking anstyle-query v1.1.5
linux-portability (ubuntu-24.04)	Native portability gate (debug and release)	2026-09-20T11:48:58.4012445Z     Checking once_cell v1.21.4
linux-portability (ubuntu-24.04)	Native portability gate (debug and release)	2026-09-20T11:48:58.4113922Z     Checking fastrand v2.4.1
linux-portability (ubuntu-24.04)	Native portability gate (debug and release)	2026-09-20T11:48:58.5181419Z     Checking anstream v1.0.0
linux-portability (ubuntu-24.04)	Native portability gate (debug and release)	2026-09-20T11:48:58.5192605Z     Checking tempfile v3.27.0
linux-portability (ubuntu-24.04)	Native portability gate (debug and release)	2026-09-20T11:48:58.6646396Z    Compiling pest_meta v2.8.6
linux-portability (ubuntu-24.04)	Native portability gate (debug and release)	2026-09-20T11:48:59.4165966Z     Checking aho-corasick v1.1.4
linux-portability (ubuntu-24.04)	Native portability gate (debug and release)	2026-09-20T11:49:00.1329599Z     Checking strsim v0.11.1
linux-portability (ubuntu-24.04)	Native portability gate (debug and release)	2026-09-20T11:49:00.2319322Z     Checking cpufeatures v0.3.0
linux-portability (ubuntu-24.04)	Native portability gate (debug and release)	2026-09-20T11:49:00.2648722Z    Compiling zerocopy v0.8.48
linux-portability (ubuntu-24.04)	Native portability gate (debug and release)	2026-09-20T11:49:00.2709055Z    Compiling thiserror-impl v2.0.18
linux-portability (ubuntu-24.04)	Native portability gate (debug and release)	2026-09-20T11:49:00.4360279Z    Compiling serde_derive v1.0.228
linux-portability (ubuntu-24.04)	Native portability gate (debug and release)	2026-09-20T11:49:00.5347899Z     Checking clap_lex v1.1.0
linux-portability (ubuntu-24.04)	Native portability gate (debug and release)	2026-09-20T11:49:00.6098425Z    Compiling anyhow v1.0.102
linux-portability (ubuntu-24.04)	Native portability gate (debug and release)	2026-09-20T11:49:00.7126019Z    Compiling heck v0.5.0
linux-portability (ubuntu-24.04)	Native portability gate (debug and release)	2026-09-20T11:49:00.8359066Z     Checking clap_builder v4.6.0
linux-portability (ubuntu-24.04)	Native portability gate (debug and release)	2026-09-20T11:49:00.8676492Z    Compiling clap_derive v4.6.1
linux-portability (ubuntu-24.04)	Native portability gate (debug and release)	2026-09-20T11:49:01.4846037Z     Checking chacha20 v0.10.0
linux-portability (ubuntu-24.04)	Native portability gate (debug and release)	2026-09-20T11:49:01.6239298Z     Checking regex-automata v0.4.14
linux-portability (ubuntu-24.04)	Native portability gate (debug and release)	2026-09-20T11:49:02.2016397Z     Checking rand_core v0.9.5
linux-portability (ubuntu-24.04)	Native portability gate (debug and release)	2026-09-20T11:49:02.3135960Z    Compiling pest_generator v2.8.6
linux-portability (ubuntu-24.04)	Native portability gate (debug and release)	2026-09-20T11:49:02.6755859Z     Checking iana-time-zone v0.1.65
linux-portability (ubuntu-24.04)	Native portability gate (debug and release)	2026-09-20T11:49:02.7375905Z     Checking chrono v0.4.44
linux-portability (ubuntu-24.04)	Native portability gate (debug and release)	2026-09-20T11:49:03.0867910Z    Compiling pest_derive v2.8.6
linux-portability (ubuntu-24.04)	Native portability gate (debug and release)	2026-09-20T11:49:03.5946062Z     Checking clap v4.6.1
linux-portability (ubuntu-24.04)	Native portability gate (debug and release)	2026-09-20T11:49:03.6215715Z     Checking rand v0.10.1
linux-portability (ubuntu-24.04)	Native portability gate (debug and release)	2026-09-20T11:49:03.7246458Z     Checking regex v1.12.3
linux-portability (ubuntu-24.04)	Native portability gate (debug and release)	2026-09-20T11:49:03.9805946Z     Checking quick-xml v0.39.2
linux-portability (ubuntu-24.04)	Native portability gate (debug and release)	2026-09-20T11:49:04.0686963Z     Checking sprintf v0.4.3
linux-portability (ubuntu-24.04)	Native portability gate (debug and release)	2026-09-20T11:49:04.3186721Z     Checking wait-timeout v0.2.1
linux-portability (ubuntu-24.04)	Native portability gate (debug and release)	2026-09-20T11:49:04.3735873Z     Checking fnv v1.0.7
linux-portability (ubuntu-24.04)	Native portability gate (debug and release)	2026-09-20T11:49:04.3865716Z     Checking quick-error v1.2.3
linux-portability (ubuntu-24.04)	Native portability gate (debug and release)	2026-09-20T11:49:04.4025662Z     Checking bit-vec v0.8.0
linux-portability (ubuntu-24.04)	Native portability gate (debug and release)	2026-09-20T11:49:04.4245697Z     Checking rusty-fork v0.3.1
linux-portability (ubuntu-24.04)	Native portability gate (debug and release)	2026-09-20T11:49:04.5246505Z     Checking rand_xorshift v0.4.0
linux-portability (ubuntu-24.04)	Native portability gate (debug and release)	2026-09-20T11:49:04.5356772Z     Checking bit-set v0.8.0
linux-portability (ubuntu-24.04)	Native portability gate (debug and release)	2026-09-20T11:49:04.5725556Z     Checking rand v0.9.4
linux-portability (ubuntu-24.04)	Native portability gate (debug and release)	2026-09-20T11:49:04.6225685Z     Checking unarray v0.1.4
linux-portability (ubuntu-24.04)	Native portability gate (debug and release)	2026-09-20T11:49:05.0374389Z     Checking rawk v0.1.0 (/home/runner/work/rawk/rawk/rawk)
linux-portability (ubuntu-24.04)	Native portability gate (debug and release)	2026-09-20T11:49:06.4329293Z     Checking ppv-lite86 v0.2.21
linux-portability (ubuntu-24.04)	Native portability gate (debug and release)	2026-09-20T11:49:06.5984627Z     Checking rand_chacha v0.9.0
linux-portability (ubuntu-24.04)	Native portability gate (debug and release)	2026-09-20T11:49:06.6655703Z     Checking proptest v1.11.0
linux-portability (ubuntu-24.04)	Native portability gate (debug and release)	2026-09-20T11:49:09.6174583Z     Finished `dev` profile [unoptimized + debuginfo] target(s) in 14.97s
linux-portability (ubuntu-24.04)	Native portability gate (debug and release)	2026-09-20T11:49:09.7573359Z    Compiling proc-macro2 v1.0.106
linux-portability (ubuntu-24.04)	Native portability gate (debug and release)	2026-09-20T11:49:09.7576407Z    Compiling quote v1.0.45
linux-portability (ubuntu-24.04)	Native portability gate (debug and release)	2026-09-20T11:49:09.7583318Z    Compiling unicode-ident v1.0.24
linux-portability (ubuntu-24.04)	Native portability gate (debug and release)	2026-09-20T11:49:09.7585608Z    Compiling libc v0.2.186
linux-portability (ubuntu-24.04)	Native portability gate (debug and release)	2026-09-20T11:49:09.8172396Z    Compiling memchr v2.8.0
linux-portability (ubuntu-24.04)	Native portability gate (debug and release)	2026-09-20T11:49:09.9088108Z    Compiling autocfg v1.5.0
linux-portability (ubuntu-24.04)	Native portability gate (debug and release)	2026-09-20T11:49:10.0194514Z    Compiling getrandom v0.4.2
linux-portability (ubuntu-24.04)	Native portability gate (debug and release)	2026-09-20T11:49:10.1652249Z    Compiling cfg-if v1.0.4
linux-portability (ubuntu-24.04)	Native portability gate (debug and release)	2026-09-20T11:49:10.2696854Z    Compiling serde_core v1.0.228
linux-portability (ubuntu-24.04)	Native portability gate (debug and release)	2026-09-20T11:49:10.4083198Z    Compiling ucd-trie v0.1.7
linux-portability (ubuntu-24.04)	Native portability gate (debug and release)	2026-09-20T11:49:10.6314597Z    Compiling utf8parse v0.2.2
linux-portability (ubuntu-24.04)	Native portability gate (debug and release)	2026-09-20T11:49:10.6817139Z    Compiling rand_core v0.10.1
linux-portability (ubuntu-24.04)	Native portability gate (debug and release)	2026-09-20T11:49:10.7425857Z    Compiling syn v2.0.117
linux-portability (ubuntu-24.04)	Native portability gate (debug and release)	2026-09-20T11:49:10.7746078Z    Compiling anstyle-parse v1.0.0
linux-portability (ubuntu-24.04)	Native portability gate (debug and release)	2026-09-20T11:49:10.7955631Z    Compiling pest v2.8.6
linux-portability (ubuntu-24.04)	Native portability gate (debug and release)	2026-09-20T11:49:10.9195704Z    Compiling num-traits v0.2.19
linux-portability (ubuntu-24.04)	Native portability gate (debug and release)	2026-09-20T11:49:11.1855823Z    Compiling colorchoice v1.0.5
linux-portability (ubuntu-24.04)	Native portability gate (debug and release)	2026-09-20T11:49:11.2325775Z    Compiling is_terminal_polyfill v1.70.2
linux-portability (ubuntu-24.04)	Native portability gate (debug and release)	2026-09-20T11:49:11.2685176Z    Compiling serde v1.0.228
linux-portability (ubuntu-24.04)	Native portability gate (debug and release)	2026-09-20T11:49:11.4136015Z    Compiling rustix v1.1.4
linux-portability (ubuntu-24.04)	Native portability gate (debug and release)	2026-09-20T11:49:11.6124598Z    Compiling thiserror v2.0.18
linux-portability (ubuntu-24.04)	Native portability gate (debug and release)	2026-09-20T11:49:11.7881248Z    Compiling anstyle v1.0.14
linux-portability (ubuntu-24.04)	Native portability gate (debug and release)	2026-09-20T11:49:11.9093357Z    Compiling anstyle-query v1.1.5
linux-portability (ubuntu-24.04)	Native portability gate (debug and release)	2026-09-20T11:49:11.9555636Z    Compiling anstream v1.0.0
linux-portability (ubuntu-24.04)	Native portability gate (debug and release)	2026-09-20T11:49:11.9853421Z    Compiling pest_meta v2.8.6
linux-portability (ubuntu-24.04)	Native portability gate (debug and release)	2026-09-20T11:49:12.4384087Z    Compiling aho-corasick v1.1.4
linux-portability (ubuntu-24.04)	Native portability gate (debug and release)	2026-09-20T11:49:13.6255710Z    Compiling heck v0.5.0
linux-portability (ubuntu-24.04)	Native portability gate (debug and release)	2026-09-20T11:49:13.7766019Z    Compiling anyhow v1.0.102
linux-portability (ubuntu-24.04)	Native portability gate (debug and release)	2026-09-20T11:49:13.9345680Z    Compiling bitflags v2.11.1
linux-portability (ubuntu-24.04)	Native portability gate (debug and release)	2026-09-20T11:49:14.2805396Z    Compiling strsim v0.11.1
linux-portability (ubuntu-24.04)	Native portability gate (debug and release)	2026-09-20T11:49:14.4646131Z    Compiling thiserror-impl v2.0.18
linux-portability (ubuntu-24.04)	Native portability gate (debug and release)	2026-09-20T11:49:14.9132957Z    Compiling serde_derive v1.0.228
linux-portability (ubuntu-24.04)	Native portability gate (debug and release)	2026-09-20T11:49:15.1286780Z    Compiling regex-syntax v0.8.10
linux-portability (ubuntu-24.04)	Native portability gate (debug and release)	2026-09-20T11:49:15.5795859Z    Compiling clap_lex v1.1.0
linux-portability (ubuntu-24.04)	Native portability gate (debug and release)	2026-09-20T11:49:15.8523817Z    Compiling cpufeatures v0.3.0
linux-portability (ubuntu-24.04)	Native portability gate (debug and release)	2026-09-20T11:49:15.8835797Z    Compiling linux-raw-sys v0.12.1
linux-portability (ubuntu-24.04)	Native portability gate (debug and release)	2026-09-20T11:49:18.5813425Z    Compiling regex-automata v0.4.14
linux-portability (ubuntu-24.04)	Native portability gate (debug and release)	2026-09-20T11:49:19.2086635Z    Compiling chacha20 v0.10.0
linux-portability (ubuntu-24.04)	Native portability gate (debug and release)	2026-09-20T11:49:19.3044351Z    Compiling clap_builder v4.6.0
linux-portability (ubuntu-24.04)	Native portability gate (debug and release)	2026-09-20T11:49:19.4836030Z    Compiling clap_derive v4.6.1
linux-portability (ubuntu-24.04)	Native portability gate (debug and release)	2026-09-20T11:49:21.2765858Z    Compiling pest_generator v2.8.6
linux-portability (ubuntu-24.04)	Native portability gate (debug and release)	2026-09-20T11:49:22.8105923Z    Compiling fastrand v2.4.1
linux-portability (ubuntu-24.04)	Native portability gate (debug and release)	2026-09-20T11:49:23.5885733Z    Compiling iana-time-zone v0.1.65
linux-portability (ubuntu-24.04)	Native portability gate (debug and release)	2026-09-20T11:49:23.8212124Z    Compiling once_cell v1.21.4
linux-portability (ubuntu-24.04)	Native portability gate (debug and release)	2026-09-20T11:49:23.9995793Z    Compiling tempfile v3.27.0
linux-portability (ubuntu-24.04)	Native portability gate (debug and release)	2026-09-20T11:49:24.0256593Z    Compiling chrono v0.4.44
linux-portability (ubuntu-24.04)	Native portability gate (debug and release)	2026-09-20T11:49:26.7115801Z    Compiling regex v1.12.3
linux-portability (ubuntu-24.04)	Native portability gate (debug and release)	2026-09-20T11:49:28.0735854Z    Compiling pest_derive v2.8.6
linux-portability (ubuntu-24.04)	Native portability gate (debug and release)	2026-09-20T11:49:28.2285951Z    Compiling clap v4.6.1
linux-portability (ubuntu-24.04)	Native portability gate (debug and release)	2026-09-20T11:49:28.2664280Z    Compiling sprintf v0.4.3
linux-portability (ubuntu-24.04)	Native portability gate (debug and release)	2026-09-20T11:49:28.8606104Z    Compiling rand v0.10.1
linux-portability (ubuntu-24.04)	Native portability gate (debug and release)	2026-09-20T11:49:28.8655340Z    Compiling quick-xml v0.39.2
linux-portability (ubuntu-24.04)	Native portability gate (debug and release)	2026-09-20T11:49:30.8390225Z    Compiling rawk v0.1.0 (/home/runner/work/rawk/rawk/rawk)
linux-portability (ubuntu-24.04)	Native portability gate (debug and release)	2026-09-20T11:49:42.7031521Z     Finished `release` profile [optimized] target(s) in 33.03s
linux-portability (ubuntu-24.04)	Native portability gate (debug and release)	2026-09-20T11:49:42.7832565Z    Compiling cfg-if v1.0.4
linux-portability (ubuntu-24.04)	Native portability gate (debug and release)	2026-09-20T11:49:42.7835091Z    Compiling memchr v2.8.0
linux-portability (ubuntu-24.04)	Native portability gate (debug and release)	2026-09-20T11:49:42.7835787Z    Compiling libc v0.2.186
linux-portability (ubuntu-24.04)	Native portability gate (debug and release)	2026-09-20T11:49:42.7844515Z    Compiling rand_core v0.10.1
linux-portability (ubuntu-24.04)	Native portability gate (debug and release)	2026-09-20T11:49:42.8165657Z    Compiling bitflags v2.11.1
linux-portability (ubuntu-24.04)	Native portability gate (debug and release)	2026-09-20T11:49:42.8745791Z    Compiling linux-raw-sys v0.12.1
linux-portability (ubuntu-24.04)	Native portability gate (debug and release)	2026-09-20T11:49:42.9861449Z    Compiling utf8parse v0.2.2
linux-portability (ubuntu-24.04)	Native portability gate (debug and release)	2026-09-20T11:49:43.0305815Z    Compiling ucd-trie v0.1.7
linux-portability (ubuntu-24.04)	Native portability gate (debug and release)	2026-09-20T11:49:43.1842657Z    Compiling rustix v1.1.4
linux-portability (ubuntu-24.04)	Native portability gate (debug and release)	2026-09-20T11:49:43.2497223Z    Compiling pest v2.8.6
linux-portability (ubuntu-24.04)	Native portability gate (debug and release)	2026-09-20T11:49:43.5255923Z    Compiling anstyle-parse v1.0.0
linux-portability (ubuntu-24.04)	Native portability gate (debug and release)	2026-09-20T11:49:43.6315996Z    Compiling anstyle-query v1.1.5
linux-portability (ubuntu-24.04)	Native portability gate (debug and release)	2026-09-20T11:49:43.6685671Z    Compiling getrandom v0.4.2
linux-portability (ubuntu-24.04)	Native portability gate (debug and release)	2026-09-20T11:49:43.6972818Z    Compiling regex-syntax v0.8.10
linux-portability (ubuntu-24.04)	Native portability gate (debug and release)	2026-09-20T11:49:43.8086389Z    Compiling anstyle v1.0.14
linux-portability (ubuntu-24.04)	Native portability gate (debug and release)	2026-09-20T11:49:43.9586713Z    Compiling fastrand v2.4.1
linux-portability (ubuntu-24.04)	Native portability gate (debug and release)	2026-09-20T11:49:44.1125856Z    Compiling once_cell v1.21.4
linux-portability (ubuntu-24.04)	Native portability gate (debug and release)	2026-09-20T11:49:44.2565967Z    Compiling is_terminal_polyfill v1.70.2
linux-portability (ubuntu-24.04)	Native portability gate (debug and release)	2026-09-20T11:49:44.2905706Z    Compiling colorchoice v1.0.5
linux-portability (ubuntu-24.04)	Native portability gate (debug and release)	2026-09-20T11:49:44.3295872Z    Compiling anstream v1.0.0
linux-portability (ubuntu-24.04)	Native portability gate (debug and release)	2026-09-20T11:49:44.5795981Z    Compiling pest_meta v2.8.6
linux-portability (ubuntu-24.04)	Native portability gate (debug and release)	2026-09-20T11:49:44.5880416Z    Compiling getrandom v0.3.4
linux-portability (ubuntu-24.04)	Native portability gate (debug and release)	2026-09-20T11:49:44.7245943Z    Compiling tempfile v3.27.0
linux-portability (ubuntu-24.04)	Native portability gate (debug and release)	2026-09-20T11:49:45.0716320Z    Compiling num-traits v0.2.19
linux-portability (ubuntu-24.04)	Native portability gate (debug and release)	2026-09-20T11:49:45.1436189Z    Compiling serde_core v1.0.228
linux-portability (ubuntu-24.04)	Native portability gate (debug and release)	2026-09-20T11:49:45.8086643Z    Compiling aho-corasick v1.1.4
linux-portability (ubuntu-24.04)	Native portability gate (debug and release)	2026-09-20T11:49:46.2746009Z    Compiling cpufeatures v0.3.0
linux-portability (ubuntu-24.04)	Native portability gate (debug and release)	2026-09-20T11:49:46.3055888Z    Compiling clap_lex v1.1.0
linux-portability (ubuntu-24.04)	Native portability gate (debug and release)	2026-09-20T11:49:46.4625848Z    Compiling strsim v0.11.1
linux-portability (ubuntu-24.04)	Native portability gate (debug and release)	2026-09-20T11:49:46.7085829Z    Compiling clap_builder v4.6.0
linux-portability (ubuntu-24.04)	Native portability gate (debug and release)	2026-09-20T11:49:46.7960426Z    Compiling regex-automata v0.4.14
linux-portability (ubuntu-24.04)	Native portability gate (debug and release)	2026-09-20T11:49:47.5116319Z    Compiling serde v1.0.228
linux-portability (ubuntu-24.04)	Native portability gate (debug and release)	2026-09-20T11:49:48.0541529Z    Compiling chacha20 v0.10.0
linux-portability (ubuntu-24.04)	Native portability gate (debug and release)	2026-09-20T11:49:48.2405814Z    Compiling thiserror v2.0.18
linux-portability (ubuntu-24.04)	Native portability gate (debug and release)	2026-09-20T11:49:48.2769420Z    Compiling pest_generator v2.8.6
linux-portability (ubuntu-24.04)	Native portability gate (debug and release)	2026-09-20T11:49:48.2792633Z    Compiling rand_core v0.9.5
linux-portability (ubuntu-24.04)	Native portability gate (debug and release)	2026-09-20T11:49:48.4196512Z    Compiling iana-time-zone v0.1.65
linux-portability (ubuntu-24.04)	Native portability gate (debug and release)	2026-09-20T11:49:48.6265891Z    Compiling clap v4.6.1
linux-portability (ubuntu-24.04)	Native portability gate (debug and release)	2026-09-20T11:49:48.6536024Z    Compiling chrono v0.4.44
linux-portability (ubuntu-24.04)	Native portability gate (debug and release)	2026-09-20T11:49:49.0005756Z    Compiling pest_derive v2.8.6
linux-portability (ubuntu-24.04)	Native portability gate (debug and release)	2026-09-20T11:49:49.1735936Z    Compiling sprintf v0.4.3
linux-portability (ubuntu-24.04)	Native portability gate (debug and release)	2026-09-20T11:49:49.4186460Z    Compiling zerocopy v0.8.48
linux-portability (ubuntu-24.04)	Native portability gate (debug and release)	2026-09-20T11:49:50.3380530Z    Compiling regex v1.12.3
linux-portability (ubuntu-24.04)	Native portability gate (debug and release)	2026-09-20T11:49:50.7866164Z    Compiling rand v0.10.1
linux-portability (ubuntu-24.04)	Native portability gate (debug and release)	2026-09-20T11:49:51.0316837Z    Compiling anyhow v1.0.102
linux-portability (ubuntu-24.04)	Native portability gate (debug and release)	2026-09-20T11:49:51.3765871Z    Compiling quick-xml v0.39.2
linux-portability (ubuntu-24.04)	Native portability gate (debug and release)	2026-09-20T11:49:51.4231850Z    Compiling wait-timeout v0.2.1
linux-portability (ubuntu-24.04)	Native portability gate (debug and release)	2026-09-20T11:49:51.6582695Z    Compiling quick-error v1.2.3
linux-portability (ubuntu-24.04)	Native portability gate (debug and release)	2026-09-20T11:49:51.7055922Z    Compiling bit-vec v0.8.0
linux-portability (ubuntu-24.04)	Native portability gate (debug and release)	2026-09-20T11:49:51.8755876Z    Compiling fnv v1.0.7
linux-portability (ubuntu-24.04)	Native portability gate (debug and release)	2026-09-20T11:49:51.9080966Z    Compiling rusty-fork v0.3.1
linux-portability (ubuntu-24.04)	Native portability gate (debug and release)	2026-09-20T11:49:52.2276238Z    Compiling bit-set v0.8.0
linux-portability (ubuntu-24.04)	Native portability gate (debug and release)	2026-09-20T11:49:52.3172176Z    Compiling rand v0.9.4
linux-portability (ubuntu-24.04)	Native portability gate (debug and release)	2026-09-20T11:49:52.6326180Z    Compiling rand_xorshift v0.4.0
linux-portability (ubuntu-24.04)	Native portability gate (debug and release)	2026-09-20T11:49:52.7035738Z    Compiling rawk v0.1.0 (/home/runner/work/rawk/rawk/rawk)
linux-portability (ubuntu-24.04)	Native portability gate (debug and release)	2026-09-20T11:49:52.7955912Z    Compiling unarray v0.1.4
linux-portability (ubuntu-24.04)	Native portability gate (debug and release)	2026-09-20T11:49:53.1226160Z    Compiling ppv-lite86 v0.2.21
linux-portability (ubuntu-24.04)	Native portability gate (debug and release)	2026-09-20T11:49:53.3371614Z    Compiling rand_chacha v0.9.0
linux-portability (ubuntu-24.04)	Native portability gate (debug and release)	2026-09-20T11:49:53.4448581Z    Compiling proptest v1.11.0
linux-portability (ubuntu-24.04)	Native portability gate (debug and release)	2026-09-20T11:49:58.4615824Z     Finished `test` profile [unoptimized + debuginfo] target(s) in 15.74s
linux-portability (ubuntu-24.04)	Native portability gate (debug and release)	2026-09-20T11:49:58.4677649Z      Running unittests src/lib.rs (target/debug/deps/rawk-2af64ff39be528ba)
linux-portability (ubuntu-24.04)	Native portability gate (debug and release)	2026-09-20T11:49:58.4689014Z 
linux-portability (ubuntu-24.04)	Native portability gate (debug and release)	2026-09-20T11:49:58.4689180Z running 0 tests
linux-portability (ubuntu-24.04)	Native portability gate (debug and release)	2026-09-20T11:49:58.4690864Z 
linux-portability (ubuntu-24.04)	Native portability gate (debug and release)	2026-09-20T11:49:58.4691513Z test result: ok. 0 passed; 0 failed; 0 ignored; 0 measured; 0 filtered out; finished in 0.00s
linux-portability (ubuntu-24.04)	Native portability gate (debug and release)	2026-09-20T11:49:58.4692224Z 
linux-portability (ubuntu-24.04)	Native portability gate (debug and release)	2026-09-20T11:49:58.4692564Z      Running unittests src/bin/diffrun.rs (target/debug/deps/diffrun-994f4b85fc4f3254)
linux-portability (ubuntu-24.04)	Native portability gate (debug and release)	2026-09-20T11:49:58.4700864Z 
linux-portability (ubuntu-24.04)	Native portability gate (debug and release)	2026-09-20T11:49:58.4701093Z running 0 tests
linux-portability (ubuntu-24.04)	Native portability gate (debug and release)	2026-09-20T11:49:58.4701326Z 
linux-portability (ubuntu-24.04)	Native portability gate (debug and release)	2026-09-20T11:49:58.4701649Z test result: ok. 0 passed; 0 failed; 0 ignored; 0 measured; 0 filtered out; finished in 0.00s
linux-portability (ubuntu-24.04)	Native portability gate (debug and release)	2026-09-20T11:49:58.4702044Z 
linux-portability (ubuntu-24.04)	Native portability gate (debug and release)	2026-09-20T11:49:58.4703366Z      Running unittests src/main.rs (target/debug/deps/rawk-95b1893c01abdb10)
linux-portability (ubuntu-24.04)	Native portability gate (debug and release)	2026-09-20T11:49:58.4714179Z 
linux-portability (ubuntu-24.04)	Native portability gate (debug and release)	2026-09-20T11:49:58.4714357Z running 4 tests
linux-portability (ubuntu-24.04)	Native portability gate (debug and release)	2026-09-20T11:49:58.4751318Z test unicode_ere::tests::encoding_preserves_offsets_and_invalid_bytes_without_sentinels ... ok
linux-portability (ubuntu-24.04)	Native portability gate (debug and release)	2026-09-20T11:49:58.4835344Z test unicode_ere::tests::compiled_intervals_cover_only_the_requested_runes ... ok
linux-portability (ubuntu-24.04)	Native portability gate (debug and release)	2026-09-20T11:49:58.4890629Z test input::tests::separators_are_independent_of_read_boundaries ... ok
linux-portability (ubuntu-24.04)	Native portability gate (debug and release)	2026-09-20T11:49:58.5069373Z test ere::stream::tests::physical_short_reads_do_not_change_bwk_lookahead ... ok
linux-portability (ubuntu-24.04)	Native portability gate (debug and release)	2026-09-20T11:49:58.5070146Z 
linux-portability (ubuntu-24.04)	Native portability gate (debug and release)	2026-09-20T11:49:58.5070540Z test result: ok. 4 passed; 0 failed; 0 ignored; 0 measured; 0 filtered out; finished in 0.04s
linux-portability (ubuntu-24.04)	Native portability gate (debug and release)	2026-09-20T11:49:58.5071039Z 
linux-portability (ubuntu-24.04)	Native portability gate (debug and release)	2026-09-20T11:49:58.5072028Z      Running tests/bytes_array_keys.rs (target/debug/deps/bytes_array_keys-9114eb559bd3fc79)
linux-portability (ubuntu-24.04)	Native portability gate (debug and release)	2026-09-20T11:49:58.5082183Z 
linux-portability (ubuntu-24.04)	Native portability gate (debug and release)	2026-09-20T11:49:58.5082395Z running 3 tests
linux-portability (ubuntu-24.04)	Native portability gate (debug and release)	2026-09-20T11:49:58.5241556Z test nul_embedded_key_round_trips ... ok
linux-portability (ubuntu-24.04)	Native portability gate (debug and release)	2026-09-20T11:49:58.5241977Z test for_in_returns_all_distinct_byte_keys ... ok
linux-portability (ubuntu-24.04)	Native portability gate (debug and release)	2026-09-20T11:49:58.5281814Z test distinct_high_byte_keys_do_not_collide ... ok
linux-portability (ubuntu-24.04)	Native portability gate (debug and release)	2026-09-20T11:49:58.5282113Z 
linux-portability (ubuntu-24.04)	Native portability gate (debug and release)	2026-09-20T11:49:58.5282429Z test result: ok. 3 passed; 0 failed; 0 ignored; 0 measured; 0 filtered out; finished in 0.02s
linux-portability (ubuntu-24.04)	Native portability gate (debug and release)	2026-09-20T11:49:58.5282788Z 
linux-portability (ubuntu-24.04)	Native portability gate (debug and release)	2026-09-20T11:49:58.5284565Z      Running tests/bytes_printf.rs (target/debug/deps/bytes_printf-cc7330dc1e13afd2)
linux-portability (ubuntu-24.04)	Native portability gate (debug and release)	2026-09-20T11:49:58.5294088Z 
linux-portability (ubuntu-24.04)	Native portability gate (debug and release)	2026-09-20T11:49:58.5294367Z running 6 tests
linux-portability (ubuntu-24.04)	Native portability gate (debug and release)	2026-09-20T11:49:58.5364498Z test printf_c_emits_first_byte_raw ... ok
linux-portability (ubuntu-24.04)	Native portability gate (debug and release)	2026-09-20T11:49:58.5365457Z test print_with_high_byte_ofs ... ok
linux-portability (ubuntu-24.04)	Native portability gate (debug and release)	2026-09-20T11:49:58.5366308Z test field_split_with_high_byte_fs ... ok
linux-portability (ubuntu-24.04)	Native portability gate (debug and release)	2026-09-20T11:49:58.5370153Z test printf_format_string_with_high_bytes ... ok
linux-portability (ubuntu-24.04)	Native portability gate (debug and release)	2026-09-20T11:49:58.5429874Z test printf_s_preserves_high_byte ... ok
linux-portability (ubuntu-24.04)	Native portability gate (debug and release)	2026-09-20T11:49:58.5430518Z test sprintf_high_byte_round_trip ... ok
linux-portability (ubuntu-24.04)	Native portability gate (debug and release)	2026-09-20T11:49:58.5430901Z 
linux-portability (ubuntu-24.04)	Native portability gate (debug and release)	2026-09-20T11:49:58.5431299Z test result: ok. 6 passed; 0 failed; 0 ignored; 0 measured; 0 filtered out; finished in 0.01s
linux-portability (ubuntu-24.04)	Native portability gate (debug and release)	2026-09-20T11:49:58.5431866Z 
linux-portability (ubuntu-24.04)	Native portability gate (debug and release)	2026-09-20T11:49:58.5432495Z      Running tests/bytes_regex_match.rs (target/debug/deps/bytes_regex_match-97728d2c0dfc372b)
linux-portability (ubuntu-24.04)	Native portability gate (debug and release)	2026-09-20T11:49:58.5441728Z 
linux-portability (ubuntu-24.04)	Native portability gate (debug and release)	2026-09-20T11:49:58.5441873Z running 6 tests
linux-portability (ubuntu-24.04)	Native portability gate (debug and release)	2026-09-20T11:49:58.5511289Z test match_distinguishes_high_bytes ... ok
linux-portability (ubuntu-24.04)	Native portability gate (debug and release)	2026-09-20T11:49:58.5512079Z test match_builtin_high_byte_pattern_position ... ok
linux-portability (ubuntu-24.04)	Native portability gate (debug and release)	2026-09-20T11:49:58.5512664Z test gsub_ampersand_includes_whole_match ... ok
linux-portability (ubuntu-24.04)	Native portability gate (debug and release)	2026-09-20T11:49:58.5561487Z test nul_inside_subject_with_rs_regex ... ok
linux-portability (ubuntu-24.04)	Native portability gate (debug and release)	2026-09-20T11:49:58.5576327Z test rs_regex_high_byte_separator_splits_correctly ... ok
linux-portability (ubuntu-24.04)	Native portability gate (debug and release)	2026-09-20T11:49:58.5578176Z test sub_replaces_high_byte_run ... ok
linux-portability (ubuntu-24.04)	Native portability gate (debug and release)	2026-09-20T11:49:58.5578570Z 
linux-portability (ubuntu-24.04)	Native portability gate (debug and release)	2026-09-20T11:49:58.5579156Z test result: ok. 6 passed; 0 failed; 0 ignored; 0 measured; 0 filtered out; finished in 0.01s
linux-portability (ubuntu-24.04)	Native portability gate (debug and release)	2026-09-20T11:49:58.5579751Z 
linux-portability (ubuntu-24.04)	Native portability gate (debug and release)	2026-09-20T11:49:58.5580156Z      Running tests/data_contract.rs (target/debug/deps/data_contract-cd61b34734f48d5d)
linux-portability (ubuntu-24.04)	Native portability gate (debug and release)	2026-09-20T11:49:58.5589678Z 
linux-portability (ubuntu-24.04)	Native portability gate (debug and release)	2026-09-20T11:49:58.5590007Z running 6 tests
linux-portability (ubuntu-24.04)	Native portability gate (debug and release)	2026-09-20T11:49:58.5658446Z test csv_handles_quoted_delimiters_newlines_and_escaped_quotes ... ok
linux-portability (ubuntu-24.04)	Native portability gate (debug and release)	2026-09-20T11:49:58.5659966Z test invalid_regex_is_reported ... ok
linux-portability (ubuntu-24.04)	Native portability gate (debug and release)	2026-09-20T11:49:58.5708972Z test fields_accept_regex_separator ... ok
linux-portability (ubuntu-24.04)	Native portability gate (debug and release)	2026-09-20T11:49:58.5716293Z test regex_uses_leftmost_longest ... ok
linux-portability (ubuntu-24.04)	Native portability gate (debug and release)	2026-09-20T11:49:58.5724340Z test split_preserves_empty_fields_and_clears_array ... ok
linux-portability (ubuntu-24.04)	Native portability gate (debug and release)	2026-09-20T11:49:58.5725964Z test substitutions_report_count_not_changed_text ... ok
linux-portability (ubuntu-24.04)	Native portability gate (debug and release)	2026-09-20T11:49:58.5726390Z 
linux-portability (ubuntu-24.04)	Native portability gate (debug and release)	2026-09-20T11:49:58.5726778Z test result: ok. 6 passed; 0 failed; 0 ignored; 0 measured; 0 filtered out; finished in 0.01s
linux-portability (ubuntu-24.04)	Native portability gate (debug and release)	2026-09-20T11:49:58.5727176Z 
linux-portability (ubuntu-24.04)	Native portability gate (debug and release)	2026-09-20T11:49:58.5728368Z      Running tests/driver_regressions.rs (target/debug/deps/driver_regressions-20f0cb45f6026201)
linux-portability (ubuntu-24.04)	Native portability gate (debug and release)	2026-09-20T11:49:58.5737558Z 
linux-portability (ubuntu-24.04)	Native portability gate (debug and release)	2026-09-20T11:49:58.5737733Z running 6 tests
linux-portability (ubuntu-24.04)	Native portability gate (debug and release)	2026-09-20T11:49:58.5817255Z test multifile_syntax_error_names_offending_source ... ok
linux-portability (ubuntu-24.04)	Native portability gate (debug and release)	2026-09-20T11:49:58.5867642Z test field_index_beyond_reference_integer_range_is_an_error ... ok
linux-portability (ubuntu-24.04)	Native portability gate (debug and release)	2026-09-20T11:49:58.5891690Z test getline_comparison_is_not_part_of_filename ... ok
linux-portability (ubuntu-24.04)	Native portability gate (debug and release)	2026-09-20T11:49:58.6010399Z test invalid_function_parameters_are_errors_before_execution ... ok
linux-portability (ubuntu-24.04)	Native portability gate (debug and release)	2026-09-20T11:49:58.6150833Z test redirected_stdin_shares_buffer_with_main_input ... ok
linux-portability (ubuntu-24.04)	Native portability gate (debug and release)	2026-09-20T11:49:58.6242444Z test stdin_program_and_empty_statements ... ok
linux-portability (ubuntu-24.04)	Native portability gate (debug and release)	2026-09-20T11:49:58.6242782Z 
linux-portability (ubuntu-24.04)	Native portability gate (debug and release)	2026-09-20T11:49:58.6243173Z test result: ok. 6 passed; 0 failed; 0 ignored; 0 measured; 0 filtered out; finished in 0.05s
linux-portability (ubuntu-24.04)	Native portability gate (debug and release)	2026-09-20T11:49:58.6243679Z 
linux-portability (ubuntu-24.04)	Native portability gate (debug and release)	2026-09-20T11:49:58.6245533Z      Running tests/dynamic_format.rs (target/debug/deps/dynamic_format-27b8cdc066ca99a2)
linux-portability (ubuntu-24.04)	Native portability gate (debug and release)	2026-09-20T11:49:58.6254865Z 
linux-portability (ubuntu-24.04)	Native portability gate (debug and release)	2026-09-20T11:49:58.6255090Z running 8 tests
linux-portability (ubuntu-24.04)	Native portability gate (debug and release)	2026-09-20T11:49:58.6394267Z test missing_star_arguments_are_errors ... ok
linux-portability (ubuntu-24.04)	Native portability gate (debug and release)	2026-09-20T11:49:58.6458492Z test negative_precision_keeps_binary_and_multibyte_paths ... ok
linux-portability (ubuntu-24.04)	Native portability gate (debug and release)	2026-09-20T11:49:58.6638752Z test string_and_literal_range_errors_do_not_discard_arithmetic_subnormals ... ok
linux-portability (ubuntu-24.04)	Native portability gate (debug and release)	2026-09-20T11:49:58.7935409Z test unsigned_conversion_matches_native_oracle ... ok
linux-portability (ubuntu-24.04)	Native portability gate (debug and release)	2026-09-20T11:49:58.8193457Z test zero_padded_strings_match_native_oracle ... ok
linux-portability (ubuntu-24.04)	Native portability gate (debug and release)	2026-09-20T11:49:59.3207730Z test dynamic_width_precision_and_consumption ... ok
linux-portability (ubuntu-24.04)	Native portability gate (debug and release)	2026-09-20T11:50:00.6435695Z test integer_flags_precision_and_signs ... ok
linux-portability (ubuntu-24.04)	Native portability gate (debug and release)	2026-09-20T11:50:01.2312885Z test negative_dynamic_precision_preserves_flags_and_argument_consumption ... ok
linux-portability (ubuntu-24.04)	Native portability gate (debug and release)	2026-09-20T11:50:01.2313503Z 
linux-portability (ubuntu-24.04)	Native portability gate (debug and release)	2026-09-20T11:50:01.2313892Z test result: ok. 8 passed; 0 failed; 0 ignored; 0 measured; 0 filtered out; finished in 2.61s
linux-portability (ubuntu-24.04)	Native portability gate (debug and release)	2026-09-20T11:50:01.2314505Z 
linux-portability (ubuntu-24.04)	Native portability gate (debug and release)	2026-09-20T11:50:01.2315315Z      Running tests/harness.rs (target/debug/deps/harness-84724762e23c52d1)
linux-portability (ubuntu-24.04)	Native portability gate (debug and release)	2026-09-20T11:50:01.2325164Z 
linux-portability (ubuntu-24.04)	Native portability gate (debug and release)	2026-09-20T11:50:01.2325573Z running 5 tests
linux-portability (ubuntu-24.04)	Native portability gate (debug and release)	2026-09-20T11:50:01.2345746Z test annotation_does_not_accept_new_failures ... ok
linux-portability (ubuntu-24.04)	Native portability gate (debug and release)	2026-09-20T11:50:01.2395623Z test preserves_bytes_whitespace_and_status ... ok
linux-portability (ubuntu-24.04)	Native portability gate (debug and release)	2026-09-20T11:50:01.2412953Z test aggregate_gate_reports_an_intermediate_failure ... ok
linux-portability (ubuntu-24.04)	Native portability gate (debug and release)	2026-09-20T11:50:01.2467606Z test each_run_has_a_fresh_directory ... ok
linux-portability (ubuntu-24.04)	Native portability gate (debug and release)	2026-09-20T11:50:01.6669237Z test timeout_kills_descendants ... ok
linux-portability (ubuntu-24.04)	Native portability gate (debug and release)	2026-09-20T11:50:01.6669736Z 
linux-portability (ubuntu-24.04)	Native portability gate (debug and release)	2026-09-20T11:50:01.6670220Z test result: ok. 5 passed; 0 failed; 0 ignored; 0 measured; 0 filtered out; finished in 0.43s
linux-portability (ubuntu-24.04)	Native portability gate (debug and release)	2026-09-20T11:50:01.6670908Z 
linux-portability (ubuntu-24.04)	Native portability gate (debug and release)	2026-09-20T11:50:01.6672922Z      Running tests/input_contract.rs (target/debug/deps/input_contract-df587d5dab3b336c)
linux-portability (ubuntu-24.04)	Native portability gate (debug and release)	2026-09-20T11:50:01.6685549Z 
linux-portability (ubuntu-24.04)	Native portability gate (debug and release)	2026-09-20T11:50:01.6685829Z running 5 tests
linux-portability (ubuntu-24.04)	Native portability gate (debug and release)	2026-09-20T11:50:01.6761512Z test getline_uses_main_stream_and_counts_every_read ... ok
linux-portability (ubuntu-24.04)	Native portability gate (debug and release)	2026-09-20T11:50:01.6762160Z test file_getline_and_interleaved_assignments ... ok
linux-portability (ubuntu-24.04)	Native portability gate (debug and release)	2026-09-20T11:50:01.6762582Z test rewriting_record_does_not_count_a_read ... ok
linux-portability (ubuntu-24.04)	Native portability gate (debug and release)	2026-09-20T11:50:01.6765948Z test missing_getline_file_is_an_error_not_eof ... ok
linux-portability (ubuntu-24.04)	Native portability gate (debug and release)	2026-09-20T11:50:01.6821504Z test rs_changes_apply_to_unconsumed_input ... ok
linux-portability (ubuntu-24.04)	Native portability gate (debug and release)	2026-09-20T11:50:01.6821929Z 
linux-portability (ubuntu-24.04)	Native portability gate (debug and release)	2026-09-20T11:50:01.6822283Z test result: ok. 5 passed; 0 failed; 0 ignored; 0 measured; 0 filtered out; finished in 0.01s
linux-portability (ubuntu-24.04)	Native portability gate (debug and release)	2026-09-20T11:50:01.6823096Z 
linux-portability (ubuntu-24.04)	Native portability gate (debug and release)	2026-09-20T11:50:01.6824146Z      Running tests/language_contract.rs (target/debug/deps/language_contract-2fab3b4b0fc766c6)
linux-portability (ubuntu-24.04)	Native portability gate (debug and release)	2026-09-20T11:50:01.6834004Z 
linux-portability (ubuntu-24.04)	Native portability gate (debug and release)	2026-09-20T11:50:01.6834150Z running 7 tests
linux-portability (ubuntu-24.04)	Native portability gate (debug and release)	2026-09-20T11:50:01.6918806Z test array_parameters_are_references ... ok
linux-portability (ubuntu-24.04)	Native portability gate (debug and release)	2026-09-20T11:50:01.6919557Z test expressions_and_escapes ... ok
linux-portability (ubuntu-24.04)	Native portability gate (debug and release)	2026-09-20T11:50:01.6920511Z test convfmt_is_used_for_comparisons_fields_and_keys ... ok
linux-portability (ubuntu-24.04)	Native portability gate (debug and release)	2026-09-20T11:50:01.6921408Z test array_reads_create_entries ... ok
linux-portability (ubuntu-24.04)	Native portability gate (debug and release)	2026-09-20T11:50:01.6983004Z test numeric_and_string_values_keep_their_types ... ok
linux-portability (ubuntu-24.04)	Native portability gate (debug and release)	2026-09-20T11:50:01.6995095Z test range_patterns_and_empty_actions ... ok
linux-portability (ubuntu-24.04)	Native portability gate (debug and release)	2026-09-20T11:50:01.7032762Z test lvalue_indices_are_evaluated_once ... ok
linux-portability (ubuntu-24.04)	Native portability gate (debug and release)	2026-09-20T11:50:01.7033215Z 
linux-portability (ubuntu-24.04)	Native portability gate (debug and release)	2026-09-20T11:50:01.7033583Z test result: ok. 7 passed; 0 failed; 0 ignored; 0 measured; 0 filtered out; finished in 0.02s
linux-portability (ubuntu-24.04)	Native portability gate (debug and release)	2026-09-20T11:50:01.7034043Z 
linux-portability (ubuntu-24.04)	Native portability gate (debug and release)	2026-09-20T11:50:01.7037448Z      Running tests/legacy_locale.rs (target/debug/deps/legacy_locale-e35a0006ade4badb)
linux-portability (ubuntu-24.04)	Native portability gate (debug and release)	2026-09-20T11:50:01.7045729Z 
linux-portability (ubuntu-24.04)	Native portability gate (debug and release)	2026-09-20T11:50:01.7046021Z running 6 tests
linux-portability (ubuntu-24.04)	Native portability gate (debug and release)	2026-09-20T11:50:01.7476000Z test every_nonzero_byte_case_conversion_matches_c ... ok
linux-portability (ubuntu-24.04)	Native portability gate (debug and release)	2026-09-20T11:50:01.7607873Z test nul_preservation_remains_an_explicit_rust_extension ... ok
linux-portability (ubuntu-24.04)	Native portability gate (debug and release)	2026-09-20T11:50:01.7638195Z test byte_positions_ranges_splits_and_substitution_match_c ... ok
linux-portability (ubuntu-24.04)	Native portability gate (debug and release)	2026-09-20T11:50:01.7693110Z test legacy_locale_selection_obeys_precedence_and_is_fixed_at_startup ... ok
linux-portability (ubuntu-24.04)	Native portability gate (debug and release)	2026-09-20T11:50:01.7927093Z test required_single_byte_locales_are_active ... ok
linux-portability (ubuntu-24.04)	Native portability gate (debug and release)	2026-09-20T11:50:02.3257175Z test every_nonzero_byte_in_each_posix_class_matches_c ... ok
linux-portability (ubuntu-24.04)	Native portability gate (debug and release)	2026-09-20T11:50:02.3257857Z 
linux-portability (ubuntu-24.04)	Native portability gate (debug and release)	2026-09-20T11:50:02.3258208Z test result: ok. 6 passed; 0 failed; 0 ignored; 0 measured; 0 filtered out; finished in 0.62s
linux-portability (ubuntu-24.04)	Native portability gate (debug and release)	2026-09-20T11:50:02.3258832Z 
linux-portability (ubuntu-24.04)	Native portability gate (debug and release)	2026-09-20T11:50:02.3259287Z      Running tests/runtime_contract.rs (target/debug/deps/runtime_contract-e285726cc718c1b4)
linux-portability (ubuntu-24.04)	Native portability gate (debug and release)	2026-09-20T11:50:02.3269546Z 
linux-portability (ubuntu-24.04)	Native portability gate (debug and release)	2026-09-20T11:50:02.3269830Z running 3 tests
linux-portability (ubuntu-24.04)	Native portability gate (debug and release)	2026-09-20T11:50:02.3337573Z test exit_executes_end_and_interrupts_expressions ... ok
linux-portability (ubuntu-24.04)	Native portability gate (debug and release)	2026-09-20T11:50:02.3338185Z test short_circuit_preserves_side_effects ... ok
linux-portability (ubuntu-24.04)	Native portability gate (debug and release)	2026-09-20T11:50:02.3340299Z test return_escapes_all_loop_forms ... ok
linux-portability (ubuntu-24.04)	Native portability gate (debug and release)	2026-09-20T11:50:02.3340636Z 
linux-portability (ubuntu-24.04)	Native portability gate (debug and release)	2026-09-20T11:50:02.3341035Z test result: ok. 3 passed; 0 failed; 0 ignored; 0 measured; 0 filtered out; finished in 0.01s
linux-portability (ubuntu-24.04)	Native portability gate (debug and release)	2026-09-20T11:50:02.3341622Z 
linux-portability (ubuntu-24.04)	Native portability gate (debug and release)	2026-09-20T11:50:02.3342149Z      Running tests/shift_jis.rs (target/debug/deps/shift_jis-37ba6b24f7a6e90f)
linux-portability (ubuntu-24.04)	Native portability gate (debug and release)	2026-09-20T11:50:02.3350645Z 
linux-portability (ubuntu-24.04)	Native portability gate (debug and release)	2026-09-20T11:50:02.3350798Z running 12 tests
linux-portability (ubuntu-24.04)	Native portability gate (debug and release)	2026-09-20T11:50:02.3507665Z test embedded_nul_preserves_the_rust_binary_extension ... ok
linux-portability (ubuntu-24.04)	Native portability gate (debug and release)	2026-09-20T11:50:02.3513232Z test conversion_failure_preserves_atomic_print_contract ... ok
linux-portability (ubuntu-24.04)	Native portability gate (debug and release)	2026-09-20T11:50:02.3648918Z test decoded_character_with_unencodable_case_mapping_matches_c ... ok
linux-portability (ubuntu-24.04)	Native portability gate (debug and release)	2026-09-20T11:50:02.3825504Z test regex_rs_with_three_or_four_byte_structural_units_matches_c ... ok
linux-portability (ubuntu-24.04)	Native portability gate (debug and release)	2026-09-20T11:50:02.3954595Z test required_sjis_locale_has_observable_case_mapping ... ok
linux-portability (ubuntu-24.04)	Native portability gate (debug and release)	2026-09-20T11:50:02.5077778Z test record_separators_and_locale_precedence_match_c ... ok
linux-portability (ubuntu-24.04)	Native portability gate (debug and release)	2026-09-20T11:50:02.5211512Z test streaming_rs_keeps_binary_data_distinct_from_eof ... ok
linux-portability (ubuntu-24.04)	Native portability gate (debug and release)	2026-09-20T11:50:02.8752648Z test regex_rs_sjis_refill_across_input_buffers_and_getline_matches_c ... ok
linux-portability (ubuntu-24.04)	Native portability gate (debug and release)	2026-09-20T11:50:03.0263013Z test valid_case_conversion_and_truncated_suffixes_match_c ... ok
linux-portability (ubuntu-24.04)	Native portability gate (debug and release)	2026-09-20T11:50:03.1108994Z test structural_units_regex_fields_and_formatting_match_c ... ok
linux-portability (ubuntu-24.04)	Native portability gate (debug and release)	2026-09-20T11:50:05.7767745Z test regex_rs_refill_restart_longest_and_anchors_match_c ... ok
linux-portability (ubuntu-24.04)	Native portability gate (debug and release)	2026-09-20T11:50:11.6861486Z test single_bytes_and_lead_trail_boundaries_match_c ... ok
linux-portability (ubuntu-24.04)	Native portability gate (debug and release)	2026-09-20T11:50:11.6862166Z 
linux-portability (ubuntu-24.04)	Native portability gate (debug and release)	2026-09-20T11:50:11.6862721Z test result: ok. 12 passed; 0 failed; 0 ignored; 0 measured; 0 filtered out; finished in 9.35s
linux-portability (ubuntu-24.04)	Native portability gate (debug and release)	2026-09-20T11:50:11.6863509Z 
linux-portability (ubuntu-24.04)	Native portability gate (debug and release)	2026-09-20T11:50:11.6866491Z      Running tests/unicode_contract.rs (target/debug/deps/unicode_contract-28fd1d08d829904c)
linux-portability (ubuntu-24.04)	Native portability gate (debug and release)	2026-09-20T11:50:11.6875820Z 
linux-portability (ubuntu-24.04)	Native portability gate (debug and release)	2026-09-20T11:50:11.6876423Z running 10 tests
linux-portability (ubuntu-24.04)	Native portability gate (debug and release)	2026-09-20T11:50:11.7085974Z test binary_nul_extension_and_case_conversion_errors ... ok
linux-portability (ubuntu-24.04)	Native portability gate (debug and release)	2026-09-20T11:50:11.7940419Z test repeated_matches_and_index_inside_a_multibyte_unit ... ok
linux-portability (ubuntu-24.04)	Native portability gate (debug and release)	2026-09-20T11:50:11.8171550Z test locale_precedence_and_character_operations ... ok
linux-portability (ubuntu-24.04)	Native portability gate (debug and release)	2026-09-20T11:50:11.8258721Z test required_locales_are_active_in_both_interpreters ... ok
linux-portability (ubuntu-24.04)	Native portability gate (debug and release)	2026-09-20T11:50:11.8566623Z test unicode_formatting_and_source_escapes ... ok
linux-portability (ubuntu-24.04)	Native portability gate (debug and release)	2026-09-20T11:50:11.9309837Z test utf8_record_separators_across_buffers ... ok
linux-portability (ubuntu-24.04)	Native portability gate (debug and release)	2026-09-20T11:50:11.9738749Z test boolean_regex_search_preserves_rune_alignment_and_empty_matches ... ok
linux-portability (ubuntu-24.04)	Native portability gate (debug and release)	2026-09-20T11:50:12.0189694Z test utf8_regex_empty_matches_and_mixed_bytes ... ok
linux-portability (ubuntu-24.04)	Native portability gate (debug and release)	2026-09-20T11:50:12.0290914Z test unicode_classes_ranges_and_anchors ... ok
linux-portability (ubuntu-24.04)	Native portability gate (debug and release)	2026-09-20T11:50:15.0157747Z test original_utf8_drivers ... ok
linux-portability (ubuntu-24.04)	Native portability gate (debug and release)	2026-09-20T11:50:15.0158252Z 
linux-portability (ubuntu-24.04)	Native portability gate (debug and release)	2026-09-20T11:50:15.0158687Z test result: ok. 10 passed; 0 failed; 0 ignored; 0 measured; 0 filtered out; finished in 3.33s
linux-portability (ubuntu-24.04)	Native portability gate (debug and release)	2026-09-20T11:50:15.0159361Z 
linux-portability (ubuntu-24.04)	Native portability gate (debug and release)	2026-09-20T11:50:15.0917471Z    Compiling num-traits v0.2.19
linux-portability (ubuntu-24.04)	Native portability gate (debug and release)	2026-09-20T11:50:15.0918075Z    Compiling getrandom v0.3.4
linux-portability (ubuntu-24.04)	Native portability gate (debug and release)	2026-09-20T11:50:15.0950791Z    Compiling zerocopy v0.8.48
linux-portability (ubuntu-24.04)	Native portability gate (debug and release)	2026-09-20T11:50:15.0974146Z    Compiling wait-timeout v0.2.1
linux-portability (ubuntu-24.04)	Native portability gate (debug and release)	2026-09-20T11:50:15.4103992Z    Compiling rand_core v0.9.5
linux-portability (ubuntu-24.04)	Native portability gate (debug and release)	2026-09-20T11:50:15.5306294Z    Compiling bit-vec v0.8.0
linux-portability (ubuntu-24.04)	Native portability gate (debug and release)	2026-09-20T11:50:15.5766057Z    Compiling fnv v1.0.7
linux-portability (ubuntu-24.04)	Native portability gate (debug and release)	2026-09-20T11:50:15.6100899Z    Compiling quick-error v1.2.3
linux-portability (ubuntu-24.04)	Native portability gate (debug and release)	2026-09-20T11:50:15.6880940Z    Compiling rusty-fork v0.3.1
linux-portability (ubuntu-24.04)	Native portability gate (debug and release)	2026-09-20T11:50:15.7575755Z    Compiling bit-set v0.8.0
linux-portability (ubuntu-24.04)	Native portability gate (debug and release)	2026-09-20T11:50:15.8637514Z    Compiling rand_xorshift v0.4.0
linux-portability (ubuntu-24.04)	Native portability gate (debug and release)	2026-09-20T11:50:15.9446812Z    Compiling rand v0.9.4
linux-portability (ubuntu-24.04)	Native portability gate (debug and release)	2026-09-20T11:50:16.2235806Z    Compiling chrono v0.4.44
linux-portability (ubuntu-24.04)	Native portability gate (debug and release)	2026-09-20T11:50:16.5066879Z    Compiling unarray v0.1.4
linux-portability (ubuntu-24.04)	Native portability gate (debug and release)	2026-09-20T11:50:17.1250859Z    Compiling rawk v0.1.0 (/home/runner/work/rawk/rawk/rawk)
linux-portability (ubuntu-24.04)	Native portability gate (debug and release)	2026-09-20T11:50:18.9565830Z    Compiling ppv-lite86 v0.2.21
linux-portability (ubuntu-24.04)	Native portability gate (debug and release)	2026-09-20T11:50:19.2229731Z    Compiling rand_chacha v0.9.0
linux-portability (ubuntu-24.04)	Native portability gate (debug and release)	2026-09-20T11:50:19.5215928Z    Compiling proptest v1.11.0
linux-portability (ubuntu-24.04)	Native portability gate (debug and release)	2026-09-20T11:50:31.6212361Z     Finished `release` profile [optimized] target(s) in 16.59s
linux-portability (ubuntu-24.04)	Native portability gate (debug and release)	2026-09-20T11:50:31.6268374Z      Running unittests src/lib.rs (target/release/deps/rawk-d71ef2789f8844ed)
linux-portability (ubuntu-24.04)	Native portability gate (debug and release)	2026-09-20T11:50:31.6279521Z 
linux-portability (ubuntu-24.04)	Native portability gate (debug and release)	2026-09-20T11:50:31.6279698Z running 0 tests
linux-portability (ubuntu-24.04)	Native portability gate (debug and release)	2026-09-20T11:50:31.6280043Z 
linux-portability (ubuntu-24.04)	Native portability gate (debug and release)	2026-09-20T11:50:31.6280568Z test result: ok. 0 passed; 0 failed; 0 ignored; 0 measured; 0 filtered out; finished in 0.00s
linux-portability (ubuntu-24.04)	Native portability gate (debug and release)	2026-09-20T11:50:31.6281142Z 
linux-portability (ubuntu-24.04)	Native portability gate (debug and release)	2026-09-20T11:50:31.6282151Z      Running unittests src/bin/diffrun.rs (target/release/deps/diffrun-1587e72c588c7ddd)
linux-portability (ubuntu-24.04)	Native portability gate (debug and release)	2026-09-20T11:50:31.6291521Z 
linux-portability (ubuntu-24.04)	Native portability gate (debug and release)	2026-09-20T11:50:31.6291716Z running 0 tests
linux-portability (ubuntu-24.04)	Native portability gate (debug and release)	2026-09-20T11:50:31.6291951Z 
linux-portability (ubuntu-24.04)	Native portability gate (debug and release)	2026-09-20T11:50:31.6292265Z test result: ok. 0 passed; 0 failed; 0 ignored; 0 measured; 0 filtered out; finished in 0.00s
linux-portability (ubuntu-24.04)	Native portability gate (debug and release)	2026-09-20T11:50:31.6292758Z 
linux-portability (ubuntu-24.04)	Native portability gate (debug and release)	2026-09-20T11:50:31.6293875Z      Running unittests src/main.rs (target/release/deps/rawk-4bf34a94d1f24a93)
linux-portability (ubuntu-24.04)	Native portability gate (debug and release)	2026-09-20T11:50:31.6305043Z 
linux-portability (ubuntu-24.04)	Native portability gate (debug and release)	2026-09-20T11:50:31.6305236Z running 4 tests
linux-portability (ubuntu-24.04)	Native portability gate (debug and release)	2026-09-20T11:50:31.6333313Z test input::tests::separators_are_independent_of_read_boundaries ... ok
linux-portability (ubuntu-24.04)	Native portability gate (debug and release)	2026-09-20T11:50:31.6334322Z test unicode_ere::tests::encoding_preserves_offsets_and_invalid_bytes_without_sentinels ... ok
linux-portability (ubuntu-24.04)	Native portability gate (debug and release)	2026-09-20T11:50:31.6335799Z test unicode_ere::tests::compiled_intervals_cover_only_the_requested_runes ... ok
linux-portability (ubuntu-24.04)	Native portability gate (debug and release)	2026-09-20T11:50:31.6344023Z test ere::stream::tests::physical_short_reads_do_not_change_bwk_lookahead ... ok
linux-portability (ubuntu-24.04)	Native portability gate (debug and release)	2026-09-20T11:50:31.6345328Z 
linux-portability (ubuntu-24.04)	Native portability gate (debug and release)	2026-09-20T11:50:31.6347640Z test result: ok. 4 passed; 0 failed; 0 ignored; 0 measured; 0 filtered out; finished in 0.00s
linux-portability (ubuntu-24.04)	Native portability gate (debug and release)	2026-09-20T11:50:31.6348437Z 
linux-portability (ubuntu-24.04)	Native portability gate (debug and release)	2026-09-20T11:50:31.6349134Z      Running tests/bytes_array_keys.rs (target/release/deps/bytes_array_keys-8698c4f8eb149f0b)
linux-portability (ubuntu-24.04)	Native portability gate (debug and release)	2026-09-20T11:50:31.6355157Z 
linux-portability (ubuntu-24.04)	Native portability gate (debug and release)	2026-09-20T11:50:31.6355355Z running 3 tests
linux-portability (ubuntu-24.04)	Native portability gate (debug and release)	2026-09-20T11:50:31.6425057Z test distinct_high_byte_keys_do_not_collide ... ok
linux-portability (ubuntu-24.04)	Native portability gate (debug and release)	2026-09-20T11:50:31.6425942Z test for_in_returns_all_distinct_byte_keys ... ok
linux-portability (ubuntu-24.04)	Native portability gate (debug and release)	2026-09-20T11:50:31.6426956Z test nul_embedded_key_round_trips ... ok
linux-portability (ubuntu-24.04)	Native portability gate (debug and release)	2026-09-20T11:50:31.6427288Z 
linux-portability (ubuntu-24.04)	Native portability gate (debug and release)	2026-09-20T11:50:31.6427675Z test result: ok. 3 passed; 0 failed; 0 ignored; 0 measured; 0 filtered out; finished in 0.01s
linux-portability (ubuntu-24.04)	Native portability gate (debug and release)	2026-09-20T11:50:31.6428218Z 
linux-portability (ubuntu-24.04)	Native portability gate (debug and release)	2026-09-20T11:50:31.6428477Z      Running tests/bytes_printf.rs (target/release/deps/bytes_printf-44671ba9f391bc9e)
linux-portability (ubuntu-24.04)	Native portability gate (debug and release)	2026-09-20T11:50:31.6436888Z 
linux-portability (ubuntu-24.04)	Native portability gate (debug and release)	2026-09-20T11:50:31.6437067Z running 6 tests
linux-portability (ubuntu-24.04)	Native portability gate (debug and release)	2026-09-20T11:50:31.6471322Z test printf_format_string_with_high_bytes ... ok
linux-portability (ubuntu-24.04)	Native portability gate (debug and release)	2026-09-20T11:50:31.6507821Z test print_with_high_byte_ofs ... ok
linux-portability (ubuntu-24.04)	Native portability gate (debug and release)	2026-09-20T11:50:31.6508510Z test printf_c_emits_first_byte_raw ... ok
linux-portability (ubuntu-24.04)	Native portability gate (debug and release)	2026-09-20T11:50:31.6516113Z test field_split_with_high_byte_fs ... ok
linux-portability (ubuntu-24.04)	Native portability gate (debug and release)	2026-09-20T11:50:31.6535044Z test printf_s_preserves_high_byte ... ok
linux-portability (ubuntu-24.04)	Native portability gate (debug and release)	2026-09-20T11:50:31.6571036Z test sprintf_high_byte_round_trip ... ok
linux-portability (ubuntu-24.04)	Native portability gate (debug and release)	2026-09-20T11:50:31.6571333Z 
linux-portability (ubuntu-24.04)	Native portability gate (debug and release)	2026-09-20T11:50:31.6571631Z test result: ok. 6 passed; 0 failed; 0 ignored; 0 measured; 0 filtered out; finished in 0.01s
linux-portability (ubuntu-24.04)	Native portability gate (debug and release)	2026-09-20T11:50:31.6572031Z 
linux-portability (ubuntu-24.04)	Native portability gate (debug and release)	2026-09-20T11:50:31.6573678Z      Running tests/bytes_regex_match.rs (target/release/deps/bytes_regex_match-81890e56ce80a1f7)
linux-portability (ubuntu-24.04)	Native portability gate (debug and release)	2026-09-20T11:50:31.6582347Z 
linux-portability (ubuntu-24.04)	Native portability gate (debug and release)	2026-09-20T11:50:31.6582503Z running 6 tests
linux-portability (ubuntu-24.04)	Native portability gate (debug and release)	2026-09-20T11:50:31.6654606Z test match_builtin_high_byte_pattern_position ... ok
linux-portability (ubuntu-24.04)	Native portability gate (debug and release)	2026-09-20T11:50:31.6655740Z test gsub_ampersand_includes_whole_match ... ok
linux-portability (ubuntu-24.04)	Native portability gate (debug and release)	2026-09-20T11:50:31.6656666Z test nul_inside_subject_with_rs_regex ... ok
linux-portability (ubuntu-24.04)	Native portability gate (debug and release)	2026-09-20T11:50:31.6658016Z test match_distinguishes_high_bytes ... ok
linux-portability (ubuntu-24.04)	Native portability gate (debug and release)	2026-09-20T11:50:31.6716759Z test rs_regex_high_byte_separator_splits_correctly ... ok
linux-portability (ubuntu-24.04)	Native portability gate (debug and release)	2026-09-20T11:50:31.6725277Z test sub_replaces_high_byte_run ... ok
linux-portability (ubuntu-24.04)	Native portability gate (debug and release)	2026-09-20T11:50:31.6725577Z 
linux-portability (ubuntu-24.04)	Native portability gate (debug and release)	2026-09-20T11:50:31.6725889Z test result: ok. 6 passed; 0 failed; 0 ignored; 0 measured; 0 filtered out; finished in 0.01s
linux-portability (ubuntu-24.04)	Native portability gate (debug and release)	2026-09-20T11:50:31.6726303Z 
linux-portability (ubuntu-24.04)	Native portability gate (debug and release)	2026-09-20T11:50:31.6727817Z      Running tests/data_contract.rs (target/release/deps/data_contract-f3cccc134cf87c5a)
linux-portability (ubuntu-24.04)	Native portability gate (debug and release)	2026-09-20T11:50:31.6736778Z 
linux-portability (ubuntu-24.04)	Native portability gate (debug and release)	2026-09-20T11:50:31.6736966Z running 6 tests
linux-portability (ubuntu-24.04)	Native portability gate (debug and release)	2026-09-20T11:50:31.6804101Z test csv_handles_quoted_delimiters_newlines_and_escaped_quotes ... ok
linux-portability (ubuntu-24.04)	Native portability gate (debug and release)	2026-09-20T11:50:31.6805419Z test fields_accept_regex_separator ... ok
linux-portability (ubuntu-24.04)	Native portability gate (debug and release)	2026-09-20T11:50:31.6815429Z test invalid_regex_is_reported ... ok
linux-portability (ubuntu-24.04)	Native portability gate (debug and release)	2026-09-20T11:50:31.6816478Z test regex_uses_leftmost_longest ... ok
linux-portability (ubuntu-24.04)	Native portability gate (debug and release)	2026-09-20T11:50:31.6868461Z test substitutions_report_count_not_changed_text ... ok
linux-portability (ubuntu-24.04)	Native portability gate (debug and release)	2026-09-20T11:50:31.6875987Z test split_preserves_empty_fields_and_clears_array ... ok
linux-portability (ubuntu-24.04)	Native portability gate (debug and release)	2026-09-20T11:50:31.6876803Z 
linux-portability (ubuntu-24.04)	Native portability gate (debug and release)	2026-09-20T11:50:31.6877214Z test result: ok. 6 passed; 0 failed; 0 ignored; 0 measured; 0 filtered out; finished in 0.01s
linux-portability (ubuntu-24.04)	Native portability gate (debug and release)	2026-09-20T11:50:31.6877828Z 
linux-portability (ubuntu-24.04)	Native portability gate (debug and release)	2026-09-20T11:50:31.6878292Z      Running tests/driver_regressions.rs (target/release/deps/driver_regressions-4f12b4c2692c1594)
linux-portability (ubuntu-24.04)	Native portability gate (debug and release)	2026-09-20T11:50:31.6887473Z 
linux-portability (ubuntu-24.04)	Native portability gate (debug and release)	2026-09-20T11:50:31.6887629Z running 6 tests
linux-portability (ubuntu-24.04)	Native portability gate (debug and release)	2026-09-20T11:50:31.6931878Z test multifile_syntax_error_names_offending_source ... ok
linux-portability (ubuntu-24.04)	Native portability gate (debug and release)	2026-09-20T11:50:31.6982237Z test field_index_beyond_reference_integer_range_is_an_error ... ok
linux-portability (ubuntu-24.04)	Native portability gate (debug and release)	2026-09-20T11:50:31.6998561Z test getline_comparison_is_not_part_of_filename ... ok
linux-portability (ubuntu-24.04)	Native portability gate (debug and release)	2026-09-20T11:50:31.7112153Z test invalid_function_parameters_are_errors_before_execution ... ok
linux-portability (ubuntu-24.04)	Native portability gate (debug and release)	2026-09-20T11:50:31.7313516Z test redirected_stdin_shares_buffer_with_main_input ... ok
linux-portability (ubuntu-24.04)	Native portability gate (debug and release)	2026-09-20T11:50:31.7356859Z test stdin_program_and_empty_statements ... ok
linux-portability (ubuntu-24.04)	Native portability gate (debug and release)	2026-09-20T11:50:31.7357528Z 
linux-portability (ubuntu-24.04)	Native portability gate (debug and release)	2026-09-20T11:50:31.7358209Z test result: ok. 6 passed; 0 failed; 0 ignored; 0 measured; 0 filtered out; finished in 0.05s
linux-portability (ubuntu-24.04)	Native portability gate (debug and release)	2026-09-20T11:50:31.7358879Z 
linux-portability (ubuntu-24.04)	Native portability gate (debug and release)	2026-09-20T11:50:31.7359724Z      Running tests/dynamic_format.rs (target/release/deps/dynamic_format-9a95eacbb0d1f803)
linux-portability (ubuntu-24.04)	Native portability gate (debug and release)	2026-09-20T11:50:31.7369464Z 
linux-portability (ubuntu-24.04)	Native portability gate (debug and release)	2026-09-20T11:50:31.7369729Z running 8 tests
linux-portability (ubuntu-24.04)	Native portability gate (debug and release)	2026-09-20T11:50:31.7503524Z test missing_star_arguments_are_errors ... ok
linux-portability (ubuntu-24.04)	Native portability gate (debug and release)	2026-09-20T11:50:31.7573217Z test negative_precision_keeps_binary_and_multibyte_paths ... ok
linux-portability (ubuntu-24.04)	Native portability gate (debug and release)	2026-09-20T11:50:31.7701232Z test string_and_literal_range_errors_do_not_discard_arithmetic_subnormals ... ok
linux-portability (ubuntu-24.04)	Native portability gate (debug and release)	2026-09-20T11:50:31.8949909Z test unsigned_conversion_matches_native_oracle ... ok
linux-portability (ubuntu-24.04)	Native portability gate (debug and release)	2026-09-20T11:50:31.9196990Z test zero_padded_strings_match_native_oracle ... ok
linux-portability (ubuntu-24.04)	Native portability gate (debug and release)	2026-09-20T11:50:32.4150722Z test dynamic_width_precision_and_consumption ... ok
linux-portability (ubuntu-24.04)	Native portability gate (debug and release)	2026-09-20T11:50:33.7266717Z test integer_flags_precision_and_signs ... ok
linux-portability (ubuntu-24.04)	Native portability gate (debug and release)	2026-09-20T11:50:34.3172285Z test negative_dynamic_precision_preserves_flags_and_argument_consumption ... ok
linux-portability (ubuntu-24.04)	Native portability gate (debug and release)	2026-09-20T11:50:34.3172905Z 
linux-portability (ubuntu-24.04)	Native portability gate (debug and release)	2026-09-20T11:50:34.3173188Z test result: ok. 8 passed; 0 failed; 0 ignored; 0 measured; 0 filtered out; finished in 2.58s
linux-portability (ubuntu-24.04)	Native portability gate (debug and release)	2026-09-20T11:50:34.3173614Z 
linux-portability (ubuntu-24.04)	Native portability gate (debug and release)	2026-09-20T11:50:34.3174618Z      Running tests/harness.rs (target/release/deps/harness-b4a86596c0b64263)
linux-portability (ubuntu-24.04)	Native portability gate (debug and release)	2026-09-20T11:50:34.3184144Z 
linux-portability (ubuntu-24.04)	Native portability gate (debug and release)	2026-09-20T11:50:34.3184330Z running 5 tests
linux-portability (ubuntu-24.04)	Native portability gate (debug and release)	2026-09-20T11:50:34.3187959Z test annotation_does_not_accept_new_failures ... ok
linux-portability (ubuntu-24.04)	Native portability gate (debug and release)	2026-09-20T11:50:34.3214295Z test preserves_bytes_whitespace_and_status ... ok
linux-portability (ubuntu-24.04)	Native portability gate (debug and release)	2026-09-20T11:50:34.3269503Z test aggregate_gate_reports_an_intermediate_failure ... ok
linux-portability (ubuntu-24.04)	Native portability gate (debug and release)	2026-09-20T11:50:34.3313115Z test each_run_has_a_fresh_directory ... ok
linux-portability (ubuntu-24.04)	Native portability gate (debug and release)	2026-09-20T11:50:34.7529739Z test timeout_kills_descendants ... ok
linux-portability (ubuntu-24.04)	Native portability gate (debug and release)	2026-09-20T11:50:34.7530244Z 
linux-portability (ubuntu-24.04)	Native portability gate (debug and release)	2026-09-20T11:50:34.7530775Z test result: ok. 5 passed; 0 failed; 0 ignored; 0 measured; 0 filtered out; finished in 0.43s
linux-portability (ubuntu-24.04)	Native portability gate (debug and release)	2026-09-20T11:50:34.7531306Z 
linux-portability (ubuntu-24.04)	Native portability gate (debug and release)	2026-09-20T11:50:34.7532618Z      Running tests/input_contract.rs (target/release/deps/input_contract-3eac677d339987f7)
linux-portability (ubuntu-24.04)	Native portability gate (debug and release)	2026-09-20T11:50:34.7544598Z 
linux-portability (ubuntu-24.04)	Native portability gate (debug and release)	2026-09-20T11:50:34.7545048Z running 5 tests
linux-portability (ubuntu-24.04)	Native portability gate (debug and release)	2026-09-20T11:50:34.7616744Z test getline_uses_main_stream_and_counts_every_read ... ok
linux-portability (ubuntu-24.04)	Native portability gate (debug and release)	2026-09-20T11:50:34.7617589Z test file_getline_and_interleaved_assignments ... ok
linux-portability (ubuntu-24.04)	Native portability gate (debug and release)	2026-09-20T11:50:34.7618840Z test missing_getline_file_is_an_error_not_eof ... ok
linux-portability (ubuntu-24.04)	Native portability gate (debug and release)	2026-09-20T11:50:34.7619984Z test rewriting_record_does_not_count_a_read ... ok
linux-portability (ubuntu-24.04)	Native portability gate (debug and release)	2026-09-20T11:50:34.7680923Z test rs_changes_apply_to_unconsumed_input ... ok
linux-portability (ubuntu-24.04)	Native portability gate (debug and release)	2026-09-20T11:50:34.7681378Z 
linux-portability (ubuntu-24.04)	Native portability gate (debug and release)	2026-09-20T11:50:34.7681774Z test result: ok. 5 passed; 0 failed; 0 ignored; 0 measured; 0 filtered out; finished in 0.01s
linux-portability (ubuntu-24.04)	Native portability gate (debug and release)	2026-09-20T11:50:34.7682278Z 
linux-portability (ubuntu-24.04)	Native portability gate (debug and release)	2026-09-20T11:50:34.7683499Z      Running tests/language_contract.rs (target/release/deps/language_contract-e7a125480e4e2230)
linux-portability (ubuntu-24.04)	Native portability gate (debug and release)	2026-09-20T11:50:34.7692432Z 
linux-portability (ubuntu-24.04)	Native portability gate (debug and release)	2026-09-20T11:50:34.7692610Z running 7 tests
linux-portability (ubuntu-24.04)	Native portability gate (debug and release)	2026-09-20T11:50:34.7760168Z test array_parameters_are_references ... ok
linux-portability (ubuntu-24.04)	Native portability gate (debug and release)	2026-09-20T11:50:34.7761199Z test array_reads_create_entries ... ok
linux-portability (ubuntu-24.04)	Native portability gate (debug and release)	2026-09-20T11:50:34.7783038Z test convfmt_is_used_for_comparisons_fields_and_keys ... ok
linux-portability (ubuntu-24.04)	Native portability gate (debug and release)	2026-09-20T11:50:34.7783722Z test expressions_and_escapes ... ok
linux-portability (ubuntu-24.04)	Native portability gate (debug and release)	2026-09-20T11:50:34.7791873Z test range_patterns_and_empty_actions ... ok
linux-portability (ubuntu-24.04)	Native portability gate (debug and release)	2026-09-20T11:50:34.7826964Z test lvalue_indices_are_evaluated_once ... ok
linux-portability (ubuntu-24.04)	Native portability gate (debug and release)	2026-09-20T11:50:34.7834611Z test numeric_and_string_values_keep_their_types ... ok
linux-portability (ubuntu-24.04)	Native portability gate (debug and release)	2026-09-20T11:50:34.7835616Z 
linux-portability (ubuntu-24.04)	Native portability gate (debug and release)	2026-09-20T11:50:34.7835943Z test result: ok. 7 passed; 0 failed; 0 ignored; 0 measured; 0 filtered out; finished in 0.01s
linux-portability (ubuntu-24.04)	Native portability gate (debug and release)	2026-09-20T11:50:34.7836492Z 
linux-portability (ubuntu-24.04)	Native portability gate (debug and release)	2026-09-20T11:50:34.7837318Z      Running tests/legacy_locale.rs (target/release/deps/legacy_locale-e731d4d7581709ac)
linux-portability (ubuntu-24.04)	Native portability gate (debug and release)	2026-09-20T11:50:34.7846573Z 
linux-portability (ubuntu-24.04)	Native portability gate (debug and release)	2026-09-20T11:50:34.7846748Z running 6 tests
linux-portability (ubuntu-24.04)	Native portability gate (debug and release)	2026-09-20T11:50:34.8109743Z test byte_positions_ranges_splits_and_substitution_match_c ... ok
linux-portability (ubuntu-24.04)	Native portability gate (debug and release)	2026-09-20T11:50:34.8111544Z test every_nonzero_byte_case_conversion_matches_c ... ok
linux-portability (ubuntu-24.04)	Native portability gate (debug and release)	2026-09-20T11:50:34.8242449Z test nul_preservation_remains_an_explicit_rust_extension ... ok
linux-portability (ubuntu-24.04)	Native portability gate (debug and release)	2026-09-20T11:50:34.8324070Z test legacy_locale_selection_obeys_precedence_and_is_fixed_at_startup ... ok
linux-portability (ubuntu-24.04)	Native portability gate (debug and release)	2026-09-20T11:50:34.8369699Z test required_single_byte_locales_are_active ... ok
linux-portability (ubuntu-24.04)	Native portability gate (debug and release)	2026-09-20T11:50:35.0813335Z test every_nonzero_byte_in_each_posix_class_matches_c ... ok
linux-portability (ubuntu-24.04)	Native portability gate (debug and release)	2026-09-20T11:50:35.0813814Z 
linux-portability (ubuntu-24.04)	Native portability gate (debug and release)	2026-09-20T11:50:35.0814249Z test result: ok. 6 passed; 0 failed; 0 ignored; 0 measured; 0 filtered out; finished in 0.30s
linux-portability (ubuntu-24.04)	Native portability gate (debug and release)	2026-09-20T11:50:35.0815525Z 
linux-portability (ubuntu-24.04)	Native portability gate (debug and release)	2026-09-20T11:50:35.0816196Z      Running tests/runtime_contract.rs (target/release/deps/runtime_contract-a5b4f21c7a931b2a)
linux-portability (ubuntu-24.04)	Native portability gate (debug and release)	2026-09-20T11:50:35.0825938Z 
linux-portability (ubuntu-24.04)	Native portability gate (debug and release)	2026-09-20T11:50:35.0826205Z running 3 tests
linux-portability (ubuntu-24.04)	Native portability gate (debug and release)	2026-09-20T11:50:35.0892952Z test exit_executes_end_and_interrupts_expressions ... ok
linux-portability (ubuntu-24.04)	Native portability gate (debug and release)	2026-09-20T11:50:35.0896462Z test short_circuit_preserves_side_effects ... ok
linux-portability (ubuntu-24.04)	Native portability gate (debug and release)	2026-09-20T11:50:35.0896884Z test return_escapes_all_loop_forms ... ok
linux-portability (ubuntu-24.04)	Native portability gate (debug and release)	2026-09-20T11:50:35.0897104Z 
linux-portability (ubuntu-24.04)	Native portability gate (debug and release)	2026-09-20T11:50:35.0897368Z test result: ok. 3 passed; 0 failed; 0 ignored; 0 measured; 0 filtered out; finished in 0.01s
linux-portability (ubuntu-24.04)	Native portability gate (debug and release)	2026-09-20T11:50:35.0897906Z 
linux-portability (ubuntu-24.04)	Native portability gate (debug and release)	2026-09-20T11:50:35.0898187Z      Running tests/shift_jis.rs (target/release/deps/shift_jis-0d442740585f01dd)
linux-portability (ubuntu-24.04)	Native portability gate (debug and release)	2026-09-20T11:50:35.0907398Z 
linux-portability (ubuntu-24.04)	Native portability gate (debug and release)	2026-09-20T11:50:35.0907583Z running 12 tests
linux-portability (ubuntu-24.04)	Native portability gate (debug and release)	2026-09-20T11:50:35.1048726Z test conversion_failure_preserves_atomic_print_contract ... ok
linux-portability (ubuntu-24.04)	Native portability gate (debug and release)	2026-09-20T11:50:35.1049739Z test embedded_nul_preserves_the_rust_binary_extension ... ok
linux-portability (ubuntu-24.04)	Native portability gate (debug and release)	2026-09-20T11:50:35.1168081Z test decoded_character_with_unencodable_case_mapping_matches_c ... ok
linux-portability (ubuntu-24.04)	Native portability gate (debug and release)	2026-09-20T11:50:35.1302216Z test regex_rs_with_three_or_four_byte_structural_units_matches_c ... ok
linux-portability (ubuntu-24.04)	Native portability gate (debug and release)	2026-09-20T11:50:35.1436122Z test required_sjis_locale_has_observable_case_mapping ... ok
linux-portability (ubuntu-24.04)	Native portability gate (debug and release)	2026-09-20T11:50:35.1788854Z test record_separators_and_locale_precedence_match_c ... ok
linux-portability (ubuntu-24.04)	Native portability gate (debug and release)	2026-09-20T11:50:35.1915461Z test streaming_rs_keeps_binary_data_distinct_from_eof ... ok
linux-portability (ubuntu-24.04)	Native portability gate (debug and release)	2026-09-20T11:50:35.3219298Z test regex_rs_sjis_refill_across_input_buffers_and_getline_matches_c ... ok
linux-portability (ubuntu-24.04)	Native portability gate (debug and release)	2026-09-20T11:50:35.3807467Z test structural_units_regex_fields_and_formatting_match_c ... ok
linux-portability (ubuntu-24.04)	Native portability gate (debug and release)	2026-09-20T11:50:35.4605583Z test valid_case_conversion_and_truncated_suffixes_match_c ... ok
linux-portability (ubuntu-24.04)	Native portability gate (debug and release)	2026-09-20T11:50:37.3278556Z test regex_rs_refill_restart_longest_and_anchors_match_c ... ok
linux-portability (ubuntu-24.04)	Native portability gate (debug and release)	2026-09-20T11:50:44.3468928Z test single_bytes_and_lead_trail_boundaries_match_c ... ok
linux-portability (ubuntu-24.04)	Native portability gate (debug and release)	2026-09-20T11:50:44.3469589Z 
linux-portability (ubuntu-24.04)	Native portability gate (debug and release)	2026-09-20T11:50:44.3470082Z test result: ok. 12 passed; 0 failed; 0 ignored; 0 measured; 0 filtered out; finished in 9.26s
linux-portability (ubuntu-24.04)	Native portability gate (debug and release)	2026-09-20T11:50:44.3470612Z 
linux-portability (ubuntu-24.04)	Native portability gate (debug and release)	2026-09-20T11:50:44.3471469Z      Running tests/unicode_contract.rs (target/release/deps/unicode_contract-697b81754c79b22b)
linux-portability (ubuntu-24.04)	Native portability gate (debug and release)	2026-09-20T11:50:44.3481098Z 
linux-portability (ubuntu-24.04)	Native portability gate (debug and release)	2026-09-20T11:50:44.3481266Z running 10 tests
linux-portability (ubuntu-24.04)	Native portability gate (debug and release)	2026-09-20T11:50:44.3616569Z test binary_nul_extension_and_case_conversion_errors ... ok
linux-portability (ubuntu-24.04)	Native portability gate (debug and release)	2026-09-20T11:50:44.3864351Z test repeated_matches_and_index_inside_a_multibyte_unit ... ok
linux-portability (ubuntu-24.04)	Native portability gate (debug and release)	2026-09-20T11:50:44.4246045Z test required_locales_are_active_in_both_interpreters ... ok
linux-portability (ubuntu-24.04)	Native portability gate (debug and release)	2026-09-20T11:50:44.4529686Z test locale_precedence_and_character_operations ... ok
linux-portability (ubuntu-24.04)	Native portability gate (debug and release)	2026-09-20T11:50:44.4777650Z test boolean_regex_search_preserves_rune_alignment_and_empty_matches ... ok
linux-portability (ubuntu-24.04)	Native portability gate (debug and release)	2026-09-20T11:50:44.4794394Z test unicode_formatting_and_source_escapes ... ok
linux-portability (ubuntu-24.04)	Native portability gate (debug and release)	2026-09-20T11:50:44.5263663Z test utf8_record_separators_across_buffers ... ok
linux-portability (ubuntu-24.04)	Native portability gate (debug and release)	2026-09-20T11:50:44.5433397Z test utf8_regex_empty_matches_and_mixed_bytes ... ok
linux-portability (ubuntu-24.04)	Native portability gate (debug and release)	2026-09-20T11:50:44.5666923Z test unicode_classes_ranges_and_anchors ... ok
linux-portability (ubuntu-24.04)	Native portability gate (debug and release)	2026-09-20T11:50:46.3345550Z test original_utf8_drivers ... ok
linux-portability (ubuntu-24.04)	Native portability gate (debug and release)	2026-09-20T11:50:46.3345949Z 
linux-portability (ubuntu-24.04)	Native portability gate (debug and release)	2026-09-20T11:50:46.3346242Z test result: ok. 10 passed; 0 failed; 0 ignored; 0 measured; 0 filtered out; finished in 1.99s
linux-portability (ubuntu-24.04)	Native portability gate (debug and release)	2026-09-20T11:50:46.3346632Z 
linux-portability (ubuntu-24.04)	Compare all native libc-valid Shift-JIS pairs	﻿2026-09-20T11:50:46.3402025Z ##[group]Run python3 scripts/shift_jis_platform_probe.py --output diary/shift-jis-platform-ci.json
linux-portability (ubuntu-24.04)	Compare all native libc-valid Shift-JIS pairs	2026-09-20T11:50:46.3402759Z [36;1mpython3 scripts/shift_jis_platform_probe.py --output diary/shift-jis-platform-ci.json[0m
linux-portability (ubuntu-24.04)	Compare all native libc-valid Shift-JIS pairs	2026-09-20T11:50:46.3438749Z shell: /usr/bin/bash -e {0}
linux-portability (ubuntu-24.04)	Compare all native libc-valid Shift-JIS pairs	2026-09-20T11:50:46.3439015Z env:
linux-portability (ubuntu-24.04)	Compare all native libc-valid Shift-JIS pairs	2026-09-20T11:50:46.3439192Z   LC_ALL: C
linux-portability (ubuntu-24.04)	Compare all native libc-valid Shift-JIS pairs	2026-09-20T11:50:46.3439378Z   CARGO_INCREMENTAL: 0
linux-portability (ubuntu-24.04)	Compare all native libc-valid Shift-JIS pairs	2026-09-20T11:50:46.3439596Z   RUSTUP_TOOLCHAIN: 1.96.0
linux-portability (ubuntu-24.04)	Compare all native libc-valid Shift-JIS pairs	2026-09-20T11:50:46.3439818Z ##[endgroup]
linux-portability (ubuntu-24.04)	Compare all native libc-valid Shift-JIS pairs	2026-09-20T11:50:46.5377767Z 6879 libc-valid double-byte pairs: upper/lower MATCH
linux-portability (ubuntu-24.04)	Inventory original drivers on this platform	﻿2026-09-20T11:50:46.5489636Z ##[group]Run python3 scripts/full_driver_audit.py --output diary/linux-driver-results-ci.json
linux-portability (ubuntu-24.04)	Inventory original drivers on this platform	2026-09-20T11:50:46.5490377Z [36;1mpython3 scripts/full_driver_audit.py --output diary/linux-driver-results-ci.json[0m
linux-portability (ubuntu-24.04)	Inventory original drivers on this platform	2026-09-20T11:50:46.5526165Z shell: /usr/bin/bash -e {0}
linux-portability (ubuntu-24.04)	Inventory original drivers on this platform	2026-09-20T11:50:46.5526426Z env:
linux-portability (ubuntu-24.04)	Inventory original drivers on this platform	2026-09-20T11:50:46.5526612Z   LC_ALL: C
linux-portability (ubuntu-24.04)	Inventory original drivers on this platform	2026-09-20T11:50:46.5526804Z   CARGO_INCREMENTAL: 0
linux-portability (ubuntu-24.04)	Inventory original drivers on this platform	2026-09-20T11:50:46.5527029Z   RUSTUP_TOOLCHAIN: 1.96.0
linux-portability (ubuntu-24.04)	Inventory original drivers on this platform	2026-09-20T11:50:46.5527266Z ##[endgroup]
linux-portability (ubuntu-24.04)	Inventory original drivers on this platform	2026-09-20T11:50:46.8159467Z T.-f-f pass 
linux-portability (ubuntu-24.04)	Inventory original drivers on this platform	2026-09-20T11:50:47.0597187Z T.argv pass 
linux-portability (ubuntu-24.04)	Inventory original drivers on this platform	2026-09-20T11:50:47.4630963Z T.arnold pass 
linux-portability (ubuntu-24.04)	Inventory original drivers on this platform	2026-09-20T11:50:48.2097245Z T.beebe open 
linux-portability (ubuntu-24.04)	Inventory original drivers on this platform	2026-09-20T11:50:48.4277659Z T.builtin open BAD: T.builtin (rand)
linux-portability (ubuntu-24.04)	Inventory original drivers on this platform	2026-09-20T11:50:48.7155079Z T.chem pass 
linux-portability (ubuntu-24.04)	Inventory original drivers on this platform	2026-09-20T11:50:49.0748872Z T.close pass 
linux-portability (ubuntu-24.04)	Inventory original drivers on this platform	2026-09-20T11:50:49.3566596Z T.clv pass 
linux-portability (ubuntu-24.04)	Inventory original drivers on this platform	2026-09-20T11:50:49.5383169Z T.csconcat pass 
linux-portability (ubuntu-24.04)	Inventory original drivers on this platform	2026-09-20T11:50:49.8571844Z T.csv pass 
linux-portability (ubuntu-24.04)	Inventory original drivers on this platform	2026-09-20T11:50:50.0404631Z T.delete pass 
linux-portability (ubuntu-24.04)	Inventory original drivers on this platform	2026-09-20T11:50:50.4316531Z T.errmsg reference-failure BAD: illegal primary in regular expression failed BAD: illegal break, continue, next or nextfile from BEGIN failed BAD: illegal break, continue, next or nextfile from END failed BAD: nextfile is illegal inside a function failed BAD: nonterminated character class failed BAD: nonterminated character class failed BAD: nonterminated character cl
linux-portability (ubuntu-24.04)	Inventory original drivers on this platform	2026-09-20T11:50:51.2815500Z T.expr pass 
linux-portability (ubuntu-24.04)	Inventory original drivers on this platform	2026-09-20T11:50:51.4638909Z T.exprconv pass 
linux-portability (ubuntu-24.04)	Inventory original drivers on this platform	2026-09-20T11:50:51.6617769Z T.flags open T.flags: bad no program T.flags: bad can.t open program T.flags: bad can.t open program 2 T.flags: bad missing field separator
linux-portability (ubuntu-24.04)	Inventory original drivers on this platform	2026-09-20T11:50:52.0405604Z T.func pass 
linux-portability (ubuntu-24.04)	Inventory original drivers on this platform	2026-09-20T11:50:53.1742086Z T.gawk pass 
linux-portability (ubuntu-24.04)	Inventory original drivers on this platform	2026-09-20T11:50:53.4005424Z T.getline pass 
linux-portability (ubuntu-24.04)	Inventory original drivers on this platform	2026-09-20T11:50:53.5940669Z T.int-expr pass 
linux-portability (ubuntu-24.04)	Inventory original drivers on this platform	2026-09-20T11:50:53.7978187Z T.latin1 pass 
linux-portability (ubuntu-24.04)	Inventory original drivers on this platform	2026-09-20T11:50:54.7729634Z T.lilly pass 
linux-portability (ubuntu-24.04)	Inventory original drivers on this platform	2026-09-20T11:50:54.9708394Z T.main pass 
linux-portability (ubuntu-24.04)	Inventory original drivers on this platform	2026-09-20T11:50:55.4260629Z T.misc open BAD: T.misc split error BAD: T.misc hello error BAD: T.misc pile error BAD: T.misc gsub banana error BAD: T.misc sub banana error BAD: T.misc lineno BAD: T.misc can't open BAD: T.misc continuation line number BAD: T.misc syntax error line number �BAD: T.misc escape sequences in strings mishandled BAD: T.misc fcn args BAD: T.misc undefine
linux-portability (ubuntu-24.04)	Inventory original drivers on this platform	2026-09-20T11:50:55.7955861Z T.nextfile pass 
linux-portability (ubuntu-24.04)	Inventory original drivers on this platform	2026-09-20T11:50:56.3958853Z T.overflow pass 
linux-portability (ubuntu-24.04)	Inventory original drivers on this platform	2026-09-20T11:50:57.6299547Z T.re pass 
linux-portability (ubuntu-24.04)	Inventory original drivers on this platform	2026-09-20T11:50:57.8180510Z T.recache pass 
linux-portability (ubuntu-24.04)	Inventory original drivers on this platform	2026-09-20T11:50:58.0349702Z T.redir pass 
linux-portability (ubuntu-24.04)	Inventory original drivers on this platform	2026-09-20T11:50:58.2817889Z T.split pass 
linux-portability (ubuntu-24.04)	Inventory original drivers on this platform	2026-09-20T11:50:58.9926054Z T.sub pass 
linux-portability (ubuntu-24.04)	Inventory original drivers on this platform	2026-09-20T11:50:59.1793330Z T.system pass 
linux-portability (ubuntu-24.04)	Inventory original drivers on this platform	2026-09-20T11:51:00.0105336Z T.utf reference-failure test 1.3 failed test 1.4 failed test 1.5 failed test 1.6 failed test 1.7 failed test 1.8 failed test 1.9 failed test 1.10 failed test 1.11 failed test 1.12 failed test 1.13 failed test 1.14 failed test 1.15 failed test 1.16 failed test 1.17 failed test 1.18 failed test 1.19 failed test 1.20 failed test 1.21 fail
linux-portability (ubuntu-24.04)	Inventory original drivers on this platform	2026-09-20T11:51:00.8862673Z T.utfre reference-failure 43 fails ^λ.$ ~ λλ 51 fails ^.해 ~ め해 52 fails ^.해 ~ め해해 64 fails 해* ~  68 fails 해* ~ めめめめ 69 fails 해해* ~ 해 71 fails 해해* ~ め해 84 fails xθ+y ~ xθθy 85 fails xθ+y ~ xθθθθθθy 89 fails xθ?y ~ xy 92 fails θ?b?の? ~  93 fails θ?b?の? ~ x 106 fails [Α-Ω] !~ β 108 fails [^Α-Ω] ~ δ 119 fails [Α-ΔΦ-Ω] !~ Π 120 fails [Α-ΔΦ-Ω] !~ Σ
linux-portability (ubuntu-24.04)	Retain platform evidence	﻿2026-09-20T11:51:00.9063929Z Node 20 is being deprecated. This workflow is running with Node 24 by default. If you need to temporarily use Node 20, you can set the ACTIONS_ALLOW_USE_UNSECURE_NODE_VERSION=true environment variable. For more information see: https://github.blog/changelog/2025-09-19-deprecation-of-node-20-on-github-actions-runners/
linux-portability (ubuntu-24.04)	Retain platform evidence	2026-09-20T11:51:00.9066033Z ##[group]Run actions/upload-artifact@ea165f8d65b6e75b540449e92b4886f43607fa02
linux-portability (ubuntu-24.04)	Retain platform evidence	2026-09-20T11:51:00.9066436Z with:
linux-portability (ubuntu-24.04)	Retain platform evidence	2026-09-20T11:51:00.9066649Z   name: portability-ubuntu-24.04
linux-portability (ubuntu-24.04)	Retain platform evidence	2026-09-20T11:51:00.9067435Z   path: rawk/diary/shift-jis-platform-ci.json
linux-portability (ubuntu-24.04)	Retain platform evidence	rawk/diary/shift-jis-locale-ci.log
linux-portability (ubuntu-24.04)	Retain platform evidence	rawk/diary/format-platform-ci.json
linux-portability (ubuntu-24.04)	Retain platform evidence	rawk/diary/portability-ci.log
linux-portability (ubuntu-24.04)	Retain platform evidence	rawk/diary/linux-driver-results-ci.json
linux-portability (ubuntu-24.04)	Retain platform evidence	
linux-portability (ubuntu-24.04)	Retain platform evidence	2026-09-20T11:51:00.9068230Z   if-no-files-found: error
linux-portability (ubuntu-24.04)	Retain platform evidence	2026-09-20T11:51:00.9068462Z   compression-level: 6
linux-portability (ubuntu-24.04)	Retain platform evidence	2026-09-20T11:51:00.9068674Z   overwrite: false
linux-portability (ubuntu-24.04)	Retain platform evidence	2026-09-20T11:51:00.9068881Z   include-hidden-files: false
linux-portability (ubuntu-24.04)	Retain platform evidence	2026-09-20T11:51:00.9069108Z env:
linux-portability (ubuntu-24.04)	Retain platform evidence	2026-09-20T11:51:00.9069299Z   LC_ALL: C
linux-portability (ubuntu-24.04)	Retain platform evidence	2026-09-20T11:51:00.9069528Z   CARGO_INCREMENTAL: 0
linux-portability (ubuntu-24.04)	Retain platform evidence	2026-09-20T11:51:00.9069751Z   RUSTUP_TOOLCHAIN: 1.96.0
linux-portability (ubuntu-24.04)	Retain platform evidence	2026-09-20T11:51:00.9069976Z ##[endgroup]
linux-portability (ubuntu-24.04)	Retain platform evidence	2026-09-20T11:51:01.0768351Z (node:35122) [DEP0040] DeprecationWarning: The `punycode` module is deprecated. Please use a userland alternative instead.
linux-portability (ubuntu-24.04)	Retain platform evidence	2026-09-20T11:51:01.0769440Z (Use `node --trace-deprecation ...` to show where the warning was created)
linux-portability (ubuntu-24.04)	Retain platform evidence	2026-09-20T11:51:01.0863759Z Multiple search paths detected. Calculating the least common ancestor of all paths
linux-portability (ubuntu-24.04)	Retain platform evidence	2026-09-20T11:51:01.0898298Z The least common ancestor is /home/runner/work/rawk/rawk/rawk/diary. This will be the root directory of the artifact
linux-portability (ubuntu-24.04)	Retain platform evidence	2026-09-20T11:51:01.0899644Z With the provided path, there will be 5 files uploaded
linux-portability (ubuntu-24.04)	Retain platform evidence	2026-09-20T11:51:01.0901024Z Artifact name is valid!
linux-portability (ubuntu-24.04)	Retain platform evidence	2026-09-20T11:51:01.0901775Z Root directory input is valid!
linux-portability (ubuntu-24.04)	Retain platform evidence	2026-09-20T11:51:01.2876747Z Beginning upload of artifact content to blob storage
linux-portability (ubuntu-24.04)	Retain platform evidence	2026-09-20T11:51:01.3171982Z (node:35122) [DEP0169] DeprecationWarning: `url.parse()` behavior is not standardized and prone to errors that have security implications. Use the WHATWG URL API instead. CVEs are not issued for `url.parse()` vulnerabilities.
linux-portability (ubuntu-24.04)	Retain platform evidence	2026-09-20T11:51:01.3645488Z Uploaded bytes 18290
linux-portability (ubuntu-24.04)	Retain platform evidence	2026-09-20T11:51:01.4038452Z Finished uploading artifact content to blob storage!
linux-portability (ubuntu-24.04)	Retain platform evidence	2026-09-20T11:51:01.4040186Z SHA256 digest of uploaded artifact zip is b2b82fddd2a86d6ba895842f0bbf0dd8fcf2cb60612cab4418b92f0aefeff9ee
linux-portability (ubuntu-24.04)	Retain platform evidence	2026-09-20T11:51:01.4041711Z Finalizing artifact upload
linux-portability (ubuntu-24.04)	Retain platform evidence	2026-09-20T11:51:01.5978538Z Artifact portability-ubuntu-24.04.zip successfully finalized. Artifact ID 10604289233
linux-portability (ubuntu-24.04)	Retain platform evidence	2026-09-20T11:51:01.5980024Z Artifact portability-ubuntu-24.04 has been successfully uploaded! Final size is 18290 bytes. Artifact ID is 10604289233
linux-portability (ubuntu-24.04)	Retain platform evidence	2026-09-20T11:51:01.5985589Z Artifact download URL: https://github.com/francescotinti/rawk/actions/runs/35508846617/artifacts/10604289233
linux-portability (ubuntu-24.04)	Post Run actions/checkout@11bd71901bbe5b1630ceea73d27597364c9af683	﻿2026-09-20T11:51:01.6211499Z Node 20 is being deprecated. This workflow is running with Node 24 by default. If you need to temporarily use Node 20, you can set the ACTIONS_ALLOW_USE_UNSECURE_NODE_VERSION=true environment variable. For more information see: https://github.blog/changelog/2025-09-19-deprecation-of-node-20-on-github-actions-runners/
linux-portability (ubuntu-24.04)	Post Run actions/checkout@11bd71901bbe5b1630ceea73d27597364c9af683	2026-09-20T11:51:01.6212773Z Post job cleanup.
linux-portability (ubuntu-24.04)	Post Run actions/checkout@11bd71901bbe5b1630ceea73d27597364c9af683	2026-09-20T11:51:01.7053193Z [command]/usr/bin/git version
linux-portability (ubuntu-24.04)	Post Run actions/checkout@11bd71901bbe5b1630ceea73d27597364c9af683	2026-09-20T11:51:01.7105491Z git version 2.55.0
linux-portability (ubuntu-24.04)	Post Run actions/checkout@11bd71901bbe5b1630ceea73d27597364c9af683	2026-09-20T11:51:01.7137181Z Temporarily overriding HOME='/home/runner/work/_temp/53728532-f731-4c98-a0fd-410a8c136327' before making global git config changes
linux-portability (ubuntu-24.04)	Post Run actions/checkout@11bd71901bbe5b1630ceea73d27597364c9af683	2026-09-20T11:51:01.7138459Z Adding repository directory to the temporary git global config as a safe directory
linux-portability (ubuntu-24.04)	Post Run actions/checkout@11bd71901bbe5b1630ceea73d27597364c9af683	2026-09-20T11:51:01.7143097Z [command]/usr/bin/git config --global --add safe.directory /home/runner/work/rawk/rawk/rawk
linux-portability (ubuntu-24.04)	Post Run actions/checkout@11bd71901bbe5b1630ceea73d27597364c9af683	2026-09-20T11:51:01.7181938Z [command]/usr/bin/git config --local --name-only --get-regexp core\.sshCommand
linux-portability (ubuntu-24.04)	Post Run actions/checkout@11bd71901bbe5b1630ceea73d27597364c9af683	2026-09-20T11:51:01.7217229Z [command]/usr/bin/git submodule foreach --recursive sh -c "git config --local --name-only --get-regexp 'core\.sshCommand' && git config --local --unset-all 'core.sshCommand' || :"
linux-portability (ubuntu-24.04)	Post Run actions/checkout@11bd71901bbe5b1630ceea73d27597364c9af683	2026-09-20T11:51:01.7431412Z [command]/usr/bin/git config --local --name-only --get-regexp http\.https\:\/\/github\.com\/\.extraheader
linux-portability (ubuntu-24.04)	Post Run actions/checkout@11bd71901bbe5b1630ceea73d27597364c9af683	2026-09-20T11:51:01.7459445Z http.https://github.com/.extraheader
linux-portability (ubuntu-24.04)	Post Run actions/checkout@11bd71901bbe5b1630ceea73d27597364c9af683	2026-09-20T11:51:01.7487271Z [command]/usr/bin/git config --local --unset-all http.https://github.com/.extraheader
linux-portability (ubuntu-24.04)	Post Run actions/checkout@11bd71901bbe5b1630ceea73d27597364c9af683	2026-09-20T11:51:01.7533545Z [command]/usr/bin/git submodule foreach --recursive sh -c "git config --local --name-only --get-regexp 'http\.https\:\/\/github\.com\/\.extraheader' && git config --local --unset-all 'http.https://github.com/.extraheader' || :"
linux-portability (ubuntu-24.04)	Complete job	﻿2026-09-20T11:51:01.7984272Z Cleaning up orphan processes
linux-portability (ubuntu-24.04)	Complete job	2026-09-20T11:51:01.8509031Z ##[warning]Node.js 20 is deprecated. The following actions target Node.js 20 but are being forced to run on Node.js 24: actions/checkout@11bd71901bbe5b1630ceea73d27597364c9af683, actions/upload-artifact@ea165f8d65b6e75b540449e92b4886f43607fa02. For more information see: https://github.blog/changelog/2025-09-19-deprecation-of-node-20-on-github-actions-runners/
linux-portability (ubuntu-24.04-arm)	Set up job	﻿2026-09-20T11:48:26.8237189Z Current runner version: '2.337.0'
linux-portability (ubuntu-24.04-arm)	Set up job	2026-09-20T11:48:26.8266055Z ##[group]Runner Image Provisioner
linux-portability (ubuntu-24.04-arm)	Set up job	2026-09-20T11:48:26.8267370Z Hosted Compute Agent
linux-portability (ubuntu-24.04-arm)	Set up job	2026-09-20T11:48:26.8267991Z Version: 20260828.587
linux-portability (ubuntu-24.04-arm)	Set up job	2026-09-20T11:48:26.8268728Z Commit: abac92662cab4cc7352de4f9f9d2e2419aad9c29
linux-portability (ubuntu-24.04-arm)	Set up job	2026-09-20T11:48:26.8269516Z Build Date: 2026-08-28T16:44:25Z
linux-portability (ubuntu-24.04-arm)	Set up job	2026-09-20T11:48:26.8270521Z Worker ID: {0f4f0d98-a497-479c-9bbb-7757cf865b97}
linux-portability (ubuntu-24.04-arm)	Set up job	2026-09-20T11:48:26.8271366Z Azure Region: westcentralus
linux-portability (ubuntu-24.04-arm)	Set up job	2026-09-20T11:48:26.8272010Z ##[endgroup]
linux-portability (ubuntu-24.04-arm)	Set up job	2026-09-20T11:48:26.8274053Z ##[group]Operating System
linux-portability (ubuntu-24.04-arm)	Set up job	2026-09-20T11:48:26.8274745Z Ubuntu
linux-portability (ubuntu-24.04-arm)	Set up job	2026-09-20T11:48:26.8275251Z 24.04.5
linux-portability (ubuntu-24.04-arm)	Set up job	2026-09-20T11:48:26.8275883Z LTS
linux-portability (ubuntu-24.04-arm)	Set up job	2026-09-20T11:48:26.8276392Z ##[endgroup]
linux-portability (ubuntu-24.04-arm)	Set up job	2026-09-20T11:48:26.8276998Z ##[group]Runner Image
linux-portability (ubuntu-24.04-arm)	Set up job	2026-09-20T11:48:26.8277684Z Image: ubuntu-24.04-arm
linux-portability (ubuntu-24.04-arm)	Set up job	2026-09-20T11:48:26.8278286Z Version: 20260907.118.1
linux-portability (ubuntu-24.04-arm)	Set up job	2026-09-20T11:48:26.8279862Z Included Software: https://github.com/actions/runner-images/blob/ubuntu24-arm64/20260907.118/images/ubuntu/Ubuntu2404-Arm64-Readme.md
linux-portability (ubuntu-24.04-arm)	Set up job	2026-09-20T11:48:26.8282239Z Image Release: https://github.com/actions/runner-images/releases/tag/ubuntu24-arm64%2F20260907.118
linux-portability (ubuntu-24.04-arm)	Set up job	2026-09-20T11:48:26.8283257Z ##[endgroup]
linux-portability (ubuntu-24.04-arm)	Set up job	2026-09-20T11:48:26.8284564Z ##[group]GITHUB_TOKEN Permissions
linux-portability (ubuntu-24.04-arm)	Set up job	2026-09-20T11:48:26.8287554Z Contents: read
linux-portability (ubuntu-24.04-arm)	Set up job	2026-09-20T11:48:26.8288205Z Metadata: read
linux-portability (ubuntu-24.04-arm)	Set up job	2026-09-20T11:48:26.8288930Z ##[endgroup]
linux-portability (ubuntu-24.04-arm)	Set up job	2026-09-20T11:48:26.8292050Z Secret source: Actions
linux-portability (ubuntu-24.04-arm)	Set up job	2026-09-20T11:48:26.8293217Z Cache mode: write
linux-portability (ubuntu-24.04-arm)	Set up job	2026-09-20T11:48:26.8294214Z Prepare workflow directory
linux-portability (ubuntu-24.04-arm)	Set up job	2026-09-20T11:48:26.8718550Z Prepare all required actions
linux-portability (ubuntu-24.04-arm)	Set up job	2026-09-20T11:48:26.8767746Z Getting action download info
linux-portability (ubuntu-24.04-arm)	Set up job	2026-09-20T11:48:27.1580573Z Download action repository 'actions/checkout@11bd71901bbe5b1630ceea73d27597364c9af683' (SHA:11bd71901bbe5b1630ceea73d27597364c9af683)
linux-portability (ubuntu-24.04-arm)	Set up job	2026-09-20T11:48:27.2661077Z Download action repository 'actions/upload-artifact@ea165f8d65b6e75b540449e92b4886f43607fa02' (SHA:ea165f8d65b6e75b540449e92b4886f43607fa02)
linux-portability (ubuntu-24.04-arm)	Set up job	2026-09-20T11:48:27.4524236Z Complete job name: linux-portability (ubuntu-24.04-arm)
linux-portability (ubuntu-24.04-arm)	Run actions/checkout@11bd71901bbe5b1630ceea73d27597364c9af683	﻿2026-09-20T11:48:27.5326774Z Node 20 is being deprecated. This workflow is running with Node 24 by default. If you need to temporarily use Node 20, you can set the ACTIONS_ALLOW_USE_UNSECURE_NODE_VERSION=true environment variable. For more information see: https://github.blog/changelog/2025-09-19-deprecation-of-node-20-on-github-actions-runners/
linux-portability (ubuntu-24.04-arm)	Run actions/checkout@11bd71901bbe5b1630ceea73d27597364c9af683	2026-09-20T11:48:27.5336323Z ##[group]Run actions/checkout@11bd71901bbe5b1630ceea73d27597364c9af683
linux-portability (ubuntu-24.04-arm)	Run actions/checkout@11bd71901bbe5b1630ceea73d27597364c9af683	2026-09-20T11:48:27.5337700Z with:
linux-portability (ubuntu-24.04-arm)	Run actions/checkout@11bd71901bbe5b1630ceea73d27597364c9af683	2026-09-20T11:48:27.5338269Z   path: rawk
linux-portability (ubuntu-24.04-arm)	Run actions/checkout@11bd71901bbe5b1630ceea73d27597364c9af683	2026-09-20T11:48:27.5338928Z   repository: francescotinti/rawk
linux-portability (ubuntu-24.04-arm)	Run actions/checkout@11bd71901bbe5b1630ceea73d27597364c9af683	2026-09-20T11:48:27.5343333Z   token: ***
linux-portability (ubuntu-24.04-arm)	Run actions/checkout@11bd71901bbe5b1630ceea73d27597364c9af683	2026-09-20T11:48:27.5343891Z   ssh-strict: true
linux-portability (ubuntu-24.04-arm)	Run actions/checkout@11bd71901bbe5b1630ceea73d27597364c9af683	2026-09-20T11:48:27.5344589Z   ssh-user: git
linux-portability (ubuntu-24.04-arm)	Run actions/checkout@11bd71901bbe5b1630ceea73d27597364c9af683	2026-09-20T11:48:27.5345147Z   persist-credentials: true
linux-portability (ubuntu-24.04-arm)	Run actions/checkout@11bd71901bbe5b1630ceea73d27597364c9af683	2026-09-20T11:48:27.5345832Z   clean: true
linux-portability (ubuntu-24.04-arm)	Run actions/checkout@11bd71901bbe5b1630ceea73d27597364c9af683	2026-09-20T11:48:27.5346869Z   sparse-checkout-cone-mode: true
linux-portability (ubuntu-24.04-arm)	Run actions/checkout@11bd71901bbe5b1630ceea73d27597364c9af683	2026-09-20T11:48:27.5347495Z   fetch-depth: 1
linux-portability (ubuntu-24.04-arm)	Run actions/checkout@11bd71901bbe5b1630ceea73d27597364c9af683	2026-09-20T11:48:27.5348093Z   fetch-tags: false
linux-portability (ubuntu-24.04-arm)	Run actions/checkout@11bd71901bbe5b1630ceea73d27597364c9af683	2026-09-20T11:48:27.5348732Z   show-progress: true
linux-portability (ubuntu-24.04-arm)	Run actions/checkout@11bd71901bbe5b1630ceea73d27597364c9af683	2026-09-20T11:48:27.5349387Z   lfs: false
linux-portability (ubuntu-24.04-arm)	Run actions/checkout@11bd71901bbe5b1630ceea73d27597364c9af683	2026-09-20T11:48:27.5349984Z   submodules: false
linux-portability (ubuntu-24.04-arm)	Run actions/checkout@11bd71901bbe5b1630ceea73d27597364c9af683	2026-09-20T11:48:27.5350906Z   set-safe-directory: true
linux-portability (ubuntu-24.04-arm)	Run actions/checkout@11bd71901bbe5b1630ceea73d27597364c9af683	2026-09-20T11:48:27.5352055Z env:
linux-portability (ubuntu-24.04-arm)	Run actions/checkout@11bd71901bbe5b1630ceea73d27597364c9af683	2026-09-20T11:48:27.5352612Z   LC_ALL: C
linux-portability (ubuntu-24.04-arm)	Run actions/checkout@11bd71901bbe5b1630ceea73d27597364c9af683	2026-09-20T11:48:27.5353236Z   CARGO_INCREMENTAL: 0
linux-portability (ubuntu-24.04-arm)	Run actions/checkout@11bd71901bbe5b1630ceea73d27597364c9af683	2026-09-20T11:48:27.5353860Z   RUSTUP_TOOLCHAIN: 1.96.0
linux-portability (ubuntu-24.04-arm)	Run actions/checkout@11bd71901bbe5b1630ceea73d27597364c9af683	2026-09-20T11:48:27.5354767Z ##[endgroup]
linux-portability (ubuntu-24.04-arm)	Run actions/checkout@11bd71901bbe5b1630ceea73d27597364c9af683	2026-09-20T11:48:27.6189561Z Syncing repository: francescotinti/rawk
linux-portability (ubuntu-24.04-arm)	Run actions/checkout@11bd71901bbe5b1630ceea73d27597364c9af683	2026-09-20T11:48:27.6192403Z ##[group]Getting Git version info
linux-portability (ubuntu-24.04-arm)	Run actions/checkout@11bd71901bbe5b1630ceea73d27597364c9af683	2026-09-20T11:48:27.6193358Z Working directory is '/home/runner/work/rawk/rawk/rawk'
linux-portability (ubuntu-24.04-arm)	Run actions/checkout@11bd71901bbe5b1630ceea73d27597364c9af683	2026-09-20T11:48:27.6194757Z [command]/usr/bin/git version
linux-portability (ubuntu-24.04-arm)	Run actions/checkout@11bd71901bbe5b1630ceea73d27597364c9af683	2026-09-20T11:48:27.6234015Z git version 2.55.0
linux-portability (ubuntu-24.04-arm)	Run actions/checkout@11bd71901bbe5b1630ceea73d27597364c9af683	2026-09-20T11:48:27.6252079Z ##[endgroup]
linux-portability (ubuntu-24.04-arm)	Run actions/checkout@11bd71901bbe5b1630ceea73d27597364c9af683	2026-09-20T11:48:27.6261227Z Temporarily overriding HOME='/home/runner/work/_temp/3f16996a-54ec-4c19-baaa-78953bce0565' before making global git config changes
linux-portability (ubuntu-24.04-arm)	Run actions/checkout@11bd71901bbe5b1630ceea73d27597364c9af683	2026-09-20T11:48:27.6263181Z Adding repository directory to the temporary git global config as a safe directory
linux-portability (ubuntu-24.04-arm)	Run actions/checkout@11bd71901bbe5b1630ceea73d27597364c9af683	2026-09-20T11:48:27.6265405Z [command]/usr/bin/git config --global --add safe.directory /home/runner/work/rawk/rawk/rawk
linux-portability (ubuntu-24.04-arm)	Run actions/checkout@11bd71901bbe5b1630ceea73d27597364c9af683	2026-09-20T11:48:27.6293191Z ##[group]Initializing the repository
linux-portability (ubuntu-24.04-arm)	Run actions/checkout@11bd71901bbe5b1630ceea73d27597364c9af683	2026-09-20T11:48:27.6297220Z [command]/usr/bin/git init /home/runner/work/rawk/rawk/rawk
linux-portability (ubuntu-24.04-arm)	Run actions/checkout@11bd71901bbe5b1630ceea73d27597364c9af683	2026-09-20T11:48:27.6357185Z hint: Using 'master' as the name for the initial branch. This default branch name
linux-portability (ubuntu-24.04-arm)	Run actions/checkout@11bd71901bbe5b1630ceea73d27597364c9af683	2026-09-20T11:48:27.6358679Z hint: will change to "main" in Git 3.0. To configure the initial branch name
linux-portability (ubuntu-24.04-arm)	Run actions/checkout@11bd71901bbe5b1630ceea73d27597364c9af683	2026-09-20T11:48:27.6359874Z hint: to use in all of your new repositories, which will suppress this warning,
linux-portability (ubuntu-24.04-arm)	Run actions/checkout@11bd71901bbe5b1630ceea73d27597364c9af683	2026-09-20T11:48:27.6361426Z hint: call:
linux-portability (ubuntu-24.04-arm)	Run actions/checkout@11bd71901bbe5b1630ceea73d27597364c9af683	2026-09-20T11:48:27.6361964Z hint:
linux-portability (ubuntu-24.04-arm)	Run actions/checkout@11bd71901bbe5b1630ceea73d27597364c9af683	2026-09-20T11:48:27.6362749Z hint: 	git config --global init.defaultBranch <name>
linux-portability (ubuntu-24.04-arm)	Run actions/checkout@11bd71901bbe5b1630ceea73d27597364c9af683	2026-09-20T11:48:27.6363476Z hint:
linux-portability (ubuntu-24.04-arm)	Run actions/checkout@11bd71901bbe5b1630ceea73d27597364c9af683	2026-09-20T11:48:27.6364296Z hint: Names commonly chosen instead of 'master' are 'main', 'trunk' and
linux-portability (ubuntu-24.04-arm)	Run actions/checkout@11bd71901bbe5b1630ceea73d27597364c9af683	2026-09-20T11:48:27.6365335Z hint: 'development'. The just-created branch can be renamed via this command:
linux-portability (ubuntu-24.04-arm)	Run actions/checkout@11bd71901bbe5b1630ceea73d27597364c9af683	2026-09-20T11:48:27.6366186Z hint:
linux-portability (ubuntu-24.04-arm)	Run actions/checkout@11bd71901bbe5b1630ceea73d27597364c9af683	2026-09-20T11:48:27.6366835Z hint: 	git branch -m <name>
linux-portability (ubuntu-24.04-arm)	Run actions/checkout@11bd71901bbe5b1630ceea73d27597364c9af683	2026-09-20T11:48:27.6367466Z hint:
linux-portability (ubuntu-24.04-arm)	Run actions/checkout@11bd71901bbe5b1630ceea73d27597364c9af683	2026-09-20T11:48:27.6368234Z hint: Disable this message with "git config set advice.defaultBranchName false"
linux-portability (ubuntu-24.04-arm)	Run actions/checkout@11bd71901bbe5b1630ceea73d27597364c9af683	2026-09-20T11:48:27.6369462Z Initialized empty Git repository in /home/runner/work/rawk/rawk/rawk/.git/
linux-portability (ubuntu-24.04-arm)	Run actions/checkout@11bd71901bbe5b1630ceea73d27597364c9af683	2026-09-20T11:48:27.6373371Z [command]/usr/bin/git remote add origin https://github.com/francescotinti/rawk
linux-portability (ubuntu-24.04-arm)	Run actions/checkout@11bd71901bbe5b1630ceea73d27597364c9af683	2026-09-20T11:48:27.6392814Z ##[endgroup]
linux-portability (ubuntu-24.04-arm)	Run actions/checkout@11bd71901bbe5b1630ceea73d27597364c9af683	2026-09-20T11:48:27.6394154Z ##[group]Disabling automatic garbage collection
linux-portability (ubuntu-24.04-arm)	Run actions/checkout@11bd71901bbe5b1630ceea73d27597364c9af683	2026-09-20T11:48:27.6395292Z [command]/usr/bin/git config --local gc.auto 0
linux-portability (ubuntu-24.04-arm)	Run actions/checkout@11bd71901bbe5b1630ceea73d27597364c9af683	2026-09-20T11:48:27.6421804Z ##[endgroup]
linux-portability (ubuntu-24.04-arm)	Run actions/checkout@11bd71901bbe5b1630ceea73d27597364c9af683	2026-09-20T11:48:27.6427280Z ##[group]Setting up auth
linux-portability (ubuntu-24.04-arm)	Run actions/checkout@11bd71901bbe5b1630ceea73d27597364c9af683	2026-09-20T11:48:27.6428338Z [command]/usr/bin/git config --local --name-only --get-regexp core\.sshCommand
linux-portability (ubuntu-24.04-arm)	Run actions/checkout@11bd71901bbe5b1630ceea73d27597364c9af683	2026-09-20T11:48:27.6452857Z [command]/usr/bin/git submodule foreach --recursive sh -c "git config --local --name-only --get-regexp 'core\.sshCommand' && git config --local --unset-all 'core.sshCommand' || :"
linux-portability (ubuntu-24.04-arm)	Run actions/checkout@11bd71901bbe5b1630ceea73d27597364c9af683	2026-09-20T11:48:27.6700757Z [command]/usr/bin/git config --local --name-only --get-regexp http\.https\:\/\/github\.com\/\.extraheader
linux-portability (ubuntu-24.04-arm)	Run actions/checkout@11bd71901bbe5b1630ceea73d27597364c9af683	2026-09-20T11:48:27.6728931Z [command]/usr/bin/git submodule foreach --recursive sh -c "git config --local --name-only --get-regexp 'http\.https\:\/\/github\.com\/\.extraheader' && git config --local --unset-all 'http.https://github.com/.extraheader' || :"
linux-portability (ubuntu-24.04-arm)	Run actions/checkout@11bd71901bbe5b1630ceea73d27597364c9af683	2026-09-20T11:48:27.6898373Z [command]/usr/bin/git config --local http.https://github.com/.extraheader AUTHORIZATION: basic ***
linux-portability (ubuntu-24.04-arm)	Run actions/checkout@11bd71901bbe5b1630ceea73d27597364c9af683	2026-09-20T11:48:27.6929808Z ##[endgroup]
linux-portability (ubuntu-24.04-arm)	Run actions/checkout@11bd71901bbe5b1630ceea73d27597364c9af683	2026-09-20T11:48:27.6931217Z ##[group]Fetching the repository
linux-portability (ubuntu-24.04-arm)	Run actions/checkout@11bd71901bbe5b1630ceea73d27597364c9af683	2026-09-20T11:48:27.6937549Z [command]/usr/bin/git -c protocol.version=2 fetch --no-tags --prune --no-recurse-submodules --depth=1 origin +3b9facfebb6e29f4399f330be3ca7fbbfe591663:refs/remotes/origin/master
linux-portability (ubuntu-24.04-arm)	Run actions/checkout@11bd71901bbe5b1630ceea73d27597364c9af683	2026-09-20T11:48:28.4741248Z From https://github.com/francescotinti/rawk
linux-portability (ubuntu-24.04-arm)	Run actions/checkout@11bd71901bbe5b1630ceea73d27597364c9af683	2026-09-20T11:48:28.4742936Z  * [new ref]         3b9facfebb6e29f4399f330be3ca7fbbfe591663 -> origin/master
linux-portability (ubuntu-24.04-arm)	Run actions/checkout@11bd71901bbe5b1630ceea73d27597364c9af683	2026-09-20T11:48:28.4753921Z ##[endgroup]
linux-portability (ubuntu-24.04-arm)	Run actions/checkout@11bd71901bbe5b1630ceea73d27597364c9af683	2026-09-20T11:48:28.4755142Z ##[group]Determining the checkout info
linux-portability (ubuntu-24.04-arm)	Run actions/checkout@11bd71901bbe5b1630ceea73d27597364c9af683	2026-09-20T11:48:28.4756494Z ##[endgroup]
linux-portability (ubuntu-24.04-arm)	Run actions/checkout@11bd71901bbe5b1630ceea73d27597364c9af683	2026-09-20T11:48:28.4757575Z [command]/usr/bin/git sparse-checkout disable
linux-portability (ubuntu-24.04-arm)	Run actions/checkout@11bd71901bbe5b1630ceea73d27597364c9af683	2026-09-20T11:48:28.4788300Z [command]/usr/bin/git config --local --unset-all extensions.worktreeConfig
linux-portability (ubuntu-24.04-arm)	Run actions/checkout@11bd71901bbe5b1630ceea73d27597364c9af683	2026-09-20T11:48:28.4813683Z ##[group]Checking out the ref
linux-portability (ubuntu-24.04-arm)	Run actions/checkout@11bd71901bbe5b1630ceea73d27597364c9af683	2026-09-20T11:48:28.4815978Z [command]/usr/bin/git checkout --progress --force -B master refs/remotes/origin/master
linux-portability (ubuntu-24.04-arm)	Run actions/checkout@11bd71901bbe5b1630ceea73d27597364c9af683	2026-09-20T11:48:28.5005779Z Reset branch 'master'
linux-portability (ubuntu-24.04-arm)	Run actions/checkout@11bd71901bbe5b1630ceea73d27597364c9af683	2026-09-20T11:48:28.5007352Z branch 'master' set up to track 'origin/master'.
linux-portability (ubuntu-24.04-arm)	Run actions/checkout@11bd71901bbe5b1630ceea73d27597364c9af683	2026-09-20T11:48:28.5017547Z ##[endgroup]
linux-portability (ubuntu-24.04-arm)	Run actions/checkout@11bd71901bbe5b1630ceea73d27597364c9af683	2026-09-20T11:48:28.5046496Z [command]/usr/bin/git log -1 --format=%H
linux-portability (ubuntu-24.04-arm)	Run actions/checkout@11bd71901bbe5b1630ceea73d27597364c9af683	2026-09-20T11:48:28.5067487Z 3b9facfebb6e29f4399f330be3ca7fbbfe591663
linux-portability (ubuntu-24.04-arm)	Install pinned Rust toolchain	﻿2026-09-20T11:48:28.5298708Z ##[group]Run rustup toolchain install 1.96.0 --profile minimal --component rustfmt --component clippy
linux-portability (ubuntu-24.04-arm)	Install pinned Rust toolchain	2026-09-20T11:48:28.5302026Z [36;1mrustup toolchain install 1.96.0 --profile minimal --component rustfmt --component clippy[0m
linux-portability (ubuntu-24.04-arm)	Install pinned Rust toolchain	2026-09-20T11:48:28.5397616Z shell: /usr/bin/bash -e {0}
linux-portability (ubuntu-24.04-arm)	Install pinned Rust toolchain	2026-09-20T11:48:28.5398791Z env:
linux-portability (ubuntu-24.04-arm)	Install pinned Rust toolchain	2026-09-20T11:48:28.5399573Z   LC_ALL: C
linux-portability (ubuntu-24.04-arm)	Install pinned Rust toolchain	2026-09-20T11:48:28.5400672Z   CARGO_INCREMENTAL: 0
linux-portability (ubuntu-24.04-arm)	Install pinned Rust toolchain	2026-09-20T11:48:28.5401588Z   RUSTUP_TOOLCHAIN: 1.96.0
linux-portability (ubuntu-24.04-arm)	Install pinned Rust toolchain	2026-09-20T11:48:28.5402486Z ##[endgroup]
linux-portability (ubuntu-24.04-arm)	Install pinned Rust toolchain	2026-09-20T11:48:29.0120426Z info: syncing channel updates for 1.96.0-aarch64-unknown-linux-gnu
linux-portability (ubuntu-24.04-arm)	Install pinned Rust toolchain	2026-09-20T11:48:29.3924789Z info: latest update on 2026-05-28 for version 1.96.0 (ac68faa20 2026-05-25)
linux-portability (ubuntu-24.04-arm)	Install pinned Rust toolchain	2026-09-20T11:48:29.3925643Z info: downloading 5 components
linux-portability (ubuntu-24.04-arm)	Install pinned Rust toolchain	2026-09-20T11:48:34.5871608Z 
linux-portability (ubuntu-24.04-arm)	Install pinned Rust toolchain	2026-09-20T11:48:34.5930502Z   1.96.0-aarch64-unknown-linux-gnu installed - rustc 1.96.0 (ac68faa20 2026-05-25)
linux-portability (ubuntu-24.04-arm)	Install pinned Rust toolchain	2026-09-20T11:48:34.5931063Z 
linux-portability (ubuntu-24.04-arm)	Prepare tested locales and C build tools	﻿2026-09-20T11:48:34.6139911Z ##[group]Run sudo apt-get update
linux-portability (ubuntu-24.04-arm)	Prepare tested locales and C build tools	2026-09-20T11:48:34.6140732Z [36;1msudo apt-get update[0m
linux-portability (ubuntu-24.04-arm)	Prepare tested locales and C build tools	2026-09-20T11:48:34.6141255Z [36;1msudo apt-get install -y build-essential bison locales[0m
linux-portability (ubuntu-24.04-arm)	Prepare tested locales and C build tools	2026-09-20T11:48:34.6141726Z [36;1msudo localedef -i en_US -f UTF-8 en_US.UTF-8[0m
linux-portability (ubuntu-24.04-arm)	Prepare tested locales and C build tools	2026-09-20T11:48:34.6142184Z [36;1msudo localedef -i tr_TR -f UTF-8 tr_TR.UTF-8[0m
linux-portability (ubuntu-24.04-arm)	Prepare tested locales and C build tools	2026-09-20T11:48:34.6142671Z [36;1msudo localedef -i en_US -f ISO-8859-1 en_US.ISO8859-1[0m
linux-portability (ubuntu-24.04-arm)	Prepare tested locales and C build tools	2026-09-20T11:48:34.6143109Z [36;1msudo localedef -i tr_TR -f ISO-8859-9 tr_TR.ISO8859-9[0m
linux-portability (ubuntu-24.04-arm)	Prepare tested locales and C build tools	2026-09-20T11:48:34.6143660Z [36;1msudo localedef --no-warnings=ascii -i ja_JP -f SHIFT_JIS ja_JP.SJIS[0m
linux-portability (ubuntu-24.04-arm)	Prepare tested locales and C build tools	2026-09-20T11:48:34.6144136Z [36;1mlocale -a[0m
linux-portability (ubuntu-24.04-arm)	Prepare tested locales and C build tools	2026-09-20T11:48:34.6144649Z [36;1mcc -std=c11 -Wall -Wextra -Werror scripts/shift_jis_locale_probe.c -o /tmp/rawk-sjis-locale-probe[0m
linux-portability (ubuntu-24.04-arm)	Prepare tested locales and C build tools	2026-09-20T11:48:34.6145231Z [36;1mset -o pipefail[0m
linux-portability (ubuntu-24.04-arm)	Prepare tested locales and C build tools	2026-09-20T11:48:34.6145632Z [36;1m/tmp/rawk-sjis-locale-probe 2>&1 | tee diary/shift-jis-locale-ci.log[0m
linux-portability (ubuntu-24.04-arm)	Prepare tested locales and C build tools	2026-09-20T11:48:34.6200043Z shell: /usr/bin/bash -e {0}
linux-portability (ubuntu-24.04-arm)	Prepare tested locales and C build tools	2026-09-20T11:48:34.6200777Z env:
linux-portability (ubuntu-24.04-arm)	Prepare tested locales and C build tools	2026-09-20T11:48:34.6201030Z   LC_ALL: C
linux-portability (ubuntu-24.04-arm)	Prepare tested locales and C build tools	2026-09-20T11:48:34.6201271Z   CARGO_INCREMENTAL: 0
linux-portability (ubuntu-24.04-arm)	Prepare tested locales and C build tools	2026-09-20T11:48:34.6201654Z   RUSTUP_TOOLCHAIN: 1.96.0
linux-portability (ubuntu-24.04-arm)	Prepare tested locales and C build tools	2026-09-20T11:48:34.6202086Z ##[endgroup]
linux-portability (ubuntu-24.04-arm)	Prepare tested locales and C build tools	2026-09-20T11:48:34.7122223Z Get:1 https://packages.microsoft.com/ubuntu/24.04/prod noble InRelease [3600 B]
linux-portability (ubuntu-24.04-arm)	Prepare tested locales and C build tools	2026-09-20T11:48:34.8069355Z Get:2 https://packages.microsoft.com/ubuntu/24.04/prod noble/main amd64 Packages [478 kB]
linux-portability (ubuntu-24.04-arm)	Prepare tested locales and C build tools	2026-09-20T11:48:34.8252067Z Get:3 https://packages.microsoft.com/ubuntu/24.04/prod noble/main arm64 Packages [429 kB]
linux-portability (ubuntu-24.04-arm)	Prepare tested locales and C build tools	2026-09-20T11:48:35.1100222Z Hit:4 http://ports.ubuntu.com/ubuntu-ports noble InRelease
linux-portability (ubuntu-24.04-arm)	Prepare tested locales and C build tools	2026-09-20T11:48:35.2632285Z Get:5 http://ports.ubuntu.com/ubuntu-ports noble-updates InRelease [126 kB]
linux-portability (ubuntu-24.04-arm)	Prepare tested locales and C build tools	2026-09-20T11:48:35.9213922Z Get:6 http://ports.ubuntu.com/ubuntu-ports noble-backports InRelease [126 kB]
linux-portability (ubuntu-24.04-arm)	Prepare tested locales and C build tools	2026-09-20T11:48:36.2443169Z Get:7 http://ports.ubuntu.com/ubuntu-ports noble-security InRelease [126 kB]
linux-portability (ubuntu-24.04-arm)	Prepare tested locales and C build tools	2026-09-20T11:48:36.4591752Z Get:8 http://ports.ubuntu.com/ubuntu-ports noble-updates/main arm64 Packages [1323 kB]
linux-portability (ubuntu-24.04-arm)	Prepare tested locales and C build tools	2026-09-20T11:48:37.1580210Z Get:9 http://ports.ubuntu.com/ubuntu-ports noble-updates/main Translation-en [294 kB]
linux-portability (ubuntu-24.04-arm)	Prepare tested locales and C build tools	2026-09-20T11:48:37.3412406Z Get:10 http://ports.ubuntu.com/ubuntu-ports noble-updates/main arm64 Components [178 kB]
linux-portability (ubuntu-24.04-arm)	Prepare tested locales and C build tools	2026-09-20T11:48:37.5119460Z Get:11 http://ports.ubuntu.com/ubuntu-ports noble-updates/universe arm64 Packages [1734 kB]
linux-portability (ubuntu-24.04-arm)	Prepare tested locales and C build tools	2026-09-20T11:48:37.9712181Z Get:12 http://ports.ubuntu.com/ubuntu-ports noble-updates/universe Translation-en [338 kB]
linux-portability (ubuntu-24.04-arm)	Prepare tested locales and C build tools	2026-09-20T11:48:38.1444608Z Get:13 http://ports.ubuntu.com/ubuntu-ports noble-updates/universe arm64 Components [387 kB]
linux-portability (ubuntu-24.04-arm)	Prepare tested locales and C build tools	2026-09-20T11:48:38.3204022Z Get:14 http://ports.ubuntu.com/ubuntu-ports noble-updates/restricted arm64 Packages [2347 kB]
linux-portability (ubuntu-24.04-arm)	Prepare tested locales and C build tools	2026-09-20T11:48:38.6649294Z Get:15 http://ports.ubuntu.com/ubuntu-ports noble-updates/restricted Translation-en [359 kB]
linux-portability (ubuntu-24.04-arm)	Prepare tested locales and C build tools	2026-09-20T11:48:38.8287463Z Get:16 http://ports.ubuntu.com/ubuntu-ports noble-updates/multiverse arm64 Packages [78.0 kB]
linux-portability (ubuntu-24.04-arm)	Prepare tested locales and C build tools	2026-09-20T11:48:38.9827868Z Get:17 http://ports.ubuntu.com/ubuntu-ports noble-updates/multiverse Translation-en [13.1 kB]
linux-portability (ubuntu-24.04-arm)	Prepare tested locales and C build tools	2026-09-20T11:48:39.3309425Z Get:18 http://ports.ubuntu.com/ubuntu-ports noble-backports/main arm64 Packages [65.8 kB]
linux-portability (ubuntu-24.04-arm)	Prepare tested locales and C build tools	2026-09-20T11:48:39.4859191Z Get:19 http://ports.ubuntu.com/ubuntu-ports noble-backports/main arm64 Components [3556 B]
linux-portability (ubuntu-24.04-arm)	Prepare tested locales and C build tools	2026-09-20T11:48:39.6397424Z Get:20 http://ports.ubuntu.com/ubuntu-ports noble-backports/universe arm64 Packages [34.9 kB]
linux-portability (ubuntu-24.04-arm)	Prepare tested locales and C build tools	2026-09-20T11:48:39.7932152Z Get:21 http://ports.ubuntu.com/ubuntu-ports noble-backports/universe Translation-en [18.7 kB]
linux-portability (ubuntu-24.04-arm)	Prepare tested locales and C build tools	2026-09-20T11:48:39.9464494Z Get:22 http://ports.ubuntu.com/ubuntu-ports noble-backports/universe arm64 Components [12.6 kB]
linux-portability (ubuntu-24.04-arm)	Prepare tested locales and C build tools	2026-09-20T11:48:40.1002401Z Get:23 http://ports.ubuntu.com/ubuntu-ports noble-security/main arm64 Packages [1074 kB]
linux-portability (ubuntu-24.04-arm)	Prepare tested locales and C build tools	2026-09-20T11:48:40.2855518Z Get:24 http://ports.ubuntu.com/ubuntu-ports noble-security/main Translation-en [214 kB]
linux-portability (ubuntu-24.04-arm)	Prepare tested locales and C build tools	2026-09-20T11:48:40.4442033Z Get:25 http://ports.ubuntu.com/ubuntu-ports noble-security/main arm64 Components [43.3 kB]
linux-portability (ubuntu-24.04-arm)	Prepare tested locales and C build tools	2026-09-20T11:48:40.5982713Z Get:26 http://ports.ubuntu.com/ubuntu-ports noble-security/universe arm64 Packages [1289 kB]
linux-portability (ubuntu-24.04-arm)	Prepare tested locales and C build tools	2026-09-20T11:48:40.7903284Z Get:27 http://ports.ubuntu.com/ubuntu-ports noble-security/universe Translation-en [243 kB]
linux-portability (ubuntu-24.04-arm)	Prepare tested locales and C build tools	2026-09-20T11:48:40.9500932Z Get:28 http://ports.ubuntu.com/ubuntu-ports noble-security/universe arm64 Components [76.3 kB]
linux-portability (ubuntu-24.04-arm)	Prepare tested locales and C build tools	2026-09-20T11:48:41.1050467Z Get:29 http://ports.ubuntu.com/ubuntu-ports noble-security/restricted arm64 Packages [2230 kB]
linux-portability (ubuntu-24.04-arm)	Prepare tested locales and C build tools	2026-09-20T11:48:41.3264859Z Get:30 http://ports.ubuntu.com/ubuntu-ports noble-security/restricted Translation-en [336 kB]
linux-portability (ubuntu-24.04-arm)	Prepare tested locales and C build tools	2026-09-20T11:48:41.4891553Z Get:31 http://ports.ubuntu.com/ubuntu-ports noble-security/multiverse arm64 Packages [73.7 kB]
linux-portability (ubuntu-24.04-arm)	Prepare tested locales and C build tools	2026-09-20T11:48:41.6441172Z Get:32 http://ports.ubuntu.com/ubuntu-ports noble-security/multiverse Translation-en [11.3 kB]
linux-portability (ubuntu-24.04-arm)	Prepare tested locales and C build tools	2026-09-20T11:48:45.1299105Z Fetched 14.1 MB in 7s (2019 kB/s)
linux-portability (ubuntu-24.04-arm)	Prepare tested locales and C build tools	2026-09-20T11:48:46.0020291Z Reading package lists...
linux-portability (ubuntu-24.04-arm)	Prepare tested locales and C build tools	2026-09-20T11:48:46.0286543Z Reading package lists...
linux-portability (ubuntu-24.04-arm)	Prepare tested locales and C build tools	2026-09-20T11:48:46.2228333Z Building dependency tree...
linux-portability (ubuntu-24.04-arm)	Prepare tested locales and C build tools	2026-09-20T11:48:46.2251207Z Reading state information...
linux-portability (ubuntu-24.04-arm)	Prepare tested locales and C build tools	2026-09-20T11:48:46.4491964Z The following additional packages will be installed:
linux-portability (ubuntu-24.04-arm)	Prepare tested locales and C build tools	2026-09-20T11:48:46.4497649Z   libc-bin libc-dev-bin libc6 libc6-dev
linux-portability (ubuntu-24.04-arm)	Prepare tested locales and C build tools	2026-09-20T11:48:46.4506153Z Suggested packages:
linux-portability (ubuntu-24.04-arm)	Prepare tested locales and C build tools	2026-09-20T11:48:46.4506813Z   bison-doc glibc-doc libnss-nis libnss-nisplus manpages-dev
linux-portability (ubuntu-24.04-arm)	Prepare tested locales and C build tools	2026-09-20T11:48:46.4507346Z Recommended packages:
linux-portability (ubuntu-24.04-arm)	Prepare tested locales and C build tools	2026-09-20T11:48:46.4507622Z   manpages-dev libc-devtools
linux-portability (ubuntu-24.04-arm)	Prepare tested locales and C build tools	2026-09-20T11:48:46.4742423Z The following NEW packages will be installed:
linux-portability (ubuntu-24.04-arm)	Prepare tested locales and C build tools	2026-09-20T11:48:46.4750043Z   build-essential
linux-portability (ubuntu-24.04-arm)	Prepare tested locales and C build tools	2026-09-20T11:48:46.4754132Z The following packages will be upgraded:
linux-portability (ubuntu-24.04-arm)	Prepare tested locales and C build tools	2026-09-20T11:48:46.4762232Z   bison libc-bin libc-dev-bin libc6 libc6-dev locales
linux-portability (ubuntu-24.04-arm)	Prepare tested locales and C build tools	2026-09-20T11:48:46.6041326Z 6 upgraded, 1 newly installed, 0 to remove and 64 not upgraded.
linux-portability (ubuntu-24.04-arm)	Prepare tested locales and C build tools	2026-09-20T11:48:46.6041882Z Need to get 9961 kB of archives.
linux-portability (ubuntu-24.04-arm)	Prepare tested locales and C build tools	2026-09-20T11:48:46.6042432Z After this operation, 19.5 kB of additional disk space will be used.
linux-portability (ubuntu-24.04-arm)	Prepare tested locales and C build tools	2026-09-20T11:48:46.6043075Z Get:1 http://ports.ubuntu.com/ubuntu-ports noble-updates/main arm64 libc6-dev arm64 2.39-0ubuntu8.9 [1596 kB]
linux-portability (ubuntu-24.04-arm)	Prepare tested locales and C build tools	2026-09-20T11:48:47.1691200Z Get:2 http://ports.ubuntu.com/ubuntu-ports noble-updates/main arm64 libc-dev-bin arm64 2.39-0ubuntu8.9 [19.7 kB]
linux-portability (ubuntu-24.04-arm)	Prepare tested locales and C build tools	2026-09-20T11:48:47.2248615Z Get:3 http://ports.ubuntu.com/ubuntu-ports noble-updates/main arm64 libc6 arm64 2.39-0ubuntu8.9 [2776 kB]
linux-portability (ubuntu-24.04-arm)	Prepare tested locales and C build tools	2026-09-20T11:48:47.4137881Z Get:4 http://ports.ubuntu.com/ubuntu-ports noble-updates/main arm64 libc-bin arm64 2.39-0ubuntu8.9 [591 kB]
linux-portability (ubuntu-24.04-arm)	Prepare tested locales and C build tools	2026-09-20T11:48:47.4767649Z Get:5 http://ports.ubuntu.com/ubuntu-ports noble-updates/main arm64 locales all 2.39-0ubuntu8.9 [4232 kB]
linux-portability (ubuntu-24.04-arm)	Prepare tested locales and C build tools	2026-09-20T11:48:47.6178558Z Get:6 http://ports.ubuntu.com/ubuntu-ports noble-updates/main arm64 bison arm64 2:3.8.2+dfsg-1ubuntu0.24.04.1 [740 kB]
linux-portability (ubuntu-24.04-arm)	Prepare tested locales and C build tools	2026-09-20T11:48:47.6793814Z Get:7 http://ports.ubuntu.com/ubuntu-ports noble/main arm64 build-essential arm64 12.10ubuntu1 [4932 B]
linux-portability (ubuntu-24.04-arm)	Prepare tested locales and C build tools	2026-09-20T11:48:47.8895724Z Preconfiguring packages ...
linux-portability (ubuntu-24.04-arm)	Prepare tested locales and C build tools	2026-09-20T11:48:47.9614369Z Fetched 9961 kB in 1s (8338 kB/s)
linux-portability (ubuntu-24.04-arm)	Prepare tested locales and C build tools	2026-09-20T11:48:48.0063653Z (Reading database ... 
linux-portability (ubuntu-24.04-arm)	Prepare tested locales and C build tools	2026-09-20T11:48:48.0064001Z (Reading database ... 5%
linux-portability (ubuntu-24.04-arm)	Prepare tested locales and C build tools	2026-09-20T11:48:48.0064440Z (Reading database ... 10%
linux-portability (ubuntu-24.04-arm)	Prepare tested locales and C build tools	2026-09-20T11:48:48.0064687Z (Reading database ... 15%
linux-portability (ubuntu-24.04-arm)	Prepare tested locales and C build tools	2026-09-20T11:48:48.0064918Z (Reading database ... 20%
linux-portability (ubuntu-24.04-arm)	Prepare tested locales and C build tools	2026-09-20T11:48:48.0065251Z (Reading database ... 25%
linux-portability (ubuntu-24.04-arm)	Prepare tested locales and C build tools	2026-09-20T11:48:48.0065489Z (Reading database ... 30%
linux-portability (ubuntu-24.04-arm)	Prepare tested locales and C build tools	2026-09-20T11:48:48.0065747Z (Reading database ... 35%
linux-portability (ubuntu-24.04-arm)	Prepare tested locales and C build tools	2026-09-20T11:48:48.0065986Z (Reading database ... 40%
linux-portability (ubuntu-24.04-arm)	Prepare tested locales and C build tools	2026-09-20T11:48:48.0066222Z (Reading database ... 45%
linux-portability (ubuntu-24.04-arm)	Prepare tested locales and C build tools	2026-09-20T11:48:48.0066513Z (Reading database ... 50%
linux-portability (ubuntu-24.04-arm)	Prepare tested locales and C build tools	2026-09-20T11:48:48.0146381Z (Reading database ... 55%
linux-portability (ubuntu-24.04-arm)	Prepare tested locales and C build tools	2026-09-20T11:48:48.1601693Z (Reading database ... 60%
linux-portability (ubuntu-24.04-arm)	Prepare tested locales and C build tools	2026-09-20T11:48:48.3668921Z (Reading database ... 65%
linux-portability (ubuntu-24.04-arm)	Prepare tested locales and C build tools	2026-09-20T11:48:48.3823789Z (Reading database ... 70%
linux-portability (ubuntu-24.04-arm)	Prepare tested locales and C build tools	2026-09-20T11:48:48.4204170Z (Reading database ... 75%
linux-portability (ubuntu-24.04-arm)	Prepare tested locales and C build tools	2026-09-20T11:48:48.6209044Z (Reading database ... 80%
linux-portability (ubuntu-24.04-arm)	Prepare tested locales and C build tools	2026-09-20T11:48:48.8257827Z (Reading database ... 85%
linux-portability (ubuntu-24.04-arm)	Prepare tested locales and C build tools	2026-09-20T11:48:49.0170237Z (Reading database ... 90%
linux-portability (ubuntu-24.04-arm)	Prepare tested locales and C build tools	2026-09-20T11:48:49.1572302Z (Reading database ... 95%
linux-portability (ubuntu-24.04-arm)	Prepare tested locales and C build tools	2026-09-20T11:48:49.1572772Z (Reading database ... 100%
linux-portability (ubuntu-24.04-arm)	Prepare tested locales and C build tools	2026-09-20T11:48:49.1573136Z (Reading database ... 201140 files and directories currently installed.)
linux-portability (ubuntu-24.04-arm)	Prepare tested locales and C build tools	2026-09-20T11:48:49.1615203Z Preparing to unpack .../libc6-dev_2.39-0ubuntu8.9_arm64.deb ...
linux-portability (ubuntu-24.04-arm)	Prepare tested locales and C build tools	2026-09-20T11:48:49.1696034Z Unpacking libc6-dev:arm64 (2.39-0ubuntu8.9) over (2.39-0ubuntu8.8) ...
linux-portability (ubuntu-24.04-arm)	Prepare tested locales and C build tools	2026-09-20T11:48:49.3138419Z Preparing to unpack .../libc-dev-bin_2.39-0ubuntu8.9_arm64.deb ...
linux-portability (ubuntu-24.04-arm)	Prepare tested locales and C build tools	2026-09-20T11:48:49.3163649Z Unpacking libc-dev-bin (2.39-0ubuntu8.9) over (2.39-0ubuntu8.8) ...
linux-portability (ubuntu-24.04-arm)	Prepare tested locales and C build tools	2026-09-20T11:48:49.3549344Z Preparing to unpack .../libc6_2.39-0ubuntu8.9_arm64.deb ...
linux-portability (ubuntu-24.04-arm)	Prepare tested locales and C build tools	2026-09-20T11:48:49.4552992Z Unpacking libc6:arm64 (2.39-0ubuntu8.9) over (2.39-0ubuntu8.8) ...
linux-portability (ubuntu-24.04-arm)	Prepare tested locales and C build tools	2026-09-20T11:48:49.5954964Z Setting up libc6:arm64 (2.39-0ubuntu8.9) ...
linux-portability (ubuntu-24.04-arm)	Prepare tested locales and C build tools	2026-09-20T11:48:49.9371113Z (Reading database ... 
linux-portability (ubuntu-24.04-arm)	Prepare tested locales and C build tools	2026-09-20T11:48:49.9371646Z (Reading database ... 5%
linux-portability (ubuntu-24.04-arm)	Prepare tested locales and C build tools	2026-09-20T11:48:49.9371923Z (Reading database ... 10%
linux-portability (ubuntu-24.04-arm)	Prepare tested locales and C build tools	2026-09-20T11:48:49.9372265Z (Reading database ... 15%
linux-portability (ubuntu-24.04-arm)	Prepare tested locales and C build tools	2026-09-20T11:48:49.9372552Z (Reading database ... 20%
linux-portability (ubuntu-24.04-arm)	Prepare tested locales and C build tools	2026-09-20T11:48:49.9372797Z (Reading database ... 25%
linux-portability (ubuntu-24.04-arm)	Prepare tested locales and C build tools	2026-09-20T11:48:49.9373038Z (Reading database ... 30%
linux-portability (ubuntu-24.04-arm)	Prepare tested locales and C build tools	2026-09-20T11:48:49.9373327Z (Reading database ... 35%
linux-portability (ubuntu-24.04-arm)	Prepare tested locales and C build tools	2026-09-20T11:48:49.9373598Z (Reading database ... 40%
linux-portability (ubuntu-24.04-arm)	Prepare tested locales and C build tools	2026-09-20T11:48:49.9373889Z (Reading database ... 45%
linux-portability (ubuntu-24.04-arm)	Prepare tested locales and C build tools	2026-09-20T11:48:49.9374131Z (Reading database ... 50%
linux-portability (ubuntu-24.04-arm)	Prepare tested locales and C build tools	2026-09-20T11:48:49.9390989Z (Reading database ... 55%
linux-portability (ubuntu-24.04-arm)	Prepare tested locales and C build tools	2026-09-20T11:48:49.9503909Z (Reading database ... 60%
linux-portability (ubuntu-24.04-arm)	Prepare tested locales and C build tools	2026-09-20T11:48:49.9510803Z (Reading database ... 65%
linux-portability (ubuntu-24.04-arm)	Prepare tested locales and C build tools	2026-09-20T11:48:49.9521102Z (Reading database ... 70%
linux-portability (ubuntu-24.04-arm)	Prepare tested locales and C build tools	2026-09-20T11:48:49.9537719Z (Reading database ... 75%
linux-portability (ubuntu-24.04-arm)	Prepare tested locales and C build tools	2026-09-20T11:48:49.9565074Z (Reading database ... 80%
linux-portability (ubuntu-24.04-arm)	Prepare tested locales and C build tools	2026-09-20T11:48:49.9667075Z (Reading database ... 85%
linux-portability (ubuntu-24.04-arm)	Prepare tested locales and C build tools	2026-09-20T11:48:49.9721981Z (Reading database ... 90%
linux-portability (ubuntu-24.04-arm)	Prepare tested locales and C build tools	2026-09-20T11:48:49.9867130Z (Reading database ... 95%
linux-portability (ubuntu-24.04-arm)	Prepare tested locales and C build tools	2026-09-20T11:48:49.9867477Z (Reading database ... 100%
linux-portability (ubuntu-24.04-arm)	Prepare tested locales and C build tools	2026-09-20T11:48:49.9867883Z (Reading database ... 201140 files and directories currently installed.)
linux-portability (ubuntu-24.04-arm)	Prepare tested locales and C build tools	2026-09-20T11:48:49.9893420Z Preparing to unpack .../libc-bin_2.39-0ubuntu8.9_arm64.deb ...
linux-portability (ubuntu-24.04-arm)	Prepare tested locales and C build tools	2026-09-20T11:48:49.9922195Z Unpacking libc-bin (2.39-0ubuntu8.9) over (2.39-0ubuntu8.8) ...
linux-portability (ubuntu-24.04-arm)	Prepare tested locales and C build tools	2026-09-20T11:48:50.0391312Z Setting up libc-bin (2.39-0ubuntu8.9) ...
linux-portability (ubuntu-24.04-arm)	Prepare tested locales and C build tools	2026-09-20T11:48:50.0993728Z (Reading database ... 
linux-portability (ubuntu-24.04-arm)	Prepare tested locales and C build tools	2026-09-20T11:48:50.0994097Z (Reading database ... 5%
linux-portability (ubuntu-24.04-arm)	Prepare tested locales and C build tools	2026-09-20T11:48:50.0994520Z (Reading database ... 10%
linux-portability (ubuntu-24.04-arm)	Prepare tested locales and C build tools	2026-09-20T11:48:50.0994783Z (Reading database ... 15%
linux-portability (ubuntu-24.04-arm)	Prepare tested locales and C build tools	2026-09-20T11:48:50.0995051Z (Reading database ... 20%
linux-portability (ubuntu-24.04-arm)	Prepare tested locales and C build tools	2026-09-20T11:48:50.0995325Z (Reading database ... 25%
linux-portability (ubuntu-24.04-arm)	Prepare tested locales and C build tools	2026-09-20T11:48:50.0995559Z (Reading database ... 30%
linux-portability (ubuntu-24.04-arm)	Prepare tested locales and C build tools	2026-09-20T11:48:50.0995824Z (Reading database ... 35%
linux-portability (ubuntu-24.04-arm)	Prepare tested locales and C build tools	2026-09-20T11:48:50.0996060Z (Reading database ... 40%
linux-portability (ubuntu-24.04-arm)	Prepare tested locales and C build tools	2026-09-20T11:48:50.0996324Z (Reading database ... 45%
linux-portability (ubuntu-24.04-arm)	Prepare tested locales and C build tools	2026-09-20T11:48:50.0996619Z (Reading database ... 50%
linux-portability (ubuntu-24.04-arm)	Prepare tested locales and C build tools	2026-09-20T11:48:50.1011951Z (Reading database ... 55%
linux-portability (ubuntu-24.04-arm)	Prepare tested locales and C build tools	2026-09-20T11:48:50.1096515Z (Reading database ... 60%
linux-portability (ubuntu-24.04-arm)	Prepare tested locales and C build tools	2026-09-20T11:48:50.1120045Z (Reading database ... 65%
linux-portability (ubuntu-24.04-arm)	Prepare tested locales and C build tools	2026-09-20T11:48:50.1131962Z (Reading database ... 70%
linux-portability (ubuntu-24.04-arm)	Prepare tested locales and C build tools	2026-09-20T11:48:50.1149331Z (Reading database ... 75%
linux-portability (ubuntu-24.04-arm)	Prepare tested locales and C build tools	2026-09-20T11:48:50.1176954Z (Reading database ... 80%
linux-portability (ubuntu-24.04-arm)	Prepare tested locales and C build tools	2026-09-20T11:48:50.1280834Z (Reading database ... 85%
linux-portability (ubuntu-24.04-arm)	Prepare tested locales and C build tools	2026-09-20T11:48:50.1337095Z (Reading database ... 90%
linux-portability (ubuntu-24.04-arm)	Prepare tested locales and C build tools	2026-09-20T11:48:50.1487051Z (Reading database ... 95%
linux-portability (ubuntu-24.04-arm)	Prepare tested locales and C build tools	2026-09-20T11:48:50.1487359Z (Reading database ... 100%
linux-portability (ubuntu-24.04-arm)	Prepare tested locales and C build tools	2026-09-20T11:48:50.1487845Z (Reading database ... 201140 files and directories currently installed.)
linux-portability (ubuntu-24.04-arm)	Prepare tested locales and C build tools	2026-09-20T11:48:50.1516043Z Preparing to unpack .../locales_2.39-0ubuntu8.9_all.deb ...
linux-portability (ubuntu-24.04-arm)	Prepare tested locales and C build tools	2026-09-20T11:48:50.1569548Z Unpacking locales (2.39-0ubuntu8.9) over (2.39-0ubuntu8.8) ...
linux-portability (ubuntu-24.04-arm)	Prepare tested locales and C build tools	2026-09-20T11:48:50.3618497Z Preparing to unpack .../bison_2%3a3.8.2+dfsg-1ubuntu0.24.04.1_arm64.deb ...
linux-portability (ubuntu-24.04-arm)	Prepare tested locales and C build tools	2026-09-20T11:48:50.3733392Z Unpacking bison (2:3.8.2+dfsg-1ubuntu0.24.04.1) over (2:3.8.2+dfsg-1build2) ...
linux-portability (ubuntu-24.04-arm)	Prepare tested locales and C build tools	2026-09-20T11:48:50.4352053Z Selecting previously unselected package build-essential.
linux-portability (ubuntu-24.04-arm)	Prepare tested locales and C build tools	2026-09-20T11:48:50.4498239Z Preparing to unpack .../build-essential_12.10ubuntu1_arm64.deb ...
linux-portability (ubuntu-24.04-arm)	Prepare tested locales and C build tools	2026-09-20T11:48:50.4509337Z Unpacking build-essential (12.10ubuntu1) ...
linux-portability (ubuntu-24.04-arm)	Prepare tested locales and C build tools	2026-09-20T11:48:50.4841645Z Setting up locales (2.39-0ubuntu8.9) ...
linux-portability (ubuntu-24.04-arm)	Prepare tested locales and C build tools	2026-09-20T11:48:50.8611798Z Generating locales (this might take a while)...
linux-portability (ubuntu-24.04-arm)	Prepare tested locales and C build tools	2026-09-20T11:48:52.0546920Z   en_US.UTF-8... done
linux-portability (ubuntu-24.04-arm)	Prepare tested locales and C build tools	2026-09-20T11:48:52.0547342Z Generation complete.
linux-portability (ubuntu-24.04-arm)	Prepare tested locales and C build tools	2026-09-20T11:48:52.0754437Z Setting up bison (2:3.8.2+dfsg-1ubuntu0.24.04.1) ...
linux-portability (ubuntu-24.04-arm)	Prepare tested locales and C build tools	2026-09-20T11:48:52.0817334Z Setting up libc-dev-bin (2.39-0ubuntu8.9) ...
linux-portability (ubuntu-24.04-arm)	Prepare tested locales and C build tools	2026-09-20T11:48:52.0838663Z Setting up libc6-dev:arm64 (2.39-0ubuntu8.9) ...
linux-portability (ubuntu-24.04-arm)	Prepare tested locales and C build tools	2026-09-20T11:48:52.0862373Z Setting up build-essential (12.10ubuntu1) ...
linux-portability (ubuntu-24.04-arm)	Prepare tested locales and C build tools	2026-09-20T11:48:52.0891131Z Processing triggers for man-db (2.12.0-4build2) ...
linux-portability (ubuntu-24.04-arm)	Prepare tested locales and C build tools	2026-09-20T11:48:52.0912758Z Not building database; man-db/auto-update is not 'true'.
linux-portability (ubuntu-24.04-arm)	Prepare tested locales and C build tools	2026-09-20T11:48:54.5969783Z 
linux-portability (ubuntu-24.04-arm)	Prepare tested locales and C build tools	2026-09-20T11:48:54.5970754Z Running kernel seems to be up-to-date.
linux-portability (ubuntu-24.04-arm)	Prepare tested locales and C build tools	2026-09-20T11:48:54.5971162Z 
linux-portability (ubuntu-24.04-arm)	Prepare tested locales and C build tools	2026-09-20T11:48:54.5971503Z Restarting services...
linux-portability (ubuntu-24.04-arm)	Prepare tested locales and C build tools	2026-09-20T11:48:54.7249750Z  systemctl restart chrony.service containerd.service cron.service haveged.service hv-kvp-daemon.service multipathd.service packagekit.service php8.3-fpm.service polkit.service rsyslog.service systemd-journald.service systemd-networkd.service systemd-resolved.service systemd-udevd.service udisks2.service
linux-portability (ubuntu-24.04-arm)	Prepare tested locales and C build tools	2026-09-20T11:48:54.9391674Z 
linux-portability (ubuntu-24.04-arm)	Prepare tested locales and C build tools	2026-09-20T11:48:54.9394692Z Service restarts being deferred:
linux-portability (ubuntu-24.04-arm)	Prepare tested locales and C build tools	2026-09-20T11:48:54.9395551Z  systemctl restart ModemManager.service
linux-portability (ubuntu-24.04-arm)	Prepare tested locales and C build tools	2026-09-20T11:48:54.9396086Z  /etc/needrestart/restart.d/dbus.service
linux-portability (ubuntu-24.04-arm)	Prepare tested locales and C build tools	2026-09-20T11:48:54.9396387Z  systemctl restart docker.service
linux-portability (ubuntu-24.04-arm)	Prepare tested locales and C build tools	2026-09-20T11:48:54.9396773Z  systemctl restart getty@tty1.service
linux-portability (ubuntu-24.04-arm)	Prepare tested locales and C build tools	2026-09-20T11:48:54.9397095Z  systemctl restart hosted-compute-agent.service
linux-portability (ubuntu-24.04-arm)	Prepare tested locales and C build tools	2026-09-20T11:48:54.9397470Z  systemctl restart networkd-dispatcher.service
linux-portability (ubuntu-24.04-arm)	Prepare tested locales and C build tools	2026-09-20T11:48:54.9397850Z  systemctl restart serial-getty@ttyAMA0.service
linux-portability (ubuntu-24.04-arm)	Prepare tested locales and C build tools	2026-09-20T11:48:54.9398196Z  systemctl restart systemd-logind.service
linux-portability (ubuntu-24.04-arm)	Prepare tested locales and C build tools	2026-09-20T11:48:54.9398522Z  systemctl restart walinuxagent.service
linux-portability (ubuntu-24.04-arm)	Prepare tested locales and C build tools	2026-09-20T11:48:54.9398752Z 
linux-portability (ubuntu-24.04-arm)	Prepare tested locales and C build tools	2026-09-20T11:48:54.9398850Z No containers need to be restarted.
linux-portability (ubuntu-24.04-arm)	Prepare tested locales and C build tools	2026-09-20T11:48:54.9399034Z 
linux-portability (ubuntu-24.04-arm)	Prepare tested locales and C build tools	2026-09-20T11:48:54.9399137Z User sessions running outdated binaries:
linux-portability (ubuntu-24.04-arm)	Prepare tested locales and C build tools	2026-09-20T11:48:54.9399495Z  runner @ user manager service: systemd[1318]
linux-portability (ubuntu-24.04-arm)	Prepare tested locales and C build tools	2026-09-20T11:48:54.9515924Z 
linux-portability (ubuntu-24.04-arm)	Prepare tested locales and C build tools	2026-09-20T11:48:54.9541230Z No VM guests are running outdated hypervisor (qemu) binaries on this host.
linux-portability (ubuntu-24.04-arm)	Prepare tested locales and C build tools	2026-09-20T11:48:58.9448666Z C
linux-portability (ubuntu-24.04-arm)	Prepare tested locales and C build tools	2026-09-20T11:48:58.9449046Z C.utf8
linux-portability (ubuntu-24.04-arm)	Prepare tested locales and C build tools	2026-09-20T11:48:58.9449472Z POSIX
linux-portability (ubuntu-24.04-arm)	Prepare tested locales and C build tools	2026-09-20T11:48:58.9449689Z en_US.iso88591
linux-portability (ubuntu-24.04-arm)	Prepare tested locales and C build tools	2026-09-20T11:48:58.9449920Z en_US.utf8
linux-portability (ubuntu-24.04-arm)	Prepare tested locales and C build tools	2026-09-20T11:48:58.9450410Z ja_JP.sjis
linux-portability (ubuntu-24.04-arm)	Prepare tested locales and C build tools	2026-09-20T11:48:58.9450628Z tr_TR.iso88599
linux-portability (ubuntu-24.04-arm)	Prepare tested locales and C build tools	2026-09-20T11:48:58.9450905Z tr_TR.utf8
linux-portability (ubuntu-24.04-arm)	Prepare tested locales and C build tools	2026-09-20T11:49:01.7929045Z locale=ja_JP.SJIS codeset=SHIFT_JIS MB_CUR_MAX=2 wchar_t=4
linux-portability (ubuntu-24.04-arm)	Prepare tested locales and C build tools	2026-09-20T11:49:01.7929685Z decode=2 wchar=0xff41
linux-portability (ubuntu-24.04-arm)	Prepare tested locales and C build tools	2026-09-20T11:49:01.7929920Z encode=2
linux-portability (ubuntu-24.04-arm)	Prepare tested locales and C build tools	2026-09-20T11:49:01.7930699Z truncated=incomplete
linux-portability (ubuntu-24.04-arm)	Prepare tested locales and C build tools	2026-09-20T11:49:01.7931069Z invalid=error errno=84
linux-portability (ubuntu-24.04-arm)	Build pinned original C oracle	﻿2026-09-20T11:49:01.7967310Z ##[group]Run git init ../c_awk
linux-portability (ubuntu-24.04-arm)	Build pinned original C oracle	2026-09-20T11:49:01.7967694Z [36;1mgit init ../c_awk[0m
linux-portability (ubuntu-24.04-arm)	Build pinned original C oracle	2026-09-20T11:49:01.7968148Z [36;1mgit -C ../c_awk remote add origin https://github.com/onetrueawk/awk.git[0m
linux-portability (ubuntu-24.04-arm)	Build pinned original C oracle	2026-09-20T11:49:01.7968707Z [36;1mgit -C ../c_awk fetch --depth 1 origin 5739fd79bcfc75ba7526773d0cf634521f8aca3c[0m
linux-portability (ubuntu-24.04-arm)	Build pinned original C oracle	2026-09-20T11:49:01.7969183Z [36;1mgit -C ../c_awk checkout --detach FETCH_HEAD[0m
linux-portability (ubuntu-24.04-arm)	Build pinned original C oracle	2026-09-20T11:49:01.7969550Z [36;1mmake -C ../c_awk[0m
linux-portability (ubuntu-24.04-arm)	Build pinned original C oracle	2026-09-20T11:49:01.7969792Z [36;1m../c_awk/a.out --version[0m
linux-portability (ubuntu-24.04-arm)	Build pinned original C oracle	2026-09-20T11:49:01.8004575Z shell: /usr/bin/bash -e {0}
linux-portability (ubuntu-24.04-arm)	Build pinned original C oracle	2026-09-20T11:49:01.8004857Z env:
linux-portability (ubuntu-24.04-arm)	Build pinned original C oracle	2026-09-20T11:49:01.8005179Z   LC_ALL: C
linux-portability (ubuntu-24.04-arm)	Build pinned original C oracle	2026-09-20T11:49:01.8005393Z   CARGO_INCREMENTAL: 0
linux-portability (ubuntu-24.04-arm)	Build pinned original C oracle	2026-09-20T11:49:01.8005673Z   RUSTUP_TOOLCHAIN: 1.96.0
linux-portability (ubuntu-24.04-arm)	Build pinned original C oracle	2026-09-20T11:49:01.8005949Z ##[endgroup]
linux-portability (ubuntu-24.04-arm)	Build pinned original C oracle	2026-09-20T11:49:01.8070647Z hint: Using 'master' as the name for the initial branch. This default branch name
linux-portability (ubuntu-24.04-arm)	Build pinned original C oracle	2026-09-20T11:49:01.8071235Z hint: will change to "main" in Git 3.0. To configure the initial branch name
linux-portability (ubuntu-24.04-arm)	Build pinned original C oracle	2026-09-20T11:49:01.8071903Z hint: to use in all of your new repositories, which will suppress this warning,
linux-portability (ubuntu-24.04-arm)	Build pinned original C oracle	2026-09-20T11:49:01.8072323Z hint: call:
linux-portability (ubuntu-24.04-arm)	Build pinned original C oracle	2026-09-20T11:49:01.8072552Z hint:
linux-portability (ubuntu-24.04-arm)	Build pinned original C oracle	2026-09-20T11:49:01.8072808Z hint: 	git config --global init.defaultBranch <name>
linux-portability (ubuntu-24.04-arm)	Build pinned original C oracle	2026-09-20T11:49:01.8073123Z hint:
linux-portability (ubuntu-24.04-arm)	Build pinned original C oracle	2026-09-20T11:49:01.8073456Z hint: Names commonly chosen instead of 'master' are 'main', 'trunk' and
linux-portability (ubuntu-24.04-arm)	Build pinned original C oracle	2026-09-20T11:49:01.8073958Z hint: 'development'. The just-created branch can be renamed via this command:
linux-portability (ubuntu-24.04-arm)	Build pinned original C oracle	2026-09-20T11:49:01.8074397Z hint:
linux-portability (ubuntu-24.04-arm)	Build pinned original C oracle	2026-09-20T11:49:01.8074660Z hint: 	git branch -m <name>
linux-portability (ubuntu-24.04-arm)	Build pinned original C oracle	2026-09-20T11:49:01.8074897Z hint:
linux-portability (ubuntu-24.04-arm)	Build pinned original C oracle	2026-09-20T11:49:01.8075284Z hint: Disable this message with "git config set advice.defaultBranchName false"
linux-portability (ubuntu-24.04-arm)	Build pinned original C oracle	2026-09-20T11:49:01.8075831Z Initialized empty Git repository in /home/runner/work/rawk/rawk/c_awk/.git/
linux-portability (ubuntu-24.04-arm)	Build pinned original C oracle	2026-09-20T11:49:02.7709947Z From https://github.com/onetrueawk/awk
linux-portability (ubuntu-24.04-arm)	Build pinned original C oracle	2026-09-20T11:49:02.7710598Z  * branch            5739fd79bcfc75ba7526773d0cf634521f8aca3c -> FETCH_HEAD
linux-portability (ubuntu-24.04-arm)	Build pinned original C oracle	2026-09-20T11:49:02.7993810Z HEAD is now at 5739fd7 updated.
linux-portability (ubuntu-24.04-arm)	Build pinned original C oracle	2026-09-20T11:49:02.8266515Z make: Entering directory '/home/runner/work/rawk/rawk/c_awk'
linux-portability (ubuntu-24.04-arm)	Build pinned original C oracle	2026-09-20T11:49:02.8267187Z bison -d  awkgram.y
linux-portability (ubuntu-24.04-arm)	Build pinned original C oracle	2026-09-20T11:49:02.8297926Z awkgram.y: warning: 44 shift/reduce conflicts [-Wconflicts-sr]
linux-portability (ubuntu-24.04-arm)	Build pinned original C oracle	2026-09-20T11:49:02.8298631Z awkgram.y: warning: 85 reduce/reduce conflicts [-Wconflicts-rr]
linux-portability (ubuntu-24.04-arm)	Build pinned original C oracle	2026-09-20T11:49:02.8299199Z awkgram.y: note: rerun with option '-Wcounterexamples' to generate conflict counterexamples
linux-portability (ubuntu-24.04-arm)	Build pinned original C oracle	2026-09-20T11:49:02.9638800Z cc -g -Wall -pedantic -Wcast-qual   -O2   -c -o awkgram.tab.o awkgram.tab.c
linux-portability (ubuntu-24.04-arm)	Build pinned original C oracle	2026-09-20T11:49:03.2958521Z cc -g -Wall -pedantic -Wcast-qual   -O2   -c -o b.o b.c
linux-portability (ubuntu-24.04-arm)	Build pinned original C oracle	2026-09-20T11:49:03.6857819Z cc -g -Wall -pedantic -Wcast-qual   -O2   -c -o main.o main.c
linux-portability (ubuntu-24.04-arm)	Build pinned original C oracle	2026-09-20T11:49:03.8101944Z cc -g -Wall -pedantic -Wcast-qual   -O2   -c -o parse.o parse.c
linux-portability (ubuntu-24.04-arm)	Build pinned original C oracle	2026-09-20T11:49:03.8970674Z cc -g -Wall -pedantic -Wcast-qual -O2 maketab.c -o maketab
linux-portability (ubuntu-24.04-arm)	Build pinned original C oracle	2026-09-20T11:49:03.9557558Z ./maketab awkgram.tab.h >proctab.c
linux-portability (ubuntu-24.04-arm)	Build pinned original C oracle	2026-09-20T11:49:03.9567899Z cc -g -Wall -pedantic -Wcast-qual   -O2   -c -o proctab.o proctab.c
linux-portability (ubuntu-24.04-arm)	Build pinned original C oracle	2026-09-20T11:49:03.9772784Z cc -g -Wall -pedantic -Wcast-qual   -O2   -c -o tran.o tran.c
linux-portability (ubuntu-24.04-arm)	Build pinned original C oracle	2026-09-20T11:49:04.3773756Z cc -g -Wall -pedantic -Wcast-qual   -O2   -c -o lib.o lib.c
linux-portability (ubuntu-24.04-arm)	Build pinned original C oracle	2026-09-20T11:49:04.6801198Z cc -g -Wall -pedantic -Wcast-qual   -O2   -c -o run.o run.c
linux-portability (ubuntu-24.04-arm)	Build pinned original C oracle	2026-09-20T11:49:05.4944454Z cc -g -Wall -pedantic -Wcast-qual   -O2   -c -o lex.o lex.c
linux-portability (ubuntu-24.04-arm)	Build pinned original C oracle	2026-09-20T11:49:05.7351192Z cc -g -Wall -pedantic -Wcast-qual   -O2 awkgram.tab.o b.o main.o parse.o proctab.o tran.o lib.o run.o lex.o   -lm
linux-portability (ubuntu-24.04-arm)	Build pinned original C oracle	2026-09-20T11:49:05.7552116Z make: Leaving directory '/home/runner/work/rawk/rawk/c_awk'
linux-portability (ubuntu-24.04-arm)	Build pinned original C oracle	2026-09-20T11:49:05.7558743Z awk version 20260426
linux-portability (ubuntu-24.04-arm)	Record native oracle formatting behavior	﻿2026-09-20T11:49:05.7595666Z ##[group]Run python3 scripts/format_platform_probe.py --output diary/format-platform-ci.json
linux-portability (ubuntu-24.04-arm)	Record native oracle formatting behavior	2026-09-20T11:49:05.7596657Z [36;1mpython3 scripts/format_platform_probe.py --output diary/format-platform-ci.json[0m
linux-portability (ubuntu-24.04-arm)	Record native oracle formatting behavior	2026-09-20T11:49:05.7629681Z shell: /usr/bin/bash -e {0}
linux-portability (ubuntu-24.04-arm)	Record native oracle formatting behavior	2026-09-20T11:49:05.7629969Z env:
linux-portability (ubuntu-24.04-arm)	Record native oracle formatting behavior	2026-09-20T11:49:05.7630616Z   LC_ALL: C
linux-portability (ubuntu-24.04-arm)	Record native oracle formatting behavior	2026-09-20T11:49:05.7630925Z   CARGO_INCREMENTAL: 0
linux-portability (ubuntu-24.04-arm)	Record native oracle formatting behavior	2026-09-20T11:49:05.7631179Z   RUSTUP_TOOLCHAIN: 1.96.0
linux-portability (ubuntu-24.04-arm)	Record native oracle formatting behavior	2026-09-20T11:49:05.7631451Z ##[endgroup]
linux-portability (ubuntu-24.04-arm)	Record native oracle formatting behavior	2026-09-20T11:49:05.9527193Z Recorded 220 native oracle cases in diary/format-platform-ci.json
linux-portability (ubuntu-24.04-arm)	Native portability gate (debug and release)	﻿2026-09-20T11:49:05.9612979Z ##[group]Run set -o pipefail
linux-portability (ubuntu-24.04-arm)	Native portability gate (debug and release)	2026-09-20T11:49:05.9613361Z [36;1mset -o pipefail[0m
linux-portability (ubuntu-24.04-arm)	Native portability gate (debug and release)	2026-09-20T11:49:05.9613825Z [36;1mbash scripts/check_portability.sh 2>&1 | tee diary/portability-ci.log[0m
linux-portability (ubuntu-24.04-arm)	Native portability gate (debug and release)	2026-09-20T11:49:05.9650276Z shell: /usr/bin/bash -e {0}
linux-portability (ubuntu-24.04-arm)	Native portability gate (debug and release)	2026-09-20T11:49:05.9650590Z env:
linux-portability (ubuntu-24.04-arm)	Native portability gate (debug and release)	2026-09-20T11:49:05.9650866Z   LC_ALL: C
linux-portability (ubuntu-24.04-arm)	Native portability gate (debug and release)	2026-09-20T11:49:05.9651093Z   CARGO_INCREMENTAL: 0
linux-portability (ubuntu-24.04-arm)	Native portability gate (debug and release)	2026-09-20T11:49:05.9651363Z   RUSTUP_TOOLCHAIN: 1.96.0
linux-portability (ubuntu-24.04-arm)	Native portability gate (debug and release)	2026-09-20T11:49:05.9651630Z ##[endgroup]
linux-portability (ubuntu-24.04-arm)	Native portability gate (debug and release)	2026-09-20T11:49:05.9721147Z Linux runnervmec22z 6.17.0-1022-azure #22-Ubuntu SMP Mon Jul 27 17:12:01 UTC 2026 aarch64 aarch64 aarch64 GNU/Linux
linux-portability (ubuntu-24.04-arm)	Native portability gate (debug and release)	2026-09-20T11:49:05.9800987Z rustc 1.96.0 (ac68faa20 2026-05-25)
linux-portability (ubuntu-24.04-arm)	Native portability gate (debug and release)	2026-09-20T11:49:06.2698855Z     Updating crates.io index
linux-portability (ubuntu-24.04-arm)	Native portability gate (debug and release)	2026-09-20T11:49:07.4089432Z  Downloading crates ...
linux-portability (ubuntu-24.04-arm)	Native portability gate (debug and release)	2026-09-20T11:49:07.5428553Z   Downloaded anstyle-query v1.1.5
linux-portability (ubuntu-24.04-arm)	Native portability gate (debug and release)	2026-09-20T11:49:07.5586891Z   Downloaded anstyle-parse v1.0.0
linux-portability (ubuntu-24.04-arm)	Native portability gate (debug and release)	2026-09-20T11:49:07.5816731Z   Downloaded cfg-if v1.0.4
linux-portability (ubuntu-24.04-arm)	Native portability gate (debug and release)	2026-09-20T11:49:07.5836735Z   Downloaded clap_lex v1.1.0
linux-portability (ubuntu-24.04-arm)	Native portability gate (debug and release)	2026-09-20T11:49:07.5870774Z   Downloaded block-buffer v0.10.4
linux-portability (ubuntu-24.04-arm)	Native portability gate (debug and release)	2026-09-20T11:49:07.5934681Z   Downloaded anstyle v1.0.14
linux-portability (ubuntu-24.04-arm)	Native portability gate (debug and release)	2026-09-20T11:49:07.5945165Z   Downloaded anstream v1.0.0
linux-portability (ubuntu-24.04-arm)	Native portability gate (debug and release)	2026-09-20T11:49:07.5982793Z   Downloaded cpufeatures v0.2.17
linux-portability (ubuntu-24.04-arm)	Native portability gate (debug and release)	2026-09-20T11:49:07.5992311Z   Downloaded fnv v1.0.7
linux-portability (ubuntu-24.04-arm)	Native portability gate (debug and release)	2026-09-20T11:49:07.5998878Z   Downloaded crypto-common v0.1.7
linux-portability (ubuntu-24.04-arm)	Native portability gate (debug and release)	2026-09-20T11:49:07.6010418Z   Downloaded rand_xorshift v0.4.0
linux-portability (ubuntu-24.04-arm)	Native portability gate (debug and release)	2026-09-20T11:49:07.6017298Z   Downloaded is_terminal_polyfill v1.70.2
linux-portability (ubuntu-24.04-arm)	Native portability gate (debug and release)	2026-09-20T11:49:07.6112866Z   Downloaded heck v0.5.0
linux-portability (ubuntu-24.04-arm)	Native portability gate (debug and release)	2026-09-20T11:49:07.6135231Z   Downloaded unarray v0.1.4
linux-portability (ubuntu-24.04-arm)	Native portability gate (debug and release)	2026-09-20T11:49:07.6143904Z   Downloaded strsim v0.11.1
linux-portability (ubuntu-24.04-arm)	Native portability gate (debug and release)	2026-09-20T11:49:07.6284989Z   Downloaded quick-error v1.2.3
linux-portability (ubuntu-24.04-arm)	Native portability gate (debug and release)	2026-09-20T11:49:07.6329681Z   Downloaded errno v0.3.14
linux-portability (ubuntu-24.04-arm)	Native portability gate (debug and release)	2026-09-20T11:49:07.6362004Z   Downloaded utf8parse v0.2.2
linux-portability (ubuntu-24.04-arm)	Native portability gate (debug and release)	2026-09-20T11:49:07.6451703Z   Downloaded bit-set v0.8.0
linux-portability (ubuntu-24.04-arm)	Native portability gate (debug and release)	2026-09-20T11:49:07.6470237Z   Downloaded generic-array v0.14.7
linux-portability (ubuntu-24.04-arm)	Native portability gate (debug and release)	2026-09-20T11:49:07.6479685Z   Downloaded sprintf v0.4.3
linux-portability (ubuntu-24.04-arm)	Native portability gate (debug and release)	2026-09-20T11:49:07.6496470Z   Downloaded colorchoice v1.0.5
linux-portability (ubuntu-24.04-arm)	Native portability gate (debug and release)	2026-09-20T11:49:07.6521899Z   Downloaded wait-timeout v0.2.1
linux-portability (ubuntu-24.04-arm)	Native portability gate (debug and release)	2026-09-20T11:49:07.6603622Z   Downloaded digest v0.10.7
linux-portability (ubuntu-24.04-arm)	Native portability gate (debug and release)	2026-09-20T11:49:07.6620295Z   Downloaded sha2 v0.10.9
linux-portability (ubuntu-24.04-arm)	Native portability gate (debug and release)	2026-09-20T11:49:07.6636535Z   Downloaded autocfg v1.5.0
linux-portability (ubuntu-24.04-arm)	Native portability gate (debug and release)	2026-09-20T11:49:07.6650366Z   Downloaded version_check v0.9.5
linux-portability (ubuntu-24.04-arm)	Native portability gate (debug and release)	2026-09-20T11:49:07.6659397Z   Downloaded thiserror-impl v2.0.18
linux-portability (ubuntu-24.04-arm)	Native portability gate (debug and release)	2026-09-20T11:49:07.6670302Z   Downloaded thiserror v2.0.18
linux-portability (ubuntu-24.04-arm)	Native portability gate (debug and release)	2026-09-20T11:49:07.6702767Z   Downloaded rand_core v0.9.5
linux-portability (ubuntu-24.04-arm)	Native portability gate (debug and release)	2026-09-20T11:49:07.6711859Z   Downloaded clap_derive v4.6.1
linux-portability (ubuntu-24.04-arm)	Native portability gate (debug and release)	2026-09-20T11:49:07.6725467Z   Downloaded chacha20 v0.10.0
linux-portability (ubuntu-24.04-arm)	Native portability gate (debug and release)	2026-09-20T11:49:07.6739185Z   Downloaded iana-time-zone v0.1.65
linux-portability (ubuntu-24.04-arm)	Native portability gate (debug and release)	2026-09-20T11:49:07.6754837Z   Downloaded pest_generator v2.8.6
linux-portability (ubuntu-24.04-arm)	Native portability gate (debug and release)	2026-09-20T11:49:07.6765407Z   Downloaded fastrand v2.4.1
linux-portability (ubuntu-24.04-arm)	Native portability gate (debug and release)	2026-09-20T11:49:07.6774252Z   Downloaded rand_core v0.10.1
linux-portability (ubuntu-24.04-arm)	Native portability gate (debug and release)	2026-09-20T11:49:07.6783972Z   Downloaded rand_chacha v0.9.0
linux-portability (ubuntu-24.04-arm)	Native portability gate (debug and release)	2026-09-20T11:49:07.6791570Z   Downloaded bit-vec v0.8.0
linux-portability (ubuntu-24.04-arm)	Native portability gate (debug and release)	2026-09-20T11:49:07.6801336Z   Downloaded aho-corasick v1.1.4
linux-portability (ubuntu-24.04-arm)	Native portability gate (debug and release)	2026-09-20T11:49:07.6838080Z   Downloaded pest_derive v2.8.6
linux-portability (ubuntu-24.04-arm)	Native portability gate (debug and release)	2026-09-20T11:49:07.6853868Z   Downloaded tempfile v3.27.0
linux-portability (ubuntu-24.04-arm)	Native portability gate (debug and release)	2026-09-20T11:49:07.6868905Z   Downloaded ucd-trie v0.1.7
linux-portability (ubuntu-24.04-arm)	Native portability gate (debug and release)	2026-09-20T11:49:07.6880246Z   Downloaded unicode-ident v1.0.24
linux-portability (ubuntu-24.04-arm)	Native portability gate (debug and release)	2026-09-20T11:49:07.6896879Z   Downloaded getrandom v0.3.4
linux-portability (ubuntu-24.04-arm)	Native portability gate (debug and release)	2026-09-20T11:49:07.6915205Z   Downloaded serde_core v1.0.228
linux-portability (ubuntu-24.04-arm)	Native portability gate (debug and release)	2026-09-20T11:49:07.6932876Z   Downloaded proc-macro2 v1.0.106
linux-portability (ubuntu-24.04-arm)	Native portability gate (debug and release)	2026-09-20T11:49:07.6949400Z   Downloaded num-traits v0.2.19
linux-portability (ubuntu-24.04-arm)	Native portability gate (debug and release)	2026-09-20T11:49:07.6965057Z   Downloaded getrandom v0.4.2
linux-portability (ubuntu-24.04-arm)	Native portability gate (debug and release)	2026-09-20T11:49:07.6991904Z   Downloaded serde_derive v1.0.228
linux-portability (ubuntu-24.04-arm)	Native portability gate (debug and release)	2026-09-20T11:49:07.7012833Z   Downloaded typenum v1.20.0
linux-portability (ubuntu-24.04-arm)	Native portability gate (debug and release)	2026-09-20T11:49:07.7037772Z   Downloaded rand v0.9.4
linux-portability (ubuntu-24.04-arm)	Native portability gate (debug and release)	2026-09-20T11:49:07.7064833Z   Downloaded rand v0.10.1
linux-portability (ubuntu-24.04-arm)	Native portability gate (debug and release)	2026-09-20T11:49:07.7089132Z   Downloaded pest v2.8.6
linux-portability (ubuntu-24.04-arm)	Native portability gate (debug and release)	2026-09-20T11:49:07.7117275Z   Downloaded memchr v2.8.0
linux-portability (ubuntu-24.04-arm)	Native portability gate (debug and release)	2026-09-20T11:49:07.7145872Z   Downloaded serde v1.0.228
linux-portability (ubuntu-24.04-arm)	Native portability gate (debug and release)	2026-09-20T11:49:07.7167882Z   Downloaded clap_builder v4.6.0
linux-portability (ubuntu-24.04-arm)	Native portability gate (debug and release)	2026-09-20T11:49:07.7207916Z   Downloaded pest_meta v2.8.6
linux-portability (ubuntu-24.04-arm)	Native portability gate (debug and release)	2026-09-20T11:49:07.7224556Z   Downloaded regex v1.12.3
linux-portability (ubuntu-24.04-arm)	Native portability gate (debug and release)	2026-09-20T11:49:07.7257208Z   Downloaded quick-xml v0.39.2
linux-portability (ubuntu-24.04-arm)	Native portability gate (debug and release)	2026-09-20T11:49:07.7293776Z   Downloaded chrono v0.4.44
linux-portability (ubuntu-24.04-arm)	Native portability gate (debug and release)	2026-09-20T11:49:07.7338077Z   Downloaded proptest v1.11.0
linux-portability (ubuntu-24.04-arm)	Native portability gate (debug and release)	2026-09-20T11:49:07.7391196Z   Downloaded clap v4.6.1
linux-portability (ubuntu-24.04-arm)	Native portability gate (debug and release)	2026-09-20T11:49:07.7438630Z   Downloaded zerocopy v0.8.48
linux-portability (ubuntu-24.04-arm)	Native portability gate (debug and release)	2026-09-20T11:49:07.7547809Z   Downloaded syn v2.0.117
linux-portability (ubuntu-24.04-arm)	Native portability gate (debug and release)	2026-09-20T11:49:07.7609557Z   Downloaded regex-syntax v0.8.10
linux-portability (ubuntu-24.04-arm)	Native portability gate (debug and release)	2026-09-20T11:49:07.7656126Z   Downloaded bitflags v2.11.1
linux-portability (ubuntu-24.04-arm)	Native portability gate (debug and release)	2026-09-20T11:49:07.7678636Z   Downloaded anyhow v1.0.102
linux-portability (ubuntu-24.04-arm)	Native portability gate (debug and release)	2026-09-20T11:49:07.7700200Z   Downloaded once_cell v1.21.4
linux-portability (ubuntu-24.04-arm)	Native portability gate (debug and release)	2026-09-20T11:49:07.7715202Z   Downloaded rusty-fork v0.3.1
linux-portability (ubuntu-24.04-arm)	Native portability gate (debug and release)	2026-09-20T11:49:07.7724268Z   Downloaded rustix v1.1.4
linux-portability (ubuntu-24.04-arm)	Native portability gate (debug and release)	2026-09-20T11:49:07.7862153Z   Downloaded quote v1.0.45
linux-portability (ubuntu-24.04-arm)	Native portability gate (debug and release)	2026-09-20T11:49:07.7877144Z   Downloaded ppv-lite86 v0.2.21
linux-portability (ubuntu-24.04-arm)	Native portability gate (debug and release)	2026-09-20T11:49:07.7889977Z   Downloaded regex-automata v0.4.14
linux-portability (ubuntu-24.04-arm)	Native portability gate (debug and release)	2026-09-20T11:49:07.7982061Z   Downloaded libc v0.2.186
linux-portability (ubuntu-24.04-arm)	Native portability gate (debug and release)	2026-09-20T11:49:07.8213367Z   Downloaded linux-raw-sys v0.12.1
linux-portability (ubuntu-24.04-arm)	Native portability gate (debug and release)	2026-09-20T11:49:07.9011484Z    Compiling proc-macro2 v1.0.106
linux-portability (ubuntu-24.04-arm)	Native portability gate (debug and release)	2026-09-20T11:49:07.9013279Z    Compiling unicode-ident v1.0.24
linux-portability (ubuntu-24.04-arm)	Native portability gate (debug and release)	2026-09-20T11:49:07.9031435Z    Compiling libc v0.2.186
linux-portability (ubuntu-24.04-arm)	Native portability gate (debug and release)	2026-09-20T11:49:07.9044143Z    Compiling quote v1.0.45
linux-portability (ubuntu-24.04-arm)	Native portability gate (debug and release)	2026-09-20T11:49:07.9451244Z     Checking cfg-if v1.0.4
linux-portability (ubuntu-24.04-arm)	Native portability gate (debug and release)	2026-09-20T11:49:07.9580875Z     Checking rand_core v0.10.1
linux-portability (ubuntu-24.04-arm)	Native portability gate (debug and release)	2026-09-20T11:49:08.0181995Z    Compiling getrandom v0.4.2
linux-portability (ubuntu-24.04-arm)	Native portability gate (debug and release)	2026-09-20T11:49:08.0771318Z    Compiling autocfg v1.5.0
linux-portability (ubuntu-24.04-arm)	Native portability gate (debug and release)	2026-09-20T11:49:08.1603017Z    Compiling rustix v1.1.4
linux-portability (ubuntu-24.04-arm)	Native portability gate (debug and release)	2026-09-20T11:49:08.3231492Z     Checking memchr v2.8.0
linux-portability (ubuntu-24.04-arm)	Native portability gate (debug and release)	2026-09-20T11:49:08.5376739Z    Compiling syn v2.0.117
linux-portability (ubuntu-24.04-arm)	Native portability gate (debug and release)	2026-09-20T11:49:08.5801519Z    Compiling num-traits v0.2.19
linux-portability (ubuntu-24.04-arm)	Native portability gate (debug and release)	2026-09-20T11:49:08.6097584Z     Checking bitflags v2.11.1
linux-portability (ubuntu-24.04-arm)	Native portability gate (debug and release)	2026-09-20T11:49:08.6795991Z    Compiling serde_core v1.0.228
linux-portability (ubuntu-24.04-arm)	Native portability gate (debug and release)	2026-09-20T11:49:08.7343545Z    Compiling ucd-trie v0.1.7
linux-portability (ubuntu-24.04-arm)	Native portability gate (debug and release)	2026-09-20T11:49:08.8611509Z     Checking utf8parse v0.2.2
linux-portability (ubuntu-24.04-arm)	Native portability gate (debug and release)	2026-09-20T11:49:08.8826648Z     Checking linux-raw-sys v0.12.1
linux-portability (ubuntu-24.04-arm)	Native portability gate (debug and release)	2026-09-20T11:49:08.8855871Z    Compiling getrandom v0.3.4
linux-portability (ubuntu-24.04-arm)	Native portability gate (debug and release)	2026-09-20T11:49:09.0277228Z    Compiling pest v2.8.6
linux-portability (ubuntu-24.04-arm)	Native portability gate (debug and release)	2026-09-20T11:49:09.1253968Z     Checking anstyle-parse v1.0.0
linux-portability (ubuntu-24.04-arm)	Native portability gate (debug and release)	2026-09-20T11:49:09.2281451Z    Compiling serde v1.0.228
linux-portability (ubuntu-24.04-arm)	Native portability gate (debug and release)	2026-09-20T11:49:09.3991290Z     Checking anstyle-query v1.1.5
linux-portability (ubuntu-24.04-arm)	Native portability gate (debug and release)	2026-09-20T11:49:09.4186321Z     Checking regex-syntax v0.8.10
linux-portability (ubuntu-24.04-arm)	Native portability gate (debug and release)	2026-09-20T11:49:09.8582654Z    Compiling thiserror v2.0.18
linux-portability (ubuntu-24.04-arm)	Native portability gate (debug and release)	2026-09-20T11:49:09.8870913Z     Checking once_cell v1.21.4
linux-portability (ubuntu-24.04-arm)	Native portability gate (debug and release)	2026-09-20T11:49:09.9706860Z     Checking anstyle v1.0.14
linux-portability (ubuntu-24.04-arm)	Native portability gate (debug and release)	2026-09-20T11:49:10.0626942Z     Checking is_terminal_polyfill v1.70.2
linux-portability (ubuntu-24.04-arm)	Native portability gate (debug and release)	2026-09-20T11:49:10.0661103Z     Checking fastrand v2.4.1
linux-portability (ubuntu-24.04-arm)	Native portability gate (debug and release)	2026-09-20T11:49:10.0902105Z     Checking colorchoice v1.0.5
linux-portability (ubuntu-24.04-arm)	Native portability gate (debug and release)	2026-09-20T11:49:10.1121023Z     Checking anstream v1.0.0
linux-portability (ubuntu-24.04-arm)	Native portability gate (debug and release)	2026-09-20T11:49:10.1481865Z     Checking tempfile v3.27.0
linux-portability (ubuntu-24.04-arm)	Native portability gate (debug and release)	2026-09-20T11:49:10.2274356Z    Compiling pest_meta v2.8.6
linux-portability (ubuntu-24.04-arm)	Native portability gate (debug and release)	2026-09-20T11:49:10.6329736Z     Checking aho-corasick v1.1.4
linux-portability (ubuntu-24.04-arm)	Native portability gate (debug and release)	2026-09-20T11:49:11.0651169Z    Compiling heck v0.5.0
linux-portability (ubuntu-24.04-arm)	Native portability gate (debug and release)	2026-09-20T11:49:11.1511711Z    Compiling thiserror-impl v2.0.18
linux-portability (ubuntu-24.04-arm)	Native portability gate (debug and release)	2026-09-20T11:49:11.1951152Z    Compiling serde_derive v1.0.228
linux-portability (ubuntu-24.04-arm)	Native portability gate (debug and release)	2026-09-20T11:49:11.4417240Z     Checking strsim v0.11.1
linux-portability (ubuntu-24.04-arm)	Native portability gate (debug and release)	2026-09-20T11:49:11.5142082Z    Compiling zerocopy v0.8.48
linux-portability (ubuntu-24.04-arm)	Native portability gate (debug and release)	2026-09-20T11:49:11.5142947Z     Checking clap_lex v1.1.0
linux-portability (ubuntu-24.04-arm)	Native portability gate (debug and release)	2026-09-20T11:49:11.5791288Z    Compiling anyhow v1.0.102
linux-portability (ubuntu-24.04-arm)	Native portability gate (debug and release)	2026-09-20T11:49:11.7830868Z     Checking clap_builder v4.6.0
linux-portability (ubuntu-24.04-arm)	Native portability gate (debug and release)	2026-09-20T11:49:11.8051248Z    Compiling clap_derive v4.6.1
linux-portability (ubuntu-24.04-arm)	Native portability gate (debug and release)	2026-09-20T11:49:12.1331311Z     Checking regex-automata v0.4.14
linux-portability (ubuntu-24.04-arm)	Native portability gate (debug and release)	2026-09-20T11:49:12.7341337Z    Compiling pest_generator v2.8.6
linux-portability (ubuntu-24.04-arm)	Native portability gate (debug and release)	2026-09-20T11:49:13.1029932Z     Checking rand_core v0.9.5
linux-portability (ubuntu-24.04-arm)	Native portability gate (debug and release)	2026-09-20T11:49:13.1521952Z     Checking chacha20 v0.10.0
linux-portability (ubuntu-24.04-arm)	Native portability gate (debug and release)	2026-09-20T11:49:13.2271905Z     Checking iana-time-zone v0.1.65
linux-portability (ubuntu-24.04-arm)	Native portability gate (debug and release)	2026-09-20T11:49:13.2371604Z     Checking rand v0.10.1
linux-portability (ubuntu-24.04-arm)	Native portability gate (debug and release)	2026-09-20T11:49:13.2711253Z     Checking chrono v0.4.44
linux-portability (ubuntu-24.04-arm)	Native portability gate (debug and release)	2026-09-20T11:49:13.5771356Z     Checking regex v1.12.3
linux-portability (ubuntu-24.04-arm)	Native portability gate (debug and release)	2026-09-20T11:49:13.6311517Z     Checking quick-xml v0.39.2
linux-portability (ubuntu-24.04-arm)	Native portability gate (debug and release)	2026-09-20T11:49:13.7474930Z    Compiling pest_derive v2.8.6
linux-portability (ubuntu-24.04-arm)	Native portability gate (debug and release)	2026-09-20T11:49:13.8121594Z     Checking clap v4.6.1
linux-portability (ubuntu-24.04-arm)	Native portability gate (debug and release)	2026-09-20T11:49:13.8311205Z     Checking sprintf v0.4.3
linux-portability (ubuntu-24.04-arm)	Native portability gate (debug and release)	2026-09-20T11:49:14.0541164Z     Checking wait-timeout v0.2.1
linux-portability (ubuntu-24.04-arm)	Native portability gate (debug and release)	2026-09-20T11:49:14.0931214Z     Checking quick-error v1.2.3
linux-portability (ubuntu-24.04-arm)	Native portability gate (debug and release)	2026-09-20T11:49:14.1171080Z     Checking fnv v1.0.7
linux-portability (ubuntu-24.04-arm)	Native portability gate (debug and release)	2026-09-20T11:49:14.1381228Z     Checking bit-vec v0.8.0
linux-portability (ubuntu-24.04-arm)	Native portability gate (debug and release)	2026-09-20T11:49:14.2341325Z     Checking bit-set v0.8.0
linux-portability (ubuntu-24.04-arm)	Native portability gate (debug and release)	2026-09-20T11:49:14.2881412Z     Checking rusty-fork v0.3.1
linux-portability (ubuntu-24.04-arm)	Native portability gate (debug and release)	2026-09-20T11:49:14.2900985Z     Checking rand v0.9.4
linux-portability (ubuntu-24.04-arm)	Native portability gate (debug and release)	2026-09-20T11:49:14.3622343Z     Checking rand_xorshift v0.4.0
linux-portability (ubuntu-24.04-arm)	Native portability gate (debug and release)	2026-09-20T11:49:14.3669058Z     Checking rawk v0.1.0 (/home/runner/work/rawk/rawk/rawk)
linux-portability (ubuntu-24.04-arm)	Native portability gate (debug and release)	2026-09-20T11:49:14.4011233Z     Checking unarray v0.1.4
linux-portability (ubuntu-24.04-arm)	Native portability gate (debug and release)	2026-09-20T11:49:16.2807083Z     Checking ppv-lite86 v0.2.21
linux-portability (ubuntu-24.04-arm)	Native portability gate (debug and release)	2026-09-20T11:49:16.3962449Z     Checking rand_chacha v0.9.0
linux-portability (ubuntu-24.04-arm)	Native portability gate (debug and release)	2026-09-20T11:49:16.4643903Z     Checking proptest v1.11.0
linux-portability (ubuntu-24.04-arm)	Native portability gate (debug and release)	2026-09-20T11:49:19.0519177Z     Finished `dev` profile [unoptimized + debuginfo] target(s) in 12.80s
linux-portability (ubuntu-24.04-arm)	Native portability gate (debug and release)	2026-09-20T11:49:19.1587997Z    Compiling proc-macro2 v1.0.106
linux-portability (ubuntu-24.04-arm)	Native portability gate (debug and release)	2026-09-20T11:49:19.1589237Z    Compiling unicode-ident v1.0.24
linux-portability (ubuntu-24.04-arm)	Native portability gate (debug and release)	2026-09-20T11:49:19.1589666Z    Compiling quote v1.0.45
linux-portability (ubuntu-24.04-arm)	Native portability gate (debug and release)	2026-09-20T11:49:19.1621217Z    Compiling libc v0.2.186
linux-portability (ubuntu-24.04-arm)	Native portability gate (debug and release)	2026-09-20T11:49:19.1995345Z    Compiling memchr v2.8.0
linux-portability (ubuntu-24.04-arm)	Native portability gate (debug and release)	2026-09-20T11:49:19.2801506Z    Compiling autocfg v1.5.0
linux-portability (ubuntu-24.04-arm)	Native portability gate (debug and release)	2026-09-20T11:49:19.3531807Z    Compiling rand_core v0.10.1
linux-portability (ubuntu-24.04-arm)	Native portability gate (debug and release)	2026-09-20T11:49:19.4225815Z    Compiling utf8parse v0.2.2
linux-portability (ubuntu-24.04-arm)	Native portability gate (debug and release)	2026-09-20T11:49:19.4582214Z    Compiling cfg-if v1.0.4
linux-portability (ubuntu-24.04-arm)	Native portability gate (debug and release)	2026-09-20T11:49:19.4778128Z    Compiling getrandom v0.4.2
linux-portability (ubuntu-24.04-arm)	Native portability gate (debug and release)	2026-09-20T11:49:19.5092308Z    Compiling serde_core v1.0.228
linux-portability (ubuntu-24.04-arm)	Native portability gate (debug and release)	2026-09-20T11:49:19.5741250Z    Compiling ucd-trie v0.1.7
linux-portability (ubuntu-24.04-arm)	Native portability gate (debug and release)	2026-09-20T11:49:19.7456325Z    Compiling syn v2.0.117
linux-portability (ubuntu-24.04-arm)	Native portability gate (debug and release)	2026-09-20T11:49:19.7964038Z    Compiling num-traits v0.2.19
linux-portability (ubuntu-24.04-arm)	Native portability gate (debug and release)	2026-09-20T11:49:19.8004808Z    Compiling anstyle-parse v1.0.0
linux-portability (ubuntu-24.04-arm)	Native portability gate (debug and release)	2026-09-20T11:49:19.9131457Z    Compiling anstyle v1.0.14
linux-portability (ubuntu-24.04-arm)	Native portability gate (debug and release)	2026-09-20T11:49:19.9702125Z    Compiling pest v2.8.6
linux-portability (ubuntu-24.04-arm)	Native portability gate (debug and release)	2026-09-20T11:49:20.0617963Z    Compiling anstyle-query v1.1.5
linux-portability (ubuntu-24.04-arm)	Native portability gate (debug and release)	2026-09-20T11:49:20.1182676Z    Compiling colorchoice v1.0.5
linux-portability (ubuntu-24.04-arm)	Native portability gate (debug and release)	2026-09-20T11:49:20.1591329Z    Compiling is_terminal_polyfill v1.70.2
linux-portability (ubuntu-24.04-arm)	Native portability gate (debug and release)	2026-09-20T11:49:20.1861324Z    Compiling thiserror v2.0.18
linux-portability (ubuntu-24.04-arm)	Native portability gate (debug and release)	2026-09-20T11:49:20.3411473Z    Compiling rustix v1.1.4
linux-portability (ubuntu-24.04-arm)	Native portability gate (debug and release)	2026-09-20T11:49:20.4743330Z    Compiling serde v1.0.228
linux-portability (ubuntu-24.04-arm)	Native portability gate (debug and release)	2026-09-20T11:49:20.6414432Z    Compiling anstream v1.0.0
linux-portability (ubuntu-24.04-arm)	Native portability gate (debug and release)	2026-09-20T11:49:20.8627590Z    Compiling pest_meta v2.8.6
linux-portability (ubuntu-24.04-arm)	Native portability gate (debug and release)	2026-09-20T11:49:21.0340352Z    Compiling aho-corasick v1.1.4
linux-portability (ubuntu-24.04-arm)	Native portability gate (debug and release)	2026-09-20T11:49:22.0063940Z    Compiling regex-syntax v0.8.10
linux-portability (ubuntu-24.04-arm)	Native portability gate (debug and release)	2026-09-20T11:49:22.3231491Z    Compiling bitflags v2.11.1
linux-portability (ubuntu-24.04-arm)	Native portability gate (debug and release)	2026-09-20T11:49:22.3526397Z    Compiling thiserror-impl v2.0.18
linux-portability (ubuntu-24.04-arm)	Native portability gate (debug and release)	2026-09-20T11:49:22.5591454Z    Compiling serde_derive v1.0.228
linux-portability (ubuntu-24.04-arm)	Native portability gate (debug and release)	2026-09-20T11:49:23.2281090Z    Compiling linux-raw-sys v0.12.1
linux-portability (ubuntu-24.04-arm)	Native portability gate (debug and release)	2026-09-20T11:49:23.4324699Z    Compiling heck v0.5.0
linux-portability (ubuntu-24.04-arm)	Native portability gate (debug and release)	2026-09-20T11:49:23.5421323Z    Compiling clap_lex v1.1.0
linux-portability (ubuntu-24.04-arm)	Native portability gate (debug and release)	2026-09-20T11:49:23.7511356Z    Compiling strsim v0.11.1
linux-portability (ubuntu-24.04-arm)	Native portability gate (debug and release)	2026-09-20T11:49:24.3321571Z    Compiling anyhow v1.0.102
linux-portability (ubuntu-24.04-arm)	Native portability gate (debug and release)	2026-09-20T11:49:24.4946843Z    Compiling clap_builder v4.6.0
linux-portability (ubuntu-24.04-arm)	Native portability gate (debug and release)	2026-09-20T11:49:24.5121122Z    Compiling clap_derive v4.6.1
linux-portability (ubuntu-24.04-arm)	Native portability gate (debug and release)	2026-09-20T11:49:25.7131394Z    Compiling regex-automata v0.4.14
linux-portability (ubuntu-24.04-arm)	Native portability gate (debug and release)	2026-09-20T11:49:26.9260628Z    Compiling pest_generator v2.8.6
linux-portability (ubuntu-24.04-arm)	Native portability gate (debug and release)	2026-09-20T11:49:27.8121447Z    Compiling chacha20 v0.10.0
linux-portability (ubuntu-24.04-arm)	Native portability gate (debug and release)	2026-09-20T11:49:27.8541225Z    Compiling iana-time-zone v0.1.65
linux-portability (ubuntu-24.04-arm)	Native portability gate (debug and release)	2026-09-20T11:49:27.9451498Z    Compiling fastrand v2.4.1
linux-portability (ubuntu-24.04-arm)	Native portability gate (debug and release)	2026-09-20T11:49:28.1651667Z    Compiling once_cell v1.21.4
linux-portability (ubuntu-24.04-arm)	Native portability gate (debug and release)	2026-09-20T11:49:28.3052044Z    Compiling tempfile v3.27.0
linux-portability (ubuntu-24.04-arm)	Native portability gate (debug and release)	2026-09-20T11:49:29.0196212Z    Compiling regex v1.12.3
linux-portability (ubuntu-24.04-arm)	Native portability gate (debug and release)	2026-09-20T11:49:29.7362405Z    Compiling chrono v0.4.44
linux-portability (ubuntu-24.04-arm)	Native portability gate (debug and release)	2026-09-20T11:49:30.1501616Z    Compiling rand v0.10.1
linux-portability (ubuntu-24.04-arm)	Native portability gate (debug and release)	2026-09-20T11:49:30.6771466Z    Compiling pest_derive v2.8.6
linux-portability (ubuntu-24.04-arm)	Native portability gate (debug and release)	2026-09-20T11:49:30.9211749Z    Compiling clap v4.6.1
linux-portability (ubuntu-24.04-arm)	Native portability gate (debug and release)	2026-09-20T11:49:30.9481315Z    Compiling sprintf v0.4.3
linux-portability (ubuntu-24.04-arm)	Native portability gate (debug and release)	2026-09-20T11:49:31.3881432Z    Compiling quick-xml v0.39.2
linux-portability (ubuntu-24.04-arm)	Native portability gate (debug and release)	2026-09-20T11:49:32.8871328Z    Compiling rawk v0.1.0 (/home/runner/work/rawk/rawk/rawk)
linux-portability (ubuntu-24.04-arm)	Native portability gate (debug and release)	2026-09-20T11:49:43.4007976Z     Finished `release` profile [optimized] target(s) in 24.30s
linux-portability (ubuntu-24.04-arm)	Native portability gate (debug and release)	2026-09-20T11:49:43.4648268Z    Compiling cfg-if v1.0.4
linux-portability (ubuntu-24.04-arm)	Native portability gate (debug and release)	2026-09-20T11:49:43.4648951Z    Compiling libc v0.2.186
linux-portability (ubuntu-24.04-arm)	Native portability gate (debug and release)	2026-09-20T11:49:43.4649655Z    Compiling memchr v2.8.0
linux-portability (ubuntu-24.04-arm)	Native portability gate (debug and release)	2026-09-20T11:49:43.4673568Z    Compiling rand_core v0.10.1
linux-portability (ubuntu-24.04-arm)	Native portability gate (debug and release)	2026-09-20T11:49:43.4866824Z    Compiling utf8parse v0.2.2
linux-portability (ubuntu-24.04-arm)	Native portability gate (debug and release)	2026-09-20T11:49:43.5203949Z    Compiling bitflags v2.11.1
linux-portability (ubuntu-24.04-arm)	Native portability gate (debug and release)	2026-09-20T11:49:43.5360503Z    Compiling ucd-trie v0.1.7
linux-portability (ubuntu-24.04-arm)	Native portability gate (debug and release)	2026-09-20T11:49:43.6496099Z    Compiling linux-raw-sys v0.12.1
linux-portability (ubuntu-24.04-arm)	Native portability gate (debug and release)	2026-09-20T11:49:43.7151807Z    Compiling anstyle-parse v1.0.0
linux-portability (ubuntu-24.04-arm)	Native portability gate (debug and release)	2026-09-20T11:49:43.8009127Z    Compiling pest v2.8.6
linux-portability (ubuntu-24.04-arm)	Native portability gate (debug and release)	2026-09-20T11:49:43.8090977Z    Compiling colorchoice v1.0.5
linux-portability (ubuntu-24.04-arm)	Native portability gate (debug and release)	2026-09-20T11:49:43.8501131Z    Compiling rustix v1.1.4
linux-portability (ubuntu-24.04-arm)	Native portability gate (debug and release)	2026-09-20T11:49:43.8530994Z    Compiling fastrand v2.4.1
linux-portability (ubuntu-24.04-arm)	Native portability gate (debug and release)	2026-09-20T11:49:43.9715756Z    Compiling is_terminal_polyfill v1.70.2
linux-portability (ubuntu-24.04-arm)	Native portability gate (debug and release)	2026-09-20T11:49:43.9948409Z    Compiling getrandom v0.4.2
linux-portability (ubuntu-24.04-arm)	Native portability gate (debug and release)	2026-09-20T11:49:44.0202010Z    Compiling anstyle v1.0.14
linux-portability (ubuntu-24.04-arm)	Native portability gate (debug and release)	2026-09-20T11:49:44.1013936Z    Compiling regex-syntax v0.8.10
linux-portability (ubuntu-24.04-arm)	Native portability gate (debug and release)	2026-09-20T11:49:44.1312545Z    Compiling anstyle-query v1.1.5
linux-portability (ubuntu-24.04-arm)	Native portability gate (debug and release)	2026-09-20T11:49:44.1602219Z    Compiling once_cell v1.21.4
linux-portability (ubuntu-24.04-arm)	Native portability gate (debug and release)	2026-09-20T11:49:44.2631884Z    Compiling anstream v1.0.0
linux-portability (ubuntu-24.04-arm)	Native portability gate (debug and release)	2026-09-20T11:49:44.4542103Z    Compiling getrandom v0.3.4
linux-portability (ubuntu-24.04-arm)	Native portability gate (debug and release)	2026-09-20T11:49:44.5641353Z    Compiling num-traits v0.2.19
linux-portability (ubuntu-24.04-arm)	Native portability gate (debug and release)	2026-09-20T11:49:44.7491369Z    Compiling pest_meta v2.8.6
linux-portability (ubuntu-24.04-arm)	Native portability gate (debug and release)	2026-09-20T11:49:44.9661277Z    Compiling tempfile v3.27.0
linux-portability (ubuntu-24.04-arm)	Native portability gate (debug and release)	2026-09-20T11:49:45.1578541Z    Compiling aho-corasick v1.1.4
linux-portability (ubuntu-24.04-arm)	Native portability gate (debug and release)	2026-09-20T11:49:45.3051334Z    Compiling serde_core v1.0.228
linux-portability (ubuntu-24.04-arm)	Native portability gate (debug and release)	2026-09-20T11:49:45.9861258Z    Compiling clap_lex v1.1.0
linux-portability (ubuntu-24.04-arm)	Native portability gate (debug and release)	2026-09-20T11:49:46.1305369Z    Compiling strsim v0.11.1
linux-portability (ubuntu-24.04-arm)	Native portability gate (debug and release)	2026-09-20T11:49:46.2675138Z    Compiling clap_builder v4.6.0
linux-portability (ubuntu-24.04-arm)	Native portability gate (debug and release)	2026-09-20T11:49:46.3779194Z    Compiling thiserror v2.0.18
linux-portability (ubuntu-24.04-arm)	Native portability gate (debug and release)	2026-09-20T11:49:46.4081819Z    Compiling regex-automata v0.4.14
linux-portability (ubuntu-24.04-arm)	Native portability gate (debug and release)	2026-09-20T11:49:46.6001290Z    Compiling pest_generator v2.8.6
linux-portability (ubuntu-24.04-arm)	Native portability gate (debug and release)	2026-09-20T11:49:46.8041340Z    Compiling serde v1.0.228
linux-portability (ubuntu-24.04-arm)	Native portability gate (debug and release)	2026-09-20T11:49:47.0101234Z    Compiling rand_core v0.9.5
linux-portability (ubuntu-24.04-arm)	Native portability gate (debug and release)	2026-09-20T11:49:47.1231287Z    Compiling chacha20 v0.10.0
linux-portability (ubuntu-24.04-arm)	Native portability gate (debug and release)	2026-09-20T11:49:47.1901904Z    Compiling iana-time-zone v0.1.65
linux-portability (ubuntu-24.04-arm)	Native portability gate (debug and release)	2026-09-20T11:49:47.2461295Z    Compiling rand v0.10.1
linux-portability (ubuntu-24.04-arm)	Native portability gate (debug and release)	2026-09-20T11:49:47.3691368Z    Compiling chrono v0.4.44
linux-portability (ubuntu-24.04-arm)	Native portability gate (debug and release)	2026-09-20T11:49:47.7141261Z    Compiling clap v4.6.1
linux-portability (ubuntu-24.04-arm)	Native portability gate (debug and release)	2026-09-20T11:49:47.7361282Z    Compiling quick-xml v0.39.2
linux-portability (ubuntu-24.04-arm)	Native portability gate (debug and release)	2026-09-20T11:49:48.6151321Z    Compiling regex v1.12.3
linux-portability (ubuntu-24.04-arm)	Native portability gate (debug and release)	2026-09-20T11:49:48.9451802Z    Compiling pest_derive v2.8.6
linux-portability (ubuntu-24.04-arm)	Native portability gate (debug and release)	2026-09-20T11:49:49.0681412Z    Compiling sprintf v0.4.3
linux-portability (ubuntu-24.04-arm)	Native portability gate (debug and release)	2026-09-20T11:49:49.2651455Z    Compiling anyhow v1.0.102
linux-portability (ubuntu-24.04-arm)	Native portability gate (debug and release)	2026-09-20T11:49:49.2747983Z    Compiling zerocopy v0.8.48
linux-portability (ubuntu-24.04-arm)	Native portability gate (debug and release)	2026-09-20T11:49:49.5221150Z    Compiling wait-timeout v0.2.1
linux-portability (ubuntu-24.04-arm)	Native portability gate (debug and release)	2026-09-20T11:49:49.5582128Z    Compiling quick-error v1.2.3
linux-portability (ubuntu-24.04-arm)	Native portability gate (debug and release)	2026-09-20T11:49:49.5861209Z    Compiling fnv v1.0.7
linux-portability (ubuntu-24.04-arm)	Native portability gate (debug and release)	2026-09-20T11:49:49.6083344Z    Compiling bit-vec v0.8.0
linux-portability (ubuntu-24.04-arm)	Native portability gate (debug and release)	2026-09-20T11:49:49.7031949Z    Compiling rusty-fork v0.3.1
linux-portability (ubuntu-24.04-arm)	Native portability gate (debug and release)	2026-09-20T11:49:49.7289537Z    Compiling bit-set v0.8.0
linux-portability (ubuntu-24.04-arm)	Native portability gate (debug and release)	2026-09-20T11:49:49.8027402Z    Compiling rawk v0.1.0 (/home/runner/work/rawk/rawk/rawk)
linux-portability (ubuntu-24.04-arm)	Native portability gate (debug and release)	2026-09-20T11:49:49.9875185Z    Compiling rand_xorshift v0.4.0
linux-portability (ubuntu-24.04-arm)	Native portability gate (debug and release)	2026-09-20T11:49:50.0509284Z    Compiling rand v0.9.4
linux-portability (ubuntu-24.04-arm)	Native portability gate (debug and release)	2026-09-20T11:49:50.3791097Z    Compiling unarray v0.1.4
linux-portability (ubuntu-24.04-arm)	Native portability gate (debug and release)	2026-09-20T11:49:51.6994596Z    Compiling ppv-lite86 v0.2.21
linux-portability (ubuntu-24.04-arm)	Native portability gate (debug and release)	2026-09-20T11:49:51.8185115Z    Compiling rand_chacha v0.9.0
linux-portability (ubuntu-24.04-arm)	Native portability gate (debug and release)	2026-09-20T11:49:51.9004473Z    Compiling proptest v1.11.0
linux-portability (ubuntu-24.04-arm)	Native portability gate (debug and release)	2026-09-20T11:49:56.3322028Z     Finished `test` profile [unoptimized + debuginfo] target(s) in 12.91s
linux-portability (ubuntu-24.04-arm)	Native portability gate (debug and release)	2026-09-20T11:49:56.3377527Z      Running unittests src/lib.rs (target/debug/deps/rawk-cf2e1085fda57426)
linux-portability (ubuntu-24.04-arm)	Native portability gate (debug and release)	2026-09-20T11:49:56.3386190Z 
linux-portability (ubuntu-24.04-arm)	Native portability gate (debug and release)	2026-09-20T11:49:56.3386692Z running 0 tests
linux-portability (ubuntu-24.04-arm)	Native portability gate (debug and release)	2026-09-20T11:49:56.3387030Z 
linux-portability (ubuntu-24.04-arm)	Native portability gate (debug and release)	2026-09-20T11:49:56.3388989Z test result: ok. 0 passed; 0 failed; 0 ignored; 0 measured; 0 filtered out; finished in 0.00s
linux-portability (ubuntu-24.04-arm)	Native portability gate (debug and release)	2026-09-20T11:49:56.3389384Z 
linux-portability (ubuntu-24.04-arm)	Native portability gate (debug and release)	2026-09-20T11:49:56.3389646Z      Running unittests src/bin/diffrun.rs (target/debug/deps/diffrun-3b6e51535cd91098)
linux-portability (ubuntu-24.04-arm)	Native portability gate (debug and release)	2026-09-20T11:49:56.3394577Z 
linux-portability (ubuntu-24.04-arm)	Native portability gate (debug and release)	2026-09-20T11:49:56.3394915Z running 0 tests
linux-portability (ubuntu-24.04-arm)	Native portability gate (debug and release)	2026-09-20T11:49:56.3395119Z 
linux-portability (ubuntu-24.04-arm)	Native portability gate (debug and release)	2026-09-20T11:49:56.3395384Z test result: ok. 0 passed; 0 failed; 0 ignored; 0 measured; 0 filtered out; finished in 0.00s
linux-portability (ubuntu-24.04-arm)	Native portability gate (debug and release)	2026-09-20T11:49:56.3395727Z 
linux-portability (ubuntu-24.04-arm)	Native portability gate (debug and release)	2026-09-20T11:49:56.3395978Z      Running unittests src/main.rs (target/debug/deps/rawk-992d587babbada91)
linux-portability (ubuntu-24.04-arm)	Native portability gate (debug and release)	2026-09-20T11:49:56.3404507Z 
linux-portability (ubuntu-24.04-arm)	Native portability gate (debug and release)	2026-09-20T11:49:56.3404766Z running 4 tests
linux-portability (ubuntu-24.04-arm)	Native portability gate (debug and release)	2026-09-20T11:49:56.3437113Z test unicode_ere::tests::encoding_preserves_offsets_and_invalid_bytes_without_sentinels ... ok
linux-portability (ubuntu-24.04-arm)	Native portability gate (debug and release)	2026-09-20T11:49:56.3504631Z test unicode_ere::tests::compiled_intervals_cover_only_the_requested_runes ... ok
linux-portability (ubuntu-24.04-arm)	Native portability gate (debug and release)	2026-09-20T11:49:56.3526671Z test input::tests::separators_are_independent_of_read_boundaries ... ok
linux-portability (ubuntu-24.04-arm)	Native portability gate (debug and release)	2026-09-20T11:49:56.3821635Z test ere::stream::tests::physical_short_reads_do_not_change_bwk_lookahead ... ok
linux-portability (ubuntu-24.04-arm)	Native portability gate (debug and release)	2026-09-20T11:49:56.3822040Z 
linux-portability (ubuntu-24.04-arm)	Native portability gate (debug and release)	2026-09-20T11:49:56.3822317Z test result: ok. 4 passed; 0 failed; 0 ignored; 0 measured; 0 filtered out; finished in 0.04s
linux-portability (ubuntu-24.04-arm)	Native portability gate (debug and release)	2026-09-20T11:49:56.3822659Z 
linux-portability (ubuntu-24.04-arm)	Native portability gate (debug and release)	2026-09-20T11:49:56.3824063Z      Running tests/bytes_array_keys.rs (target/debug/deps/bytes_array_keys-8912e42706625c48)
linux-portability (ubuntu-24.04-arm)	Native portability gate (debug and release)	2026-09-20T11:49:56.3831080Z 
linux-portability (ubuntu-24.04-arm)	Native portability gate (debug and release)	2026-09-20T11:49:56.3831272Z running 3 tests
linux-portability (ubuntu-24.04-arm)	Native portability gate (debug and release)	2026-09-20T11:49:56.3986274Z test nul_embedded_key_round_trips ... ok
linux-portability (ubuntu-24.04-arm)	Native portability gate (debug and release)	2026-09-20T11:49:56.3986802Z test for_in_returns_all_distinct_byte_keys ... ok
linux-portability (ubuntu-24.04-arm)	Native portability gate (debug and release)	2026-09-20T11:49:56.3987165Z test distinct_high_byte_keys_do_not_collide ... ok
linux-portability (ubuntu-24.04-arm)	Native portability gate (debug and release)	2026-09-20T11:49:56.3987392Z 
linux-portability (ubuntu-24.04-arm)	Native portability gate (debug and release)	2026-09-20T11:49:56.3987629Z test result: ok. 3 passed; 0 failed; 0 ignored; 0 measured; 0 filtered out; finished in 0.02s
linux-portability (ubuntu-24.04-arm)	Native portability gate (debug and release)	2026-09-20T11:49:56.3988019Z 
linux-portability (ubuntu-24.04-arm)	Native portability gate (debug and release)	2026-09-20T11:49:56.3988338Z      Running tests/bytes_printf.rs (target/debug/deps/bytes_printf-d8adb88f194b5935)
linux-portability (ubuntu-24.04-arm)	Native portability gate (debug and release)	2026-09-20T11:49:56.3994856Z 
linux-portability (ubuntu-24.04-arm)	Native portability gate (debug and release)	2026-09-20T11:49:56.3995180Z running 6 tests
linux-portability (ubuntu-24.04-arm)	Native portability gate (debug and release)	2026-09-20T11:49:56.4058087Z test field_split_with_high_byte_fs ... ok
linux-portability (ubuntu-24.04-arm)	Native portability gate (debug and release)	2026-09-20T11:49:56.4062873Z test printf_format_string_with_high_bytes ... ok
linux-portability (ubuntu-24.04-arm)	Native portability gate (debug and release)	2026-09-20T11:49:56.4069773Z test print_with_high_byte_ofs ... ok
linux-portability (ubuntu-24.04-arm)	Native portability gate (debug and release)	2026-09-20T11:49:56.4070397Z test printf_c_emits_first_byte_raw ... ok
linux-portability (ubuntu-24.04-arm)	Native portability gate (debug and release)	2026-09-20T11:49:56.4120904Z test sprintf_high_byte_round_trip ... ok
linux-portability (ubuntu-24.04-arm)	Native portability gate (debug and release)	2026-09-20T11:49:56.4125788Z test printf_s_preserves_high_byte ... ok
linux-portability (ubuntu-24.04-arm)	Native portability gate (debug and release)	2026-09-20T11:49:56.4126201Z 
linux-portability (ubuntu-24.04-arm)	Native portability gate (debug and release)	2026-09-20T11:49:56.4126456Z test result: ok. 6 passed; 0 failed; 0 ignored; 0 measured; 0 filtered out; finished in 0.01s
linux-portability (ubuntu-24.04-arm)	Native portability gate (debug and release)	2026-09-20T11:49:56.4126812Z 
linux-portability (ubuntu-24.04-arm)	Native portability gate (debug and release)	2026-09-20T11:49:56.4127412Z      Running tests/bytes_regex_match.rs (target/debug/deps/bytes_regex_match-42c23aa5e737afa6)
linux-portability (ubuntu-24.04-arm)	Native portability gate (debug and release)	2026-09-20T11:49:56.4133889Z 
linux-portability (ubuntu-24.04-arm)	Native portability gate (debug and release)	2026-09-20T11:49:56.4134111Z running 6 tests
linux-portability (ubuntu-24.04-arm)	Native portability gate (debug and release)	2026-09-20T11:49:56.4197918Z test match_builtin_high_byte_pattern_position ... ok
linux-portability (ubuntu-24.04-arm)	Native portability gate (debug and release)	2026-09-20T11:49:56.4216075Z test match_distinguishes_high_bytes ... ok
linux-portability (ubuntu-24.04-arm)	Native portability gate (debug and release)	2026-09-20T11:49:56.4216532Z test nul_inside_subject_with_rs_regex ... ok
linux-portability (ubuntu-24.04-arm)	Native portability gate (debug and release)	2026-09-20T11:49:56.4223684Z test gsub_ampersand_includes_whole_match ... ok
linux-portability (ubuntu-24.04-arm)	Native portability gate (debug and release)	2026-09-20T11:49:56.4258294Z test rs_regex_high_byte_separator_splits_correctly ... ok
linux-portability (ubuntu-24.04-arm)	Native portability gate (debug and release)	2026-09-20T11:49:56.4279717Z test sub_replaces_high_byte_run ... ok
linux-portability (ubuntu-24.04-arm)	Native portability gate (debug and release)	2026-09-20T11:49:56.4279996Z 
linux-portability (ubuntu-24.04-arm)	Native portability gate (debug and release)	2026-09-20T11:49:56.4280334Z test result: ok. 6 passed; 0 failed; 0 ignored; 0 measured; 0 filtered out; finished in 0.01s
linux-portability (ubuntu-24.04-arm)	Native portability gate (debug and release)	2026-09-20T11:49:56.4280814Z 
linux-portability (ubuntu-24.04-arm)	Native portability gate (debug and release)	2026-09-20T11:49:56.4282948Z      Running tests/data_contract.rs (target/debug/deps/data_contract-65cc91f870523ded)
linux-portability (ubuntu-24.04-arm)	Native portability gate (debug and release)	2026-09-20T11:49:56.4287942Z 
linux-portability (ubuntu-24.04-arm)	Native portability gate (debug and release)	2026-09-20T11:49:56.4288426Z running 6 tests
linux-portability (ubuntu-24.04-arm)	Native portability gate (debug and release)	2026-09-20T11:49:56.4352422Z test invalid_regex_is_reported ... ok
linux-portability (ubuntu-24.04-arm)	Native portability gate (debug and release)	2026-09-20T11:49:56.4371691Z test fields_accept_regex_separator ... ok
linux-portability (ubuntu-24.04-arm)	Native portability gate (debug and release)	2026-09-20T11:49:56.4372915Z test csv_handles_quoted_delimiters_newlines_and_escaped_quotes ... ok
linux-portability (ubuntu-24.04-arm)	Native portability gate (debug and release)	2026-09-20T11:49:56.4373529Z test regex_uses_leftmost_longest ... ok
linux-portability (ubuntu-24.04-arm)	Native portability gate (debug and release)	2026-09-20T11:49:56.4412154Z test split_preserves_empty_fields_and_clears_array ... ok
linux-portability (ubuntu-24.04-arm)	Native portability gate (debug and release)	2026-09-20T11:49:56.4429894Z test substitutions_report_count_not_changed_text ... ok
linux-portability (ubuntu-24.04-arm)	Native portability gate (debug and release)	2026-09-20T11:49:56.4430329Z 
linux-portability (ubuntu-24.04-arm)	Native portability gate (debug and release)	2026-09-20T11:49:56.4430595Z test result: ok. 6 passed; 0 failed; 0 ignored; 0 measured; 0 filtered out; finished in 0.01s
linux-portability (ubuntu-24.04-arm)	Native portability gate (debug and release)	2026-09-20T11:49:56.4430952Z 
linux-portability (ubuntu-24.04-arm)	Native portability gate (debug and release)	2026-09-20T11:49:56.4431664Z      Running tests/driver_regressions.rs (target/debug/deps/driver_regressions-7b3f66b843422112)
linux-portability (ubuntu-24.04-arm)	Native portability gate (debug and release)	2026-09-20T11:49:56.4438027Z 
linux-portability (ubuntu-24.04-arm)	Native portability gate (debug and release)	2026-09-20T11:49:56.4438364Z running 6 tests
linux-portability (ubuntu-24.04-arm)	Native portability gate (debug and release)	2026-09-20T11:49:56.4504442Z test multifile_syntax_error_names_offending_source ... ok
linux-portability (ubuntu-24.04-arm)	Native portability gate (debug and release)	2026-09-20T11:49:56.4519192Z test field_index_beyond_reference_integer_range_is_an_error ... ok
linux-portability (ubuntu-24.04-arm)	Native portability gate (debug and release)	2026-09-20T11:49:56.4587964Z test getline_comparison_is_not_part_of_filename ... ok
linux-portability (ubuntu-24.04-arm)	Native portability gate (debug and release)	2026-09-20T11:49:56.4677024Z test invalid_function_parameters_are_errors_before_execution ... ok
linux-portability (ubuntu-24.04-arm)	Native portability gate (debug and release)	2026-09-20T11:49:56.4832227Z test redirected_stdin_shares_buffer_with_main_input ... ok
linux-portability (ubuntu-24.04-arm)	Native portability gate (debug and release)	2026-09-20T11:49:56.4841134Z test stdin_program_and_empty_statements ... ok
linux-portability (ubuntu-24.04-arm)	Native portability gate (debug and release)	2026-09-20T11:49:56.4841566Z 
linux-portability (ubuntu-24.04-arm)	Native portability gate (debug and release)	2026-09-20T11:49:56.4841826Z test result: ok. 6 passed; 0 failed; 0 ignored; 0 measured; 0 filtered out; finished in 0.04s
linux-portability (ubuntu-24.04-arm)	Native portability gate (debug and release)	2026-09-20T11:49:56.4842181Z 
linux-portability (ubuntu-24.04-arm)	Native portability gate (debug and release)	2026-09-20T11:49:56.4843425Z      Running tests/dynamic_format.rs (target/debug/deps/dynamic_format-da660803ed5b773d)
linux-portability (ubuntu-24.04-arm)	Native portability gate (debug and release)	2026-09-20T11:49:56.4850361Z 
linux-portability (ubuntu-24.04-arm)	Native portability gate (debug and release)	2026-09-20T11:49:56.4851509Z running 8 tests
linux-portability (ubuntu-24.04-arm)	Native portability gate (debug and release)	2026-09-20T11:49:56.4981500Z test missing_star_arguments_are_errors ... ok
linux-portability (ubuntu-24.04-arm)	Native portability gate (debug and release)	2026-09-20T11:49:56.5040874Z test negative_precision_keeps_binary_and_multibyte_paths ... ok
linux-portability (ubuntu-24.04-arm)	Native portability gate (debug and release)	2026-09-20T11:49:56.5122109Z test string_and_literal_range_errors_do_not_discard_arithmetic_subnormals ... ok
linux-portability (ubuntu-24.04-arm)	Native portability gate (debug and release)	2026-09-20T11:49:56.6305271Z test unsigned_conversion_matches_native_oracle ... ok
linux-portability (ubuntu-24.04-arm)	Native portability gate (debug and release)	2026-09-20T11:49:56.6541552Z test zero_padded_strings_match_native_oracle ... ok
linux-portability (ubuntu-24.04-arm)	Native portability gate (debug and release)	2026-09-20T11:49:57.1354762Z test dynamic_width_precision_and_consumption ... ok
linux-portability (ubuntu-24.04-arm)	Native portability gate (debug and release)	2026-09-20T11:49:58.4115805Z test integer_flags_precision_and_signs ... ok
linux-portability (ubuntu-24.04-arm)	Native portability gate (debug and release)	2026-09-20T11:49:58.9761409Z test negative_dynamic_precision_preserves_flags_and_argument_consumption ... ok
linux-portability (ubuntu-24.04-arm)	Native portability gate (debug and release)	2026-09-20T11:49:58.9761867Z 
linux-portability (ubuntu-24.04-arm)	Native portability gate (debug and release)	2026-09-20T11:49:58.9762257Z test result: ok. 8 passed; 0 failed; 0 ignored; 0 measured; 0 filtered out; finished in 2.49s
linux-portability (ubuntu-24.04-arm)	Native portability gate (debug and release)	2026-09-20T11:49:58.9762636Z 
linux-portability (ubuntu-24.04-arm)	Native portability gate (debug and release)	2026-09-20T11:49:58.9763247Z      Running tests/harness.rs (target/debug/deps/harness-3a6b5b406c659a96)
linux-portability (ubuntu-24.04-arm)	Native portability gate (debug and release)	2026-09-20T11:49:58.9769797Z 
linux-portability (ubuntu-24.04-arm)	Native portability gate (debug and release)	2026-09-20T11:49:58.9781644Z running 5 tests
linux-portability (ubuntu-24.04-arm)	Native portability gate (debug and release)	2026-09-20T11:49:58.9782128Z test annotation_does_not_accept_new_failures ... ok
linux-portability (ubuntu-24.04-arm)	Native portability gate (debug and release)	2026-09-20T11:49:58.9835825Z test aggregate_gate_reports_an_intermediate_failure ... ok
linux-portability (ubuntu-24.04-arm)	Native portability gate (debug and release)	2026-09-20T11:49:58.9836411Z test preserves_bytes_whitespace_and_status ... ok
linux-portability (ubuntu-24.04-arm)	Native portability gate (debug and release)	2026-09-20T11:49:58.9894868Z test each_run_has_a_fresh_directory ... ok
linux-portability (ubuntu-24.04-arm)	Native portability gate (debug and release)	2026-09-20T11:49:59.4101881Z test timeout_kills_descendants ... ok
linux-portability (ubuntu-24.04-arm)	Native portability gate (debug and release)	2026-09-20T11:49:59.4102257Z 
linux-portability (ubuntu-24.04-arm)	Native portability gate (debug and release)	2026-09-20T11:49:59.4102525Z test result: ok. 5 passed; 0 failed; 0 ignored; 0 measured; 0 filtered out; finished in 0.43s
linux-portability (ubuntu-24.04-arm)	Native portability gate (debug and release)	2026-09-20T11:49:59.4103039Z 
linux-portability (ubuntu-24.04-arm)	Native portability gate (debug and release)	2026-09-20T11:49:59.4104553Z      Running tests/input_contract.rs (target/debug/deps/input_contract-ead71b1d543e31fb)
linux-portability (ubuntu-24.04-arm)	Native portability gate (debug and release)	2026-09-20T11:49:59.4113236Z 
linux-portability (ubuntu-24.04-arm)	Native portability gate (debug and release)	2026-09-20T11:49:59.4113432Z running 5 tests
linux-portability (ubuntu-24.04-arm)	Native portability gate (debug and release)	2026-09-20T11:49:59.4178816Z test getline_uses_main_stream_and_counts_every_read ... ok
linux-portability (ubuntu-24.04-arm)	Native portability gate (debug and release)	2026-09-20T11:49:59.4179576Z test missing_getline_file_is_an_error_not_eof ... ok
linux-portability (ubuntu-24.04-arm)	Native portability gate (debug and release)	2026-09-20T11:49:59.4180472Z test file_getline_and_interleaved_assignments ... ok
linux-portability (ubuntu-24.04-arm)	Native portability gate (debug and release)	2026-09-20T11:49:59.4198504Z test rewriting_record_does_not_count_a_read ... ok
linux-portability (ubuntu-24.04-arm)	Native portability gate (debug and release)	2026-09-20T11:49:59.4238924Z test rs_changes_apply_to_unconsumed_input ... ok
linux-portability (ubuntu-24.04-arm)	Native portability gate (debug and release)	2026-09-20T11:49:59.4239226Z 
linux-portability (ubuntu-24.04-arm)	Native portability gate (debug and release)	2026-09-20T11:49:59.4239481Z test result: ok. 5 passed; 0 failed; 0 ignored; 0 measured; 0 filtered out; finished in 0.01s
linux-portability (ubuntu-24.04-arm)	Native portability gate (debug and release)	2026-09-20T11:49:59.4239945Z 
linux-portability (ubuntu-24.04-arm)	Native portability gate (debug and release)	2026-09-20T11:49:59.4240440Z      Running tests/language_contract.rs (target/debug/deps/language_contract-f9cbf1434eb43d63)
linux-portability (ubuntu-24.04-arm)	Native portability gate (debug and release)	2026-09-20T11:49:59.4247401Z 
linux-portability (ubuntu-24.04-arm)	Native portability gate (debug and release)	2026-09-20T11:49:59.4247967Z running 7 tests
linux-portability (ubuntu-24.04-arm)	Native portability gate (debug and release)	2026-09-20T11:49:59.4310516Z test array_reads_create_entries ... ok
linux-portability (ubuntu-24.04-arm)	Native portability gate (debug and release)	2026-09-20T11:49:59.4328551Z test array_parameters_are_references ... ok
linux-portability (ubuntu-24.04-arm)	Native portability gate (debug and release)	2026-09-20T11:49:59.4329100Z test convfmt_is_used_for_comparisons_fields_and_keys ... ok
linux-portability (ubuntu-24.04-arm)	Native portability gate (debug and release)	2026-09-20T11:49:59.4347618Z test expressions_and_escapes ... ok
linux-portability (ubuntu-24.04-arm)	Native portability gate (debug and release)	2026-09-20T11:49:59.4371029Z test lvalue_indices_are_evaluated_once ... ok
linux-portability (ubuntu-24.04-arm)	Native portability gate (debug and release)	2026-09-20T11:49:59.4404775Z test numeric_and_string_values_keep_their_types ... ok
linux-portability (ubuntu-24.04-arm)	Native portability gate (debug and release)	2026-09-20T11:49:59.4405329Z test range_patterns_and_empty_actions ... ok
linux-portability (ubuntu-24.04-arm)	Native portability gate (debug and release)	2026-09-20T11:49:59.4405532Z 
linux-portability (ubuntu-24.04-arm)	Native portability gate (debug and release)	2026-09-20T11:49:59.4405812Z test result: ok. 7 passed; 0 failed; 0 ignored; 0 measured; 0 filtered out; finished in 0.02s
linux-portability (ubuntu-24.04-arm)	Native portability gate (debug and release)	2026-09-20T11:49:59.4406140Z 
linux-portability (ubuntu-24.04-arm)	Native portability gate (debug and release)	2026-09-20T11:49:59.4406960Z      Running tests/legacy_locale.rs (target/debug/deps/legacy_locale-973d0649f6bb55b6)
linux-portability (ubuntu-24.04-arm)	Native portability gate (debug and release)	2026-09-20T11:49:59.4413544Z 
linux-portability (ubuntu-24.04-arm)	Native portability gate (debug and release)	2026-09-20T11:49:59.4413701Z running 6 tests
linux-portability (ubuntu-24.04-arm)	Native portability gate (debug and release)	2026-09-20T11:49:59.4780963Z test every_nonzero_byte_case_conversion_matches_c ... ok
linux-portability (ubuntu-24.04-arm)	Native portability gate (debug and release)	2026-09-20T11:49:59.4803454Z test legacy_locale_selection_obeys_precedence_and_is_fixed_at_startup ... ok
linux-portability (ubuntu-24.04-arm)	Native portability gate (debug and release)	2026-09-20T11:49:59.4869029Z test byte_positions_ranges_splits_and_substitution_match_c ... ok
linux-portability (ubuntu-24.04-arm)	Native portability gate (debug and release)	2026-09-20T11:49:59.4889676Z test nul_preservation_remains_an_explicit_rust_extension ... ok
linux-portability (ubuntu-24.04-arm)	Native portability gate (debug and release)	2026-09-20T11:49:59.5087015Z test required_single_byte_locales_are_active ... ok
linux-portability (ubuntu-24.04-arm)	Native portability gate (debug and release)	2026-09-20T11:50:00.0208744Z test every_nonzero_byte_in_each_posix_class_matches_c ... ok
linux-portability (ubuntu-24.04-arm)	Native portability gate (debug and release)	2026-09-20T11:50:00.0209137Z 
linux-portability (ubuntu-24.04-arm)	Native portability gate (debug and release)	2026-09-20T11:50:00.0209397Z test result: ok. 6 passed; 0 failed; 0 ignored; 0 measured; 0 filtered out; finished in 0.58s
linux-portability (ubuntu-24.04-arm)	Native portability gate (debug and release)	2026-09-20T11:50:00.0209769Z 
linux-portability (ubuntu-24.04-arm)	Native portability gate (debug and release)	2026-09-20T11:50:00.0210911Z      Running tests/runtime_contract.rs (target/debug/deps/runtime_contract-aae3b40f5cf0db99)
linux-portability (ubuntu-24.04-arm)	Native portability gate (debug and release)	2026-09-20T11:50:00.0217593Z 
linux-portability (ubuntu-24.04-arm)	Native portability gate (debug and release)	2026-09-20T11:50:00.0217867Z running 3 tests
linux-portability (ubuntu-24.04-arm)	Native portability gate (debug and release)	2026-09-20T11:50:00.0281151Z test return_escapes_all_loop_forms ... ok
linux-portability (ubuntu-24.04-arm)	Native portability gate (debug and release)	2026-09-20T11:50:00.0282226Z test short_circuit_preserves_side_effects ... ok
linux-portability (ubuntu-24.04-arm)	Native portability gate (debug and release)	2026-09-20T11:50:00.0282639Z test exit_executes_end_and_interrupts_expressions ... ok
linux-portability (ubuntu-24.04-arm)	Native portability gate (debug and release)	2026-09-20T11:50:00.0283070Z 
linux-portability (ubuntu-24.04-arm)	Native portability gate (debug and release)	2026-09-20T11:50:00.0283331Z test result: ok. 3 passed; 0 failed; 0 ignored; 0 measured; 0 filtered out; finished in 0.01s
linux-portability (ubuntu-24.04-arm)	Native portability gate (debug and release)	2026-09-20T11:50:00.0283676Z 
linux-portability (ubuntu-24.04-arm)	Native portability gate (debug and release)	2026-09-20T11:50:00.0284221Z      Running tests/shift_jis.rs (target/debug/deps/shift_jis-6789f430a1f4bd93)
linux-portability (ubuntu-24.04-arm)	Native portability gate (debug and release)	2026-09-20T11:50:00.0290540Z 
linux-portability (ubuntu-24.04-arm)	Native portability gate (debug and release)	2026-09-20T11:50:00.0290835Z running 12 tests
linux-portability (ubuntu-24.04-arm)	Native portability gate (debug and release)	2026-09-20T11:50:00.0417890Z test embedded_nul_preserves_the_rust_binary_extension ... ok
linux-portability (ubuntu-24.04-arm)	Native portability gate (debug and release)	2026-09-20T11:50:00.0437112Z test conversion_failure_preserves_atomic_print_contract ... ok
linux-portability (ubuntu-24.04-arm)	Native portability gate (debug and release)	2026-09-20T11:50:00.0529430Z test decoded_character_with_unencodable_case_mapping_matches_c ... ok
linux-portability (ubuntu-24.04-arm)	Native portability gate (debug and release)	2026-09-20T11:50:00.0718912Z test regex_rs_with_three_or_four_byte_structural_units_matches_c ... ok
linux-portability (ubuntu-24.04-arm)	Native portability gate (debug and release)	2026-09-20T11:50:00.0796229Z test required_sjis_locale_has_observable_case_mapping ... ok
linux-portability (ubuntu-24.04-arm)	Native portability gate (debug and release)	2026-09-20T11:50:00.1678414Z test record_separators_and_locale_precedence_match_c ... ok
linux-portability (ubuntu-24.04-arm)	Native portability gate (debug and release)	2026-09-20T11:50:00.1798228Z test streaming_rs_keeps_binary_data_distinct_from_eof ... ok
linux-portability (ubuntu-24.04-arm)	Native portability gate (debug and release)	2026-09-20T11:50:00.4128900Z test regex_rs_sjis_refill_across_input_buffers_and_getline_matches_c ... ok
linux-portability (ubuntu-24.04-arm)	Native portability gate (debug and release)	2026-09-20T11:50:00.5377923Z test valid_case_conversion_and_truncated_suffixes_match_c ... ok
linux-portability (ubuntu-24.04-arm)	Native portability gate (debug and release)	2026-09-20T11:50:00.6327741Z test structural_units_regex_fields_and_formatting_match_c ... ok
linux-portability (ubuntu-24.04-arm)	Native portability gate (debug and release)	2026-09-20T11:50:03.2582827Z test regex_rs_refill_restart_longest_and_anchors_match_c ... ok
linux-portability (ubuntu-24.04-arm)	Native portability gate (debug and release)	2026-09-20T11:50:08.8939474Z test single_bytes_and_lead_trail_boundaries_match_c ... ok
linux-portability (ubuntu-24.04-arm)	Native portability gate (debug and release)	2026-09-20T11:50:08.8940013Z 
linux-portability (ubuntu-24.04-arm)	Native portability gate (debug and release)	2026-09-20T11:50:08.8940444Z test result: ok. 12 passed; 0 failed; 0 ignored; 0 measured; 0 filtered out; finished in 8.86s
linux-portability (ubuntu-24.04-arm)	Native portability gate (debug and release)	2026-09-20T11:50:08.8941191Z 
linux-portability (ubuntu-24.04-arm)	Native portability gate (debug and release)	2026-09-20T11:50:08.8941455Z      Running tests/unicode_contract.rs (target/debug/deps/unicode_contract-7b87809897e07017)
linux-portability (ubuntu-24.04-arm)	Native portability gate (debug and release)	2026-09-20T11:50:08.8949371Z 
linux-portability (ubuntu-24.04-arm)	Native portability gate (debug and release)	2026-09-20T11:50:08.8949751Z running 10 tests
linux-portability (ubuntu-24.04-arm)	Native portability gate (debug and release)	2026-09-20T11:50:08.9124541Z test binary_nul_extension_and_case_conversion_errors ... ok
linux-portability (ubuntu-24.04-arm)	Native portability gate (debug and release)	2026-09-20T11:50:08.9670639Z test repeated_matches_and_index_inside_a_multibyte_unit ... ok
linux-portability (ubuntu-24.04-arm)	Native portability gate (debug and release)	2026-09-20T11:50:08.9995266Z test locale_precedence_and_character_operations ... ok
linux-portability (ubuntu-24.04-arm)	Native portability gate (debug and release)	2026-09-20T11:50:09.0029515Z test required_locales_are_active_in_both_interpreters ... ok
linux-portability (ubuntu-24.04-arm)	Native portability gate (debug and release)	2026-09-20T11:50:09.0264967Z test unicode_formatting_and_source_escapes ... ok
linux-portability (ubuntu-24.04-arm)	Native portability gate (debug and release)	2026-09-20T11:50:09.0927572Z test utf8_record_separators_across_buffers ... ok
linux-portability (ubuntu-24.04-arm)	Native portability gate (debug and release)	2026-09-20T11:50:09.1214303Z test boolean_regex_search_preserves_rune_alignment_and_empty_matches ... ok
linux-portability (ubuntu-24.04-arm)	Native portability gate (debug and release)	2026-09-20T11:50:09.1545206Z test utf8_regex_empty_matches_and_mixed_bytes ... ok
linux-portability (ubuntu-24.04-arm)	Native portability gate (debug and release)	2026-09-20T11:50:09.1692868Z test unicode_classes_ranges_and_anchors ... ok
linux-portability (ubuntu-24.04-arm)	Native portability gate (debug and release)	2026-09-20T11:50:11.6698519Z test original_utf8_drivers ... ok
linux-portability (ubuntu-24.04-arm)	Native portability gate (debug and release)	2026-09-20T11:50:11.6698869Z 
linux-portability (ubuntu-24.04-arm)	Native portability gate (debug and release)	2026-09-20T11:50:11.6699155Z test result: ok. 10 passed; 0 failed; 0 ignored; 0 measured; 0 filtered out; finished in 2.77s
linux-portability (ubuntu-24.04-arm)	Native portability gate (debug and release)	2026-09-20T11:50:11.6699514Z 
linux-portability (ubuntu-24.04-arm)	Native portability gate (debug and release)	2026-09-20T11:50:11.7278868Z    Compiling num-traits v0.2.19
linux-portability (ubuntu-24.04-arm)	Native portability gate (debug and release)	2026-09-20T11:50:11.7292589Z    Compiling getrandom v0.3.4
linux-portability (ubuntu-24.04-arm)	Native portability gate (debug and release)	2026-09-20T11:50:11.7315563Z    Compiling zerocopy v0.8.48
linux-portability (ubuntu-24.04-arm)	Native portability gate (debug and release)	2026-09-20T11:50:11.7341836Z    Compiling wait-timeout v0.2.1
linux-portability (ubuntu-24.04-arm)	Native portability gate (debug and release)	2026-09-20T11:50:12.0232048Z    Compiling rand_core v0.9.5
linux-portability (ubuntu-24.04-arm)	Native portability gate (debug and release)	2026-09-20T11:50:12.0931543Z    Compiling bit-vec v0.8.0
linux-portability (ubuntu-24.04-arm)	Native portability gate (debug and release)	2026-09-20T11:50:12.1831374Z    Compiling quick-error v1.2.3
linux-portability (ubuntu-24.04-arm)	Native portability gate (debug and release)	2026-09-20T11:50:12.2131201Z    Compiling fnv v1.0.7
linux-portability (ubuntu-24.04-arm)	Native portability gate (debug and release)	2026-09-20T11:50:12.2403078Z    Compiling rusty-fork v0.3.1
linux-portability (ubuntu-24.04-arm)	Native portability gate (debug and release)	2026-09-20T11:50:12.2648515Z    Compiling bit-set v0.8.0
linux-portability (ubuntu-24.04-arm)	Native portability gate (debug and release)	2026-09-20T11:50:12.3503602Z    Compiling chrono v0.4.44
linux-portability (ubuntu-24.04-arm)	Native portability gate (debug and release)	2026-09-20T11:50:12.3757767Z    Compiling rand v0.9.4
linux-portability (ubuntu-24.04-arm)	Native portability gate (debug and release)	2026-09-20T11:50:12.7868250Z    Compiling rand_xorshift v0.4.0
linux-portability (ubuntu-24.04-arm)	Native portability gate (debug and release)	2026-09-20T11:50:12.8681295Z    Compiling unarray v0.1.4
linux-portability (ubuntu-24.04-arm)	Native portability gate (debug and release)	2026-09-20T11:50:13.1093500Z    Compiling rawk v0.1.0 (/home/runner/work/rawk/rawk/rawk)
linux-portability (ubuntu-24.04-arm)	Native portability gate (debug and release)	2026-09-20T11:50:14.5841127Z    Compiling ppv-lite86 v0.2.21
linux-portability (ubuntu-24.04-arm)	Native portability gate (debug and release)	2026-09-20T11:50:14.7331412Z    Compiling rand_chacha v0.9.0
linux-portability (ubuntu-24.04-arm)	Native portability gate (debug and release)	2026-09-20T11:50:14.8954846Z    Compiling proptest v1.11.0
linux-portability (ubuntu-24.04-arm)	Native portability gate (debug and release)	2026-09-20T11:50:24.3174231Z     Finished `release` profile [optimized] target(s) in 12.63s
linux-portability (ubuntu-24.04-arm)	Native portability gate (debug and release)	2026-09-20T11:50:24.3236414Z      Running unittests src/lib.rs (target/release/deps/rawk-f01313c0880b44e3)
linux-portability (ubuntu-24.04-arm)	Native portability gate (debug and release)	2026-09-20T11:50:24.3245262Z 
linux-portability (ubuntu-24.04-arm)	Native portability gate (debug and release)	2026-09-20T11:50:24.3245427Z running 0 tests
linux-portability (ubuntu-24.04-arm)	Native portability gate (debug and release)	2026-09-20T11:50:24.3245619Z 
linux-portability (ubuntu-24.04-arm)	Native portability gate (debug and release)	2026-09-20T11:50:24.3245871Z test result: ok. 0 passed; 0 failed; 0 ignored; 0 measured; 0 filtered out; finished in 0.00s
linux-portability (ubuntu-24.04-arm)	Native portability gate (debug and release)	2026-09-20T11:50:24.3246237Z 
linux-portability (ubuntu-24.04-arm)	Native portability gate (debug and release)	2026-09-20T11:50:24.3247065Z      Running unittests src/bin/diffrun.rs (target/release/deps/diffrun-f69a7b3d0e0963fc)
linux-portability (ubuntu-24.04-arm)	Native portability gate (debug and release)	2026-09-20T11:50:24.3253598Z 
linux-portability (ubuntu-24.04-arm)	Native portability gate (debug and release)	2026-09-20T11:50:24.3253816Z running 0 tests
linux-portability (ubuntu-24.04-arm)	Native portability gate (debug and release)	2026-09-20T11:50:24.3254014Z 
linux-portability (ubuntu-24.04-arm)	Native portability gate (debug and release)	2026-09-20T11:50:24.3254268Z test result: ok. 0 passed; 0 failed; 0 ignored; 0 measured; 0 filtered out; finished in 0.00s
linux-portability (ubuntu-24.04-arm)	Native portability gate (debug and release)	2026-09-20T11:50:24.3254715Z 
linux-portability (ubuntu-24.04-arm)	Native portability gate (debug and release)	2026-09-20T11:50:24.3255411Z      Running unittests src/main.rs (target/release/deps/rawk-481f660a10639138)
linux-portability (ubuntu-24.04-arm)	Native portability gate (debug and release)	2026-09-20T11:50:24.3262702Z 
linux-portability (ubuntu-24.04-arm)	Native portability gate (debug and release)	2026-09-20T11:50:24.3262930Z running 4 tests
linux-portability (ubuntu-24.04-arm)	Native portability gate (debug and release)	2026-09-20T11:50:24.3280212Z test unicode_ere::tests::encoding_preserves_offsets_and_invalid_bytes_without_sentinels ... ok
linux-portability (ubuntu-24.04-arm)	Native portability gate (debug and release)	2026-09-20T11:50:24.3282619Z test input::tests::separators_are_independent_of_read_boundaries ... ok
linux-portability (ubuntu-24.04-arm)	Native portability gate (debug and release)	2026-09-20T11:50:24.3283208Z test unicode_ere::tests::compiled_intervals_cover_only_the_requested_runes ... ok
linux-portability (ubuntu-24.04-arm)	Native portability gate (debug and release)	2026-09-20T11:50:24.3285778Z test ere::stream::tests::physical_short_reads_do_not_change_bwk_lookahead ... ok
linux-portability (ubuntu-24.04-arm)	Native portability gate (debug and release)	2026-09-20T11:50:24.3286266Z 
linux-portability (ubuntu-24.04-arm)	Native portability gate (debug and release)	2026-09-20T11:50:24.3286679Z test result: ok. 4 passed; 0 failed; 0 ignored; 0 measured; 0 filtered out; finished in 0.00s
linux-portability (ubuntu-24.04-arm)	Native portability gate (debug and release)	2026-09-20T11:50:24.3287045Z 
linux-portability (ubuntu-24.04-arm)	Native portability gate (debug and release)	2026-09-20T11:50:24.3299237Z      Running tests/bytes_array_keys.rs (target/release/deps/bytes_array_keys-d155b0d8da843dda)
linux-portability (ubuntu-24.04-arm)	Native portability gate (debug and release)	2026-09-20T11:50:24.3299778Z 
linux-portability (ubuntu-24.04-arm)	Native portability gate (debug and release)	2026-09-20T11:50:24.3299963Z running 3 tests
linux-portability (ubuntu-24.04-arm)	Native portability gate (debug and release)	2026-09-20T11:50:24.3359311Z test for_in_returns_all_distinct_byte_keys ... ok
linux-portability (ubuntu-24.04-arm)	Native portability gate (debug and release)	2026-09-20T11:50:24.3359803Z test distinct_high_byte_keys_do_not_collide ... ok
linux-portability (ubuntu-24.04-arm)	Native portability gate (debug and release)	2026-09-20T11:50:24.3364155Z test nul_embedded_key_round_trips ... ok
linux-portability (ubuntu-24.04-arm)	Native portability gate (debug and release)	2026-09-20T11:50:24.3364417Z 
linux-portability (ubuntu-24.04-arm)	Native portability gate (debug and release)	2026-09-20T11:50:24.3364810Z test result: ok. 3 passed; 0 failed; 0 ignored; 0 measured; 0 filtered out; finished in 0.01s
linux-portability (ubuntu-24.04-arm)	Native portability gate (debug and release)	2026-09-20T11:50:24.3365416Z 
linux-portability (ubuntu-24.04-arm)	Native portability gate (debug and release)	2026-09-20T11:50:24.3365661Z      Running tests/bytes_printf.rs (target/release/deps/bytes_printf-6c7eea9fe464e227)
linux-portability (ubuntu-24.04-arm)	Native portability gate (debug and release)	2026-09-20T11:50:24.3370553Z 
linux-portability (ubuntu-24.04-arm)	Native portability gate (debug and release)	2026-09-20T11:50:24.3371007Z running 6 tests
linux-portability (ubuntu-24.04-arm)	Native portability gate (debug and release)	2026-09-20T11:50:24.3391243Z test field_split_with_high_byte_fs ... ok
linux-portability (ubuntu-24.04-arm)	Native portability gate (debug and release)	2026-09-20T11:50:24.3433312Z test printf_c_emits_first_byte_raw ... ok
linux-portability (ubuntu-24.04-arm)	Native portability gate (debug and release)	2026-09-20T11:50:24.3434026Z test print_with_high_byte_ofs ... ok
linux-portability (ubuntu-24.04-arm)	Native portability gate (debug and release)	2026-09-20T11:50:24.3438290Z test printf_format_string_with_high_bytes ... ok
linux-portability (ubuntu-24.04-arm)	Native portability gate (debug and release)	2026-09-20T11:50:24.3451154Z test printf_s_preserves_high_byte ... ok
linux-portability (ubuntu-24.04-arm)	Native portability gate (debug and release)	2026-09-20T11:50:24.3493547Z test sprintf_high_byte_round_trip ... ok
linux-portability (ubuntu-24.04-arm)	Native portability gate (debug and release)	2026-09-20T11:50:24.3493840Z 
linux-portability (ubuntu-24.04-arm)	Native portability gate (debug and release)	2026-09-20T11:50:24.3494084Z test result: ok. 6 passed; 0 failed; 0 ignored; 0 measured; 0 filtered out; finished in 0.01s
linux-portability (ubuntu-24.04-arm)	Native portability gate (debug and release)	2026-09-20T11:50:24.3494434Z 
linux-portability (ubuntu-24.04-arm)	Native portability gate (debug and release)	2026-09-20T11:50:24.3495454Z      Running tests/bytes_regex_match.rs (target/release/deps/bytes_regex_match-310b2dc819533d4b)
linux-portability (ubuntu-24.04-arm)	Native portability gate (debug and release)	2026-09-20T11:50:24.3502043Z 
linux-portability (ubuntu-24.04-arm)	Native portability gate (debug and release)	2026-09-20T11:50:24.3502286Z running 6 tests
linux-portability (ubuntu-24.04-arm)	Native portability gate (debug and release)	2026-09-20T11:50:24.3525876Z test match_builtin_high_byte_pattern_position ... ok
linux-portability (ubuntu-24.04-arm)	Native portability gate (debug and release)	2026-09-20T11:50:24.3529683Z test gsub_ampersand_includes_whole_match ... ok
linux-portability (ubuntu-24.04-arm)	Native portability gate (debug and release)	2026-09-20T11:50:24.3530494Z test match_distinguishes_high_bytes ... ok
linux-portability (ubuntu-24.04-arm)	Native portability gate (debug and release)	2026-09-20T11:50:24.3531231Z test nul_inside_subject_with_rs_regex ... ok
linux-portability (ubuntu-24.04-arm)	Native portability gate (debug and release)	2026-09-20T11:50:24.3585661Z test rs_regex_high_byte_separator_splits_correctly ... ok
linux-portability (ubuntu-24.04-arm)	Native portability gate (debug and release)	2026-09-20T11:50:24.3588544Z test sub_replaces_high_byte_run ... ok
linux-portability (ubuntu-24.04-arm)	Native portability gate (debug and release)	2026-09-20T11:50:24.3588996Z 
linux-portability (ubuntu-24.04-arm)	Native portability gate (debug and release)	2026-09-20T11:50:24.3589246Z test result: ok. 6 passed; 0 failed; 0 ignored; 0 measured; 0 filtered out; finished in 0.01s
linux-portability (ubuntu-24.04-arm)	Native portability gate (debug and release)	2026-09-20T11:50:24.3589597Z 
linux-portability (ubuntu-24.04-arm)	Native portability gate (debug and release)	2026-09-20T11:50:24.3589862Z      Running tests/data_contract.rs (target/release/deps/data_contract-777ee05770f2a4c8)
linux-portability (ubuntu-24.04-arm)	Native portability gate (debug and release)	2026-09-20T11:50:24.3595275Z 
linux-portability (ubuntu-24.04-arm)	Native portability gate (debug and release)	2026-09-20T11:50:24.3595818Z running 6 tests
linux-portability (ubuntu-24.04-arm)	Native portability gate (debug and release)	2026-09-20T11:50:24.3659219Z test fields_accept_regex_separator ... ok
linux-portability (ubuntu-24.04-arm)	Native portability gate (debug and release)	2026-09-20T11:50:24.3659993Z test csv_handles_quoted_delimiters_newlines_and_escaped_quotes ... ok
linux-portability (ubuntu-24.04-arm)	Native portability gate (debug and release)	2026-09-20T11:50:24.3661218Z test regex_uses_leftmost_longest ... ok
linux-portability (ubuntu-24.04-arm)	Native portability gate (debug and release)	2026-09-20T11:50:24.3668426Z test invalid_regex_is_reported ... ok
linux-portability (ubuntu-24.04-arm)	Native portability gate (debug and release)	2026-09-20T11:50:24.3719758Z test split_preserves_empty_fields_and_clears_array ... ok
linux-portability (ubuntu-24.04-arm)	Native portability gate (debug and release)	2026-09-20T11:50:24.3728425Z test substitutions_report_count_not_changed_text ... ok
linux-portability (ubuntu-24.04-arm)	Native portability gate (debug and release)	2026-09-20T11:50:24.3728746Z 
linux-portability (ubuntu-24.04-arm)	Native portability gate (debug and release)	2026-09-20T11:50:24.3728991Z test result: ok. 6 passed; 0 failed; 0 ignored; 0 measured; 0 filtered out; finished in 0.01s
linux-portability (ubuntu-24.04-arm)	Native portability gate (debug and release)	2026-09-20T11:50:24.3729482Z 
linux-portability (ubuntu-24.04-arm)	Native portability gate (debug and release)	2026-09-20T11:50:24.3732155Z      Running tests/driver_regressions.rs (target/release/deps/driver_regressions-fff89f77cc57c407)
linux-portability (ubuntu-24.04-arm)	Native portability gate (debug and release)	2026-09-20T11:50:24.3737224Z 
linux-portability (ubuntu-24.04-arm)	Native portability gate (debug and release)	2026-09-20T11:50:24.3738271Z running 6 tests
linux-portability (ubuntu-24.04-arm)	Native portability gate (debug and release)	2026-09-20T11:50:24.3814976Z test multifile_syntax_error_names_offending_source ... ok
linux-portability (ubuntu-24.04-arm)	Native portability gate (debug and release)	2026-09-20T11:50:24.3862094Z test field_index_beyond_reference_integer_range_is_an_error ... ok
linux-portability (ubuntu-24.04-arm)	Native portability gate (debug and release)	2026-09-20T11:50:24.3872218Z test getline_comparison_is_not_part_of_filename ... ok
linux-portability (ubuntu-24.04-arm)	Native portability gate (debug and release)	2026-09-20T11:50:24.3939262Z test invalid_function_parameters_are_errors_before_execution ... ok
linux-portability (ubuntu-24.04-arm)	Native portability gate (debug and release)	2026-09-20T11:50:24.4172233Z test redirected_stdin_shares_buffer_with_main_input ... ok
linux-portability (ubuntu-24.04-arm)	Native portability gate (debug and release)	2026-09-20T11:50:24.4219816Z test stdin_program_and_empty_statements ... ok
linux-portability (ubuntu-24.04-arm)	Native portability gate (debug and release)	2026-09-20T11:50:24.4220460Z 
linux-portability (ubuntu-24.04-arm)	Native portability gate (debug and release)	2026-09-20T11:50:24.4220740Z test result: ok. 6 passed; 0 failed; 0 ignored; 0 measured; 0 filtered out; finished in 0.05s
linux-portability (ubuntu-24.04-arm)	Native portability gate (debug and release)	2026-09-20T11:50:24.4221099Z 
linux-portability (ubuntu-24.04-arm)	Native portability gate (debug and release)	2026-09-20T11:50:24.4221898Z      Running tests/dynamic_format.rs (target/release/deps/dynamic_format-5b49c33678791dab)
linux-portability (ubuntu-24.04-arm)	Native portability gate (debug and release)	2026-09-20T11:50:24.4228228Z 
linux-portability (ubuntu-24.04-arm)	Native portability gate (debug and release)	2026-09-20T11:50:24.4228419Z running 8 tests
linux-portability (ubuntu-24.04-arm)	Native portability gate (debug and release)	2026-09-20T11:50:24.4350741Z test missing_star_arguments_are_errors ... ok
linux-portability (ubuntu-24.04-arm)	Native portability gate (debug and release)	2026-09-20T11:50:24.4410679Z test negative_precision_keeps_binary_and_multibyte_paths ... ok
linux-portability (ubuntu-24.04-arm)	Native portability gate (debug and release)	2026-09-20T11:50:24.4531347Z test string_and_literal_range_errors_do_not_discard_arithmetic_subnormals ... ok
linux-portability (ubuntu-24.04-arm)	Native portability gate (debug and release)	2026-09-20T11:50:24.5712648Z test unsigned_conversion_matches_native_oracle ... ok
linux-portability (ubuntu-24.04-arm)	Native portability gate (debug and release)	2026-09-20T11:50:24.5904209Z test zero_padded_strings_match_native_oracle ... ok
linux-portability (ubuntu-24.04-arm)	Native portability gate (debug and release)	2026-09-20T11:50:25.0638743Z test dynamic_width_precision_and_consumption ... ok
linux-portability (ubuntu-24.04-arm)	Native portability gate (debug and release)	2026-09-20T11:50:26.3385657Z test integer_flags_precision_and_signs ... ok
linux-portability (ubuntu-24.04-arm)	Native portability gate (debug and release)	2026-09-20T11:50:26.9077138Z test negative_dynamic_precision_preserves_flags_and_argument_consumption ... ok
linux-portability (ubuntu-24.04-arm)	Native portability gate (debug and release)	2026-09-20T11:50:26.9077618Z 
linux-portability (ubuntu-24.04-arm)	Native portability gate (debug and release)	2026-09-20T11:50:26.9077906Z test result: ok. 8 passed; 0 failed; 0 ignored; 0 measured; 0 filtered out; finished in 2.48s
linux-portability (ubuntu-24.04-arm)	Native portability gate (debug and release)	2026-09-20T11:50:26.9078261Z 
linux-portability (ubuntu-24.04-arm)	Native portability gate (debug and release)	2026-09-20T11:50:26.9078622Z      Running tests/harness.rs (target/release/deps/harness-d2eb8f676666579c)
linux-portability (ubuntu-24.04-arm)	Native portability gate (debug and release)	2026-09-20T11:50:26.9085420Z 
linux-portability (ubuntu-24.04-arm)	Native portability gate (debug and release)	2026-09-20T11:50:26.9085584Z running 5 tests
linux-portability (ubuntu-24.04-arm)	Native portability gate (debug and release)	2026-09-20T11:50:26.9098210Z test annotation_does_not_accept_new_failures ... ok
linux-portability (ubuntu-24.04-arm)	Native portability gate (debug and release)	2026-09-20T11:50:26.9149144Z test preserves_bytes_whitespace_and_status ... ok
linux-portability (ubuntu-24.04-arm)	Native portability gate (debug and release)	2026-09-20T11:50:26.9150346Z test aggregate_gate_reports_an_intermediate_failure ... ok
linux-portability (ubuntu-24.04-arm)	Native portability gate (debug and release)	2026-09-20T11:50:26.9208189Z test each_run_has_a_fresh_directory ... ok
linux-portability (ubuntu-24.04-arm)	Native portability gate (debug and release)	2026-09-20T11:50:27.3421347Z test timeout_kills_descendants ... ok
linux-portability (ubuntu-24.04-arm)	Native portability gate (debug and release)	2026-09-20T11:50:27.3421935Z 
linux-portability (ubuntu-24.04-arm)	Native portability gate (debug and release)	2026-09-20T11:50:27.3422217Z test result: ok. 5 passed; 0 failed; 0 ignored; 0 measured; 0 filtered out; finished in 0.43s
linux-portability (ubuntu-24.04-arm)	Native portability gate (debug and release)	2026-09-20T11:50:27.3422591Z 
linux-portability (ubuntu-24.04-arm)	Native portability gate (debug and release)	2026-09-20T11:50:27.3423722Z      Running tests/input_contract.rs (target/release/deps/input_contract-7af55302e2598d8a)
linux-portability (ubuntu-24.04-arm)	Native portability gate (debug and release)	2026-09-20T11:50:27.3431182Z 
linux-portability (ubuntu-24.04-arm)	Native portability gate (debug and release)	2026-09-20T11:50:27.3431491Z running 5 tests
linux-portability (ubuntu-24.04-arm)	Native portability gate (debug and release)	2026-09-20T11:50:27.3496882Z test getline_uses_main_stream_and_counts_every_read ... ok
linux-portability (ubuntu-24.04-arm)	Native portability gate (debug and release)	2026-09-20T11:50:27.3498607Z test rewriting_record_does_not_count_a_read ... ok
linux-portability (ubuntu-24.04-arm)	Native portability gate (debug and release)	2026-09-20T11:50:27.3499261Z test file_getline_and_interleaved_assignments ... ok
linux-portability (ubuntu-24.04-arm)	Native portability gate (debug and release)	2026-09-20T11:50:27.3499637Z test missing_getline_file_is_an_error_not_eof ... ok
linux-portability (ubuntu-24.04-arm)	Native portability gate (debug and release)	2026-09-20T11:50:27.3556337Z test rs_changes_apply_to_unconsumed_input ... ok
linux-portability (ubuntu-24.04-arm)	Native portability gate (debug and release)	2026-09-20T11:50:27.3556682Z 
linux-portability (ubuntu-24.04-arm)	Native portability gate (debug and release)	2026-09-20T11:50:27.3556961Z test result: ok. 5 passed; 0 failed; 0 ignored; 0 measured; 0 filtered out; finished in 0.01s
linux-portability (ubuntu-24.04-arm)	Native portability gate (debug and release)	2026-09-20T11:50:27.3557296Z 
linux-portability (ubuntu-24.04-arm)	Native portability gate (debug and release)	2026-09-20T11:50:27.3557739Z      Running tests/language_contract.rs (target/release/deps/language_contract-3857c07be8374753)
linux-portability (ubuntu-24.04-arm)	Native portability gate (debug and release)	2026-09-20T11:50:27.3564472Z 
linux-portability (ubuntu-24.04-arm)	Native portability gate (debug and release)	2026-09-20T11:50:27.3564686Z running 7 tests
linux-portability (ubuntu-24.04-arm)	Native portability gate (debug and release)	2026-09-20T11:50:27.3629044Z test expressions_and_escapes ... ok
linux-portability (ubuntu-24.04-arm)	Native portability gate (debug and release)	2026-09-20T11:50:27.3644294Z test array_reads_create_entries ... ok
linux-portability (ubuntu-24.04-arm)	Native portability gate (debug and release)	2026-09-20T11:50:27.3644729Z test array_parameters_are_references ... ok
linux-portability (ubuntu-24.04-arm)	Native portability gate (debug and release)	2026-09-20T11:50:27.3645094Z test convfmt_is_used_for_comparisons_fields_and_keys ... ok
linux-portability (ubuntu-24.04-arm)	Native portability gate (debug and release)	2026-09-20T11:50:27.3652578Z test range_patterns_and_empty_actions ... ok
linux-portability (ubuntu-24.04-arm)	Native portability gate (debug and release)	2026-09-20T11:50:27.3686720Z test lvalue_indices_are_evaluated_once ... ok
linux-portability (ubuntu-24.04-arm)	Native portability gate (debug and release)	2026-09-20T11:50:27.3695114Z test numeric_and_string_values_keep_their_types ... ok
linux-portability (ubuntu-24.04-arm)	Native portability gate (debug and release)	2026-09-20T11:50:27.3695573Z 
linux-portability (ubuntu-24.04-arm)	Native portability gate (debug and release)	2026-09-20T11:50:27.3695839Z test result: ok. 7 passed; 0 failed; 0 ignored; 0 measured; 0 filtered out; finished in 0.01s
linux-portability (ubuntu-24.04-arm)	Native portability gate (debug and release)	2026-09-20T11:50:27.3696175Z 
linux-portability (ubuntu-24.04-arm)	Native portability gate (debug and release)	2026-09-20T11:50:27.3696590Z      Running tests/legacy_locale.rs (target/release/deps/legacy_locale-8b632052e75975eb)
linux-portability (ubuntu-24.04-arm)	Native portability gate (debug and release)	2026-09-20T11:50:27.3703706Z 
linux-portability (ubuntu-24.04-arm)	Native portability gate (debug and release)	2026-09-20T11:50:27.3703903Z running 6 tests
linux-portability (ubuntu-24.04-arm)	Native portability gate (debug and release)	2026-09-20T11:50:27.3946779Z test every_nonzero_byte_case_conversion_matches_c ... ok
linux-portability (ubuntu-24.04-arm)	Native portability gate (debug and release)	2026-09-20T11:50:27.3957967Z test byte_positions_ranges_splits_and_substitution_match_c ... ok
linux-portability (ubuntu-24.04-arm)	Native portability gate (debug and release)	2026-09-20T11:50:27.4065682Z test nul_preservation_remains_an_explicit_rust_extension ... ok
linux-portability (ubuntu-24.04-arm)	Native portability gate (debug and release)	2026-09-20T11:50:27.4183788Z test legacy_locale_selection_obeys_precedence_and_is_fixed_at_startup ... ok
linux-portability (ubuntu-24.04-arm)	Native portability gate (debug and release)	2026-09-20T11:50:27.4196466Z test required_single_byte_locales_are_active ... ok
linux-portability (ubuntu-24.04-arm)	Native portability gate (debug and release)	2026-09-20T11:50:27.6565928Z test every_nonzero_byte_in_each_posix_class_matches_c ... ok
linux-portability (ubuntu-24.04-arm)	Native portability gate (debug and release)	2026-09-20T11:50:27.6566449Z 
linux-portability (ubuntu-24.04-arm)	Native portability gate (debug and release)	2026-09-20T11:50:27.6566735Z test result: ok. 6 passed; 0 failed; 0 ignored; 0 measured; 0 filtered out; finished in 0.29s
linux-portability (ubuntu-24.04-arm)	Native portability gate (debug and release)	2026-09-20T11:50:27.6567162Z 
linux-portability (ubuntu-24.04-arm)	Native portability gate (debug and release)	2026-09-20T11:50:27.6567428Z      Running tests/runtime_contract.rs (target/release/deps/runtime_contract-ac624beca28deeec)
linux-portability (ubuntu-24.04-arm)	Native portability gate (debug and release)	2026-09-20T11:50:27.6574505Z 
linux-portability (ubuntu-24.04-arm)	Native portability gate (debug and release)	2026-09-20T11:50:27.6574868Z running 3 tests
linux-portability (ubuntu-24.04-arm)	Native portability gate (debug and release)	2026-09-20T11:50:27.6596931Z test exit_executes_end_and_interrupts_expressions ... ok
linux-portability (ubuntu-24.04-arm)	Native portability gate (debug and release)	2026-09-20T11:50:27.6638678Z test return_escapes_all_loop_forms ... ok
linux-portability (ubuntu-24.04-arm)	Native portability gate (debug and release)	2026-09-20T11:50:27.6640039Z test short_circuit_preserves_side_effects ... ok
linux-portability (ubuntu-24.04-arm)	Native portability gate (debug and release)	2026-09-20T11:50:27.6640537Z 
linux-portability (ubuntu-24.04-arm)	Native portability gate (debug and release)	2026-09-20T11:50:27.6640809Z test result: ok. 3 passed; 0 failed; 0 ignored; 0 measured; 0 filtered out; finished in 0.01s
linux-portability (ubuntu-24.04-arm)	Native portability gate (debug and release)	2026-09-20T11:50:27.6641147Z 
linux-portability (ubuntu-24.04-arm)	Native portability gate (debug and release)	2026-09-20T11:50:27.6641450Z      Running tests/shift_jis.rs (target/release/deps/shift_jis-23910551a52ee09f)
linux-portability (ubuntu-24.04-arm)	Native portability gate (debug and release)	2026-09-20T11:50:27.6647626Z 
linux-portability (ubuntu-24.04-arm)	Native portability gate (debug and release)	2026-09-20T11:50:27.6647865Z running 12 tests
linux-portability (ubuntu-24.04-arm)	Native portability gate (debug and release)	2026-09-20T11:50:27.6771321Z test conversion_failure_preserves_atomic_print_contract ... ok
linux-portability (ubuntu-24.04-arm)	Native portability gate (debug and release)	2026-09-20T11:50:27.6774619Z test embedded_nul_preserves_the_rust_binary_extension ... ok
linux-portability (ubuntu-24.04-arm)	Native portability gate (debug and release)	2026-09-20T11:50:27.6856073Z test decoded_character_with_unencodable_case_mapping_matches_c ... ok
linux-portability (ubuntu-24.04-arm)	Native portability gate (debug and release)	2026-09-20T11:50:27.6975312Z test regex_rs_with_three_or_four_byte_structural_units_matches_c ... ok
linux-portability (ubuntu-24.04-arm)	Native portability gate (debug and release)	2026-09-20T11:50:27.7093989Z test required_sjis_locale_has_observable_case_mapping ... ok
linux-portability (ubuntu-24.04-arm)	Native portability gate (debug and release)	2026-09-20T11:50:27.7414511Z test record_separators_and_locale_precedence_match_c ... ok
linux-portability (ubuntu-24.04-arm)	Native portability gate (debug and release)	2026-09-20T11:50:27.7533854Z test streaming_rs_keeps_binary_data_distinct_from_eof ... ok
linux-portability (ubuntu-24.04-arm)	Native portability gate (debug and release)	2026-09-20T11:50:27.8486891Z test regex_rs_sjis_refill_across_input_buffers_and_getline_matches_c ... ok
linux-portability (ubuntu-24.04-arm)	Native portability gate (debug and release)	2026-09-20T11:50:27.9305293Z test structural_units_regex_fields_and_formatting_match_c ... ok
linux-portability (ubuntu-24.04-arm)	Native portability gate (debug and release)	2026-09-20T11:50:27.9729733Z test valid_case_conversion_and_truncated_suffixes_match_c ... ok
linux-portability (ubuntu-24.04-arm)	Native portability gate (debug and release)	2026-09-20T11:50:29.8083421Z test regex_rs_refill_restart_longest_and_anchors_match_c ... ok
linux-portability (ubuntu-24.04-arm)	Native portability gate (debug and release)	2026-09-20T11:50:36.5010247Z test single_bytes_and_lead_trail_boundaries_match_c ... ok
linux-portability (ubuntu-24.04-arm)	Native portability gate (debug and release)	2026-09-20T11:50:36.5010659Z 
linux-portability (ubuntu-24.04-arm)	Native portability gate (debug and release)	2026-09-20T11:50:36.5010906Z test result: ok. 12 passed; 0 failed; 0 ignored; 0 measured; 0 filtered out; finished in 8.84s
linux-portability (ubuntu-24.04-arm)	Native portability gate (debug and release)	2026-09-20T11:50:36.5011257Z 
linux-portability (ubuntu-24.04-arm)	Native portability gate (debug and release)	2026-09-20T11:50:36.5012180Z      Running tests/unicode_contract.rs (target/release/deps/unicode_contract-ed05e2a14edbe220)
linux-portability (ubuntu-24.04-arm)	Native portability gate (debug and release)	2026-09-20T11:50:36.5018870Z 
linux-portability (ubuntu-24.04-arm)	Native portability gate (debug and release)	2026-09-20T11:50:36.5019120Z running 10 tests
linux-portability (ubuntu-24.04-arm)	Native portability gate (debug and release)	2026-09-20T11:50:36.5098688Z test binary_nul_extension_and_case_conversion_errors ... ok
linux-portability (ubuntu-24.04-arm)	Native portability gate (debug and release)	2026-09-20T11:50:36.5354060Z test repeated_matches_and_index_inside_a_multibyte_unit ... ok
linux-portability (ubuntu-24.04-arm)	Native portability gate (debug and release)	2026-09-20T11:50:36.5663708Z test required_locales_are_active_in_both_interpreters ... ok
linux-portability (ubuntu-24.04-arm)	Native portability gate (debug and release)	2026-09-20T11:50:36.5997631Z test locale_precedence_and_character_operations ... ok
linux-portability (ubuntu-24.04-arm)	Native portability gate (debug and release)	2026-09-20T11:50:36.6033823Z test boolean_regex_search_preserves_rune_alignment_and_empty_matches ... ok
linux-portability (ubuntu-24.04-arm)	Native portability gate (debug and release)	2026-09-20T11:50:36.6235442Z test unicode_formatting_and_source_escapes ... ok
linux-portability (ubuntu-24.04-arm)	Native portability gate (debug and release)	2026-09-20T11:50:36.6507735Z test utf8_record_separators_across_buffers ... ok
linux-portability (ubuntu-24.04-arm)	Native portability gate (debug and release)	2026-09-20T11:50:36.6832563Z test utf8_regex_empty_matches_and_mixed_bytes ... ok
linux-portability (ubuntu-24.04-arm)	Native portability gate (debug and release)	2026-09-20T11:50:36.6974126Z test unicode_classes_ranges_and_anchors ... ok
linux-portability (ubuntu-24.04-arm)	Native portability gate (debug and release)	2026-09-20T11:50:37.9606245Z test original_utf8_drivers ... ok
linux-portability (ubuntu-24.04-arm)	Native portability gate (debug and release)	2026-09-20T11:50:37.9606729Z 
linux-portability (ubuntu-24.04-arm)	Native portability gate (debug and release)	2026-09-20T11:50:37.9607008Z test result: ok. 10 passed; 0 failed; 0 ignored; 0 measured; 0 filtered out; finished in 1.46s
linux-portability (ubuntu-24.04-arm)	Native portability gate (debug and release)	2026-09-20T11:50:37.9607386Z 
linux-portability (ubuntu-24.04-arm)	Compare all native libc-valid Shift-JIS pairs	﻿2026-09-20T11:50:37.9686210Z ##[group]Run python3 scripts/shift_jis_platform_probe.py --output diary/shift-jis-platform-ci.json
linux-portability (ubuntu-24.04-arm)	Compare all native libc-valid Shift-JIS pairs	2026-09-20T11:50:37.9687085Z [36;1mpython3 scripts/shift_jis_platform_probe.py --output diary/shift-jis-platform-ci.json[0m
linux-portability (ubuntu-24.04-arm)	Compare all native libc-valid Shift-JIS pairs	2026-09-20T11:50:37.9721091Z shell: /usr/bin/bash -e {0}
linux-portability (ubuntu-24.04-arm)	Compare all native libc-valid Shift-JIS pairs	2026-09-20T11:50:37.9721403Z env:
linux-portability (ubuntu-24.04-arm)	Compare all native libc-valid Shift-JIS pairs	2026-09-20T11:50:37.9721657Z   LC_ALL: C
linux-portability (ubuntu-24.04-arm)	Compare all native libc-valid Shift-JIS pairs	2026-09-20T11:50:37.9721885Z   CARGO_INCREMENTAL: 0
linux-portability (ubuntu-24.04-arm)	Compare all native libc-valid Shift-JIS pairs	2026-09-20T11:50:37.9722133Z   RUSTUP_TOOLCHAIN: 1.96.0
linux-portability (ubuntu-24.04-arm)	Compare all native libc-valid Shift-JIS pairs	2026-09-20T11:50:37.9722658Z ##[endgroup]
linux-portability (ubuntu-24.04-arm)	Compare all native libc-valid Shift-JIS pairs	2026-09-20T11:50:38.1232427Z 6879 libc-valid double-byte pairs: upper/lower MATCH
linux-portability (ubuntu-24.04-arm)	Inventory original drivers on this platform	﻿2026-09-20T11:50:38.1334991Z ##[group]Run python3 scripts/full_driver_audit.py --output diary/linux-driver-results-ci.json
linux-portability (ubuntu-24.04-arm)	Inventory original drivers on this platform	2026-09-20T11:50:38.1335820Z [36;1mpython3 scripts/full_driver_audit.py --output diary/linux-driver-results-ci.json[0m
linux-portability (ubuntu-24.04-arm)	Inventory original drivers on this platform	2026-09-20T11:50:38.1368401Z shell: /usr/bin/bash -e {0}
linux-portability (ubuntu-24.04-arm)	Inventory original drivers on this platform	2026-09-20T11:50:38.1368684Z env:
linux-portability (ubuntu-24.04-arm)	Inventory original drivers on this platform	2026-09-20T11:50:38.1368927Z   LC_ALL: C
linux-portability (ubuntu-24.04-arm)	Inventory original drivers on this platform	2026-09-20T11:50:38.1369147Z   CARGO_INCREMENTAL: 0
linux-portability (ubuntu-24.04-arm)	Inventory original drivers on this platform	2026-09-20T11:50:38.1369388Z   RUSTUP_TOOLCHAIN: 1.96.0
linux-portability (ubuntu-24.04-arm)	Inventory original drivers on this platform	2026-09-20T11:50:38.1369692Z ##[endgroup]
linux-portability (ubuntu-24.04-arm)	Inventory original drivers on this platform	2026-09-20T11:50:38.3222193Z T.-f-f pass 
linux-portability (ubuntu-24.04-arm)	Inventory original drivers on this platform	2026-09-20T11:50:38.4887589Z T.argv pass 
linux-portability (ubuntu-24.04-arm)	Inventory original drivers on this platform	2026-09-20T11:50:38.7755192Z T.arnold pass 
linux-portability (ubuntu-24.04-arm)	Inventory original drivers on this platform	2026-09-20T11:50:39.2454122Z T.beebe open 
linux-portability (ubuntu-24.04-arm)	Inventory original drivers on this platform	2026-09-20T11:50:39.3982250Z T.builtin open BAD: T.builtin (rand)
linux-portability (ubuntu-24.04-arm)	Inventory original drivers on this platform	2026-09-20T11:50:39.5992310Z T.chem pass 
linux-portability (ubuntu-24.04-arm)	Inventory original drivers on this platform	2026-09-20T11:50:39.8363928Z T.close pass 
linux-portability (ubuntu-24.04-arm)	Inventory original drivers on this platform	2026-09-20T11:50:40.0355686Z T.clv pass 
linux-portability (ubuntu-24.04-arm)	Inventory original drivers on this platform	2026-09-20T11:50:40.1636981Z T.csconcat pass 
linux-portability (ubuntu-24.04-arm)	Inventory original drivers on this platform	2026-09-20T11:50:40.4013876Z T.csv pass 
linux-portability (ubuntu-24.04-arm)	Inventory original drivers on this platform	2026-09-20T11:50:40.5263552Z T.delete pass 
linux-portability (ubuntu-24.04-arm)	Inventory original drivers on this platform	2026-09-20T11:50:40.8092718Z T.errmsg reference-failure BAD: illegal primary in regular expression failed BAD: illegal break, continue, next or nextfile from BEGIN failed BAD: illegal break, continue, next or nextfile from END failed BAD: nextfile is illegal inside a function failed BAD: nonterminated character class failed BAD: nonterminated character class failed BAD: nonterminated character cl
linux-portability (ubuntu-24.04-arm)	Inventory original drivers on this platform	2026-09-20T11:50:41.4691256Z T.expr pass 
linux-portability (ubuntu-24.04-arm)	Inventory original drivers on this platform	2026-09-20T11:50:41.5955709Z T.exprconv pass 
linux-portability (ubuntu-24.04-arm)	Inventory original drivers on this platform	2026-09-20T11:50:41.7343763Z T.flags open T.flags: bad no program T.flags: bad can.t open program T.flags: bad can.t open program 2 T.flags: bad missing field separator
linux-portability (ubuntu-24.04-arm)	Inventory original drivers on this platform	2026-09-20T11:50:42.0252548Z T.func pass 
linux-portability (ubuntu-24.04-arm)	Inventory original drivers on this platform	2026-09-20T11:50:42.9283967Z T.gawk pass 
linux-portability (ubuntu-24.04-arm)	Inventory original drivers on this platform	2026-09-20T11:50:43.0855524Z T.getline pass 
linux-portability (ubuntu-24.04-arm)	Inventory original drivers on this platform	2026-09-20T11:50:43.2180814Z T.int-expr pass 
linux-portability (ubuntu-24.04-arm)	Inventory original drivers on this platform	2026-09-20T11:50:43.3587965Z T.latin1 pass 
linux-portability (ubuntu-24.04-arm)	Inventory original drivers on this platform	2026-09-20T11:50:44.1903326Z T.lilly pass 
linux-portability (ubuntu-24.04-arm)	Inventory original drivers on this platform	2026-09-20T11:50:44.3284220Z T.main pass 
linux-portability (ubuntu-24.04-arm)	Inventory original drivers on this platform	2026-09-20T11:50:44.6575503Z T.misc open BAD: T.misc split error BAD: T.misc hello error BAD: T.misc pile error BAD: T.misc gsub banana error BAD: T.misc sub banana error BAD: T.misc lineno BAD: T.misc can't open BAD: T.misc continuation line number BAD: T.misc syntax error line number �BAD: T.misc escape sequences in strings mishandled BAD: T.misc fcn args BAD: T.misc undefine
linux-portability (ubuntu-24.04-arm)	Inventory original drivers on this platform	2026-09-20T11:50:44.9222608Z T.nextfile pass 
linux-portability (ubuntu-24.04-arm)	Inventory original drivers on this platform	2026-09-20T11:50:45.3527328Z T.overflow pass 
linux-portability (ubuntu-24.04-arm)	Inventory original drivers on this platform	2026-09-20T11:50:46.2978491Z T.re pass 
linux-portability (ubuntu-24.04-arm)	Inventory original drivers on this platform	2026-09-20T11:50:46.4266010Z T.recache pass 
linux-portability (ubuntu-24.04-arm)	Inventory original drivers on this platform	2026-09-20T11:50:46.5745770Z T.redir pass 
linux-portability (ubuntu-24.04-arm)	Inventory original drivers on this platform	2026-09-20T11:50:46.7487983Z T.split pass 
linux-portability (ubuntu-24.04-arm)	Inventory original drivers on this platform	2026-09-20T11:50:47.2840032Z T.sub pass 
linux-portability (ubuntu-24.04-arm)	Inventory original drivers on this platform	2026-09-20T11:50:47.4131823Z T.system pass 
linux-portability (ubuntu-24.04-arm)	Inventory original drivers on this platform	2026-09-20T11:50:48.0473206Z T.utf reference-failure test 1.3 failed test 1.4 failed test 1.5 failed test 1.6 failed test 1.7 failed test 1.8 failed test 1.9 failed test 1.10 failed test 1.11 failed test 1.12 failed test 1.13 failed test 1.14 failed test 1.15 failed test 1.16 failed test 1.17 failed test 1.18 failed test 1.19 failed test 1.20 failed test 1.21 fail
linux-portability (ubuntu-24.04-arm)	Inventory original drivers on this platform	2026-09-20T11:50:48.7146178Z T.utfre reference-failure 43 fails ^λ.$ ~ λλ 51 fails ^.해 ~ め해 52 fails ^.해 ~ め해해 64 fails 해* ~  68 fails 해* ~ めめめめ 69 fails 해해* ~ 해 71 fails 해해* ~ め해 84 fails xθ+y ~ xθθy 85 fails xθ+y ~ xθθθθθθy 89 fails xθ?y ~ xy 92 fails θ?b?の? ~  93 fails θ?b?の? ~ x 106 fails [Α-Ω] !~ β 108 fails [^Α-Ω] ~ δ 119 fails [Α-ΔΦ-Ω] !~ Π 120 fails [Α-ΔΦ-Ω] !~ Σ
linux-portability (ubuntu-24.04-arm)	Retain platform evidence	﻿2026-09-20T11:50:48.7306562Z Node 20 is being deprecated. This workflow is running with Node 24 by default. If you need to temporarily use Node 20, you can set the ACTIONS_ALLOW_USE_UNSECURE_NODE_VERSION=true environment variable. For more information see: https://github.blog/changelog/2025-09-19-deprecation-of-node-20-on-github-actions-runners/
linux-portability (ubuntu-24.04-arm)	Retain platform evidence	2026-09-20T11:50:48.7308642Z ##[group]Run actions/upload-artifact@ea165f8d65b6e75b540449e92b4886f43607fa02
linux-portability (ubuntu-24.04-arm)	Retain platform evidence	2026-09-20T11:50:48.7309311Z with:
linux-portability (ubuntu-24.04-arm)	Retain platform evidence	2026-09-20T11:50:48.7309499Z   name: portability-ubuntu-24.04-arm
linux-portability (ubuntu-24.04-arm)	Retain platform evidence	2026-09-20T11:50:48.7310454Z   path: rawk/diary/shift-jis-platform-ci.json
linux-portability (ubuntu-24.04-arm)	Retain platform evidence	rawk/diary/shift-jis-locale-ci.log
linux-portability (ubuntu-24.04-arm)	Retain platform evidence	rawk/diary/format-platform-ci.json
linux-portability (ubuntu-24.04-arm)	Retain platform evidence	rawk/diary/portability-ci.log
linux-portability (ubuntu-24.04-arm)	Retain platform evidence	rawk/diary/linux-driver-results-ci.json
linux-portability (ubuntu-24.04-arm)	Retain platform evidence	
linux-portability (ubuntu-24.04-arm)	Retain platform evidence	2026-09-20T11:50:48.7311226Z   if-no-files-found: error
linux-portability (ubuntu-24.04-arm)	Retain platform evidence	2026-09-20T11:50:48.7311438Z   compression-level: 6
linux-portability (ubuntu-24.04-arm)	Retain platform evidence	2026-09-20T11:50:48.7311625Z   overwrite: false
linux-portability (ubuntu-24.04-arm)	Retain platform evidence	2026-09-20T11:50:48.7311810Z   include-hidden-files: false
linux-portability (ubuntu-24.04-arm)	Retain platform evidence	2026-09-20T11:50:48.7312015Z env:
linux-portability (ubuntu-24.04-arm)	Retain platform evidence	2026-09-20T11:50:48.7312159Z   LC_ALL: C
linux-portability (ubuntu-24.04-arm)	Retain platform evidence	2026-09-20T11:50:48.7312352Z   CARGO_INCREMENTAL: 0
linux-portability (ubuntu-24.04-arm)	Retain platform evidence	2026-09-20T11:50:48.7312556Z   RUSTUP_TOOLCHAIN: 1.96.0
linux-portability (ubuntu-24.04-arm)	Retain platform evidence	2026-09-20T11:50:48.7312778Z ##[endgroup]
linux-portability (ubuntu-24.04-arm)	Retain platform evidence	2026-09-20T11:50:48.8659686Z (node:34840) [DEP0040] DeprecationWarning: The `punycode` module is deprecated. Please use a userland alternative instead.
linux-portability (ubuntu-24.04-arm)	Retain platform evidence	2026-09-20T11:50:48.8660446Z (Use `node --trace-deprecation ...` to show where the warning was created)
linux-portability (ubuntu-24.04-arm)	Retain platform evidence	2026-09-20T11:50:48.8727021Z Multiple search paths detected. Calculating the least common ancestor of all paths
linux-portability (ubuntu-24.04-arm)	Retain platform evidence	2026-09-20T11:50:48.8729407Z The least common ancestor is /home/runner/work/rawk/rawk/rawk/diary. This will be the root directory of the artifact
linux-portability (ubuntu-24.04-arm)	Retain platform evidence	2026-09-20T11:50:48.8730229Z With the provided path, there will be 5 files uploaded
linux-portability (ubuntu-24.04-arm)	Retain platform evidence	2026-09-20T11:50:48.8733439Z Artifact name is valid!
linux-portability (ubuntu-24.04-arm)	Retain platform evidence	2026-09-20T11:50:48.8734412Z Root directory input is valid!
linux-portability (ubuntu-24.04-arm)	Retain platform evidence	2026-09-20T11:50:49.2158466Z Beginning upload of artifact content to blob storage
linux-portability (ubuntu-24.04-arm)	Retain platform evidence	2026-09-20T11:50:49.2387923Z (node:34840) [DEP0169] DeprecationWarning: `url.parse()` behavior is not standardized and prone to errors that have security implications. Use the WHATWG URL API instead. CVEs are not issued for `url.parse()` vulnerabilities.
linux-portability (ubuntu-24.04-arm)	Retain platform evidence	2026-09-20T11:50:49.4832684Z Uploaded bytes 18186
linux-portability (ubuntu-24.04-arm)	Retain platform evidence	2026-09-20T11:50:49.5401504Z Finished uploading artifact content to blob storage!
linux-portability (ubuntu-24.04-arm)	Retain platform evidence	2026-09-20T11:50:49.5402675Z SHA256 digest of uploaded artifact zip is e7c20b2862dfb10f9450a3b219e64ae8a3ef6de609bb6b2f55b08be33466f61a
linux-portability (ubuntu-24.04-arm)	Retain platform evidence	2026-09-20T11:50:49.5403243Z Finalizing artifact upload
linux-portability (ubuntu-24.04-arm)	Retain platform evidence	2026-09-20T11:50:49.7892927Z Artifact portability-ubuntu-24.04-arm.zip successfully finalized. Artifact ID 10604518697
linux-portability (ubuntu-24.04-arm)	Retain platform evidence	2026-09-20T11:50:49.7893695Z Artifact portability-ubuntu-24.04-arm has been successfully uploaded! Final size is 18186 bytes. Artifact ID is 10604518697
linux-portability (ubuntu-24.04-arm)	Retain platform evidence	2026-09-20T11:50:49.7900226Z Artifact download URL: https://github.com/francescotinti/rawk/actions/runs/35508846617/artifacts/10604518697
linux-portability (ubuntu-24.04-arm)	Post Run actions/checkout@11bd71901bbe5b1630ceea73d27597364c9af683	﻿2026-09-20T11:50:49.8095141Z Node 20 is being deprecated. This workflow is running with Node 24 by default. If you need to temporarily use Node 20, you can set the ACTIONS_ALLOW_USE_UNSECURE_NODE_VERSION=true environment variable. For more information see: https://github.blog/changelog/2025-09-19-deprecation-of-node-20-on-github-actions-runners/
linux-portability (ubuntu-24.04-arm)	Post Run actions/checkout@11bd71901bbe5b1630ceea73d27597364c9af683	2026-09-20T11:50:49.8096369Z Post job cleanup.
linux-portability (ubuntu-24.04-arm)	Post Run actions/checkout@11bd71901bbe5b1630ceea73d27597364c9af683	2026-09-20T11:50:49.8798187Z [command]/usr/bin/git version
linux-portability (ubuntu-24.04-arm)	Post Run actions/checkout@11bd71901bbe5b1630ceea73d27597364c9af683	2026-09-20T11:50:49.8802888Z git version 2.55.0
linux-portability (ubuntu-24.04-arm)	Post Run actions/checkout@11bd71901bbe5b1630ceea73d27597364c9af683	2026-09-20T11:50:49.8835008Z Temporarily overriding HOME='/home/runner/work/_temp/19bb25aa-18d1-444e-95a6-6d801d319886' before making global git config changes
linux-portability (ubuntu-24.04-arm)	Post Run actions/checkout@11bd71901bbe5b1630ceea73d27597364c9af683	2026-09-20T11:50:49.8835745Z Adding repository directory to the temporary git global config as a safe directory
linux-portability (ubuntu-24.04-arm)	Post Run actions/checkout@11bd71901bbe5b1630ceea73d27597364c9af683	2026-09-20T11:50:49.8840197Z [command]/usr/bin/git config --global --add safe.directory /home/runner/work/rawk/rawk/rawk
linux-portability (ubuntu-24.04-arm)	Post Run actions/checkout@11bd71901bbe5b1630ceea73d27597364c9af683	2026-09-20T11:50:49.8871460Z [command]/usr/bin/git config --local --name-only --get-regexp core\.sshCommand
linux-portability (ubuntu-24.04-arm)	Post Run actions/checkout@11bd71901bbe5b1630ceea73d27597364c9af683	2026-09-20T11:50:49.8898769Z [command]/usr/bin/git submodule foreach --recursive sh -c "git config --local --name-only --get-regexp 'core\.sshCommand' && git config --local --unset-all 'core.sshCommand' || :"
linux-portability (ubuntu-24.04-arm)	Post Run actions/checkout@11bd71901bbe5b1630ceea73d27597364c9af683	2026-09-20T11:50:49.9058541Z [command]/usr/bin/git config --local --name-only --get-regexp http\.https\:\/\/github\.com\/\.extraheader
linux-portability (ubuntu-24.04-arm)	Post Run actions/checkout@11bd71901bbe5b1630ceea73d27597364c9af683	2026-09-20T11:50:49.9081623Z http.https://github.com/.extraheader
linux-portability (ubuntu-24.04-arm)	Post Run actions/checkout@11bd71901bbe5b1630ceea73d27597364c9af683	2026-09-20T11:50:49.9090616Z [command]/usr/bin/git config --local --unset-all http.https://github.com/.extraheader
linux-portability (ubuntu-24.04-arm)	Post Run actions/checkout@11bd71901bbe5b1630ceea73d27597364c9af683	2026-09-20T11:50:49.9125912Z [command]/usr/bin/git submodule foreach --recursive sh -c "git config --local --name-only --get-regexp 'http\.https\:\/\/github\.com\/\.extraheader' && git config --local --unset-all 'http.https://github.com/.extraheader' || :"
linux-portability (ubuntu-24.04-arm)	Complete job	﻿2026-09-20T11:50:49.9418996Z Cleaning up orphan processes
linux-portability (ubuntu-24.04-arm)	Complete job	2026-09-20T11:50:49.9914090Z ##[warning]Node.js 20 is deprecated. The following actions target Node.js 20 but are being forced to run on Node.js 24: actions/checkout@11bd71901bbe5b1630ceea73d27597364c9af683, actions/upload-artifact@ea165f8d65b6e75b540449e92b4886f43607fa02. For more information see: https://github.blog/changelog/2025-09-19-deprecation-of-node-20-on-github-actions-runners/
