linux-portability (ubuntu-24.04-arm)	Set up job	﻿2026-09-20T11:44:43.5140709Z Current runner version: '2.337.0'
linux-portability (ubuntu-24.04-arm)	Set up job	2026-09-20T11:44:43.5172561Z ##[group]Runner Image Provisioner
linux-portability (ubuntu-24.04-arm)	Set up job	2026-09-20T11:44:43.5173619Z Hosted Compute Agent
linux-portability (ubuntu-24.04-arm)	Set up job	2026-09-20T11:44:43.5174245Z Version: 20260828.587
linux-portability (ubuntu-24.04-arm)	Set up job	2026-09-20T11:44:43.5175086Z Commit: abac92662cab4cc7352de4f9f9d2e2419aad9c29
linux-portability (ubuntu-24.04-arm)	Set up job	2026-09-20T11:44:43.5175867Z Build Date: 2026-08-28T16:44:25Z
linux-portability (ubuntu-24.04-arm)	Set up job	2026-09-20T11:44:43.5177065Z Worker ID: {85f1194b-ea93-4519-9173-608efa08fd41}
linux-portability (ubuntu-24.04-arm)	Set up job	2026-09-20T11:44:43.5177978Z Azure Region: southcentralus
linux-portability (ubuntu-24.04-arm)	Set up job	2026-09-20T11:44:43.5178599Z ##[endgroup]
linux-portability (ubuntu-24.04-arm)	Set up job	2026-09-20T11:44:43.5181070Z ##[group]Operating System
linux-portability (ubuntu-24.04-arm)	Set up job	2026-09-20T11:44:43.5181766Z Ubuntu
linux-portability (ubuntu-24.04-arm)	Set up job	2026-09-20T11:44:43.5182304Z 24.04.5
linux-portability (ubuntu-24.04-arm)	Set up job	2026-09-20T11:44:43.5182961Z LTS
linux-portability (ubuntu-24.04-arm)	Set up job	2026-09-20T11:44:43.5183544Z ##[endgroup]
linux-portability (ubuntu-24.04-arm)	Set up job	2026-09-20T11:44:43.5184250Z ##[group]Runner Image
linux-portability (ubuntu-24.04-arm)	Set up job	2026-09-20T11:44:43.5184855Z Image: ubuntu-24.04-arm
linux-portability (ubuntu-24.04-arm)	Set up job	2026-09-20T11:44:43.5185459Z Version: 20260907.118.1
linux-portability (ubuntu-24.04-arm)	Set up job	2026-09-20T11:44:43.5187711Z Included Software: https://github.com/actions/runner-images/blob/ubuntu24-arm64/20260907.118/images/ubuntu/Ubuntu2404-Arm64-Readme.md
linux-portability (ubuntu-24.04-arm)	Set up job	2026-09-20T11:44:43.5189756Z Image Release: https://github.com/actions/runner-images/releases/tag/ubuntu24-arm64%2F20260907.118
linux-portability (ubuntu-24.04-arm)	Set up job	2026-09-20T11:44:43.5190778Z ##[endgroup]
linux-portability (ubuntu-24.04-arm)	Set up job	2026-09-20T11:44:43.5192028Z ##[group]GITHUB_TOKEN Permissions
linux-portability (ubuntu-24.04-arm)	Set up job	2026-09-20T11:44:43.5195214Z Contents: read
linux-portability (ubuntu-24.04-arm)	Set up job	2026-09-20T11:44:43.5195875Z Metadata: read
linux-portability (ubuntu-24.04-arm)	Set up job	2026-09-20T11:44:43.5196891Z ##[endgroup]
linux-portability (ubuntu-24.04-arm)	Set up job	2026-09-20T11:44:43.5199975Z Secret source: Actions
linux-portability (ubuntu-24.04-arm)	Set up job	2026-09-20T11:44:43.5201174Z Cache mode: write
linux-portability (ubuntu-24.04-arm)	Set up job	2026-09-20T11:44:43.5202281Z Prepare workflow directory
linux-portability (ubuntu-24.04-arm)	Set up job	2026-09-20T11:44:43.5694713Z Prepare all required actions
linux-portability (ubuntu-24.04-arm)	Set up job	2026-09-20T11:44:43.5748620Z Getting action download info
linux-portability (ubuntu-24.04-arm)	Set up job	2026-09-20T11:44:43.8425645Z Download action repository 'actions/checkout@11bd71901bbe5b1630ceea73d27597364c9af683' (SHA:11bd71901bbe5b1630ceea73d27597364c9af683)
linux-portability (ubuntu-24.04-arm)	Set up job	2026-09-20T11:44:44.0649907Z Download action repository 'actions/upload-artifact@ea165f8d65b6e75b540449e92b4886f43607fa02' (SHA:ea165f8d65b6e75b540449e92b4886f43607fa02)
linux-portability (ubuntu-24.04-arm)	Set up job	2026-09-20T11:44:44.2753095Z Complete job name: linux-portability (ubuntu-24.04-arm)
linux-portability (ubuntu-24.04-arm)	Run actions/checkout@11bd71901bbe5b1630ceea73d27597364c9af683	﻿2026-09-20T11:44:44.3615231Z Node 20 is being deprecated. This workflow is running with Node 24 by default. If you need to temporarily use Node 20, you can set the ACTIONS_ALLOW_USE_UNSECURE_NODE_VERSION=true environment variable. For more information see: https://github.blog/changelog/2025-09-19-deprecation-of-node-20-on-github-actions-runners/
linux-portability (ubuntu-24.04-arm)	Run actions/checkout@11bd71901bbe5b1630ceea73d27597364c9af683	2026-09-20T11:44:44.3624806Z ##[group]Run actions/checkout@11bd71901bbe5b1630ceea73d27597364c9af683
linux-portability (ubuntu-24.04-arm)	Run actions/checkout@11bd71901bbe5b1630ceea73d27597364c9af683	2026-09-20T11:44:44.3626256Z with:
linux-portability (ubuntu-24.04-arm)	Run actions/checkout@11bd71901bbe5b1630ceea73d27597364c9af683	2026-09-20T11:44:44.3626825Z   path: rawk
linux-portability (ubuntu-24.04-arm)	Run actions/checkout@11bd71901bbe5b1630ceea73d27597364c9af683	2026-09-20T11:44:44.3627615Z   repository: francescotinti/rawk
linux-portability (ubuntu-24.04-arm)	Run actions/checkout@11bd71901bbe5b1630ceea73d27597364c9af683	2026-09-20T11:44:44.3631381Z   token: ***
linux-portability (ubuntu-24.04-arm)	Run actions/checkout@11bd71901bbe5b1630ceea73d27597364c9af683	2026-09-20T11:44:44.3632062Z   ssh-strict: true
linux-portability (ubuntu-24.04-arm)	Run actions/checkout@11bd71901bbe5b1630ceea73d27597364c9af683	2026-09-20T11:44:44.3632637Z   ssh-user: git
linux-portability (ubuntu-24.04-arm)	Run actions/checkout@11bd71901bbe5b1630ceea73d27597364c9af683	2026-09-20T11:44:44.3633202Z   persist-credentials: true
linux-portability (ubuntu-24.04-arm)	Run actions/checkout@11bd71901bbe5b1630ceea73d27597364c9af683	2026-09-20T11:44:44.3633888Z   clean: true
linux-portability (ubuntu-24.04-arm)	Run actions/checkout@11bd71901bbe5b1630ceea73d27597364c9af683	2026-09-20T11:44:44.3634513Z   sparse-checkout-cone-mode: true
linux-portability (ubuntu-24.04-arm)	Run actions/checkout@11bd71901bbe5b1630ceea73d27597364c9af683	2026-09-20T11:44:44.3635216Z   fetch-depth: 1
linux-portability (ubuntu-24.04-arm)	Run actions/checkout@11bd71901bbe5b1630ceea73d27597364c9af683	2026-09-20T11:44:44.3635842Z   fetch-tags: false
linux-portability (ubuntu-24.04-arm)	Run actions/checkout@11bd71901bbe5b1630ceea73d27597364c9af683	2026-09-20T11:44:44.3636640Z   show-progress: true
linux-portability (ubuntu-24.04-arm)	Run actions/checkout@11bd71901bbe5b1630ceea73d27597364c9af683	2026-09-20T11:44:44.3637501Z   lfs: false
linux-portability (ubuntu-24.04-arm)	Run actions/checkout@11bd71901bbe5b1630ceea73d27597364c9af683	2026-09-20T11:44:44.3638077Z   submodules: false
linux-portability (ubuntu-24.04-arm)	Run actions/checkout@11bd71901bbe5b1630ceea73d27597364c9af683	2026-09-20T11:44:44.3638754Z   set-safe-directory: true
linux-portability (ubuntu-24.04-arm)	Run actions/checkout@11bd71901bbe5b1630ceea73d27597364c9af683	2026-09-20T11:44:44.3639838Z env:
linux-portability (ubuntu-24.04-arm)	Run actions/checkout@11bd71901bbe5b1630ceea73d27597364c9af683	2026-09-20T11:44:44.3640816Z   LC_ALL: C
linux-portability (ubuntu-24.04-arm)	Run actions/checkout@11bd71901bbe5b1630ceea73d27597364c9af683	2026-09-20T11:44:44.3641491Z   CARGO_INCREMENTAL: 0
linux-portability (ubuntu-24.04-arm)	Run actions/checkout@11bd71901bbe5b1630ceea73d27597364c9af683	2026-09-20T11:44:44.3642087Z   RUSTUP_TOOLCHAIN: 1.96.0
linux-portability (ubuntu-24.04-arm)	Run actions/checkout@11bd71901bbe5b1630ceea73d27597364c9af683	2026-09-20T11:44:44.3642740Z ##[endgroup]
linux-portability (ubuntu-24.04-arm)	Run actions/checkout@11bd71901bbe5b1630ceea73d27597364c9af683	2026-09-20T11:44:44.4520637Z Syncing repository: francescotinti/rawk
linux-portability (ubuntu-24.04-arm)	Run actions/checkout@11bd71901bbe5b1630ceea73d27597364c9af683	2026-09-20T11:44:44.4523106Z ##[group]Getting Git version info
linux-portability (ubuntu-24.04-arm)	Run actions/checkout@11bd71901bbe5b1630ceea73d27597364c9af683	2026-09-20T11:44:44.4524204Z Working directory is '/home/runner/work/rawk/rawk/rawk'
linux-portability (ubuntu-24.04-arm)	Run actions/checkout@11bd71901bbe5b1630ceea73d27597364c9af683	2026-09-20T11:44:44.4525371Z [command]/usr/bin/git version
linux-portability (ubuntu-24.04-arm)	Run actions/checkout@11bd71901bbe5b1630ceea73d27597364c9af683	2026-09-20T11:44:44.4591411Z git version 2.55.0
linux-portability (ubuntu-24.04-arm)	Run actions/checkout@11bd71901bbe5b1630ceea73d27597364c9af683	2026-09-20T11:44:44.4629250Z ##[endgroup]
linux-portability (ubuntu-24.04-arm)	Run actions/checkout@11bd71901bbe5b1630ceea73d27597364c9af683	2026-09-20T11:44:44.4636602Z Temporarily overriding HOME='/home/runner/work/_temp/c2714d7c-3c09-46d0-a965-15d7e3e36953' before making global git config changes
linux-portability (ubuntu-24.04-arm)	Run actions/checkout@11bd71901bbe5b1630ceea73d27597364c9af683	2026-09-20T11:44:44.4638369Z Adding repository directory to the temporary git global config as a safe directory
linux-portability (ubuntu-24.04-arm)	Run actions/checkout@11bd71901bbe5b1630ceea73d27597364c9af683	2026-09-20T11:44:44.4640305Z [command]/usr/bin/git config --global --add safe.directory /home/runner/work/rawk/rawk/rawk
linux-portability (ubuntu-24.04-arm)	Run actions/checkout@11bd71901bbe5b1630ceea73d27597364c9af683	2026-09-20T11:44:44.4658988Z ##[group]Initializing the repository
linux-portability (ubuntu-24.04-arm)	Run actions/checkout@11bd71901bbe5b1630ceea73d27597364c9af683	2026-09-20T11:44:44.4663098Z [command]/usr/bin/git init /home/runner/work/rawk/rawk/rawk
linux-portability (ubuntu-24.04-arm)	Run actions/checkout@11bd71901bbe5b1630ceea73d27597364c9af683	2026-09-20T11:44:44.4749121Z hint: Using 'master' as the name for the initial branch. This default branch name
linux-portability (ubuntu-24.04-arm)	Run actions/checkout@11bd71901bbe5b1630ceea73d27597364c9af683	2026-09-20T11:44:44.4750720Z hint: will change to "main" in Git 3.0. To configure the initial branch name
linux-portability (ubuntu-24.04-arm)	Run actions/checkout@11bd71901bbe5b1630ceea73d27597364c9af683	2026-09-20T11:44:44.4752048Z hint: to use in all of your new repositories, which will suppress this warning,
linux-portability (ubuntu-24.04-arm)	Run actions/checkout@11bd71901bbe5b1630ceea73d27597364c9af683	2026-09-20T11:44:44.4753220Z hint: call:
linux-portability (ubuntu-24.04-arm)	Run actions/checkout@11bd71901bbe5b1630ceea73d27597364c9af683	2026-09-20T11:44:44.4753960Z hint:
linux-portability (ubuntu-24.04-arm)	Run actions/checkout@11bd71901bbe5b1630ceea73d27597364c9af683	2026-09-20T11:44:44.4754931Z hint: 	git config --global init.defaultBranch <name>
linux-portability (ubuntu-24.04-arm)	Run actions/checkout@11bd71901bbe5b1630ceea73d27597364c9af683	2026-09-20T11:44:44.4755940Z hint:
linux-portability (ubuntu-24.04-arm)	Run actions/checkout@11bd71901bbe5b1630ceea73d27597364c9af683	2026-09-20T11:44:44.4757202Z hint: Names commonly chosen instead of 'master' are 'main', 'trunk' and
linux-portability (ubuntu-24.04-arm)	Run actions/checkout@11bd71901bbe5b1630ceea73d27597364c9af683	2026-09-20T11:44:44.4758580Z hint: 'development'. The just-created branch can be renamed via this command:
linux-portability (ubuntu-24.04-arm)	Run actions/checkout@11bd71901bbe5b1630ceea73d27597364c9af683	2026-09-20T11:44:44.4759682Z hint:
linux-portability (ubuntu-24.04-arm)	Run actions/checkout@11bd71901bbe5b1630ceea73d27597364c9af683	2026-09-20T11:44:44.4760457Z hint: 	git branch -m <name>
linux-portability (ubuntu-24.04-arm)	Run actions/checkout@11bd71901bbe5b1630ceea73d27597364c9af683	2026-09-20T11:44:44.4761512Z hint:
linux-portability (ubuntu-24.04-arm)	Run actions/checkout@11bd71901bbe5b1630ceea73d27597364c9af683	2026-09-20T11:44:44.4762472Z hint: Disable this message with "git config set advice.defaultBranchName false"
linux-portability (ubuntu-24.04-arm)	Run actions/checkout@11bd71901bbe5b1630ceea73d27597364c9af683	2026-09-20T11:44:44.4764004Z Initialized empty Git repository in /home/runner/work/rawk/rawk/rawk/.git/
linux-portability (ubuntu-24.04-arm)	Run actions/checkout@11bd71901bbe5b1630ceea73d27597364c9af683	2026-09-20T11:44:44.4766836Z [command]/usr/bin/git remote add origin https://github.com/francescotinti/rawk
linux-portability (ubuntu-24.04-arm)	Run actions/checkout@11bd71901bbe5b1630ceea73d27597364c9af683	2026-09-20T11:44:44.4810205Z ##[endgroup]
linux-portability (ubuntu-24.04-arm)	Run actions/checkout@11bd71901bbe5b1630ceea73d27597364c9af683	2026-09-20T11:44:44.4811775Z ##[group]Disabling automatic garbage collection
linux-portability (ubuntu-24.04-arm)	Run actions/checkout@11bd71901bbe5b1630ceea73d27597364c9af683	2026-09-20T11:44:44.4812785Z [command]/usr/bin/git config --local gc.auto 0
linux-portability (ubuntu-24.04-arm)	Run actions/checkout@11bd71901bbe5b1630ceea73d27597364c9af683	2026-09-20T11:44:44.4863410Z ##[endgroup]
linux-portability (ubuntu-24.04-arm)	Run actions/checkout@11bd71901bbe5b1630ceea73d27597364c9af683	2026-09-20T11:44:44.4874857Z ##[group]Setting up auth
linux-portability (ubuntu-24.04-arm)	Run actions/checkout@11bd71901bbe5b1630ceea73d27597364c9af683	2026-09-20T11:44:44.4876356Z [command]/usr/bin/git config --local --name-only --get-regexp core\.sshCommand
linux-portability (ubuntu-24.04-arm)	Run actions/checkout@11bd71901bbe5b1630ceea73d27597364c9af683	2026-09-20T11:44:44.4879796Z [command]/usr/bin/git submodule foreach --recursive sh -c "git config --local --name-only --get-regexp 'core\.sshCommand' && git config --local --unset-all 'core.sshCommand' || :"
linux-portability (ubuntu-24.04-arm)	Run actions/checkout@11bd71901bbe5b1630ceea73d27597364c9af683	2026-09-20T11:44:44.5165179Z [command]/usr/bin/git config --local --name-only --get-regexp http\.https\:\/\/github\.com\/\.extraheader
linux-portability (ubuntu-24.04-arm)	Run actions/checkout@11bd71901bbe5b1630ceea73d27597364c9af683	2026-09-20T11:44:44.5194485Z [command]/usr/bin/git submodule foreach --recursive sh -c "git config --local --name-only --get-regexp 'http\.https\:\/\/github\.com\/\.extraheader' && git config --local --unset-all 'http.https://github.com/.extraheader' || :"
linux-portability (ubuntu-24.04-arm)	Run actions/checkout@11bd71901bbe5b1630ceea73d27597364c9af683	2026-09-20T11:44:44.5381729Z [command]/usr/bin/git config --local http.https://github.com/.extraheader AUTHORIZATION: basic ***
linux-portability (ubuntu-24.04-arm)	Run actions/checkout@11bd71901bbe5b1630ceea73d27597364c9af683	2026-09-20T11:44:44.5418662Z ##[endgroup]
linux-portability (ubuntu-24.04-arm)	Run actions/checkout@11bd71901bbe5b1630ceea73d27597364c9af683	2026-09-20T11:44:44.5420266Z ##[group]Fetching the repository
linux-portability (ubuntu-24.04-arm)	Run actions/checkout@11bd71901bbe5b1630ceea73d27597364c9af683	2026-09-20T11:44:44.5427531Z [command]/usr/bin/git -c protocol.version=2 fetch --no-tags --prune --no-recurse-submodules --depth=1 origin +2c214635401bc130838104fc07036e2cbead9b36:refs/remotes/origin/master
linux-portability (ubuntu-24.04-arm)	Run actions/checkout@11bd71901bbe5b1630ceea73d27597364c9af683	2026-09-20T11:44:45.1941927Z From https://github.com/francescotinti/rawk
linux-portability (ubuntu-24.04-arm)	Run actions/checkout@11bd71901bbe5b1630ceea73d27597364c9af683	2026-09-20T11:44:45.1943429Z  * [new ref]         2c214635401bc130838104fc07036e2cbead9b36 -> origin/master
linux-portability (ubuntu-24.04-arm)	Run actions/checkout@11bd71901bbe5b1630ceea73d27597364c9af683	2026-09-20T11:44:45.1961769Z ##[endgroup]
linux-portability (ubuntu-24.04-arm)	Run actions/checkout@11bd71901bbe5b1630ceea73d27597364c9af683	2026-09-20T11:44:45.1963138Z ##[group]Determining the checkout info
linux-portability (ubuntu-24.04-arm)	Run actions/checkout@11bd71901bbe5b1630ceea73d27597364c9af683	2026-09-20T11:44:45.1964309Z ##[endgroup]
linux-portability (ubuntu-24.04-arm)	Run actions/checkout@11bd71901bbe5b1630ceea73d27597364c9af683	2026-09-20T11:44:45.1985185Z [command]/usr/bin/git sparse-checkout disable
linux-portability (ubuntu-24.04-arm)	Run actions/checkout@11bd71901bbe5b1630ceea73d27597364c9af683	2026-09-20T11:44:45.1990116Z [command]/usr/bin/git config --local --unset-all extensions.worktreeConfig
linux-portability (ubuntu-24.04-arm)	Run actions/checkout@11bd71901bbe5b1630ceea73d27597364c9af683	2026-09-20T11:44:45.2016616Z ##[group]Checking out the ref
linux-portability (ubuntu-24.04-arm)	Run actions/checkout@11bd71901bbe5b1630ceea73d27597364c9af683	2026-09-20T11:44:45.2019353Z [command]/usr/bin/git checkout --progress --force -B master refs/remotes/origin/master
linux-portability (ubuntu-24.04-arm)	Run actions/checkout@11bd71901bbe5b1630ceea73d27597364c9af683	2026-09-20T11:44:45.2218943Z Reset branch 'master'
linux-portability (ubuntu-24.04-arm)	Run actions/checkout@11bd71901bbe5b1630ceea73d27597364c9af683	2026-09-20T11:44:45.2224497Z branch 'master' set up to track 'origin/master'.
linux-portability (ubuntu-24.04-arm)	Run actions/checkout@11bd71901bbe5b1630ceea73d27597364c9af683	2026-09-20T11:44:45.2230024Z ##[endgroup]
linux-portability (ubuntu-24.04-arm)	Run actions/checkout@11bd71901bbe5b1630ceea73d27597364c9af683	2026-09-20T11:44:45.2261465Z [command]/usr/bin/git log -1 --format=%H
linux-portability (ubuntu-24.04-arm)	Run actions/checkout@11bd71901bbe5b1630ceea73d27597364c9af683	2026-09-20T11:44:45.2284719Z 2c214635401bc130838104fc07036e2cbead9b36
linux-portability (ubuntu-24.04-arm)	Install pinned Rust toolchain	﻿2026-09-20T11:44:45.2537310Z ##[group]Run rustup toolchain install 1.96.0 --profile minimal --component rustfmt --component clippy
linux-portability (ubuntu-24.04-arm)	Install pinned Rust toolchain	2026-09-20T11:44:45.2540124Z [36;1mrustup toolchain install 1.96.0 --profile minimal --component rustfmt --component clippy[0m
linux-portability (ubuntu-24.04-arm)	Install pinned Rust toolchain	2026-09-20T11:44:45.2639790Z shell: /usr/bin/bash -e {0}
linux-portability (ubuntu-24.04-arm)	Install pinned Rust toolchain	2026-09-20T11:44:45.2641103Z env:
linux-portability (ubuntu-24.04-arm)	Install pinned Rust toolchain	2026-09-20T11:44:45.2641918Z   LC_ALL: C
linux-portability (ubuntu-24.04-arm)	Install pinned Rust toolchain	2026-09-20T11:44:45.2642880Z   CARGO_INCREMENTAL: 0
linux-portability (ubuntu-24.04-arm)	Install pinned Rust toolchain	2026-09-20T11:44:45.2643823Z   RUSTUP_TOOLCHAIN: 1.96.0
linux-portability (ubuntu-24.04-arm)	Install pinned Rust toolchain	2026-09-20T11:44:45.2644740Z ##[endgroup]
linux-portability (ubuntu-24.04-arm)	Install pinned Rust toolchain	2026-09-20T11:44:45.2974595Z info: syncing channel updates for 1.96.0-aarch64-unknown-linux-gnu
linux-portability (ubuntu-24.04-arm)	Install pinned Rust toolchain	2026-09-20T11:44:45.5064216Z info: latest update on 2026-05-28 for version 1.96.0 (ac68faa20 2026-05-25)
linux-portability (ubuntu-24.04-arm)	Install pinned Rust toolchain	2026-09-20T11:44:45.5065167Z info: downloading 5 components
linux-portability (ubuntu-24.04-arm)	Install pinned Rust toolchain	2026-09-20T11:44:50.6837554Z 
linux-portability (ubuntu-24.04-arm)	Install pinned Rust toolchain	2026-09-20T11:44:50.6900084Z   1.96.0-aarch64-unknown-linux-gnu installed - rustc 1.96.0 (ac68faa20 2026-05-25)
linux-portability (ubuntu-24.04-arm)	Install pinned Rust toolchain	2026-09-20T11:44:50.6901193Z 
linux-portability (ubuntu-24.04-arm)	Prepare tested locales and C build tools	﻿2026-09-20T11:44:50.7067928Z ##[group]Run sudo apt-get update
linux-portability (ubuntu-24.04-arm)	Prepare tested locales and C build tools	2026-09-20T11:44:50.7068578Z [36;1msudo apt-get update[0m
linux-portability (ubuntu-24.04-arm)	Prepare tested locales and C build tools	2026-09-20T11:44:50.7069001Z [36;1msudo apt-get install -y build-essential bison locales[0m
linux-portability (ubuntu-24.04-arm)	Prepare tested locales and C build tools	2026-09-20T11:44:50.7069618Z [36;1msudo localedef -i en_US -f UTF-8 en_US.UTF-8[0m
linux-portability (ubuntu-24.04-arm)	Prepare tested locales and C build tools	2026-09-20T11:44:50.7070057Z [36;1msudo localedef -i tr_TR -f UTF-8 tr_TR.UTF-8[0m
linux-portability (ubuntu-24.04-arm)	Prepare tested locales and C build tools	2026-09-20T11:44:50.7070520Z [36;1msudo localedef -i en_US -f ISO-8859-1 en_US.ISO8859-1[0m
linux-portability (ubuntu-24.04-arm)	Prepare tested locales and C build tools	2026-09-20T11:44:50.7070983Z [36;1msudo localedef -i tr_TR -f ISO-8859-9 tr_TR.ISO8859-9[0m
linux-portability (ubuntu-24.04-arm)	Prepare tested locales and C build tools	2026-09-20T11:44:50.7071490Z [36;1msudo localedef --no-warnings=ascii -i ja_JP -f SHIFT_JIS ja_JP.SJIS[0m
linux-portability (ubuntu-24.04-arm)	Prepare tested locales and C build tools	2026-09-20T11:44:50.7071993Z [36;1mlocale -a[0m
linux-portability (ubuntu-24.04-arm)	Prepare tested locales and C build tools	2026-09-20T11:44:50.7072487Z [36;1mcc -std=c11 -Wall -Wextra -Werror scripts/shift_jis_locale_probe.c -o /tmp/rawk-sjis-locale-probe[0m
linux-portability (ubuntu-24.04-arm)	Prepare tested locales and C build tools	2026-09-20T11:44:50.7073082Z [36;1mset -o pipefail[0m
linux-portability (ubuntu-24.04-arm)	Prepare tested locales and C build tools	2026-09-20T11:44:50.7073499Z [36;1m/tmp/rawk-sjis-locale-probe 2>&1 | tee diary/shift-jis-locale-ci.log[0m
linux-portability (ubuntu-24.04-arm)	Prepare tested locales and C build tools	2026-09-20T11:44:50.7129053Z shell: /usr/bin/bash -e {0}
linux-portability (ubuntu-24.04-arm)	Prepare tested locales and C build tools	2026-09-20T11:44:50.7129448Z env:
linux-portability (ubuntu-24.04-arm)	Prepare tested locales and C build tools	2026-09-20T11:44:50.7129873Z   LC_ALL: C
linux-portability (ubuntu-24.04-arm)	Prepare tested locales and C build tools	2026-09-20T11:44:50.7130158Z   CARGO_INCREMENTAL: 0
linux-portability (ubuntu-24.04-arm)	Prepare tested locales and C build tools	2026-09-20T11:44:50.7130498Z   RUSTUP_TOOLCHAIN: 1.96.0
linux-portability (ubuntu-24.04-arm)	Prepare tested locales and C build tools	2026-09-20T11:44:50.7130794Z ##[endgroup]
linux-portability (ubuntu-24.04-arm)	Prepare tested locales and C build tools	2026-09-20T11:44:50.7984129Z Get:1 https://packages.microsoft.com/ubuntu/24.04/prod noble InRelease [3600 B]
linux-portability (ubuntu-24.04-arm)	Prepare tested locales and C build tools	2026-09-20T11:44:50.8470343Z Get:2 https://packages.microsoft.com/ubuntu/24.04/prod noble/main amd64 Packages [478 kB]
linux-portability (ubuntu-24.04-arm)	Prepare tested locales and C build tools	2026-09-20T11:44:50.8597972Z Get:3 https://packages.microsoft.com/ubuntu/24.04/prod noble/main arm64 Packages [429 kB]
linux-portability (ubuntu-24.04-arm)	Prepare tested locales and C build tools	2026-09-20T11:44:51.3050915Z Hit:4 http://ports.ubuntu.com/ubuntu-ports noble InRelease
linux-portability (ubuntu-24.04-arm)	Prepare tested locales and C build tools	2026-09-20T11:44:51.4557249Z Get:5 http://ports.ubuntu.com/ubuntu-ports noble-updates InRelease [126 kB]
linux-portability (ubuntu-24.04-arm)	Prepare tested locales and C build tools	2026-09-20T11:44:52.1066466Z Get:6 http://ports.ubuntu.com/ubuntu-ports noble-backports InRelease [126 kB]
linux-portability (ubuntu-24.04-arm)	Prepare tested locales and C build tools	2026-09-20T11:44:52.4177480Z Get:7 http://ports.ubuntu.com/ubuntu-ports noble-security InRelease [126 kB]
linux-portability (ubuntu-24.04-arm)	Prepare tested locales and C build tools	2026-09-20T11:44:52.6262528Z Get:8 http://ports.ubuntu.com/ubuntu-ports noble-updates/main arm64 Packages [1323 kB]
linux-portability (ubuntu-24.04-arm)	Prepare tested locales and C build tools	2026-09-20T11:44:53.3068716Z Get:9 http://ports.ubuntu.com/ubuntu-ports noble-updates/main Translation-en [294 kB]
linux-portability (ubuntu-24.04-arm)	Prepare tested locales and C build tools	2026-09-20T11:44:53.4871224Z Get:10 http://ports.ubuntu.com/ubuntu-ports noble-updates/main arm64 Components [178 kB]
linux-portability (ubuntu-24.04-arm)	Prepare tested locales and C build tools	2026-09-20T11:44:53.6558327Z Get:11 http://ports.ubuntu.com/ubuntu-ports noble-updates/universe arm64 Packages [1734 kB]
linux-portability (ubuntu-24.04-arm)	Prepare tested locales and C build tools	2026-09-20T11:44:54.0435963Z Get:12 http://ports.ubuntu.com/ubuntu-ports noble-updates/universe Translation-en [338 kB]
linux-portability (ubuntu-24.04-arm)	Prepare tested locales and C build tools	2026-09-20T11:44:54.2140370Z Get:13 http://ports.ubuntu.com/ubuntu-ports noble-updates/universe arm64 Components [387 kB]
linux-portability (ubuntu-24.04-arm)	Prepare tested locales and C build tools	2026-09-20T11:44:54.3866888Z Get:14 http://ports.ubuntu.com/ubuntu-ports noble-updates/restricted arm64 Packages [2347 kB]
linux-portability (ubuntu-24.04-arm)	Prepare tested locales and C build tools	2026-09-20T11:44:54.7217769Z Get:15 http://ports.ubuntu.com/ubuntu-ports noble-updates/restricted Translation-en [359 kB]
linux-portability (ubuntu-24.04-arm)	Prepare tested locales and C build tools	2026-09-20T11:44:54.8834225Z Get:16 http://ports.ubuntu.com/ubuntu-ports noble-updates/multiverse arm64 Packages [78.0 kB]
linux-portability (ubuntu-24.04-arm)	Prepare tested locales and C build tools	2026-09-20T11:44:55.0354839Z Get:17 http://ports.ubuntu.com/ubuntu-ports noble-updates/multiverse Translation-en [13.1 kB]
linux-portability (ubuntu-24.04-arm)	Prepare tested locales and C build tools	2026-09-20T11:44:55.3769895Z Get:18 http://ports.ubuntu.com/ubuntu-ports noble-backports/main arm64 Packages [65.8 kB]
linux-portability (ubuntu-24.04-arm)	Prepare tested locales and C build tools	2026-09-20T11:44:55.5297918Z Get:19 http://ports.ubuntu.com/ubuntu-ports noble-backports/main arm64 Components [3556 B]
linux-portability (ubuntu-24.04-arm)	Prepare tested locales and C build tools	2026-09-20T11:44:55.6812272Z Get:20 http://ports.ubuntu.com/ubuntu-ports noble-backports/universe arm64 Packages [34.9 kB]
linux-portability (ubuntu-24.04-arm)	Prepare tested locales and C build tools	2026-09-20T11:44:55.8325969Z Get:21 http://ports.ubuntu.com/ubuntu-ports noble-backports/universe Translation-en [18.7 kB]
linux-portability (ubuntu-24.04-arm)	Prepare tested locales and C build tools	2026-09-20T11:44:55.9837552Z Get:22 http://ports.ubuntu.com/ubuntu-ports noble-backports/universe arm64 Components [12.6 kB]
linux-portability (ubuntu-24.04-arm)	Prepare tested locales and C build tools	2026-09-20T11:44:56.1348567Z Get:23 http://ports.ubuntu.com/ubuntu-ports noble-security/main arm64 Packages [1074 kB]
linux-portability (ubuntu-24.04-arm)	Prepare tested locales and C build tools	2026-09-20T11:44:56.3165691Z Get:24 http://ports.ubuntu.com/ubuntu-ports noble-security/main Translation-en [214 kB]
linux-portability (ubuntu-24.04-arm)	Prepare tested locales and C build tools	2026-09-20T11:44:56.4728921Z Get:25 http://ports.ubuntu.com/ubuntu-ports noble-security/main arm64 Components [43.3 kB]
linux-portability (ubuntu-24.04-arm)	Prepare tested locales and C build tools	2026-09-20T11:44:56.6245774Z Get:26 http://ports.ubuntu.com/ubuntu-ports noble-security/universe arm64 Packages [1289 kB]
linux-portability (ubuntu-24.04-arm)	Prepare tested locales and C build tools	2026-09-20T11:44:56.8120863Z Get:27 http://ports.ubuntu.com/ubuntu-ports noble-security/universe Translation-en [243 kB]
linux-portability (ubuntu-24.04-arm)	Prepare tested locales and C build tools	2026-09-20T11:44:56.9695163Z Get:28 http://ports.ubuntu.com/ubuntu-ports noble-security/universe arm64 Components [76.3 kB]
linux-portability (ubuntu-24.04-arm)	Prepare tested locales and C build tools	2026-09-20T11:44:57.1218833Z Get:29 http://ports.ubuntu.com/ubuntu-ports noble-security/restricted arm64 Packages [2230 kB]
linux-portability (ubuntu-24.04-arm)	Prepare tested locales and C build tools	2026-09-20T11:44:57.3374411Z Get:30 http://ports.ubuntu.com/ubuntu-ports noble-security/restricted Translation-en [336 kB]
linux-portability (ubuntu-24.04-arm)	Prepare tested locales and C build tools	2026-09-20T11:44:57.4976469Z Get:31 http://ports.ubuntu.com/ubuntu-ports noble-security/multiverse arm64 Packages [73.7 kB]
linux-portability (ubuntu-24.04-arm)	Prepare tested locales and C build tools	2026-09-20T11:44:57.6498227Z Get:32 http://ports.ubuntu.com/ubuntu-ports noble-security/multiverse Translation-en [11.3 kB]
linux-portability (ubuntu-24.04-arm)	Prepare tested locales and C build tools	2026-09-20T11:45:01.0883632Z Fetched 14.1 MB in 7s (2041 kB/s)
linux-portability (ubuntu-24.04-arm)	Prepare tested locales and C build tools	2026-09-20T11:45:02.0394083Z Reading package lists...
linux-portability (ubuntu-24.04-arm)	Prepare tested locales and C build tools	2026-09-20T11:45:02.0681453Z Reading package lists...
linux-portability (ubuntu-24.04-arm)	Prepare tested locales and C build tools	2026-09-20T11:45:02.3183544Z Building dependency tree...
linux-portability (ubuntu-24.04-arm)	Prepare tested locales and C build tools	2026-09-20T11:45:02.3191170Z Reading state information...
linux-portability (ubuntu-24.04-arm)	Prepare tested locales and C build tools	2026-09-20T11:45:02.5617105Z The following additional packages will be installed:
linux-portability (ubuntu-24.04-arm)	Prepare tested locales and C build tools	2026-09-20T11:45:02.5623402Z   libc-bin libc-dev-bin libc6 libc6-dev
linux-portability (ubuntu-24.04-arm)	Prepare tested locales and C build tools	2026-09-20T11:45:02.5631580Z Suggested packages:
linux-portability (ubuntu-24.04-arm)	Prepare tested locales and C build tools	2026-09-20T11:45:02.5632213Z   bison-doc glibc-doc libnss-nis libnss-nisplus manpages-dev
linux-portability (ubuntu-24.04-arm)	Prepare tested locales and C build tools	2026-09-20T11:45:02.5632749Z Recommended packages:
linux-portability (ubuntu-24.04-arm)	Prepare tested locales and C build tools	2026-09-20T11:45:02.5633040Z   manpages-dev libc-devtools
linux-portability (ubuntu-24.04-arm)	Prepare tested locales and C build tools	2026-09-20T11:45:02.5874829Z The following NEW packages will be installed:
linux-portability (ubuntu-24.04-arm)	Prepare tested locales and C build tools	2026-09-20T11:45:02.5882708Z   build-essential
linux-portability (ubuntu-24.04-arm)	Prepare tested locales and C build tools	2026-09-20T11:45:02.5886338Z The following packages will be upgraded:
linux-portability (ubuntu-24.04-arm)	Prepare tested locales and C build tools	2026-09-20T11:45:02.5894496Z   bison libc-bin libc-dev-bin libc6 libc6-dev locales
linux-portability (ubuntu-24.04-arm)	Prepare tested locales and C build tools	2026-09-20T11:45:02.8198952Z 6 upgraded, 1 newly installed, 0 to remove and 64 not upgraded.
linux-portability (ubuntu-24.04-arm)	Prepare tested locales and C build tools	2026-09-20T11:45:02.8199552Z Need to get 9961 kB of archives.
linux-portability (ubuntu-24.04-arm)	Prepare tested locales and C build tools	2026-09-20T11:45:02.8199927Z After this operation, 19.5 kB of additional disk space will be used.
linux-portability (ubuntu-24.04-arm)	Prepare tested locales and C build tools	2026-09-20T11:45:03.3117485Z Get:1 http://ports.ubuntu.com/ubuntu-ports noble-updates/main arm64 libc6-dev arm64 2.39-0ubuntu8.9 [1596 kB]
linux-portability (ubuntu-24.04-arm)	Prepare tested locales and C build tools	2026-09-20T11:45:03.3118418Z Get:2 http://ports.ubuntu.com/ubuntu-ports noble-updates/main arm64 libc-dev-bin arm64 2.39-0ubuntu8.9 [19.7 kB]
linux-portability (ubuntu-24.04-arm)	Prepare tested locales and C build tools	2026-09-20T11:45:03.3604540Z Get:3 http://ports.ubuntu.com/ubuntu-ports noble-updates/main arm64 libc6 arm64 2.39-0ubuntu8.9 [2776 kB]
linux-portability (ubuntu-24.04-arm)	Prepare tested locales and C build tools	2026-09-20T11:45:03.5283712Z Get:4 http://ports.ubuntu.com/ubuntu-ports noble-updates/main arm64 libc-bin arm64 2.39-0ubuntu8.9 [591 kB]
linux-portability (ubuntu-24.04-arm)	Prepare tested locales and C build tools	2026-09-20T11:45:03.5836977Z Get:5 http://ports.ubuntu.com/ubuntu-ports noble-updates/main arm64 locales all 2.39-0ubuntu8.9 [4232 kB]
linux-portability (ubuntu-24.04-arm)	Prepare tested locales and C build tools	2026-09-20T11:45:03.7080565Z Get:6 http://ports.ubuntu.com/ubuntu-ports noble-updates/main arm64 bison arm64 2:3.8.2+dfsg-1ubuntu0.24.04.1 [740 kB]
linux-portability (ubuntu-24.04-arm)	Prepare tested locales and C build tools	2026-09-20T11:45:03.7622168Z Get:7 http://ports.ubuntu.com/ubuntu-ports noble/main arm64 build-essential arm64 12.10ubuntu1 [4932 B]
linux-portability (ubuntu-24.04-arm)	Prepare tested locales and C build tools	2026-09-20T11:45:03.9834026Z Preconfiguring packages ...
linux-portability (ubuntu-24.04-arm)	Prepare tested locales and C build tools	2026-09-20T11:45:04.0684417Z Fetched 9961 kB in 1s (8553 kB/s)
linux-portability (ubuntu-24.04-arm)	Prepare tested locales and C build tools	2026-09-20T11:45:04.1209623Z (Reading database ... 
linux-portability (ubuntu-24.04-arm)	Prepare tested locales and C build tools	2026-09-20T11:45:04.1210832Z (Reading database ... 5%
linux-portability (ubuntu-24.04-arm)	Prepare tested locales and C build tools	2026-09-20T11:45:04.1211216Z (Reading database ... 10%
linux-portability (ubuntu-24.04-arm)	Prepare tested locales and C build tools	2026-09-20T11:45:04.1211698Z (Reading database ... 15%
linux-portability (ubuntu-24.04-arm)	Prepare tested locales and C build tools	2026-09-20T11:45:04.1212249Z (Reading database ... 20%
linux-portability (ubuntu-24.04-arm)	Prepare tested locales and C build tools	2026-09-20T11:45:04.1212524Z (Reading database ... 25%
linux-portability (ubuntu-24.04-arm)	Prepare tested locales and C build tools	2026-09-20T11:45:04.1212903Z (Reading database ... 30%
linux-portability (ubuntu-24.04-arm)	Prepare tested locales and C build tools	2026-09-20T11:45:04.1213149Z (Reading database ... 35%
linux-portability (ubuntu-24.04-arm)	Prepare tested locales and C build tools	2026-09-20T11:45:04.1213443Z (Reading database ... 40%
linux-portability (ubuntu-24.04-arm)	Prepare tested locales and C build tools	2026-09-20T11:45:04.1213709Z (Reading database ... 45%
linux-portability (ubuntu-24.04-arm)	Prepare tested locales and C build tools	2026-09-20T11:45:04.1213954Z (Reading database ... 50%
linux-portability (ubuntu-24.04-arm)	Prepare tested locales and C build tools	2026-09-20T11:45:04.1453533Z (Reading database ... 55%
linux-portability (ubuntu-24.04-arm)	Prepare tested locales and C build tools	2026-09-20T11:45:04.2655742Z (Reading database ... 60%
linux-portability (ubuntu-24.04-arm)	Prepare tested locales and C build tools	2026-09-20T11:45:04.4652942Z (Reading database ... 65%
linux-portability (ubuntu-24.04-arm)	Prepare tested locales and C build tools	2026-09-20T11:45:04.5445068Z (Reading database ... 70%
linux-portability (ubuntu-24.04-arm)	Prepare tested locales and C build tools	2026-09-20T11:45:04.6124109Z (Reading database ... 75%
linux-portability (ubuntu-24.04-arm)	Prepare tested locales and C build tools	2026-09-20T11:45:04.7063503Z (Reading database ... 80%
linux-portability (ubuntu-24.04-arm)	Prepare tested locales and C build tools	2026-09-20T11:45:04.9226661Z (Reading database ... 85%
linux-portability (ubuntu-24.04-arm)	Prepare tested locales and C build tools	2026-09-20T11:45:05.0615106Z (Reading database ... 90%
linux-portability (ubuntu-24.04-arm)	Prepare tested locales and C build tools	2026-09-20T11:45:05.1591026Z (Reading database ... 95%
linux-portability (ubuntu-24.04-arm)	Prepare tested locales and C build tools	2026-09-20T11:45:05.1591526Z (Reading database ... 100%
linux-portability (ubuntu-24.04-arm)	Prepare tested locales and C build tools	2026-09-20T11:45:05.1592204Z (Reading database ... 201140 files and directories currently installed.)
linux-portability (ubuntu-24.04-arm)	Prepare tested locales and C build tools	2026-09-20T11:45:05.1635380Z Preparing to unpack .../libc6-dev_2.39-0ubuntu8.9_arm64.deb ...
linux-portability (ubuntu-24.04-arm)	Prepare tested locales and C build tools	2026-09-20T11:45:05.1727605Z Unpacking libc6-dev:arm64 (2.39-0ubuntu8.9) over (2.39-0ubuntu8.8) ...
linux-portability (ubuntu-24.04-arm)	Prepare tested locales and C build tools	2026-09-20T11:45:05.3088530Z Preparing to unpack .../libc-dev-bin_2.39-0ubuntu8.9_arm64.deb ...
linux-portability (ubuntu-24.04-arm)	Prepare tested locales and C build tools	2026-09-20T11:45:05.3114550Z Unpacking libc-dev-bin (2.39-0ubuntu8.9) over (2.39-0ubuntu8.8) ...
linux-portability (ubuntu-24.04-arm)	Prepare tested locales and C build tools	2026-09-20T11:45:05.3565191Z Preparing to unpack .../libc6_2.39-0ubuntu8.9_arm64.deb ...
linux-portability (ubuntu-24.04-arm)	Prepare tested locales and C build tools	2026-09-20T11:45:05.4648647Z Unpacking libc6:arm64 (2.39-0ubuntu8.9) over (2.39-0ubuntu8.8) ...
linux-portability (ubuntu-24.04-arm)	Prepare tested locales and C build tools	2026-09-20T11:45:05.6238238Z Setting up libc6:arm64 (2.39-0ubuntu8.9) ...
linux-portability (ubuntu-24.04-arm)	Prepare tested locales and C build tools	2026-09-20T11:45:05.9615454Z (Reading database ... 
linux-portability (ubuntu-24.04-arm)	Prepare tested locales and C build tools	2026-09-20T11:45:05.9615907Z (Reading database ... 5%
linux-portability (ubuntu-24.04-arm)	Prepare tested locales and C build tools	2026-09-20T11:45:05.9616392Z (Reading database ... 10%
linux-portability (ubuntu-24.04-arm)	Prepare tested locales and C build tools	2026-09-20T11:45:05.9616805Z (Reading database ... 15%
linux-portability (ubuntu-24.04-arm)	Prepare tested locales and C build tools	2026-09-20T11:45:05.9617063Z (Reading database ... 20%
linux-portability (ubuntu-24.04-arm)	Prepare tested locales and C build tools	2026-09-20T11:45:05.9617359Z (Reading database ... 25%
linux-portability (ubuntu-24.04-arm)	Prepare tested locales and C build tools	2026-09-20T11:45:05.9617625Z (Reading database ... 30%
linux-portability (ubuntu-24.04-arm)	Prepare tested locales and C build tools	2026-09-20T11:45:05.9617888Z (Reading database ... 35%
linux-portability (ubuntu-24.04-arm)	Prepare tested locales and C build tools	2026-09-20T11:45:05.9618219Z (Reading database ... 40%
linux-portability (ubuntu-24.04-arm)	Prepare tested locales and C build tools	2026-09-20T11:45:05.9627219Z (Reading database ... 45%
linux-portability (ubuntu-24.04-arm)	Prepare tested locales and C build tools	2026-09-20T11:45:05.9627625Z (Reading database ... 50%
linux-portability (ubuntu-24.04-arm)	Prepare tested locales and C build tools	2026-09-20T11:45:05.9634745Z (Reading database ... 55%
linux-portability (ubuntu-24.04-arm)	Prepare tested locales and C build tools	2026-09-20T11:45:05.9727740Z (Reading database ... 60%
linux-portability (ubuntu-24.04-arm)	Prepare tested locales and C build tools	2026-09-20T11:45:05.9753438Z (Reading database ... 65%
linux-portability (ubuntu-24.04-arm)	Prepare tested locales and C build tools	2026-09-20T11:45:05.9766294Z (Reading database ... 70%
linux-portability (ubuntu-24.04-arm)	Prepare tested locales and C build tools	2026-09-20T11:45:05.9785906Z (Reading database ... 75%
linux-portability (ubuntu-24.04-arm)	Prepare tested locales and C build tools	2026-09-20T11:45:05.9816771Z (Reading database ... 80%
linux-portability (ubuntu-24.04-arm)	Prepare tested locales and C build tools	2026-09-20T11:45:05.9937944Z (Reading database ... 85%
linux-portability (ubuntu-24.04-arm)	Prepare tested locales and C build tools	2026-09-20T11:45:06.0006962Z (Reading database ... 90%
linux-portability (ubuntu-24.04-arm)	Prepare tested locales and C build tools	2026-09-20T11:45:06.0189893Z (Reading database ... 95%
linux-portability (ubuntu-24.04-arm)	Prepare tested locales and C build tools	2026-09-20T11:45:06.0190335Z (Reading database ... 100%
linux-portability (ubuntu-24.04-arm)	Prepare tested locales and C build tools	2026-09-20T11:45:06.0192329Z (Reading database ... 201140 files and directories currently installed.)
linux-portability (ubuntu-24.04-arm)	Prepare tested locales and C build tools	2026-09-20T11:45:06.0232383Z Preparing to unpack .../libc-bin_2.39-0ubuntu8.9_arm64.deb ...
linux-portability (ubuntu-24.04-arm)	Prepare tested locales and C build tools	2026-09-20T11:45:06.0265031Z Unpacking libc-bin (2.39-0ubuntu8.9) over (2.39-0ubuntu8.8) ...
linux-portability (ubuntu-24.04-arm)	Prepare tested locales and C build tools	2026-09-20T11:45:06.0767546Z Setting up libc-bin (2.39-0ubuntu8.9) ...
linux-portability (ubuntu-24.04-arm)	Prepare tested locales and C build tools	2026-09-20T11:45:06.1328631Z (Reading database ... 
linux-portability (ubuntu-24.04-arm)	Prepare tested locales and C build tools	2026-09-20T11:45:06.1329055Z (Reading database ... 5%
linux-portability (ubuntu-24.04-arm)	Prepare tested locales and C build tools	2026-09-20T11:45:06.1330087Z (Reading database ... 10%
linux-portability (ubuntu-24.04-arm)	Prepare tested locales and C build tools	2026-09-20T11:45:06.1330435Z (Reading database ... 15%
linux-portability (ubuntu-24.04-arm)	Prepare tested locales and C build tools	2026-09-20T11:45:06.1330727Z (Reading database ... 20%
linux-portability (ubuntu-24.04-arm)	Prepare tested locales and C build tools	2026-09-20T11:45:06.1330981Z (Reading database ... 25%
linux-portability (ubuntu-24.04-arm)	Prepare tested locales and C build tools	2026-09-20T11:45:06.1331220Z (Reading database ... 30%
linux-portability (ubuntu-24.04-arm)	Prepare tested locales and C build tools	2026-09-20T11:45:06.1331521Z (Reading database ... 35%
linux-portability (ubuntu-24.04-arm)	Prepare tested locales and C build tools	2026-09-20T11:45:06.1331762Z (Reading database ... 40%
linux-portability (ubuntu-24.04-arm)	Prepare tested locales and C build tools	2026-09-20T11:45:06.1332062Z (Reading database ... 45%
linux-portability (ubuntu-24.04-arm)	Prepare tested locales and C build tools	2026-09-20T11:45:06.1332679Z (Reading database ... 50%
linux-portability (ubuntu-24.04-arm)	Prepare tested locales and C build tools	2026-09-20T11:45:06.1346987Z (Reading database ... 55%
linux-portability (ubuntu-24.04-arm)	Prepare tested locales and C build tools	2026-09-20T11:45:06.1439122Z (Reading database ... 60%
linux-portability (ubuntu-24.04-arm)	Prepare tested locales and C build tools	2026-09-20T11:45:06.1464057Z (Reading database ... 65%
linux-portability (ubuntu-24.04-arm)	Prepare tested locales and C build tools	2026-09-20T11:45:06.1476778Z (Reading database ... 70%
linux-portability (ubuntu-24.04-arm)	Prepare tested locales and C build tools	2026-09-20T11:45:06.1495568Z (Reading database ... 75%
linux-portability (ubuntu-24.04-arm)	Prepare tested locales and C build tools	2026-09-20T11:45:06.1525589Z (Reading database ... 80%
linux-portability (ubuntu-24.04-arm)	Prepare tested locales and C build tools	2026-09-20T11:45:06.1641497Z (Reading database ... 85%
linux-portability (ubuntu-24.04-arm)	Prepare tested locales and C build tools	2026-09-20T11:45:06.1705383Z (Reading database ... 90%
linux-portability (ubuntu-24.04-arm)	Prepare tested locales and C build tools	2026-09-20T11:45:06.1873723Z (Reading database ... 95%
linux-portability (ubuntu-24.04-arm)	Prepare tested locales and C build tools	2026-09-20T11:45:06.1874211Z (Reading database ... 100%
linux-portability (ubuntu-24.04-arm)	Prepare tested locales and C build tools	2026-09-20T11:45:06.1874579Z (Reading database ... 201140 files and directories currently installed.)
linux-portability (ubuntu-24.04-arm)	Prepare tested locales and C build tools	2026-09-20T11:45:06.1914334Z Preparing to unpack .../locales_2.39-0ubuntu8.9_all.deb ...
linux-portability (ubuntu-24.04-arm)	Prepare tested locales and C build tools	2026-09-20T11:45:06.1980182Z Unpacking locales (2.39-0ubuntu8.9) over (2.39-0ubuntu8.8) ...
linux-portability (ubuntu-24.04-arm)	Prepare tested locales and C build tools	2026-09-20T11:45:06.3820003Z Preparing to unpack .../bison_2%3a3.8.2+dfsg-1ubuntu0.24.04.1_arm64.deb ...
linux-portability (ubuntu-24.04-arm)	Prepare tested locales and C build tools	2026-09-20T11:45:06.4134160Z Unpacking bison (2:3.8.2+dfsg-1ubuntu0.24.04.1) over (2:3.8.2+dfsg-1build2) ...
linux-portability (ubuntu-24.04-arm)	Prepare tested locales and C build tools	2026-09-20T11:45:06.4696364Z Selecting previously unselected package build-essential.
linux-portability (ubuntu-24.04-arm)	Prepare tested locales and C build tools	2026-09-20T11:45:06.4879774Z Preparing to unpack .../build-essential_12.10ubuntu1_arm64.deb ...
linux-portability (ubuntu-24.04-arm)	Prepare tested locales and C build tools	2026-09-20T11:45:06.4890987Z Unpacking build-essential (12.10ubuntu1) ...
linux-portability (ubuntu-24.04-arm)	Prepare tested locales and C build tools	2026-09-20T11:45:06.5273441Z Setting up locales (2.39-0ubuntu8.9) ...
linux-portability (ubuntu-24.04-arm)	Prepare tested locales and C build tools	2026-09-20T11:45:06.9275682Z Generating locales (this might take a while)...
linux-portability (ubuntu-24.04-arm)	Prepare tested locales and C build tools	2026-09-20T11:45:08.1655246Z   en_US.UTF-8... done
linux-portability (ubuntu-24.04-arm)	Prepare tested locales and C build tools	2026-09-20T11:45:08.1657685Z Generation complete.
linux-portability (ubuntu-24.04-arm)	Prepare tested locales and C build tools	2026-09-20T11:45:08.1879484Z Setting up bison (2:3.8.2+dfsg-1ubuntu0.24.04.1) ...
linux-portability (ubuntu-24.04-arm)	Prepare tested locales and C build tools	2026-09-20T11:45:08.1944205Z Setting up libc-dev-bin (2.39-0ubuntu8.9) ...
linux-portability (ubuntu-24.04-arm)	Prepare tested locales and C build tools	2026-09-20T11:45:08.1967825Z Setting up libc6-dev:arm64 (2.39-0ubuntu8.9) ...
linux-portability (ubuntu-24.04-arm)	Prepare tested locales and C build tools	2026-09-20T11:45:08.1994578Z Setting up build-essential (12.10ubuntu1) ...
linux-portability (ubuntu-24.04-arm)	Prepare tested locales and C build tools	2026-09-20T11:45:08.2024115Z Processing triggers for man-db (2.12.0-4build2) ...
linux-portability (ubuntu-24.04-arm)	Prepare tested locales and C build tools	2026-09-20T11:45:08.2045544Z Not building database; man-db/auto-update is not 'true'.
linux-portability (ubuntu-24.04-arm)	Prepare tested locales and C build tools	2026-09-20T11:45:10.3450612Z 
linux-portability (ubuntu-24.04-arm)	Prepare tested locales and C build tools	2026-09-20T11:45:10.3451561Z Running kernel seems to be up-to-date.
linux-portability (ubuntu-24.04-arm)	Prepare tested locales and C build tools	2026-09-20T11:45:10.3451878Z 
linux-portability (ubuntu-24.04-arm)	Prepare tested locales and C build tools	2026-09-20T11:45:10.3452014Z Restarting services...
linux-portability (ubuntu-24.04-arm)	Prepare tested locales and C build tools	2026-09-20T11:45:10.4777342Z  systemctl restart chrony.service containerd.service cron.service haveged.service hv-kvp-daemon.service multipathd.service packagekit.service php8.3-fpm.service polkit.service rsyslog.service systemd-journald.service systemd-networkd.service systemd-resolved.service systemd-udevd.service udisks2.service
linux-portability (ubuntu-24.04-arm)	Prepare tested locales and C build tools	2026-09-20T11:45:10.9492480Z 
linux-portability (ubuntu-24.04-arm)	Prepare tested locales and C build tools	2026-09-20T11:45:10.9493197Z Service restarts being deferred:
linux-portability (ubuntu-24.04-arm)	Prepare tested locales and C build tools	2026-09-20T11:45:10.9493916Z  systemctl restart ModemManager.service
linux-portability (ubuntu-24.04-arm)	Prepare tested locales and C build tools	2026-09-20T11:45:10.9494246Z  /etc/needrestart/restart.d/dbus.service
linux-portability (ubuntu-24.04-arm)	Prepare tested locales and C build tools	2026-09-20T11:45:10.9494546Z  systemctl restart docker.service
linux-portability (ubuntu-24.04-arm)	Prepare tested locales and C build tools	2026-09-20T11:45:10.9494883Z  systemctl restart getty@tty1.service
linux-portability (ubuntu-24.04-arm)	Prepare tested locales and C build tools	2026-09-20T11:45:10.9495211Z  systemctl restart hosted-compute-agent.service
linux-portability (ubuntu-24.04-arm)	Prepare tested locales and C build tools	2026-09-20T11:45:10.9495656Z  systemctl restart networkd-dispatcher.service
linux-portability (ubuntu-24.04-arm)	Prepare tested locales and C build tools	2026-09-20T11:45:10.9496014Z  systemctl restart serial-getty@ttyAMA0.service
linux-portability (ubuntu-24.04-arm)	Prepare tested locales and C build tools	2026-09-20T11:45:10.9496606Z  systemctl restart systemd-logind.service
linux-portability (ubuntu-24.04-arm)	Prepare tested locales and C build tools	2026-09-20T11:45:10.9496979Z  systemctl restart walinuxagent.service
linux-portability (ubuntu-24.04-arm)	Prepare tested locales and C build tools	2026-09-20T11:45:10.9497164Z 
linux-portability (ubuntu-24.04-arm)	Prepare tested locales and C build tools	2026-09-20T11:45:10.9501976Z No containers need to be restarted.
linux-portability (ubuntu-24.04-arm)	Prepare tested locales and C build tools	2026-09-20T11:45:10.9502436Z 
linux-portability (ubuntu-24.04-arm)	Prepare tested locales and C build tools	2026-09-20T11:45:10.9503012Z User sessions running outdated binaries:
linux-portability (ubuntu-24.04-arm)	Prepare tested locales and C build tools	2026-09-20T11:45:10.9503423Z  runner @ user manager service: systemd[1327]
linux-portability (ubuntu-24.04-arm)	Prepare tested locales and C build tools	2026-09-20T11:45:10.9626734Z 
linux-portability (ubuntu-24.04-arm)	Prepare tested locales and C build tools	2026-09-20T11:45:10.9627673Z No VM guests are running outdated hypervisor (qemu) binaries on this host.
linux-portability (ubuntu-24.04-arm)	Prepare tested locales and C build tools	2026-09-20T11:45:15.2781094Z C
linux-portability (ubuntu-24.04-arm)	Prepare tested locales and C build tools	2026-09-20T11:45:15.2781489Z C.utf8
linux-portability (ubuntu-24.04-arm)	Prepare tested locales and C build tools	2026-09-20T11:45:15.2781884Z POSIX
linux-portability (ubuntu-24.04-arm)	Prepare tested locales and C build tools	2026-09-20T11:45:15.2782092Z en_US.iso88591
linux-portability (ubuntu-24.04-arm)	Prepare tested locales and C build tools	2026-09-20T11:45:15.2782373Z en_US.utf8
linux-portability (ubuntu-24.04-arm)	Prepare tested locales and C build tools	2026-09-20T11:45:15.2782612Z ja_JP.sjis
linux-portability (ubuntu-24.04-arm)	Prepare tested locales and C build tools	2026-09-20T11:45:15.2782817Z tr_TR.iso88599
linux-portability (ubuntu-24.04-arm)	Prepare tested locales and C build tools	2026-09-20T11:45:15.2783063Z tr_TR.utf8
linux-portability (ubuntu-24.04-arm)	Prepare tested locales and C build tools	2026-09-20T11:45:15.4824965Z locale=ja_JP.SJIS codeset=SHIFT_JIS MB_CUR_MAX=2 wchar_t=4
linux-portability (ubuntu-24.04-arm)	Prepare tested locales and C build tools	2026-09-20T11:45:15.4825426Z decode=2 wchar=0xff41
linux-portability (ubuntu-24.04-arm)	Prepare tested locales and C build tools	2026-09-20T11:45:15.4825943Z encode=2
linux-portability (ubuntu-24.04-arm)	Prepare tested locales and C build tools	2026-09-20T11:45:15.4826723Z truncated=incomplete
linux-portability (ubuntu-24.04-arm)	Prepare tested locales and C build tools	2026-09-20T11:45:15.4826968Z invalid=error errno=84
linux-portability (ubuntu-24.04-arm)	Build pinned original C oracle	﻿2026-09-20T11:45:15.4864510Z ##[group]Run git init ../c_awk
linux-portability (ubuntu-24.04-arm)	Build pinned original C oracle	2026-09-20T11:45:15.4864984Z [36;1mgit init ../c_awk[0m
linux-portability (ubuntu-24.04-arm)	Build pinned original C oracle	2026-09-20T11:45:15.4865385Z [36;1mgit -C ../c_awk remote add origin https://github.com/onetrueawk/awk.git[0m
linux-portability (ubuntu-24.04-arm)	Build pinned original C oracle	2026-09-20T11:45:15.4865913Z [36;1mgit -C ../c_awk fetch --depth 1 origin 5739fd79bcfc75ba7526773d0cf634521f8aca3c[0m
linux-portability (ubuntu-24.04-arm)	Build pinned original C oracle	2026-09-20T11:45:15.4866714Z [36;1mgit -C ../c_awk checkout --detach FETCH_HEAD[0m
linux-portability (ubuntu-24.04-arm)	Build pinned original C oracle	2026-09-20T11:45:15.4867053Z [36;1mmake -C ../c_awk[0m
linux-portability (ubuntu-24.04-arm)	Build pinned original C oracle	2026-09-20T11:45:15.4867375Z [36;1m../c_awk/a.out --version[0m
linux-portability (ubuntu-24.04-arm)	Build pinned original C oracle	2026-09-20T11:45:15.4906949Z shell: /usr/bin/bash -e {0}
linux-portability (ubuntu-24.04-arm)	Build pinned original C oracle	2026-09-20T11:45:15.4907417Z env:
linux-portability (ubuntu-24.04-arm)	Build pinned original C oracle	2026-09-20T11:45:15.4907647Z   LC_ALL: C
linux-portability (ubuntu-24.04-arm)	Build pinned original C oracle	2026-09-20T11:45:15.4907893Z   CARGO_INCREMENTAL: 0
linux-portability (ubuntu-24.04-arm)	Build pinned original C oracle	2026-09-20T11:45:15.4908139Z   RUSTUP_TOOLCHAIN: 1.96.0
linux-portability (ubuntu-24.04-arm)	Build pinned original C oracle	2026-09-20T11:45:15.4908381Z ##[endgroup]
linux-portability (ubuntu-24.04-arm)	Build pinned original C oracle	2026-09-20T11:45:15.4983758Z hint: Using 'master' as the name for the initial branch. This default branch name
linux-portability (ubuntu-24.04-arm)	Build pinned original C oracle	2026-09-20T11:45:15.4984559Z hint: will change to "main" in Git 3.0. To configure the initial branch name
linux-portability (ubuntu-24.04-arm)	Build pinned original C oracle	2026-09-20T11:45:15.4985203Z hint: to use in all of your new repositories, which will suppress this warning,
linux-portability (ubuntu-24.04-arm)	Build pinned original C oracle	2026-09-20T11:45:15.4985650Z hint: call:
linux-portability (ubuntu-24.04-arm)	Build pinned original C oracle	2026-09-20T11:45:15.4985849Z hint:
linux-portability (ubuntu-24.04-arm)	Build pinned original C oracle	2026-09-20T11:45:15.4986317Z hint: 	git config --global init.defaultBranch <name>
linux-portability (ubuntu-24.04-arm)	Build pinned original C oracle	2026-09-20T11:45:15.4986675Z hint:
linux-portability (ubuntu-24.04-arm)	Build pinned original C oracle	2026-09-20T11:45:15.4987012Z hint: Names commonly chosen instead of 'master' are 'main', 'trunk' and
linux-portability (ubuntu-24.04-arm)	Build pinned original C oracle	2026-09-20T11:45:15.4987564Z hint: 'development'. The just-created branch can be renamed via this command:
linux-portability (ubuntu-24.04-arm)	Build pinned original C oracle	2026-09-20T11:45:15.4987957Z hint:
linux-portability (ubuntu-24.04-arm)	Build pinned original C oracle	2026-09-20T11:45:15.4988208Z hint: 	git branch -m <name>
linux-portability (ubuntu-24.04-arm)	Build pinned original C oracle	2026-09-20T11:45:15.4988482Z hint:
linux-portability (ubuntu-24.04-arm)	Build pinned original C oracle	2026-09-20T11:45:15.4988805Z hint: Disable this message with "git config set advice.defaultBranchName false"
linux-portability (ubuntu-24.04-arm)	Build pinned original C oracle	2026-09-20T11:45:15.4989421Z Initialized empty Git repository in /home/runner/work/rawk/rawk/c_awk/.git/
linux-portability (ubuntu-24.04-arm)	Build pinned original C oracle	2026-09-20T11:45:16.3511112Z From https://github.com/onetrueawk/awk
linux-portability (ubuntu-24.04-arm)	Build pinned original C oracle	2026-09-20T11:45:16.3511741Z  * branch            5739fd79bcfc75ba7526773d0cf634521f8aca3c -> FETCH_HEAD
linux-portability (ubuntu-24.04-arm)	Build pinned original C oracle	2026-09-20T11:45:16.3801143Z HEAD is now at 5739fd7 updated.
linux-portability (ubuntu-24.04-arm)	Build pinned original C oracle	2026-09-20T11:45:16.3827714Z make: Entering directory '/home/runner/work/rawk/rawk/c_awk'
linux-portability (ubuntu-24.04-arm)	Build pinned original C oracle	2026-09-20T11:45:16.3828143Z bison -d  awkgram.y
linux-portability (ubuntu-24.04-arm)	Build pinned original C oracle	2026-09-20T11:45:16.3860342Z awkgram.y: warning: 44 shift/reduce conflicts [-Wconflicts-sr]
linux-portability (ubuntu-24.04-arm)	Build pinned original C oracle	2026-09-20T11:45:16.3860955Z awkgram.y: warning: 85 reduce/reduce conflicts [-Wconflicts-rr]
linux-portability (ubuntu-24.04-arm)	Build pinned original C oracle	2026-09-20T11:45:16.3861487Z awkgram.y: note: rerun with option '-Wcounterexamples' to generate conflict counterexamples
linux-portability (ubuntu-24.04-arm)	Build pinned original C oracle	2026-09-20T11:45:16.5250238Z cc -g -Wall -pedantic -Wcast-qual   -O2   -c -o awkgram.tab.o awkgram.tab.c
linux-portability (ubuntu-24.04-arm)	Build pinned original C oracle	2026-09-20T11:45:16.8070326Z cc -g -Wall -pedantic -Wcast-qual   -O2   -c -o b.o b.c
linux-portability (ubuntu-24.04-arm)	Build pinned original C oracle	2026-09-20T11:45:17.3521968Z cc -g -Wall -pedantic -Wcast-qual   -O2   -c -o main.o main.c
linux-portability (ubuntu-24.04-arm)	Build pinned original C oracle	2026-09-20T11:45:17.7980712Z cc -g -Wall -pedantic -Wcast-qual   -O2   -c -o parse.o parse.c
linux-portability (ubuntu-24.04-arm)	Build pinned original C oracle	2026-09-20T11:45:17.8868524Z cc -g -Wall -pedantic -Wcast-qual -O2 maketab.c -o maketab
linux-portability (ubuntu-24.04-arm)	Build pinned original C oracle	2026-09-20T11:45:17.9471686Z ./maketab awkgram.tab.h >proctab.c
linux-portability (ubuntu-24.04-arm)	Build pinned original C oracle	2026-09-20T11:45:17.9482263Z cc -g -Wall -pedantic -Wcast-qual   -O2   -c -o proctab.o proctab.c
linux-portability (ubuntu-24.04-arm)	Build pinned original C oracle	2026-09-20T11:45:17.9703003Z cc -g -Wall -pedantic -Wcast-qual   -O2   -c -o tran.o tran.c
linux-portability (ubuntu-24.04-arm)	Build pinned original C oracle	2026-09-20T11:45:18.1814003Z cc -g -Wall -pedantic -Wcast-qual   -O2   -c -o lib.o lib.c
linux-portability (ubuntu-24.04-arm)	Build pinned original C oracle	2026-09-20T11:45:18.4947904Z cc -g -Wall -pedantic -Wcast-qual   -O2   -c -o run.o run.c
linux-portability (ubuntu-24.04-arm)	Build pinned original C oracle	2026-09-20T11:45:19.2693120Z cc -g -Wall -pedantic -Wcast-qual   -O2   -c -o lex.o lex.c
linux-portability (ubuntu-24.04-arm)	Build pinned original C oracle	2026-09-20T11:45:19.5152015Z cc -g -Wall -pedantic -Wcast-qual   -O2 awkgram.tab.o b.o main.o parse.o proctab.o tran.o lib.o run.o lex.o   -lm
linux-portability (ubuntu-24.04-arm)	Build pinned original C oracle	2026-09-20T11:45:19.5363958Z make: Leaving directory '/home/runner/work/rawk/rawk/c_awk'
linux-portability (ubuntu-24.04-arm)	Build pinned original C oracle	2026-09-20T11:45:19.5371625Z awk version 20260426
linux-portability (ubuntu-24.04-arm)	Record native oracle formatting behavior	﻿2026-09-20T11:45:19.5412217Z ##[group]Run python3 scripts/format_platform_probe.py --output diary/format-platform-ci.json
linux-portability (ubuntu-24.04-arm)	Record native oracle formatting behavior	2026-09-20T11:45:19.5413319Z [36;1mpython3 scripts/format_platform_probe.py --output diary/format-platform-ci.json[0m
linux-portability (ubuntu-24.04-arm)	Record native oracle formatting behavior	2026-09-20T11:45:19.5452245Z shell: /usr/bin/bash -e {0}
linux-portability (ubuntu-24.04-arm)	Record native oracle formatting behavior	2026-09-20T11:45:19.5452713Z env:
linux-portability (ubuntu-24.04-arm)	Record native oracle formatting behavior	2026-09-20T11:45:19.5452921Z   LC_ALL: C
linux-portability (ubuntu-24.04-arm)	Record native oracle formatting behavior	2026-09-20T11:45:19.5453166Z   CARGO_INCREMENTAL: 0
linux-portability (ubuntu-24.04-arm)	Record native oracle formatting behavior	2026-09-20T11:45:19.5453417Z   RUSTUP_TOOLCHAIN: 1.96.0
linux-portability (ubuntu-24.04-arm)	Record native oracle formatting behavior	2026-09-20T11:45:19.5453686Z ##[endgroup]
linux-portability (ubuntu-24.04-arm)	Record native oracle formatting behavior	2026-09-20T11:45:19.7459379Z Recorded 220 native oracle cases in diary/format-platform-ci.json
linux-portability (ubuntu-24.04-arm)	Native portability gate (debug and release)	﻿2026-09-20T11:45:19.7554827Z ##[group]Run set -o pipefail
linux-portability (ubuntu-24.04-arm)	Native portability gate (debug and release)	2026-09-20T11:45:19.7555263Z [36;1mset -o pipefail[0m
linux-portability (ubuntu-24.04-arm)	Native portability gate (debug and release)	2026-09-20T11:45:19.7555738Z [36;1mbash scripts/check_portability.sh 2>&1 | tee diary/portability-ci.log[0m
linux-portability (ubuntu-24.04-arm)	Native portability gate (debug and release)	2026-09-20T11:45:19.7605294Z shell: /usr/bin/bash -e {0}
linux-portability (ubuntu-24.04-arm)	Native portability gate (debug and release)	2026-09-20T11:45:19.7605757Z env:
linux-portability (ubuntu-24.04-arm)	Native portability gate (debug and release)	2026-09-20T11:45:19.7605972Z   LC_ALL: C
linux-portability (ubuntu-24.04-arm)	Native portability gate (debug and release)	2026-09-20T11:45:19.7606525Z   CARGO_INCREMENTAL: 0
linux-portability (ubuntu-24.04-arm)	Native portability gate (debug and release)	2026-09-20T11:45:19.7606817Z   RUSTUP_TOOLCHAIN: 1.96.0
linux-portability (ubuntu-24.04-arm)	Native portability gate (debug and release)	2026-09-20T11:45:19.7607064Z ##[endgroup]
linux-portability (ubuntu-24.04-arm)	Native portability gate (debug and release)	2026-09-20T11:45:19.7696845Z Linux runnervmec22z 6.17.0-1022-azure #22-Ubuntu SMP Mon Jul 27 17:12:01 UTC 2026 aarch64 aarch64 aarch64 GNU/Linux
linux-portability (ubuntu-24.04-arm)	Native portability gate (debug and release)	2026-09-20T11:45:19.7780334Z rustc 1.96.0 (ac68faa20 2026-05-25)
linux-portability (ubuntu-24.04-arm)	Native portability gate (debug and release)	2026-09-20T11:45:19.9384929Z     Updating crates.io index
linux-portability (ubuntu-24.04-arm)	Native portability gate (debug and release)	2026-09-20T11:45:20.4853835Z  Downloading crates ...
linux-portability (ubuntu-24.04-arm)	Native portability gate (debug and release)	2026-09-20T11:45:20.5821177Z   Downloaded anstream v1.0.0
linux-portability (ubuntu-24.04-arm)	Native portability gate (debug and release)	2026-09-20T11:45:20.5891278Z   Downloaded anstyle-query v1.1.5
linux-portability (ubuntu-24.04-arm)	Native portability gate (debug and release)	2026-09-20T11:45:20.5901780Z   Downloaded anstyle-parse v1.0.0
linux-portability (ubuntu-24.04-arm)	Native portability gate (debug and release)	2026-09-20T11:45:20.5914998Z   Downloaded cfg-if v1.0.4
linux-portability (ubuntu-24.04-arm)	Native portability gate (debug and release)	2026-09-20T11:45:20.5924226Z   Downloaded anstyle v1.0.14
linux-portability (ubuntu-24.04-arm)	Native portability gate (debug and release)	2026-09-20T11:45:20.6039001Z   Downloaded clap_lex v1.1.0
linux-portability (ubuntu-24.04-arm)	Native portability gate (debug and release)	2026-09-20T11:45:20.6150382Z   Downloaded unarray v0.1.4
linux-portability (ubuntu-24.04-arm)	Native portability gate (debug and release)	2026-09-20T11:45:20.6169958Z   Downloaded utf8parse v0.2.2
linux-portability (ubuntu-24.04-arm)	Native portability gate (debug and release)	2026-09-20T11:45:20.6236557Z   Downloaded rand_xorshift v0.4.0
linux-portability (ubuntu-24.04-arm)	Native portability gate (debug and release)	2026-09-20T11:45:20.6253792Z   Downloaded autocfg v1.5.0
linux-portability (ubuntu-24.04-arm)	Native portability gate (debug and release)	2026-09-20T11:45:20.6265468Z   Downloaded block-buffer v0.10.4
linux-portability (ubuntu-24.04-arm)	Native portability gate (debug and release)	2026-09-20T11:45:20.6318321Z   Downloaded cpufeatures v0.2.17
linux-portability (ubuntu-24.04-arm)	Native portability gate (debug and release)	2026-09-20T11:45:20.6328980Z   Downloaded version_check v0.9.5
linux-portability (ubuntu-24.04-arm)	Native portability gate (debug and release)	2026-09-20T11:45:20.6339540Z   Downloaded fnv v1.0.7
linux-portability (ubuntu-24.04-arm)	Native portability gate (debug and release)	2026-09-20T11:45:20.6346896Z   Downloaded bit-set v0.8.0
linux-portability (ubuntu-24.04-arm)	Native portability gate (debug and release)	2026-09-20T11:45:20.6355429Z   Downloaded sprintf v0.4.3
linux-portability (ubuntu-24.04-arm)	Native portability gate (debug and release)	2026-09-20T11:45:20.6363386Z   Downloaded is_terminal_polyfill v1.70.2
linux-portability (ubuntu-24.04-arm)	Native portability gate (debug and release)	2026-09-20T11:45:20.6370224Z   Downloaded heck v0.5.0
linux-portability (ubuntu-24.04-arm)	Native portability gate (debug and release)	2026-09-20T11:45:20.6378301Z   Downloaded errno v0.3.14
linux-portability (ubuntu-24.04-arm)	Native portability gate (debug and release)	2026-09-20T11:45:20.6387151Z   Downloaded crypto-common v0.1.7
linux-portability (ubuntu-24.04-arm)	Native portability gate (debug and release)	2026-09-20T11:45:20.6393715Z   Downloaded colorchoice v1.0.5
linux-portability (ubuntu-24.04-arm)	Native portability gate (debug and release)	2026-09-20T11:45:20.6402032Z   Downloaded strsim v0.11.1
linux-portability (ubuntu-24.04-arm)	Native portability gate (debug and release)	2026-09-20T11:45:20.6410833Z   Downloaded quick-error v1.2.3
linux-portability (ubuntu-24.04-arm)	Native portability gate (debug and release)	2026-09-20T11:45:20.6419783Z   Downloaded wait-timeout v0.2.1
linux-portability (ubuntu-24.04-arm)	Native portability gate (debug and release)	2026-09-20T11:45:20.6431447Z   Downloaded thiserror-impl v2.0.18
linux-portability (ubuntu-24.04-arm)	Native portability gate (debug and release)	2026-09-20T11:45:20.6440539Z   Downloaded clap_derive v4.6.1
linux-portability (ubuntu-24.04-arm)	Native portability gate (debug and release)	2026-09-20T11:45:20.6453582Z   Downloaded clap v4.6.1
linux-portability (ubuntu-24.04-arm)	Native portability gate (debug and release)	2026-09-20T11:45:20.6509016Z   Downloaded thiserror v2.0.18
linux-portability (ubuntu-24.04-arm)	Native portability gate (debug and release)	2026-09-20T11:45:20.6542915Z   Downloaded ppv-lite86 v0.2.21
linux-portability (ubuntu-24.04-arm)	Native portability gate (debug and release)	2026-09-20T11:45:20.6551222Z   Downloaded bitflags v2.11.1
linux-portability (ubuntu-24.04-arm)	Native portability gate (debug and release)	2026-09-20T11:45:20.6574331Z   Downloaded once_cell v1.21.4
linux-portability (ubuntu-24.04-arm)	Native portability gate (debug and release)	2026-09-20T11:45:20.6592591Z   Downloaded ucd-trie v0.1.7
linux-portability (ubuntu-24.04-arm)	Native portability gate (debug and release)	2026-09-20T11:45:20.6604700Z   Downloaded serde_core v1.0.228
linux-portability (ubuntu-24.04-arm)	Native portability gate (debug and release)	2026-09-20T11:45:20.6621429Z   Downloaded serde_derive v1.0.228
linux-portability (ubuntu-24.04-arm)	Native portability gate (debug and release)	2026-09-20T11:45:20.6641090Z   Downloaded unicode-ident v1.0.24
linux-portability (ubuntu-24.04-arm)	Native portability gate (debug and release)	2026-09-20T11:45:20.6658030Z   Downloaded aho-corasick v1.1.4
linux-portability (ubuntu-24.04-arm)	Native portability gate (debug and release)	2026-09-20T11:45:20.6693516Z   Downloaded pest_meta v2.8.6
linux-portability (ubuntu-24.04-arm)	Native portability gate (debug and release)	2026-09-20T11:45:20.6711801Z   Downloaded serde v1.0.228
linux-portability (ubuntu-24.04-arm)	Native portability gate (debug and release)	2026-09-20T11:45:20.6736230Z   Downloaded typenum v1.20.0
linux-portability (ubuntu-24.04-arm)	Native portability gate (debug and release)	2026-09-20T11:45:20.6761176Z   Downloaded pest v2.8.6
linux-portability (ubuntu-24.04-arm)	Native portability gate (debug and release)	2026-09-20T11:45:20.6791744Z   Downloaded regex v1.12.3
linux-portability (ubuntu-24.04-arm)	Native portability gate (debug and release)	2026-09-20T11:45:20.6824826Z   Downloaded rand v0.10.1
linux-portability (ubuntu-24.04-arm)	Native portability gate (debug and release)	2026-09-20T11:45:20.6849000Z   Downloaded memchr v2.8.0
linux-portability (ubuntu-24.04-arm)	Native portability gate (debug and release)	2026-09-20T11:45:20.6879789Z   Downloaded proptest v1.11.0
linux-portability (ubuntu-24.04-arm)	Native portability gate (debug and release)	2026-09-20T11:45:20.6934474Z   Downloaded quick-xml v0.39.2
linux-portability (ubuntu-24.04-arm)	Native portability gate (debug and release)	2026-09-20T11:45:20.6973479Z   Downloaded clap_builder v4.6.0
linux-portability (ubuntu-24.04-arm)	Native portability gate (debug and release)	2026-09-20T11:45:20.7012393Z   Downloaded zerocopy v0.8.48
linux-portability (ubuntu-24.04-arm)	Native portability gate (debug and release)	2026-09-20T11:45:20.7121976Z   Downloaded chrono v0.4.44
linux-portability (ubuntu-24.04-arm)	Native portability gate (debug and release)	2026-09-20T11:45:20.7164499Z   Downloaded syn v2.0.117
linux-portability (ubuntu-24.04-arm)	Native portability gate (debug and release)	2026-09-20T11:45:20.7227172Z   Downloaded rand v0.9.4
linux-portability (ubuntu-24.04-arm)	Native portability gate (debug and release)	2026-09-20T11:45:20.7250023Z   Downloaded regex-syntax v0.8.10
linux-portability (ubuntu-24.04-arm)	Native portability gate (debug and release)	2026-09-20T11:45:20.7295671Z   Downloaded getrandom v0.4.2
linux-portability (ubuntu-24.04-arm)	Native portability gate (debug and release)	2026-09-20T11:45:20.7317753Z   Downloaded proc-macro2 v1.0.106
linux-portability (ubuntu-24.04-arm)	Native portability gate (debug and release)	2026-09-20T11:45:20.7335416Z   Downloaded num-traits v0.2.19
linux-portability (ubuntu-24.04-arm)	Native portability gate (debug and release)	2026-09-20T11:45:20.7351334Z   Downloaded getrandom v0.3.4
linux-portability (ubuntu-24.04-arm)	Native portability gate (debug and release)	2026-09-20T11:45:20.7370288Z   Downloaded chacha20 v0.10.0
linux-portability (ubuntu-24.04-arm)	Native portability gate (debug and release)	2026-09-20T11:45:20.7385490Z   Downloaded anyhow v1.0.102
linux-portability (ubuntu-24.04-arm)	Native portability gate (debug and release)	2026-09-20T11:45:20.7409579Z   Downloaded tempfile v3.27.0
linux-portability (ubuntu-24.04-arm)	Native portability gate (debug and release)	2026-09-20T11:45:20.7424144Z   Downloaded rustix v1.1.4
linux-portability (ubuntu-24.04-arm)	Native portability gate (debug and release)	2026-09-20T11:45:20.7562256Z   Downloaded digest v0.10.7
linux-portability (ubuntu-24.04-arm)	Native portability gate (debug and release)	2026-09-20T11:45:20.7573106Z   Downloaded pest_generator v2.8.6
linux-portability (ubuntu-24.04-arm)	Native portability gate (debug and release)	2026-09-20T11:45:20.7583919Z   Downloaded pest_derive v2.8.6
linux-portability (ubuntu-24.04-arm)	Native portability gate (debug and release)	2026-09-20T11:45:20.7598115Z   Downloaded iana-time-zone v0.1.65
linux-portability (ubuntu-24.04-arm)	Native portability gate (debug and release)	2026-09-20T11:45:20.7613752Z   Downloaded bit-vec v0.8.0
linux-portability (ubuntu-24.04-arm)	Native portability gate (debug and release)	2026-09-20T11:45:20.7623707Z   Downloaded rusty-fork v0.3.1
linux-portability (ubuntu-24.04-arm)	Native portability gate (debug and release)	2026-09-20T11:45:20.7632853Z   Downloaded regex-automata v0.4.14
linux-portability (ubuntu-24.04-arm)	Native portability gate (debug and release)	2026-09-20T11:45:20.7720073Z   Downloaded rand_core v0.10.1
linux-portability (ubuntu-24.04-arm)	Native portability gate (debug and release)	2026-09-20T11:45:20.7732738Z   Downloaded rand_chacha v0.9.0
linux-portability (ubuntu-24.04-arm)	Native portability gate (debug and release)	2026-09-20T11:45:20.7737412Z   Downloaded quote v1.0.45
linux-portability (ubuntu-24.04-arm)	Native portability gate (debug and release)	2026-09-20T11:45:20.7751615Z   Downloaded generic-array v0.14.7
linux-portability (ubuntu-24.04-arm)	Native portability gate (debug and release)	2026-09-20T11:45:20.7760069Z   Downloaded sha2 v0.10.9
linux-portability (ubuntu-24.04-arm)	Native portability gate (debug and release)	2026-09-20T11:45:20.7774176Z   Downloaded rand_core v0.9.5
linux-portability (ubuntu-24.04-arm)	Native portability gate (debug and release)	2026-09-20T11:45:20.7782577Z   Downloaded fastrand v2.4.1
linux-portability (ubuntu-24.04-arm)	Native portability gate (debug and release)	2026-09-20T11:45:20.7792253Z   Downloaded libc v0.2.186
linux-portability (ubuntu-24.04-arm)	Native portability gate (debug and release)	2026-09-20T11:45:20.8096300Z   Downloaded linux-raw-sys v0.12.1
linux-portability (ubuntu-24.04-arm)	Native portability gate (debug and release)	2026-09-20T11:45:20.8903327Z    Compiling proc-macro2 v1.0.106
linux-portability (ubuntu-24.04-arm)	Native portability gate (debug and release)	2026-09-20T11:45:20.8904089Z    Compiling unicode-ident v1.0.24
linux-portability (ubuntu-24.04-arm)	Native portability gate (debug and release)	2026-09-20T11:45:20.8921403Z    Compiling libc v0.2.186
linux-portability (ubuntu-24.04-arm)	Native portability gate (debug and release)	2026-09-20T11:45:20.8946954Z    Compiling quote v1.0.45
linux-portability (ubuntu-24.04-arm)	Native portability gate (debug and release)	2026-09-20T11:45:20.9327840Z     Checking cfg-if v1.0.4
linux-portability (ubuntu-24.04-arm)	Native portability gate (debug and release)	2026-09-20T11:45:20.9519195Z     Checking rand_core v0.10.1
linux-portability (ubuntu-24.04-arm)	Native portability gate (debug and release)	2026-09-20T11:45:21.0257364Z    Compiling getrandom v0.4.2
linux-portability (ubuntu-24.04-arm)	Native portability gate (debug and release)	2026-09-20T11:45:21.0688123Z     Checking memchr v2.8.0
linux-portability (ubuntu-24.04-arm)	Native portability gate (debug and release)	2026-09-20T11:45:21.1767394Z    Compiling rustix v1.1.4
linux-portability (ubuntu-24.04-arm)	Native portability gate (debug and release)	2026-09-20T11:45:21.2938526Z    Compiling autocfg v1.5.0
linux-portability (ubuntu-24.04-arm)	Native portability gate (debug and release)	2026-09-20T11:45:21.5726896Z    Compiling syn v2.0.117
linux-portability (ubuntu-24.04-arm)	Native portability gate (debug and release)	2026-09-20T11:45:21.6013886Z    Compiling num-traits v0.2.19
linux-portability (ubuntu-24.04-arm)	Native portability gate (debug and release)	2026-09-20T11:45:21.6194601Z    Compiling getrandom v0.3.4
linux-portability (ubuntu-24.04-arm)	Native portability gate (debug and release)	2026-09-20T11:45:21.7328135Z     Checking utf8parse v0.2.2
linux-portability (ubuntu-24.04-arm)	Native portability gate (debug and release)	2026-09-20T11:45:21.7617990Z     Checking bitflags v2.11.1
linux-portability (ubuntu-24.04-arm)	Native portability gate (debug and release)	2026-09-20T11:45:21.8227410Z    Compiling ucd-trie v0.1.7
linux-portability (ubuntu-24.04-arm)	Native portability gate (debug and release)	2026-09-20T11:45:21.8307521Z     Checking linux-raw-sys v0.12.1
linux-portability (ubuntu-24.04-arm)	Native portability gate (debug and release)	2026-09-20T11:45:21.9477124Z    Compiling serde_core v1.0.228
linux-portability (ubuntu-24.04-arm)	Native portability gate (debug and release)	2026-09-20T11:45:22.1007594Z    Compiling pest v2.8.6
linux-portability (ubuntu-24.04-arm)	Native portability gate (debug and release)	2026-09-20T11:45:22.1447663Z     Checking anstyle-parse v1.0.0
linux-portability (ubuntu-24.04-arm)	Native portability gate (debug and release)	2026-09-20T11:45:22.2467350Z     Checking anstyle-query v1.1.5
linux-portability (ubuntu-24.04-arm)	Native portability gate (debug and release)	2026-09-20T11:45:22.2767451Z     Checking is_terminal_polyfill v1.70.2
linux-portability (ubuntu-24.04-arm)	Native portability gate (debug and release)	2026-09-20T11:45:22.2987308Z     Checking regex-syntax v0.8.10
linux-portability (ubuntu-24.04-arm)	Native portability gate (debug and release)	2026-09-20T11:45:22.8780153Z    Compiling thiserror v2.0.18
linux-portability (ubuntu-24.04-arm)	Native portability gate (debug and release)	2026-09-20T11:45:23.0307387Z     Checking colorchoice v1.0.5
linux-portability (ubuntu-24.04-arm)	Native portability gate (debug and release)	2026-09-20T11:45:23.0577756Z     Checking once_cell v1.21.4
linux-portability (ubuntu-24.04-arm)	Native portability gate (debug and release)	2026-09-20T11:45:23.1047321Z     Checking anstyle v1.0.14
linux-portability (ubuntu-24.04-arm)	Native portability gate (debug and release)	2026-09-20T11:45:23.1417408Z    Compiling serde v1.0.228
linux-portability (ubuntu-24.04-arm)	Native portability gate (debug and release)	2026-09-20T11:45:23.1897220Z     Checking fastrand v2.4.1
linux-portability (ubuntu-24.04-arm)	Native portability gate (debug and release)	2026-09-20T11:45:23.2667354Z     Checking anstream v1.0.0
linux-portability (ubuntu-24.04-arm)	Native portability gate (debug and release)	2026-09-20T11:45:23.2785890Z     Checking tempfile v3.27.0
linux-portability (ubuntu-24.04-arm)	Native portability gate (debug and release)	2026-09-20T11:45:23.3678985Z    Compiling pest_meta v2.8.6
linux-portability (ubuntu-24.04-arm)	Native portability gate (debug and release)	2026-09-20T11:45:23.7247463Z     Checking aho-corasick v1.1.4
linux-portability (ubuntu-24.04-arm)	Native portability gate (debug and release)	2026-09-20T11:45:24.2092639Z    Compiling zerocopy v0.8.48
linux-portability (ubuntu-24.04-arm)	Native portability gate (debug and release)	2026-09-20T11:45:24.2606806Z    Compiling serde_derive v1.0.228
linux-portability (ubuntu-24.04-arm)	Native portability gate (debug and release)	2026-09-20T11:45:24.5067120Z    Compiling thiserror-impl v2.0.18
linux-portability (ubuntu-24.04-arm)	Native portability gate (debug and release)	2026-09-20T11:45:24.6567369Z    Compiling anyhow v1.0.102
linux-portability (ubuntu-24.04-arm)	Native portability gate (debug and release)	2026-09-20T11:45:24.6897337Z    Compiling heck v0.5.0
linux-portability (ubuntu-24.04-arm)	Native portability gate (debug and release)	2026-09-20T11:45:24.8217347Z     Checking clap_lex v1.1.0
linux-portability (ubuntu-24.04-arm)	Native portability gate (debug and release)	2026-09-20T11:45:24.8547151Z     Checking strsim v0.11.1
linux-portability (ubuntu-24.04-arm)	Native portability gate (debug and release)	2026-09-20T11:45:24.9227437Z     Checking clap_builder v4.6.0
linux-portability (ubuntu-24.04-arm)	Native portability gate (debug and release)	2026-09-20T11:45:24.9277328Z    Compiling clap_derive v4.6.1
linux-portability (ubuntu-24.04-arm)	Native portability gate (debug and release)	2026-09-20T11:45:25.5457658Z     Checking regex-automata v0.4.14
linux-portability (ubuntu-24.04-arm)	Native portability gate (debug and release)	2026-09-20T11:45:25.9085810Z    Compiling pest_generator v2.8.6
linux-portability (ubuntu-24.04-arm)	Native portability gate (debug and release)	2026-09-20T11:45:26.2930575Z     Checking rand_core v0.9.5
linux-portability (ubuntu-24.04-arm)	Native portability gate (debug and release)	2026-09-20T11:45:26.3729400Z     Checking chacha20 v0.10.0
linux-portability (ubuntu-24.04-arm)	Native portability gate (debug and release)	2026-09-20T11:45:26.3766155Z     Checking iana-time-zone v0.1.65
linux-portability (ubuntu-24.04-arm)	Native portability gate (debug and release)	2026-09-20T11:45:26.4627174Z     Checking rand v0.10.1
linux-portability (ubuntu-24.04-arm)	Native portability gate (debug and release)	2026-09-20T11:45:26.7987679Z     Checking chrono v0.4.44
linux-portability (ubuntu-24.04-arm)	Native portability gate (debug and release)	2026-09-20T11:45:26.8325127Z     Checking quick-xml v0.39.2
linux-portability (ubuntu-24.04-arm)	Native portability gate (debug and release)	2026-09-20T11:45:27.0917475Z     Checking regex v1.12.3
linux-portability (ubuntu-24.04-arm)	Native portability gate (debug and release)	2026-09-20T11:45:27.2417351Z    Compiling pest_derive v2.8.6
linux-portability (ubuntu-24.04-arm)	Native portability gate (debug and release)	2026-09-20T11:45:27.2747316Z     Checking clap v4.6.1
linux-portability (ubuntu-24.04-arm)	Native portability gate (debug and release)	2026-09-20T11:45:27.3997321Z     Checking sprintf v0.4.3
linux-portability (ubuntu-24.04-arm)	Native portability gate (debug and release)	2026-09-20T11:45:27.5784076Z     Checking wait-timeout v0.2.1
linux-portability (ubuntu-24.04-arm)	Native portability gate (debug and release)	2026-09-20T11:45:27.5854075Z     Checking bit-vec v0.8.0
linux-portability (ubuntu-24.04-arm)	Native portability gate (debug and release)	2026-09-20T11:45:27.6147419Z     Checking fnv v1.0.7
linux-portability (ubuntu-24.04-arm)	Native portability gate (debug and release)	2026-09-20T11:45:27.6239437Z     Checking quick-error v1.2.3
linux-portability (ubuntu-24.04-arm)	Native portability gate (debug and release)	2026-09-20T11:45:27.6497404Z     Checking rawk v0.1.0 (/home/runner/work/rawk/rawk/rawk)
linux-portability (ubuntu-24.04-arm)	Native portability gate (debug and release)	2026-09-20T11:45:27.6577974Z     Checking rusty-fork v0.3.1
linux-portability (ubuntu-24.04-arm)	Native portability gate (debug and release)	2026-09-20T11:45:27.6877821Z     Checking bit-set v0.8.0
linux-portability (ubuntu-24.04-arm)	Native portability gate (debug and release)	2026-09-20T11:45:27.7492752Z     Checking rand_xorshift v0.4.0
linux-portability (ubuntu-24.04-arm)	Native portability gate (debug and release)	2026-09-20T11:45:27.7537365Z     Checking rand v0.9.4
linux-portability (ubuntu-24.04-arm)	Native portability gate (debug and release)	2026-09-20T11:45:27.7878508Z     Checking unarray v0.1.4
linux-portability (ubuntu-24.04-arm)	Native portability gate (debug and release)	2026-09-20T11:45:29.6646753Z     Checking ppv-lite86 v0.2.21
linux-portability (ubuntu-24.04-arm)	Native portability gate (debug and release)	2026-09-20T11:45:29.7804816Z     Checking rand_chacha v0.9.0
linux-portability (ubuntu-24.04-arm)	Native portability gate (debug and release)	2026-09-20T11:45:29.8546882Z     Checking proptest v1.11.0
linux-portability (ubuntu-24.04-arm)	Native portability gate (debug and release)	2026-09-20T11:45:32.6850298Z     Finished `dev` profile [unoptimized + debuginfo] target(s) in 12.77s
linux-portability (ubuntu-24.04-arm)	Native portability gate (debug and release)	2026-09-20T11:45:32.7968508Z    Compiling proc-macro2 v1.0.106
linux-portability (ubuntu-24.04-arm)	Native portability gate (debug and release)	2026-09-20T11:45:32.7969246Z    Compiling quote v1.0.45
linux-portability (ubuntu-24.04-arm)	Native portability gate (debug and release)	2026-09-20T11:45:32.7978603Z    Compiling unicode-ident v1.0.24
linux-portability (ubuntu-24.04-arm)	Native portability gate (debug and release)	2026-09-20T11:45:32.7985200Z    Compiling libc v0.2.186
linux-portability (ubuntu-24.04-arm)	Native portability gate (debug and release)	2026-09-20T11:45:32.8477310Z    Compiling memchr v2.8.0
linux-portability (ubuntu-24.04-arm)	Native portability gate (debug and release)	2026-09-20T11:45:32.9253805Z    Compiling cfg-if v1.0.4
linux-portability (ubuntu-24.04-arm)	Native portability gate (debug and release)	2026-09-20T11:45:32.9458673Z    Compiling serde_core v1.0.228
linux-portability (ubuntu-24.04-arm)	Native portability gate (debug and release)	2026-09-20T11:45:33.0117339Z    Compiling getrandom v0.4.2
linux-portability (ubuntu-24.04-arm)	Native portability gate (debug and release)	2026-09-20T11:45:33.1187268Z    Compiling autocfg v1.5.0
linux-portability (ubuntu-24.04-arm)	Native portability gate (debug and release)	2026-09-20T11:45:33.3857560Z    Compiling rand_core v0.10.1
linux-portability (ubuntu-24.04-arm)	Native portability gate (debug and release)	2026-09-20T11:45:33.3977763Z    Compiling ucd-trie v0.1.7
linux-portability (ubuntu-24.04-arm)	Native portability gate (debug and release)	2026-09-20T11:45:33.4618928Z    Compiling utf8parse v0.2.2
linux-portability (ubuntu-24.04-arm)	Native portability gate (debug and release)	2026-09-20T11:45:33.4869518Z    Compiling syn v2.0.117
linux-portability (ubuntu-24.04-arm)	Native portability gate (debug and release)	2026-09-20T11:45:33.5002647Z    Compiling anstyle-parse v1.0.0
linux-portability (ubuntu-24.04-arm)	Native portability gate (debug and release)	2026-09-20T11:45:33.5160269Z    Compiling pest v2.8.6
linux-portability (ubuntu-24.04-arm)	Native portability gate (debug and release)	2026-09-20T11:45:33.5184466Z    Compiling num-traits v0.2.19
linux-portability (ubuntu-24.04-arm)	Native portability gate (debug and release)	2026-09-20T11:45:33.6212757Z    Compiling rustix v1.1.4
linux-portability (ubuntu-24.04-arm)	Native portability gate (debug and release)	2026-09-20T11:45:33.7984809Z    Compiling serde v1.0.228
linux-portability (ubuntu-24.04-arm)	Native portability gate (debug and release)	2026-09-20T11:45:33.9437422Z    Compiling anstyle-query v1.1.5
linux-portability (ubuntu-24.04-arm)	Native portability gate (debug and release)	2026-09-20T11:45:33.9797455Z    Compiling anstyle v1.0.14
linux-portability (ubuntu-24.04-arm)	Native portability gate (debug and release)	2026-09-20T11:45:34.1287779Z    Compiling is_terminal_polyfill v1.70.2
linux-portability (ubuntu-24.04-arm)	Native portability gate (debug and release)	2026-09-20T11:45:34.1547382Z    Compiling colorchoice v1.0.5
linux-portability (ubuntu-24.04-arm)	Native portability gate (debug and release)	2026-09-20T11:45:34.1907308Z    Compiling thiserror v2.0.18
linux-portability (ubuntu-24.04-arm)	Native portability gate (debug and release)	2026-09-20T11:45:34.3758987Z    Compiling pest_meta v2.8.6
linux-portability (ubuntu-24.04-arm)	Native portability gate (debug and release)	2026-09-20T11:45:34.3928049Z    Compiling anstream v1.0.0
linux-portability (ubuntu-24.04-arm)	Native portability gate (debug and release)	2026-09-20T11:45:34.7976741Z    Compiling aho-corasick v1.1.4
linux-portability (ubuntu-24.04-arm)	Native portability gate (debug and release)	2026-09-20T11:45:35.5369900Z    Compiling bitflags v2.11.1
linux-portability (ubuntu-24.04-arm)	Native portability gate (debug and release)	2026-09-20T11:45:35.7678037Z    Compiling strsim v0.11.1
linux-portability (ubuntu-24.04-arm)	Native portability gate (debug and release)	2026-09-20T11:45:36.2307326Z    Compiling linux-raw-sys v0.12.1
linux-portability (ubuntu-24.04-arm)	Native portability gate (debug and release)	2026-09-20T11:45:36.2398171Z    Compiling serde_derive v1.0.228
linux-portability (ubuntu-24.04-arm)	Native portability gate (debug and release)	2026-09-20T11:45:36.4086243Z    Compiling thiserror-impl v2.0.18
linux-portability (ubuntu-24.04-arm)	Native portability gate (debug and release)	2026-09-20T11:45:36.4584091Z    Compiling anyhow v1.0.102
linux-portability (ubuntu-24.04-arm)	Native portability gate (debug and release)	2026-09-20T11:45:36.6207443Z    Compiling heck v0.5.0
linux-portability (ubuntu-24.04-arm)	Native portability gate (debug and release)	2026-09-20T11:45:36.7265408Z    Compiling clap_lex v1.1.0
linux-portability (ubuntu-24.04-arm)	Native portability gate (debug and release)	2026-09-20T11:45:36.9707552Z    Compiling regex-syntax v0.8.10
linux-portability (ubuntu-24.04-arm)	Native portability gate (debug and release)	2026-09-20T11:45:37.3994433Z    Compiling clap_builder v4.6.0
linux-portability (ubuntu-24.04-arm)	Native portability gate (debug and release)	2026-09-20T11:45:38.5337743Z    Compiling regex-automata v0.4.14
linux-portability (ubuntu-24.04-arm)	Native portability gate (debug and release)	2026-09-20T11:45:38.9377870Z    Compiling clap_derive v4.6.1
linux-portability (ubuntu-24.04-arm)	Native portability gate (debug and release)	2026-09-20T11:45:42.3458592Z    Compiling pest_generator v2.8.6
linux-portability (ubuntu-24.04-arm)	Native portability gate (debug and release)	2026-09-20T11:45:42.9560452Z    Compiling chacha20 v0.10.0
linux-portability (ubuntu-24.04-arm)	Native portability gate (debug and release)	2026-09-20T11:45:43.0887314Z    Compiling fastrand v2.4.1
linux-portability (ubuntu-24.04-arm)	Native portability gate (debug and release)	2026-09-20T11:45:43.2897596Z    Compiling once_cell v1.21.4
linux-portability (ubuntu-24.04-arm)	Native portability gate (debug and release)	2026-09-20T11:45:43.4307476Z    Compiling iana-time-zone v0.1.65
linux-portability (ubuntu-24.04-arm)	Native portability gate (debug and release)	2026-09-20T11:45:43.6637445Z    Compiling chrono v0.4.44
linux-portability (ubuntu-24.04-arm)	Native portability gate (debug and release)	2026-09-20T11:45:43.7637347Z    Compiling tempfile v3.27.0
linux-portability (ubuntu-24.04-arm)	Native portability gate (debug and release)	2026-09-20T11:45:45.7013038Z    Compiling rand v0.10.1
linux-portability (ubuntu-24.04-arm)	Native portability gate (debug and release)	2026-09-20T11:45:46.2838966Z    Compiling pest_derive v2.8.6
linux-portability (ubuntu-24.04-arm)	Native portability gate (debug and release)	2026-09-20T11:45:46.5374142Z    Compiling regex v1.12.3
linux-portability (ubuntu-24.04-arm)	Native portability gate (debug and release)	2026-09-20T11:45:46.7367158Z    Compiling clap v4.6.1
linux-portability (ubuntu-24.04-arm)	Native portability gate (debug and release)	2026-09-20T11:45:46.7553678Z    Compiling quick-xml v0.39.2
linux-portability (ubuntu-24.04-arm)	Native portability gate (debug and release)	2026-09-20T11:45:47.1687373Z    Compiling sprintf v0.4.3
linux-portability (ubuntu-24.04-arm)	Native portability gate (debug and release)	2026-09-20T11:45:49.0353944Z    Compiling rawk v0.1.0 (/home/runner/work/rawk/rawk/rawk)
linux-portability (ubuntu-24.04-arm)	Native portability gate (debug and release)	2026-09-20T11:45:58.1468132Z     Finished `release` profile [optimized] target(s) in 25.41s
linux-portability (ubuntu-24.04-arm)	Native portability gate (debug and release)	2026-09-20T11:45:58.2106563Z    Compiling cfg-if v1.0.4
linux-portability (ubuntu-24.04-arm)	Native portability gate (debug and release)	2026-09-20T11:45:58.2108182Z    Compiling libc v0.2.186
linux-portability (ubuntu-24.04-arm)	Native portability gate (debug and release)	2026-09-20T11:45:58.2118055Z    Compiling memchr v2.8.0
linux-portability (ubuntu-24.04-arm)	Native portability gate (debug and release)	2026-09-20T11:45:58.2127521Z    Compiling rand_core v0.10.1
linux-portability (ubuntu-24.04-arm)	Native portability gate (debug and release)	2026-09-20T11:45:58.2317322Z    Compiling ucd-trie v0.1.7
linux-portability (ubuntu-24.04-arm)	Native portability gate (debug and release)	2026-09-20T11:45:58.2828518Z    Compiling bitflags v2.11.1
linux-portability (ubuntu-24.04-arm)	Native portability gate (debug and release)	2026-09-20T11:45:58.4178247Z    Compiling utf8parse v0.2.2
linux-portability (ubuntu-24.04-arm)	Native portability gate (debug and release)	2026-09-20T11:45:58.4207647Z    Compiling linux-raw-sys v0.12.1
linux-portability (ubuntu-24.04-arm)	Native portability gate (debug and release)	2026-09-20T11:45:58.4536869Z    Compiling anstyle-parse v1.0.0
linux-portability (ubuntu-24.04-arm)	Native portability gate (debug and release)	2026-09-20T11:45:58.5417299Z    Compiling pest v2.8.6
linux-portability (ubuntu-24.04-arm)	Native portability gate (debug and release)	2026-09-20T11:45:58.5735321Z    Compiling anstyle v1.0.14
linux-portability (ubuntu-24.04-arm)	Native portability gate (debug and release)	2026-09-20T11:45:58.6437331Z    Compiling rustix v1.1.4
linux-portability (ubuntu-24.04-arm)	Native portability gate (debug and release)	2026-09-20T11:45:58.6966365Z    Compiling anstyle-query v1.1.5
linux-portability (ubuntu-24.04-arm)	Native portability gate (debug and release)	2026-09-20T11:45:58.7289683Z    Compiling is_terminal_polyfill v1.70.2
linux-portability (ubuntu-24.04-arm)	Native portability gate (debug and release)	2026-09-20T11:45:58.7638169Z    Compiling regex-syntax v0.8.10
linux-portability (ubuntu-24.04-arm)	Native portability gate (debug and release)	2026-09-20T11:45:58.8128142Z    Compiling getrandom v0.4.2
linux-portability (ubuntu-24.04-arm)	Native portability gate (debug and release)	2026-09-20T11:45:58.9237558Z    Compiling fastrand v2.4.1
linux-portability (ubuntu-24.04-arm)	Native portability gate (debug and release)	2026-09-20T11:45:59.0507358Z    Compiling once_cell v1.21.4
linux-portability (ubuntu-24.04-arm)	Native portability gate (debug and release)	2026-09-20T11:45:59.1637386Z    Compiling colorchoice v1.0.5
linux-portability (ubuntu-24.04-arm)	Native portability gate (debug and release)	2026-09-20T11:45:59.1987408Z    Compiling anstream v1.0.0
linux-portability (ubuntu-24.04-arm)	Native portability gate (debug and release)	2026-09-20T11:45:59.3985312Z    Compiling pest_meta v2.8.6
linux-portability (ubuntu-24.04-arm)	Native portability gate (debug and release)	2026-09-20T11:45:59.5208213Z    Compiling getrandom v0.3.4
linux-portability (ubuntu-24.04-arm)	Native portability gate (debug and release)	2026-09-20T11:45:59.6423793Z    Compiling tempfile v3.27.0
linux-portability (ubuntu-24.04-arm)	Native portability gate (debug and release)	2026-09-20T11:45:59.9677229Z    Compiling num-traits v0.2.19
linux-portability (ubuntu-24.04-arm)	Native portability gate (debug and release)	2026-09-20T11:46:00.0157346Z    Compiling aho-corasick v1.1.4
linux-portability (ubuntu-24.04-arm)	Native portability gate (debug and release)	2026-09-20T11:46:00.3909691Z    Compiling serde_core v1.0.228
linux-portability (ubuntu-24.04-arm)	Native portability gate (debug and release)	2026-09-20T11:46:00.6700366Z    Compiling strsim v0.11.1
linux-portability (ubuntu-24.04-arm)	Native portability gate (debug and release)	2026-09-20T11:46:00.9857366Z    Compiling clap_lex v1.1.0
linux-portability (ubuntu-24.04-arm)	Native portability gate (debug and release)	2026-09-20T11:46:01.0877340Z    Compiling clap_builder v4.6.0
linux-portability (ubuntu-24.04-arm)	Native portability gate (debug and release)	2026-09-20T11:46:01.1388051Z    Compiling thiserror v2.0.18
linux-portability (ubuntu-24.04-arm)	Native portability gate (debug and release)	2026-09-20T11:46:01.1697898Z    Compiling regex-automata v0.4.14
linux-portability (ubuntu-24.04-arm)	Native portability gate (debug and release)	2026-09-20T11:46:01.5787296Z    Compiling pest_generator v2.8.6
linux-portability (ubuntu-24.04-arm)	Native portability gate (debug and release)	2026-09-20T11:46:01.9277564Z    Compiling serde v1.0.228
linux-portability (ubuntu-24.04-arm)	Native portability gate (debug and release)	2026-09-20T11:46:02.0226384Z    Compiling rand_core v0.9.5
linux-portability (ubuntu-24.04-arm)	Native portability gate (debug and release)	2026-09-20T11:46:02.1347287Z    Compiling chacha20 v0.10.0
linux-portability (ubuntu-24.04-arm)	Native portability gate (debug and release)	2026-09-20T11:46:02.2567555Z    Compiling iana-time-zone v0.1.65
linux-portability (ubuntu-24.04-arm)	Native portability gate (debug and release)	2026-09-20T11:46:02.3207199Z    Compiling chrono v0.4.44
linux-portability (ubuntu-24.04-arm)	Native portability gate (debug and release)	2026-09-20T11:46:02.4268080Z    Compiling quick-xml v0.39.2
linux-portability (ubuntu-24.04-arm)	Native portability gate (debug and release)	2026-09-20T11:46:03.6417653Z    Compiling regex v1.12.3
linux-portability (ubuntu-24.04-arm)	Native portability gate (debug and release)	2026-09-20T11:46:03.7828832Z    Compiling clap v4.6.1
linux-portability (ubuntu-24.04-arm)	Native portability gate (debug and release)	2026-09-20T11:46:03.8087302Z    Compiling rand v0.10.1
linux-portability (ubuntu-24.04-arm)	Native portability gate (debug and release)	2026-09-20T11:46:03.9827359Z    Compiling pest_derive v2.8.6
linux-portability (ubuntu-24.04-arm)	Native portability gate (debug and release)	2026-09-20T11:46:04.2687625Z    Compiling sprintf v0.4.3
linux-portability (ubuntu-24.04-arm)	Native portability gate (debug and release)	2026-09-20T11:46:04.2988446Z    Compiling anyhow v1.0.102
linux-portability (ubuntu-24.04-arm)	Native portability gate (debug and release)	2026-09-20T11:46:04.4307409Z    Compiling zerocopy v0.8.48
linux-portability (ubuntu-24.04-arm)	Native portability gate (debug and release)	2026-09-20T11:46:04.4696929Z    Compiling wait-timeout v0.2.1
linux-portability (ubuntu-24.04-arm)	Native portability gate (debug and release)	2026-09-20T11:46:04.5687463Z    Compiling bit-vec v0.8.0
linux-portability (ubuntu-24.04-arm)	Native portability gate (debug and release)	2026-09-20T11:46:04.6647576Z    Compiling quick-error v1.2.3
linux-portability (ubuntu-24.04-arm)	Native portability gate (debug and release)	2026-09-20T11:46:04.6897274Z    Compiling fnv v1.0.7
linux-portability (ubuntu-24.04-arm)	Native portability gate (debug and release)	2026-09-20T11:46:04.6942180Z    Compiling bit-set v0.8.0
linux-portability (ubuntu-24.04-arm)	Native portability gate (debug and release)	2026-09-20T11:46:04.7138022Z    Compiling rusty-fork v0.3.1
linux-portability (ubuntu-24.04-arm)	Native portability gate (debug and release)	2026-09-20T11:46:04.7687262Z    Compiling rawk v0.1.0 (/home/runner/work/rawk/rawk/rawk)
linux-portability (ubuntu-24.04-arm)	Native portability gate (debug and release)	2026-09-20T11:46:05.0358033Z    Compiling rand_xorshift v0.4.0
linux-portability (ubuntu-24.04-arm)	Native portability gate (debug and release)	2026-09-20T11:46:05.0987355Z    Compiling rand v0.9.4
linux-portability (ubuntu-24.04-arm)	Native portability gate (debug and release)	2026-09-20T11:46:05.4488823Z    Compiling unarray v0.1.4
linux-portability (ubuntu-24.04-arm)	Native portability gate (debug and release)	2026-09-20T11:46:06.9682047Z    Compiling ppv-lite86 v0.2.21
linux-portability (ubuntu-24.04-arm)	Native portability gate (debug and release)	2026-09-20T11:46:07.0875863Z    Compiling rand_chacha v0.9.0
linux-portability (ubuntu-24.04-arm)	Native portability gate (debug and release)	2026-09-20T11:46:07.1705443Z    Compiling proptest v1.11.0
linux-portability (ubuntu-24.04-arm)	Native portability gate (debug and release)	2026-09-20T11:46:12.5071130Z     Finished `test` profile [unoptimized + debuginfo] target(s) in 14.34s
linux-portability (ubuntu-24.04-arm)	Native portability gate (debug and release)	2026-09-20T11:46:12.5131749Z      Running unittests src/lib.rs (target/debug/deps/rawk-cf2e1085fda57426)
linux-portability (ubuntu-24.04-arm)	Native portability gate (debug and release)	2026-09-20T11:46:12.5140895Z 
linux-portability (ubuntu-24.04-arm)	Native portability gate (debug and release)	2026-09-20T11:46:12.5141171Z running 0 tests
linux-portability (ubuntu-24.04-arm)	Native portability gate (debug and release)	2026-09-20T11:46:12.5141340Z 
linux-portability (ubuntu-24.04-arm)	Native portability gate (debug and release)	2026-09-20T11:46:12.5143817Z test result: ok. 0 passed; 0 failed; 0 ignored; 0 measured; 0 filtered out; finished in 0.00s
linux-portability (ubuntu-24.04-arm)	Native portability gate (debug and release)	2026-09-20T11:46:12.5144199Z 
linux-portability (ubuntu-24.04-arm)	Native portability gate (debug and release)	2026-09-20T11:46:12.5144593Z      Running unittests src/bin/diffrun.rs (target/debug/deps/diffrun-3b6e51535cd91098)
linux-portability (ubuntu-24.04-arm)	Native portability gate (debug and release)	2026-09-20T11:46:12.5150007Z 
linux-portability (ubuntu-24.04-arm)	Native portability gate (debug and release)	2026-09-20T11:46:12.5150310Z running 0 tests
linux-portability (ubuntu-24.04-arm)	Native portability gate (debug and release)	2026-09-20T11:46:12.5150510Z 
linux-portability (ubuntu-24.04-arm)	Native portability gate (debug and release)	2026-09-20T11:46:12.5150785Z test result: ok. 0 passed; 0 failed; 0 ignored; 0 measured; 0 filtered out; finished in 0.00s
linux-portability (ubuntu-24.04-arm)	Native portability gate (debug and release)	2026-09-20T11:46:12.5151347Z 
linux-portability (ubuntu-24.04-arm)	Native portability gate (debug and release)	2026-09-20T11:46:12.5154245Z      Running unittests src/main.rs (target/debug/deps/rawk-992d587babbada91)
linux-portability (ubuntu-24.04-arm)	Native portability gate (debug and release)	2026-09-20T11:46:12.5160142Z 
linux-portability (ubuntu-24.04-arm)	Native portability gate (debug and release)	2026-09-20T11:46:12.5160496Z running 4 tests
linux-portability (ubuntu-24.04-arm)	Native portability gate (debug and release)	2026-09-20T11:46:12.5183452Z test unicode_ere::tests::encoding_preserves_offsets_and_invalid_bytes_without_sentinels ... ok
linux-portability (ubuntu-24.04-arm)	Native portability gate (debug and release)	2026-09-20T11:46:12.5237160Z test unicode_ere::tests::compiled_intervals_cover_only_the_requested_runes ... ok
linux-portability (ubuntu-24.04-arm)	Native portability gate (debug and release)	2026-09-20T11:46:12.5296975Z test input::tests::separators_are_independent_of_read_boundaries ... ok
linux-portability (ubuntu-24.04-arm)	Native portability gate (debug and release)	2026-09-20T11:46:12.5579052Z test ere::stream::tests::physical_short_reads_do_not_change_bwk_lookahead ... ok
linux-portability (ubuntu-24.04-arm)	Native portability gate (debug and release)	2026-09-20T11:46:12.5579505Z 
linux-portability (ubuntu-24.04-arm)	Native portability gate (debug and release)	2026-09-20T11:46:12.5579769Z test result: ok. 4 passed; 0 failed; 0 ignored; 0 measured; 0 filtered out; finished in 0.04s
linux-portability (ubuntu-24.04-arm)	Native portability gate (debug and release)	2026-09-20T11:46:12.5580325Z 
linux-portability (ubuntu-24.04-arm)	Native portability gate (debug and release)	2026-09-20T11:46:12.5582271Z      Running tests/bytes_array_keys.rs (target/debug/deps/bytes_array_keys-8912e42706625c48)
linux-portability (ubuntu-24.04-arm)	Native portability gate (debug and release)	2026-09-20T11:46:12.5591319Z 
linux-portability (ubuntu-24.04-arm)	Native portability gate (debug and release)	2026-09-20T11:46:12.5591540Z running 3 tests
linux-portability (ubuntu-24.04-arm)	Native portability gate (debug and release)	2026-09-20T11:46:12.5746384Z test distinct_high_byte_keys_do_not_collide ... ok
linux-portability (ubuntu-24.04-arm)	Native portability gate (debug and release)	2026-09-20T11:46:12.5747112Z test nul_embedded_key_round_trips ... ok
linux-portability (ubuntu-24.04-arm)	Native portability gate (debug and release)	2026-09-20T11:46:12.5747445Z test for_in_returns_all_distinct_byte_keys ... ok
linux-portability (ubuntu-24.04-arm)	Native portability gate (debug and release)	2026-09-20T11:46:12.5747654Z 
linux-portability (ubuntu-24.04-arm)	Native portability gate (debug and release)	2026-09-20T11:46:12.5747973Z test result: ok. 3 passed; 0 failed; 0 ignored; 0 measured; 0 filtered out; finished in 0.02s
linux-portability (ubuntu-24.04-arm)	Native portability gate (debug and release)	2026-09-20T11:46:12.5748327Z 
linux-portability (ubuntu-24.04-arm)	Native portability gate (debug and release)	2026-09-20T11:46:12.5749346Z      Running tests/bytes_printf.rs (target/debug/deps/bytes_printf-d8adb88f194b5935)
linux-portability (ubuntu-24.04-arm)	Native portability gate (debug and release)	2026-09-20T11:46:12.5755807Z 
linux-portability (ubuntu-24.04-arm)	Native portability gate (debug and release)	2026-09-20T11:46:12.5756348Z running 6 tests
linux-portability (ubuntu-24.04-arm)	Native portability gate (debug and release)	2026-09-20T11:46:12.5823082Z test printf_c_emits_first_byte_raw ... ok
linux-portability (ubuntu-24.04-arm)	Native portability gate (debug and release)	2026-09-20T11:46:12.5824961Z test print_with_high_byte_ofs ... ok
linux-portability (ubuntu-24.04-arm)	Native portability gate (debug and release)	2026-09-20T11:46:12.5825644Z test printf_format_string_with_high_bytes ... ok
linux-portability (ubuntu-24.04-arm)	Native portability gate (debug and release)	2026-09-20T11:46:12.5834738Z test field_split_with_high_byte_fs ... ok
linux-portability (ubuntu-24.04-arm)	Native portability gate (debug and release)	2026-09-20T11:46:12.5886924Z test sprintf_high_byte_round_trip ... ok
linux-portability (ubuntu-24.04-arm)	Native portability gate (debug and release)	2026-09-20T11:46:12.5888086Z test printf_s_preserves_high_byte ... ok
linux-portability (ubuntu-24.04-arm)	Native portability gate (debug and release)	2026-09-20T11:46:12.5888327Z 
linux-portability (ubuntu-24.04-arm)	Native portability gate (debug and release)	2026-09-20T11:46:12.5888586Z test result: ok. 6 passed; 0 failed; 0 ignored; 0 measured; 0 filtered out; finished in 0.01s
linux-portability (ubuntu-24.04-arm)	Native portability gate (debug and release)	2026-09-20T11:46:12.5888998Z 
linux-portability (ubuntu-24.04-arm)	Native portability gate (debug and release)	2026-09-20T11:46:12.5890601Z      Running tests/bytes_regex_match.rs (target/debug/deps/bytes_regex_match-42c23aa5e737afa6)
linux-portability (ubuntu-24.04-arm)	Native portability gate (debug and release)	2026-09-20T11:46:12.5898390Z 
linux-portability (ubuntu-24.04-arm)	Native portability gate (debug and release)	2026-09-20T11:46:12.5898646Z running 6 tests
linux-portability (ubuntu-24.04-arm)	Native portability gate (debug and release)	2026-09-20T11:46:12.5963175Z test gsub_ampersand_includes_whole_match ... ok
linux-portability (ubuntu-24.04-arm)	Native portability gate (debug and release)	2026-09-20T11:46:12.5963641Z test nul_inside_subject_with_rs_regex ... ok
linux-portability (ubuntu-24.04-arm)	Native portability gate (debug and release)	2026-09-20T11:46:12.5963998Z test match_distinguishes_high_bytes ... ok
linux-portability (ubuntu-24.04-arm)	Native portability gate (debug and release)	2026-09-20T11:46:12.5977047Z test match_builtin_high_byte_pattern_position ... ok
linux-portability (ubuntu-24.04-arm)	Native portability gate (debug and release)	2026-09-20T11:46:12.6026172Z test rs_regex_high_byte_separator_splits_correctly ... ok
linux-portability (ubuntu-24.04-arm)	Native portability gate (debug and release)	2026-09-20T11:46:12.6026799Z test sub_replaces_high_byte_run ... ok
linux-portability (ubuntu-24.04-arm)	Native portability gate (debug and release)	2026-09-20T11:46:12.6026998Z 
linux-portability (ubuntu-24.04-arm)	Native portability gate (debug and release)	2026-09-20T11:46:12.6027252Z test result: ok. 6 passed; 0 failed; 0 ignored; 0 measured; 0 filtered out; finished in 0.01s
linux-portability (ubuntu-24.04-arm)	Native portability gate (debug and release)	2026-09-20T11:46:12.6027584Z 
linux-portability (ubuntu-24.04-arm)	Native portability gate (debug and release)	2026-09-20T11:46:12.6028318Z      Running tests/data_contract.rs (target/debug/deps/data_contract-65cc91f870523ded)
linux-portability (ubuntu-24.04-arm)	Native portability gate (debug and release)	2026-09-20T11:46:12.6035129Z 
linux-portability (ubuntu-24.04-arm)	Native portability gate (debug and release)	2026-09-20T11:46:12.6035394Z running 6 tests
linux-portability (ubuntu-24.04-arm)	Native portability gate (debug and release)	2026-09-20T11:46:12.6098872Z test csv_handles_quoted_delimiters_newlines_and_escaped_quotes ... ok
linux-portability (ubuntu-24.04-arm)	Native portability gate (debug and release)	2026-09-20T11:46:12.6102638Z test fields_accept_regex_separator ... ok
linux-portability (ubuntu-24.04-arm)	Native portability gate (debug and release)	2026-09-20T11:46:12.6103415Z test invalid_regex_is_reported ... ok
linux-portability (ubuntu-24.04-arm)	Native portability gate (debug and release)	2026-09-20T11:46:12.6103815Z test regex_uses_leftmost_longest ... ok
linux-portability (ubuntu-24.04-arm)	Native portability gate (debug and release)	2026-09-20T11:46:12.6165773Z test substitutions_report_count_not_changed_text ... ok
linux-portability (ubuntu-24.04-arm)	Native portability gate (debug and release)	2026-09-20T11:46:12.6174101Z test split_preserves_empty_fields_and_clears_array ... ok
linux-portability (ubuntu-24.04-arm)	Native portability gate (debug and release)	2026-09-20T11:46:12.6174403Z 
linux-portability (ubuntu-24.04-arm)	Native portability gate (debug and release)	2026-09-20T11:46:12.6174643Z test result: ok. 6 passed; 0 failed; 0 ignored; 0 measured; 0 filtered out; finished in 0.01s
linux-portability (ubuntu-24.04-arm)	Native portability gate (debug and release)	2026-09-20T11:46:12.6175164Z 
linux-portability (ubuntu-24.04-arm)	Native portability gate (debug and release)	2026-09-20T11:46:12.6176323Z      Running tests/driver_regressions.rs (target/debug/deps/driver_regressions-7b3f66b843422112)
linux-portability (ubuntu-24.04-arm)	Native portability gate (debug and release)	2026-09-20T11:46:12.6183811Z 
linux-portability (ubuntu-24.04-arm)	Native portability gate (debug and release)	2026-09-20T11:46:12.6184062Z running 6 tests
linux-portability (ubuntu-24.04-arm)	Native portability gate (debug and release)	2026-09-20T11:46:12.6255207Z test multifile_syntax_error_names_offending_source ... ok
linux-portability (ubuntu-24.04-arm)	Native portability gate (debug and release)	2026-09-20T11:46:12.6273205Z test getline_comparison_is_not_part_of_filename ... ok
linux-portability (ubuntu-24.04-arm)	Native portability gate (debug and release)	2026-09-20T11:46:12.6273885Z test field_index_beyond_reference_integer_range_is_an_error ... ok
linux-portability (ubuntu-24.04-arm)	Native portability gate (debug and release)	2026-09-20T11:46:12.6429983Z test invalid_function_parameters_are_errors_before_execution ... ok
linux-portability (ubuntu-24.04-arm)	Native portability gate (debug and release)	2026-09-20T11:46:12.6574923Z test redirected_stdin_shares_buffer_with_main_input ... ok
linux-portability (ubuntu-24.04-arm)	Native portability gate (debug and release)	2026-09-20T11:46:12.6635787Z test stdin_program_and_empty_statements ... ok
linux-portability (ubuntu-24.04-arm)	Native portability gate (debug and release)	2026-09-20T11:46:12.6636271Z 
linux-portability (ubuntu-24.04-arm)	Native portability gate (debug and release)	2026-09-20T11:46:12.6636549Z test result: ok. 6 passed; 0 failed; 0 ignored; 0 measured; 0 filtered out; finished in 0.05s
linux-portability (ubuntu-24.04-arm)	Native portability gate (debug and release)	2026-09-20T11:46:12.6636911Z 
linux-portability (ubuntu-24.04-arm)	Native portability gate (debug and release)	2026-09-20T11:46:12.6638224Z      Running tests/dynamic_format.rs (target/debug/deps/dynamic_format-da660803ed5b773d)
linux-portability (ubuntu-24.04-arm)	Native portability gate (debug and release)	2026-09-20T11:46:12.6646219Z 
linux-portability (ubuntu-24.04-arm)	Native portability gate (debug and release)	2026-09-20T11:46:12.6646716Z running 8 tests
linux-portability (ubuntu-24.04-arm)	Native portability gate (debug and release)	2026-09-20T11:46:12.6797832Z test missing_star_arguments_are_errors ... ok
linux-portability (ubuntu-24.04-arm)	Native portability gate (debug and release)	2026-09-20T11:46:12.6863841Z test negative_precision_keeps_binary_and_multibyte_paths ... ok
linux-portability (ubuntu-24.04-arm)	Native portability gate (debug and release)	2026-09-20T11:46:12.6985723Z test string_and_literal_range_errors_do_not_discard_arithmetic_subnormals ... ok
linux-portability (ubuntu-24.04-arm)	Native portability gate (debug and release)	2026-09-20T11:46:12.8139824Z test unsigned_conversion_matches_native_oracle ... ok
linux-portability (ubuntu-24.04-arm)	Native portability gate (debug and release)	2026-09-20T11:46:12.8332313Z test zero_padded_strings_match_native_oracle ... ok
linux-portability (ubuntu-24.04-arm)	Native portability gate (debug and release)	2026-09-20T11:46:13.3277923Z test dynamic_width_precision_and_consumption ... ok
linux-portability (ubuntu-24.04-arm)	Native portability gate (debug and release)	2026-09-20T11:46:14.6503803Z test integer_flags_precision_and_signs ... ok
linux-portability (ubuntu-24.04-arm)	Native portability gate (debug and release)	2026-09-20T11:46:15.2140796Z test negative_dynamic_precision_preserves_flags_and_argument_consumption ... ok
linux-portability (ubuntu-24.04-arm)	Native portability gate (debug and release)	2026-09-20T11:46:15.2141260Z 
linux-portability (ubuntu-24.04-arm)	Native portability gate (debug and release)	2026-09-20T11:46:15.2141721Z test result: ok. 8 passed; 0 failed; 0 ignored; 0 measured; 0 filtered out; finished in 2.55s
linux-portability (ubuntu-24.04-arm)	Native portability gate (debug and release)	2026-09-20T11:46:15.2142079Z 
linux-portability (ubuntu-24.04-arm)	Native portability gate (debug and release)	2026-09-20T11:46:15.2142279Z      Running tests/harness.rs (target/debug/deps/harness-3a6b5b406c659a96)
linux-portability (ubuntu-24.04-arm)	Native portability gate (debug and release)	2026-09-20T11:46:15.2150206Z 
linux-portability (ubuntu-24.04-arm)	Native portability gate (debug and release)	2026-09-20T11:46:15.2150580Z running 5 tests
linux-portability (ubuntu-24.04-arm)	Native portability gate (debug and release)	2026-09-20T11:46:15.2157785Z test annotation_does_not_accept_new_failures ... ok
linux-portability (ubuntu-24.04-arm)	Native portability gate (debug and release)	2026-09-20T11:46:15.2171786Z test preserves_bytes_whitespace_and_status ... ok
linux-portability (ubuntu-24.04-arm)	Native portability gate (debug and release)	2026-09-20T11:46:15.2215000Z test aggregate_gate_reports_an_intermediate_failure ... ok
linux-portability (ubuntu-24.04-arm)	Native portability gate (debug and release)	2026-09-20T11:46:15.2273332Z test each_run_has_a_fresh_directory ... ok
linux-portability (ubuntu-24.04-arm)	Native portability gate (debug and release)	2026-09-20T11:46:15.6485161Z test timeout_kills_descendants ... ok
linux-portability (ubuntu-24.04-arm)	Native portability gate (debug and release)	2026-09-20T11:46:15.6485531Z 
linux-portability (ubuntu-24.04-arm)	Native portability gate (debug and release)	2026-09-20T11:46:15.6485839Z test result: ok. 5 passed; 0 failed; 0 ignored; 0 measured; 0 filtered out; finished in 0.43s
linux-portability (ubuntu-24.04-arm)	Native portability gate (debug and release)	2026-09-20T11:46:15.6486416Z 
linux-portability (ubuntu-24.04-arm)	Native portability gate (debug and release)	2026-09-20T11:46:15.6487293Z      Running tests/input_contract.rs (target/debug/deps/input_contract-ead71b1d543e31fb)
linux-portability (ubuntu-24.04-arm)	Native portability gate (debug and release)	2026-09-20T11:46:15.6495488Z 
linux-portability (ubuntu-24.04-arm)	Native portability gate (debug and release)	2026-09-20T11:46:15.6496111Z running 5 tests
linux-portability (ubuntu-24.04-arm)	Native portability gate (debug and release)	2026-09-20T11:46:15.6563269Z test missing_getline_file_is_an_error_not_eof ... ok
linux-portability (ubuntu-24.04-arm)	Native portability gate (debug and release)	2026-09-20T11:46:15.6563808Z test file_getline_and_interleaved_assignments ... ok
linux-portability (ubuntu-24.04-arm)	Native portability gate (debug and release)	2026-09-20T11:46:15.6565067Z test rewriting_record_does_not_count_a_read ... ok
linux-portability (ubuntu-24.04-arm)	Native portability gate (debug and release)	2026-09-20T11:46:15.6576408Z test getline_uses_main_stream_and_counts_every_read ... ok
linux-portability (ubuntu-24.04-arm)	Native portability gate (debug and release)	2026-09-20T11:46:15.6624784Z test rs_changes_apply_to_unconsumed_input ... ok
linux-portability (ubuntu-24.04-arm)	Native portability gate (debug and release)	2026-09-20T11:46:15.6625112Z 
linux-portability (ubuntu-24.04-arm)	Native portability gate (debug and release)	2026-09-20T11:46:15.6625370Z test result: ok. 5 passed; 0 failed; 0 ignored; 0 measured; 0 filtered out; finished in 0.01s
linux-portability (ubuntu-24.04-arm)	Native portability gate (debug and release)	2026-09-20T11:46:15.6625857Z 
linux-portability (ubuntu-24.04-arm)	Native portability gate (debug and release)	2026-09-20T11:46:15.6626802Z      Running tests/language_contract.rs (target/debug/deps/language_contract-f9cbf1434eb43d63)
linux-portability (ubuntu-24.04-arm)	Native portability gate (debug and release)	2026-09-20T11:46:15.6633750Z 
linux-portability (ubuntu-24.04-arm)	Native portability gate (debug and release)	2026-09-20T11:46:15.6633921Z running 7 tests
linux-portability (ubuntu-24.04-arm)	Native portability gate (debug and release)	2026-09-20T11:46:15.6697998Z test array_reads_create_entries ... ok
linux-portability (ubuntu-24.04-arm)	Native portability gate (debug and release)	2026-09-20T11:46:15.6699877Z test convfmt_is_used_for_comparisons_fields_and_keys ... ok
linux-portability (ubuntu-24.04-arm)	Native portability gate (debug and release)	2026-09-20T11:46:15.6717374Z test expressions_and_escapes ... ok
linux-portability (ubuntu-24.04-arm)	Native portability gate (debug and release)	2026-09-20T11:46:15.6727302Z test array_parameters_are_references ... ok
linux-portability (ubuntu-24.04-arm)	Native portability gate (debug and release)	2026-09-20T11:46:15.6759672Z test numeric_and_string_values_keep_their_types ... ok
linux-portability (ubuntu-24.04-arm)	Native portability gate (debug and release)	2026-09-20T11:46:15.6775066Z test lvalue_indices_are_evaluated_once ... ok
linux-portability (ubuntu-24.04-arm)	Native portability gate (debug and release)	2026-09-20T11:46:15.6791967Z test range_patterns_and_empty_actions ... ok
linux-portability (ubuntu-24.04-arm)	Native portability gate (debug and release)	2026-09-20T11:46:15.6792284Z 
linux-portability (ubuntu-24.04-arm)	Native portability gate (debug and release)	2026-09-20T11:46:15.6792558Z test result: ok. 7 passed; 0 failed; 0 ignored; 0 measured; 0 filtered out; finished in 0.02s
linux-portability (ubuntu-24.04-arm)	Native portability gate (debug and release)	2026-09-20T11:46:15.6793046Z 
linux-portability (ubuntu-24.04-arm)	Native portability gate (debug and release)	2026-09-20T11:46:15.6794143Z      Running tests/legacy_locale.rs (target/debug/deps/legacy_locale-973d0649f6bb55b6)
linux-portability (ubuntu-24.04-arm)	Native portability gate (debug and release)	2026-09-20T11:46:15.6801655Z 
linux-portability (ubuntu-24.04-arm)	Native portability gate (debug and release)	2026-09-20T11:46:15.6801866Z running 6 tests
linux-portability (ubuntu-24.04-arm)	Native portability gate (debug and release)	2026-09-20T11:46:15.7158517Z test every_nonzero_byte_case_conversion_matches_c ... ok
linux-portability (ubuntu-24.04-arm)	Native portability gate (debug and release)	2026-09-20T11:46:15.7269130Z test byte_positions_ranges_splits_and_substitution_match_c ... ok
linux-portability (ubuntu-24.04-arm)	Native portability gate (debug and release)	2026-09-20T11:46:15.7285093Z test nul_preservation_remains_an_explicit_rust_extension ... ok
linux-portability (ubuntu-24.04-arm)	Native portability gate (debug and release)	2026-09-20T11:46:15.7303559Z test legacy_locale_selection_obeys_precedence_and_is_fixed_at_startup ... ok
linux-portability (ubuntu-24.04-arm)	Native portability gate (debug and release)	2026-09-20T11:46:15.7614478Z test required_single_byte_locales_are_active ... ok
linux-portability (ubuntu-24.04-arm)	Native portability gate (debug and release)	2026-09-20T11:46:16.2686246Z test every_nonzero_byte_in_each_posix_class_matches_c ... ok
linux-portability (ubuntu-24.04-arm)	Native portability gate (debug and release)	2026-09-20T11:46:16.2686671Z 
linux-portability (ubuntu-24.04-arm)	Native portability gate (debug and release)	2026-09-20T11:46:16.2686961Z test result: ok. 6 passed; 0 failed; 0 ignored; 0 measured; 0 filtered out; finished in 0.59s
linux-portability (ubuntu-24.04-arm)	Native portability gate (debug and release)	2026-09-20T11:46:16.2687561Z 
linux-portability (ubuntu-24.04-arm)	Native portability gate (debug and release)	2026-09-20T11:46:16.2687846Z      Running tests/runtime_contract.rs (target/debug/deps/runtime_contract-aae3b40f5cf0db99)
linux-portability (ubuntu-24.04-arm)	Native portability gate (debug and release)	2026-09-20T11:46:16.2695733Z 
linux-portability (ubuntu-24.04-arm)	Native portability gate (debug and release)	2026-09-20T11:46:16.2696220Z running 3 tests
linux-portability (ubuntu-24.04-arm)	Native portability gate (debug and release)	2026-09-20T11:46:16.2763003Z test return_escapes_all_loop_forms ... ok
linux-portability (ubuntu-24.04-arm)	Native portability gate (debug and release)	2026-09-20T11:46:16.2763481Z test short_circuit_preserves_side_effects ... ok
linux-portability (ubuntu-24.04-arm)	Native portability gate (debug and release)	2026-09-20T11:46:16.2763859Z test exit_executes_end_and_interrupts_expressions ... ok
linux-portability (ubuntu-24.04-arm)	Native portability gate (debug and release)	2026-09-20T11:46:16.2764187Z 
linux-portability (ubuntu-24.04-arm)	Native portability gate (debug and release)	2026-09-20T11:46:16.2764458Z test result: ok. 3 passed; 0 failed; 0 ignored; 0 measured; 0 filtered out; finished in 0.01s
linux-portability (ubuntu-24.04-arm)	Native portability gate (debug and release)	2026-09-20T11:46:16.2764812Z 
linux-portability (ubuntu-24.04-arm)	Native portability gate (debug and release)	2026-09-20T11:46:16.2765029Z      Running tests/shift_jis.rs (target/debug/deps/shift_jis-6789f430a1f4bd93)
linux-portability (ubuntu-24.04-arm)	Native portability gate (debug and release)	2026-09-20T11:46:16.2770415Z 
linux-portability (ubuntu-24.04-arm)	Native portability gate (debug and release)	2026-09-20T11:46:16.2770908Z running 11 tests
linux-portability (ubuntu-24.04-arm)	Native portability gate (debug and release)	2026-09-20T11:46:16.2867449Z test conversion_failure_preserves_atomic_print_contract ... ok
linux-portability (ubuntu-24.04-arm)	Native portability gate (debug and release)	2026-09-20T11:46:16.2908069Z test embedded_nul_preserves_the_rust_binary_extension ... ok
linux-portability (ubuntu-24.04-arm)	Native portability gate (debug and release)	2026-09-20T11:46:16.3122244Z test regex_rs_with_three_or_four_byte_structural_units_matches_c ... ok
linux-portability (ubuntu-24.04-arm)	Native portability gate (debug and release)	2026-09-20T11:46:16.3242919Z test required_sjis_locale_has_observable_case_mapping ... ok
linux-portability (ubuntu-24.04-arm)	Native portability gate (debug and release)	2026-09-20T11:46:16.4125797Z test record_separators_and_locale_precedence_match_c ... ok
linux-portability (ubuntu-24.04-arm)	Native portability gate (debug and release)	2026-09-20T11:46:16.4267322Z test streaming_rs_keeps_binary_data_distinct_from_eof ... ok
linux-portability (ubuntu-24.04-arm)	Native portability gate (debug and release)	2026-09-20T11:46:16.6547139Z test regex_rs_sjis_refill_across_input_buffers_and_getline_matches_c ... ok
linux-portability (ubuntu-24.04-arm)	Native portability gate (debug and release)	2026-09-20T11:46:16.7870354Z test valid_case_conversion_and_truncated_suffixes_match_c ... ok
linux-portability (ubuntu-24.04-arm)	Native portability gate (debug and release)	2026-09-20T11:46:16.8930150Z test structural_units_regex_fields_and_formatting_match_c ... ok
linux-portability (ubuntu-24.04-arm)	Native portability gate (debug and release)	2026-09-20T11:46:19.5543307Z test regex_rs_refill_restart_longest_and_anchors_match_c ... ok
linux-portability (ubuntu-24.04-arm)	Native portability gate (debug and release)	2026-09-20T11:46:25.3155908Z test single_bytes_and_lead_trail_boundaries_match_c ... ok
linux-portability (ubuntu-24.04-arm)	Native portability gate (debug and release)	2026-09-20T11:46:25.3156405Z 
linux-portability (ubuntu-24.04-arm)	Native portability gate (debug and release)	2026-09-20T11:46:25.3156865Z test result: ok. 11 passed; 0 failed; 0 ignored; 0 measured; 0 filtered out; finished in 9.04s
linux-portability (ubuntu-24.04-arm)	Native portability gate (debug and release)	2026-09-20T11:46:25.3157612Z 
linux-portability (ubuntu-24.04-arm)	Native portability gate (debug and release)	2026-09-20T11:46:25.3159456Z      Running tests/unicode_contract.rs (target/debug/deps/unicode_contract-7b87809897e07017)
linux-portability (ubuntu-24.04-arm)	Native portability gate (debug and release)	2026-09-20T11:46:25.3167578Z 
linux-portability (ubuntu-24.04-arm)	Native portability gate (debug and release)	2026-09-20T11:46:25.3168024Z running 10 tests
linux-portability (ubuntu-24.04-arm)	Native portability gate (debug and release)	2026-09-20T11:46:25.3304768Z test binary_nul_extension_and_case_conversion_errors ... ok
linux-portability (ubuntu-24.04-arm)	Native portability gate (debug and release)	2026-09-20T11:46:25.3936183Z test repeated_matches_and_index_inside_a_multibyte_unit ... ok
linux-portability (ubuntu-24.04-arm)	Native portability gate (debug and release)	2026-09-20T11:46:25.4258020Z test locale_precedence_and_character_operations ... ok
linux-portability (ubuntu-24.04-arm)	Native portability gate (debug and release)	2026-09-20T11:46:25.4297559Z test required_locales_are_active_in_both_interpreters ... ok
linux-portability (ubuntu-24.04-arm)	Native portability gate (debug and release)	2026-09-20T11:46:25.4567161Z test unicode_formatting_and_source_escapes ... ok
linux-portability (ubuntu-24.04-arm)	Native portability gate (debug and release)	2026-09-20T11:46:25.5267208Z test utf8_record_separators_across_buffers ... ok
linux-portability (ubuntu-24.04-arm)	Native portability gate (debug and release)	2026-09-20T11:46:25.5378444Z test boolean_regex_search_preserves_rune_alignment_and_empty_matches ... ok
linux-portability (ubuntu-24.04-arm)	Native portability gate (debug and release)	2026-09-20T11:46:25.5836460Z test utf8_regex_empty_matches_and_mixed_bytes ... ok
linux-portability (ubuntu-24.04-arm)	Native portability gate (debug and release)	2026-09-20T11:46:25.6010914Z test unicode_classes_ranges_and_anchors ... ok
linux-portability (ubuntu-24.04-arm)	Native portability gate (debug and release)	2026-09-20T11:46:28.2788498Z test original_utf8_drivers ... ok
linux-portability (ubuntu-24.04-arm)	Native portability gate (debug and release)	2026-09-20T11:46:28.2788857Z 
linux-portability (ubuntu-24.04-arm)	Native portability gate (debug and release)	2026-09-20T11:46:28.2789140Z test result: ok. 10 passed; 0 failed; 0 ignored; 0 measured; 0 filtered out; finished in 2.96s
linux-portability (ubuntu-24.04-arm)	Native portability gate (debug and release)	2026-09-20T11:46:28.2789640Z 
linux-portability (ubuntu-24.04-arm)	Native portability gate (debug and release)	2026-09-20T11:46:28.3387479Z    Compiling num-traits v0.2.19
linux-portability (ubuntu-24.04-arm)	Native portability gate (debug and release)	2026-09-20T11:46:28.3388785Z    Compiling getrandom v0.3.4
linux-portability (ubuntu-24.04-arm)	Native portability gate (debug and release)	2026-09-20T11:46:28.3427204Z    Compiling zerocopy v0.8.48
linux-portability (ubuntu-24.04-arm)	Native portability gate (debug and release)	2026-09-20T11:46:28.3449345Z    Compiling wait-timeout v0.2.1
linux-portability (ubuntu-24.04-arm)	Native portability gate (debug and release)	2026-09-20T11:46:28.6407613Z    Compiling rand_core v0.9.5
linux-portability (ubuntu-24.04-arm)	Native portability gate (debug and release)	2026-09-20T11:46:28.6613927Z    Compiling fnv v1.0.7
linux-portability (ubuntu-24.04-arm)	Native portability gate (debug and release)	2026-09-20T11:46:28.6867155Z    Compiling bit-vec v0.8.0
linux-portability (ubuntu-24.04-arm)	Native portability gate (debug and release)	2026-09-20T11:46:28.7707187Z    Compiling quick-error v1.2.3
linux-portability (ubuntu-24.04-arm)	Native portability gate (debug and release)	2026-09-20T11:46:28.7987374Z    Compiling rusty-fork v0.3.1
linux-portability (ubuntu-24.04-arm)	Native portability gate (debug and release)	2026-09-20T11:46:28.8557480Z    Compiling bit-set v0.8.0
linux-portability (ubuntu-24.04-arm)	Native portability gate (debug and release)	2026-09-20T11:46:28.9452767Z    Compiling chrono v0.4.44
linux-portability (ubuntu-24.04-arm)	Native portability gate (debug and release)	2026-09-20T11:46:29.0207400Z    Compiling rand v0.9.4
linux-portability (ubuntu-24.04-arm)	Native portability gate (debug and release)	2026-09-20T11:46:29.4408714Z    Compiling rand_xorshift v0.4.0
linux-portability (ubuntu-24.04-arm)	Native portability gate (debug and release)	2026-09-20T11:46:29.4697721Z    Compiling unarray v0.1.4
linux-portability (ubuntu-24.04-arm)	Native portability gate (debug and release)	2026-09-20T11:46:29.7888795Z    Compiling rawk v0.1.0 (/home/runner/work/rawk/rawk/rawk)
linux-portability (ubuntu-24.04-arm)	Native portability gate (debug and release)	2026-09-20T11:46:31.2796160Z    Compiling ppv-lite86 v0.2.21
linux-portability (ubuntu-24.04-arm)	Native portability gate (debug and release)	2026-09-20T11:46:31.4322281Z    Compiling rand_chacha v0.9.0
linux-portability (ubuntu-24.04-arm)	Native portability gate (debug and release)	2026-09-20T11:46:31.6509674Z    Compiling proptest v1.11.0
linux-portability (ubuntu-24.04-arm)	Native portability gate (debug and release)	2026-09-20T11:46:41.3434324Z     Finished `release` profile [optimized] target(s) in 13.05s
linux-portability (ubuntu-24.04-arm)	Native portability gate (debug and release)	2026-09-20T11:46:41.3496930Z      Running unittests src/lib.rs (target/release/deps/rawk-f01313c0880b44e3)
linux-portability (ubuntu-24.04-arm)	Native portability gate (debug and release)	2026-09-20T11:46:41.3505758Z 
linux-portability (ubuntu-24.04-arm)	Native portability gate (debug and release)	2026-09-20T11:46:41.3505972Z running 0 tests
linux-portability (ubuntu-24.04-arm)	Native portability gate (debug and release)	2026-09-20T11:46:41.3506334Z 
linux-portability (ubuntu-24.04-arm)	Native portability gate (debug and release)	2026-09-20T11:46:41.3509365Z test result: ok. 0 passed; 0 failed; 0 ignored; 0 measured; 0 filtered out; finished in 0.00s
linux-portability (ubuntu-24.04-arm)	Native portability gate (debug and release)	2026-09-20T11:46:41.3514031Z 
linux-portability (ubuntu-24.04-arm)	Native portability gate (debug and release)	2026-09-20T11:46:41.3514798Z      Running unittests src/bin/diffrun.rs (target/release/deps/diffrun-f69a7b3d0e0963fc)
linux-portability (ubuntu-24.04-arm)	Native portability gate (debug and release)	2026-09-20T11:46:41.3516748Z 
linux-portability (ubuntu-24.04-arm)	Native portability gate (debug and release)	2026-09-20T11:46:41.3516996Z running 0 tests
linux-portability (ubuntu-24.04-arm)	Native portability gate (debug and release)	2026-09-20T11:46:41.3517170Z 
linux-portability (ubuntu-24.04-arm)	Native portability gate (debug and release)	2026-09-20T11:46:41.3517544Z test result: ok. 0 passed; 0 failed; 0 ignored; 0 measured; 0 filtered out; finished in 0.00s
linux-portability (ubuntu-24.04-arm)	Native portability gate (debug and release)	2026-09-20T11:46:41.3517913Z 
linux-portability (ubuntu-24.04-arm)	Native portability gate (debug and release)	2026-09-20T11:46:41.3518177Z      Running unittests src/main.rs (target/release/deps/rawk-481f660a10639138)
linux-portability (ubuntu-24.04-arm)	Native portability gate (debug and release)	2026-09-20T11:46:41.3524355Z 
linux-portability (ubuntu-24.04-arm)	Native portability gate (debug and release)	2026-09-20T11:46:41.3524615Z running 4 tests
linux-portability (ubuntu-24.04-arm)	Native portability gate (debug and release)	2026-09-20T11:46:41.3543718Z test unicode_ere::tests::encoding_preserves_offsets_and_invalid_bytes_without_sentinels ... ok
linux-portability (ubuntu-24.04-arm)	Native portability gate (debug and release)	2026-09-20T11:46:41.3544783Z test unicode_ere::tests::compiled_intervals_cover_only_the_requested_runes ... ok
linux-portability (ubuntu-24.04-arm)	Native portability gate (debug and release)	2026-09-20T11:46:41.3546000Z test input::tests::separators_are_independent_of_read_boundaries ... ok
linux-portability (ubuntu-24.04-arm)	Native portability gate (debug and release)	2026-09-20T11:46:41.3549947Z test ere::stream::tests::physical_short_reads_do_not_change_bwk_lookahead ... ok
linux-portability (ubuntu-24.04-arm)	Native portability gate (debug and release)	2026-09-20T11:46:41.3550408Z 
linux-portability (ubuntu-24.04-arm)	Native portability gate (debug and release)	2026-09-20T11:46:41.3551038Z test result: ok. 4 passed; 0 failed; 0 ignored; 0 measured; 0 filtered out; finished in 0.00s
linux-portability (ubuntu-24.04-arm)	Native portability gate (debug and release)	2026-09-20T11:46:41.3551424Z 
linux-portability (ubuntu-24.04-arm)	Native portability gate (debug and release)	2026-09-20T11:46:41.3558853Z      Running tests/bytes_array_keys.rs (target/release/deps/bytes_array_keys-d155b0d8da843dda)
linux-portability (ubuntu-24.04-arm)	Native portability gate (debug and release)	2026-09-20T11:46:41.3574067Z 
linux-portability (ubuntu-24.04-arm)	Native portability gate (debug and release)	2026-09-20T11:46:41.3574573Z running 3 tests
linux-portability (ubuntu-24.04-arm)	Native portability gate (debug and release)	2026-09-20T11:46:41.3581342Z test distinct_high_byte_keys_do_not_collide ... ok
linux-portability (ubuntu-24.04-arm)	Native portability gate (debug and release)	2026-09-20T11:46:41.3581746Z test for_in_returns_all_distinct_byte_keys ... ok
linux-portability (ubuntu-24.04-arm)	Native portability gate (debug and release)	2026-09-20T11:46:41.3623954Z test nul_embedded_key_round_trips ... ok
linux-portability (ubuntu-24.04-arm)	Native portability gate (debug and release)	2026-09-20T11:46:41.3624294Z 
linux-portability (ubuntu-24.04-arm)	Native portability gate (debug and release)	2026-09-20T11:46:41.3624554Z test result: ok. 3 passed; 0 failed; 0 ignored; 0 measured; 0 filtered out; finished in 0.01s
linux-portability (ubuntu-24.04-arm)	Native portability gate (debug and release)	2026-09-20T11:46:41.3624910Z 
linux-portability (ubuntu-24.04-arm)	Native portability gate (debug and release)	2026-09-20T11:46:41.3625540Z      Running tests/bytes_printf.rs (target/release/deps/bytes_printf-6c7eea9fe464e227)
linux-portability (ubuntu-24.04-arm)	Native portability gate (debug and release)	2026-09-20T11:46:41.3632213Z 
linux-portability (ubuntu-24.04-arm)	Native portability gate (debug and release)	2026-09-20T11:46:41.3632574Z running 6 tests
linux-portability (ubuntu-24.04-arm)	Native portability gate (debug and release)	2026-09-20T11:46:41.3697010Z test print_with_high_byte_ofs ... ok
linux-portability (ubuntu-24.04-arm)	Native portability gate (debug and release)	2026-09-20T11:46:41.3697915Z test field_split_with_high_byte_fs ... ok
linux-portability (ubuntu-24.04-arm)	Native portability gate (debug and release)	2026-09-20T11:46:41.3700375Z test printf_format_string_with_high_bytes ... ok
linux-portability (ubuntu-24.04-arm)	Native portability gate (debug and release)	2026-09-20T11:46:41.3705935Z test printf_c_emits_first_byte_raw ... ok
linux-portability (ubuntu-24.04-arm)	Native portability gate (debug and release)	2026-09-20T11:46:41.3758661Z test sprintf_high_byte_round_trip ... ok
linux-portability (ubuntu-24.04-arm)	Native portability gate (debug and release)	2026-09-20T11:46:41.3764034Z test printf_s_preserves_high_byte ... ok
linux-portability (ubuntu-24.04-arm)	Native portability gate (debug and release)	2026-09-20T11:46:41.3764261Z 
linux-portability (ubuntu-24.04-arm)	Native portability gate (debug and release)	2026-09-20T11:46:41.3764660Z test result: ok. 6 passed; 0 failed; 0 ignored; 0 measured; 0 filtered out; finished in 0.01s
linux-portability (ubuntu-24.04-arm)	Native portability gate (debug and release)	2026-09-20T11:46:41.3764997Z 
linux-portability (ubuntu-24.04-arm)	Native portability gate (debug and release)	2026-09-20T11:46:41.3767106Z      Running tests/bytes_regex_match.rs (target/release/deps/bytes_regex_match-310b2dc819533d4b)
linux-portability (ubuntu-24.04-arm)	Native portability gate (debug and release)	2026-09-20T11:46:41.3773662Z 
linux-portability (ubuntu-24.04-arm)	Native portability gate (debug and release)	2026-09-20T11:46:41.3774063Z running 6 tests
linux-portability (ubuntu-24.04-arm)	Native portability gate (debug and release)	2026-09-20T11:46:41.3842038Z test nul_inside_subject_with_rs_regex ... ok
linux-portability (ubuntu-24.04-arm)	Native portability gate (debug and release)	2026-09-20T11:46:41.3843068Z test match_distinguishes_high_bytes ... ok
linux-portability (ubuntu-24.04-arm)	Native portability gate (debug and release)	2026-09-20T11:46:41.3843897Z test match_builtin_high_byte_pattern_position ... ok
linux-portability (ubuntu-24.04-arm)	Native portability gate (debug and release)	2026-09-20T11:46:41.3844444Z test gsub_ampersand_includes_whole_match ... ok
linux-portability (ubuntu-24.04-arm)	Native portability gate (debug and release)	2026-09-20T11:46:41.3900811Z test sub_replaces_high_byte_run ... ok
linux-portability (ubuntu-24.04-arm)	Native portability gate (debug and release)	2026-09-20T11:46:41.3905450Z test rs_regex_high_byte_separator_splits_correctly ... ok
linux-portability (ubuntu-24.04-arm)	Native portability gate (debug and release)	2026-09-20T11:46:41.3905773Z 
linux-portability (ubuntu-24.04-arm)	Native portability gate (debug and release)	2026-09-20T11:46:41.3906136Z test result: ok. 6 passed; 0 failed; 0 ignored; 0 measured; 0 filtered out; finished in 0.01s
linux-portability (ubuntu-24.04-arm)	Native portability gate (debug and release)	2026-09-20T11:46:41.3906536Z 
linux-portability (ubuntu-24.04-arm)	Native portability gate (debug and release)	2026-09-20T11:46:41.3907650Z      Running tests/data_contract.rs (target/release/deps/data_contract-777ee05770f2a4c8)
linux-portability (ubuntu-24.04-arm)	Native portability gate (debug and release)	2026-09-20T11:46:41.3914117Z 
linux-portability (ubuntu-24.04-arm)	Native portability gate (debug and release)	2026-09-20T11:46:41.3914452Z running 6 tests
linux-portability (ubuntu-24.04-arm)	Native portability gate (debug and release)	2026-09-20T11:46:41.3978327Z test invalid_regex_is_reported ... ok
linux-portability (ubuntu-24.04-arm)	Native portability gate (debug and release)	2026-09-20T11:46:41.3979802Z test fields_accept_regex_separator ... ok
linux-portability (ubuntu-24.04-arm)	Native portability gate (debug and release)	2026-09-20T11:46:41.3980299Z test csv_handles_quoted_delimiters_newlines_and_escaped_quotes ... ok
linux-portability (ubuntu-24.04-arm)	Native portability gate (debug and release)	2026-09-20T11:46:41.3982278Z test regex_uses_leftmost_longest ... ok
linux-portability (ubuntu-24.04-arm)	Native portability gate (debug and release)	2026-09-20T11:46:41.4042780Z test substitutions_report_count_not_changed_text ... ok
linux-portability (ubuntu-24.04-arm)	Native portability gate (debug and release)	2026-09-20T11:46:41.4043638Z test split_preserves_empty_fields_and_clears_array ... ok
linux-portability (ubuntu-24.04-arm)	Native portability gate (debug and release)	2026-09-20T11:46:41.4044043Z 
linux-portability (ubuntu-24.04-arm)	Native portability gate (debug and release)	2026-09-20T11:46:41.4044319Z test result: ok. 6 passed; 0 failed; 0 ignored; 0 measured; 0 filtered out; finished in 0.01s
linux-portability (ubuntu-24.04-arm)	Native portability gate (debug and release)	2026-09-20T11:46:41.4044692Z 
linux-portability (ubuntu-24.04-arm)	Native portability gate (debug and release)	2026-09-20T11:46:41.4045861Z      Running tests/driver_regressions.rs (target/release/deps/driver_regressions-fff89f77cc57c407)
linux-portability (ubuntu-24.04-arm)	Native portability gate (debug and release)	2026-09-20T11:46:41.4052905Z 
linux-portability (ubuntu-24.04-arm)	Native portability gate (debug and release)	2026-09-20T11:46:41.4053865Z running 6 tests
linux-portability (ubuntu-24.04-arm)	Native portability gate (debug and release)	2026-09-20T11:46:41.4118856Z test multifile_syntax_error_names_offending_source ... ok
linux-portability (ubuntu-24.04-arm)	Native portability gate (debug and release)	2026-09-20T11:46:41.4137220Z test field_index_beyond_reference_integer_range_is_an_error ... ok
linux-portability (ubuntu-24.04-arm)	Native portability gate (debug and release)	2026-09-20T11:46:41.4185365Z test getline_comparison_is_not_part_of_filename ... ok
linux-portability (ubuntu-24.04-arm)	Native portability gate (debug and release)	2026-09-20T11:46:41.4259185Z test invalid_function_parameters_are_errors_before_execution ... ok
linux-portability (ubuntu-24.04-arm)	Native portability gate (debug and release)	2026-09-20T11:46:41.4479446Z test redirected_stdin_shares_buffer_with_main_input ... ok
linux-portability (ubuntu-24.04-arm)	Native portability gate (debug and release)	2026-09-20T11:46:41.4490571Z test stdin_program_and_empty_statements ... ok
linux-portability (ubuntu-24.04-arm)	Native portability gate (debug and release)	2026-09-20T11:46:41.4490827Z 
linux-portability (ubuntu-24.04-arm)	Native portability gate (debug and release)	2026-09-20T11:46:41.4491170Z test result: ok. 6 passed; 0 failed; 0 ignored; 0 measured; 0 filtered out; finished in 0.04s
linux-portability (ubuntu-24.04-arm)	Native portability gate (debug and release)	2026-09-20T11:46:41.4491506Z 
linux-portability (ubuntu-24.04-arm)	Native portability gate (debug and release)	2026-09-20T11:46:41.4492689Z      Running tests/dynamic_format.rs (target/release/deps/dynamic_format-5b49c33678791dab)
linux-portability (ubuntu-24.04-arm)	Native portability gate (debug and release)	2026-09-20T11:46:41.4500116Z 
linux-portability (ubuntu-24.04-arm)	Native portability gate (debug and release)	2026-09-20T11:46:41.4500289Z running 8 tests
linux-portability (ubuntu-24.04-arm)	Native portability gate (debug and release)	2026-09-20T11:46:41.4626132Z test missing_star_arguments_are_errors ... ok
linux-portability (ubuntu-24.04-arm)	Native portability gate (debug and release)	2026-09-20T11:46:41.4687319Z test negative_precision_keeps_binary_and_multibyte_paths ... ok
linux-portability (ubuntu-24.04-arm)	Native portability gate (debug and release)	2026-09-20T11:46:41.4809106Z test string_and_literal_range_errors_do_not_discard_arithmetic_subnormals ... ok
linux-portability (ubuntu-24.04-arm)	Native portability gate (debug and release)	2026-09-20T11:46:41.5963556Z test unsigned_conversion_matches_native_oracle ... ok
linux-portability (ubuntu-24.04-arm)	Native portability gate (debug and release)	2026-09-20T11:46:41.6208100Z test zero_padded_strings_match_native_oracle ... ok
linux-portability (ubuntu-24.04-arm)	Native portability gate (debug and release)	2026-09-20T11:46:42.1037256Z test dynamic_width_precision_and_consumption ... ok
linux-portability (ubuntu-24.04-arm)	Native portability gate (debug and release)	2026-09-20T11:46:43.4234955Z test integer_flags_precision_and_signs ... ok
linux-portability (ubuntu-24.04-arm)	Native portability gate (debug and release)	2026-09-20T11:46:43.9918115Z test negative_dynamic_precision_preserves_flags_and_argument_consumption ... ok
linux-portability (ubuntu-24.04-arm)	Native portability gate (debug and release)	2026-09-20T11:46:43.9918577Z 
linux-portability (ubuntu-24.04-arm)	Native portability gate (debug and release)	2026-09-20T11:46:43.9918963Z test result: ok. 8 passed; 0 failed; 0 ignored; 0 measured; 0 filtered out; finished in 2.54s
linux-portability (ubuntu-24.04-arm)	Native portability gate (debug and release)	2026-09-20T11:46:43.9919468Z 
linux-portability (ubuntu-24.04-arm)	Native portability gate (debug and release)	2026-09-20T11:46:43.9919693Z      Running tests/harness.rs (target/release/deps/harness-d2eb8f676666579c)
linux-portability (ubuntu-24.04-arm)	Native portability gate (debug and release)	2026-09-20T11:46:43.9926728Z 
linux-portability (ubuntu-24.04-arm)	Native portability gate (debug and release)	2026-09-20T11:46:43.9927402Z running 5 tests
linux-portability (ubuntu-24.04-arm)	Native portability gate (debug and release)	2026-09-20T11:46:43.9932316Z test annotation_does_not_accept_new_failures ... ok
linux-portability (ubuntu-24.04-arm)	Native portability gate (debug and release)	2026-09-20T11:46:43.9988773Z test aggregate_gate_reports_an_intermediate_failure ... ok
linux-portability (ubuntu-24.04-arm)	Native portability gate (debug and release)	2026-09-20T11:46:43.9994029Z test preserves_bytes_whitespace_and_status ... ok
linux-portability (ubuntu-24.04-arm)	Native portability gate (debug and release)	2026-09-20T11:46:44.0054583Z test each_run_has_a_fresh_directory ... ok
linux-portability (ubuntu-24.04-arm)	Native portability gate (debug and release)	2026-09-20T11:46:44.4255384Z test timeout_kills_descendants ... ok
linux-portability (ubuntu-24.04-arm)	Native portability gate (debug and release)	2026-09-20T11:46:44.4255869Z 
linux-portability (ubuntu-24.04-arm)	Native portability gate (debug and release)	2026-09-20T11:46:44.4256463Z test result: ok. 5 passed; 0 failed; 0 ignored; 0 measured; 0 filtered out; finished in 0.43s
linux-portability (ubuntu-24.04-arm)	Native portability gate (debug and release)	2026-09-20T11:46:44.4256876Z 
linux-portability (ubuntu-24.04-arm)	Native portability gate (debug and release)	2026-09-20T11:46:44.4257491Z      Running tests/input_contract.rs (target/release/deps/input_contract-7af55302e2598d8a)
linux-portability (ubuntu-24.04-arm)	Native portability gate (debug and release)	2026-09-20T11:46:44.4265585Z 
linux-portability (ubuntu-24.04-arm)	Native portability gate (debug and release)	2026-09-20T11:46:44.4265865Z running 5 tests
linux-portability (ubuntu-24.04-arm)	Native portability gate (debug and release)	2026-09-20T11:46:44.4294993Z test rewriting_record_does_not_count_a_read ... ok
linux-portability (ubuntu-24.04-arm)	Native portability gate (debug and release)	2026-09-20T11:46:44.4315037Z test rs_changes_apply_to_unconsumed_input ... ok
linux-portability (ubuntu-24.04-arm)	Native portability gate (debug and release)	2026-09-20T11:46:44.4330183Z test getline_uses_main_stream_and_counts_every_read ... ok
linux-portability (ubuntu-24.04-arm)	Native portability gate (debug and release)	2026-09-20T11:46:44.4330882Z test file_getline_and_interleaved_assignments ... ok
linux-portability (ubuntu-24.04-arm)	Native portability gate (debug and release)	2026-09-20T11:46:44.4331902Z test missing_getline_file_is_an_error_not_eof ... ok
linux-portability (ubuntu-24.04-arm)	Native portability gate (debug and release)	2026-09-20T11:46:44.4332477Z 
linux-portability (ubuntu-24.04-arm)	Native portability gate (debug and release)	2026-09-20T11:46:44.4332739Z test result: ok. 5 passed; 0 failed; 0 ignored; 0 measured; 0 filtered out; finished in 0.01s
linux-portability (ubuntu-24.04-arm)	Native portability gate (debug and release)	2026-09-20T11:46:44.4333097Z 
linux-portability (ubuntu-24.04-arm)	Native portability gate (debug and release)	2026-09-20T11:46:44.4333937Z      Running tests/language_contract.rs (target/release/deps/language_contract-3857c07be8374753)
linux-portability (ubuntu-24.04-arm)	Native portability gate (debug and release)	2026-09-20T11:46:44.4340953Z 
linux-portability (ubuntu-24.04-arm)	Native portability gate (debug and release)	2026-09-20T11:46:44.4341127Z running 7 tests
linux-portability (ubuntu-24.04-arm)	Native portability gate (debug and release)	2026-09-20T11:46:44.4367030Z test array_reads_create_entries ... ok
linux-portability (ubuntu-24.04-arm)	Native portability gate (debug and release)	2026-09-20T11:46:44.4410765Z test array_parameters_are_references ... ok
linux-portability (ubuntu-24.04-arm)	Native portability gate (debug and release)	2026-09-20T11:46:44.4411847Z test expressions_and_escapes ... ok
linux-portability (ubuntu-24.04-arm)	Native portability gate (debug and release)	2026-09-20T11:46:44.4419836Z test convfmt_is_used_for_comparisons_fields_and_keys ... ok
linux-portability (ubuntu-24.04-arm)	Native portability gate (debug and release)	2026-09-20T11:46:44.4430004Z test lvalue_indices_are_evaluated_once ... ok
linux-portability (ubuntu-24.04-arm)	Native portability gate (debug and release)	2026-09-20T11:46:44.4470484Z test range_patterns_and_empty_actions ... ok
linux-portability (ubuntu-24.04-arm)	Native portability gate (debug and release)	2026-09-20T11:46:44.4475925Z test numeric_and_string_values_keep_their_types ... ok
linux-portability (ubuntu-24.04-arm)	Native portability gate (debug and release)	2026-09-20T11:46:44.4476539Z 
linux-portability (ubuntu-24.04-arm)	Native portability gate (debug and release)	2026-09-20T11:46:44.4476808Z test result: ok. 7 passed; 0 failed; 0 ignored; 0 measured; 0 filtered out; finished in 0.01s
linux-portability (ubuntu-24.04-arm)	Native portability gate (debug and release)	2026-09-20T11:46:44.4477234Z 
linux-portability (ubuntu-24.04-arm)	Native portability gate (debug and release)	2026-09-20T11:46:44.4477882Z      Running tests/legacy_locale.rs (target/release/deps/legacy_locale-8b632052e75975eb)
linux-portability (ubuntu-24.04-arm)	Native portability gate (debug and release)	2026-09-20T11:46:44.4485025Z 
linux-portability (ubuntu-24.04-arm)	Native portability gate (debug and release)	2026-09-20T11:46:44.4485493Z running 6 tests
linux-portability (ubuntu-24.04-arm)	Native portability gate (debug and release)	2026-09-20T11:46:44.4684156Z test byte_positions_ranges_splits_and_substitution_match_c ... ok
linux-portability (ubuntu-24.04-arm)	Native portability gate (debug and release)	2026-09-20T11:46:44.4733195Z test every_nonzero_byte_case_conversion_matches_c ... ok
linux-portability (ubuntu-24.04-arm)	Native portability gate (debug and release)	2026-09-20T11:46:44.4764524Z test nul_preservation_remains_an_explicit_rust_extension ... ok
linux-portability (ubuntu-24.04-arm)	Native portability gate (debug and release)	2026-09-20T11:46:44.4976421Z test required_single_byte_locales_are_active ... ok
linux-portability (ubuntu-24.04-arm)	Native portability gate (debug and release)	2026-09-20T11:46:44.4977170Z test legacy_locale_selection_obeys_precedence_and_is_fixed_at_startup ... ok
linux-portability (ubuntu-24.04-arm)	Native portability gate (debug and release)	2026-09-20T11:46:44.7384188Z test every_nonzero_byte_in_each_posix_class_matches_c ... ok
linux-portability (ubuntu-24.04-arm)	Native portability gate (debug and release)	2026-09-20T11:46:44.7385031Z 
linux-portability (ubuntu-24.04-arm)	Native portability gate (debug and release)	2026-09-20T11:46:44.7385293Z test result: ok. 6 passed; 0 failed; 0 ignored; 0 measured; 0 filtered out; finished in 0.29s
linux-portability (ubuntu-24.04-arm)	Native portability gate (debug and release)	2026-09-20T11:46:44.7385927Z 
linux-portability (ubuntu-24.04-arm)	Native portability gate (debug and release)	2026-09-20T11:46:44.7386436Z      Running tests/runtime_contract.rs (target/release/deps/runtime_contract-ac624beca28deeec)
linux-portability (ubuntu-24.04-arm)	Native portability gate (debug and release)	2026-09-20T11:46:44.7394126Z 
linux-portability (ubuntu-24.04-arm)	Native portability gate (debug and release)	2026-09-20T11:46:44.7394559Z running 3 tests
linux-portability (ubuntu-24.04-arm)	Native portability gate (debug and release)	2026-09-20T11:46:44.7459284Z test short_circuit_preserves_side_effects ... ok
linux-portability (ubuntu-24.04-arm)	Native portability gate (debug and release)	2026-09-20T11:46:44.7459786Z test exit_executes_end_and_interrupts_expressions ... ok
linux-portability (ubuntu-24.04-arm)	Native portability gate (debug and release)	2026-09-20T11:46:44.7461105Z test return_escapes_all_loop_forms ... ok
linux-portability (ubuntu-24.04-arm)	Native portability gate (debug and release)	2026-09-20T11:46:44.7461383Z 
linux-portability (ubuntu-24.04-arm)	Native portability gate (debug and release)	2026-09-20T11:46:44.7461666Z test result: ok. 3 passed; 0 failed; 0 ignored; 0 measured; 0 filtered out; finished in 0.01s
linux-portability (ubuntu-24.04-arm)	Native portability gate (debug and release)	2026-09-20T11:46:44.7462024Z 
linux-portability (ubuntu-24.04-arm)	Native portability gate (debug and release)	2026-09-20T11:46:44.7462239Z      Running tests/shift_jis.rs (target/release/deps/shift_jis-23910551a52ee09f)
linux-portability (ubuntu-24.04-arm)	Native portability gate (debug and release)	2026-09-20T11:46:44.7469187Z 
linux-portability (ubuntu-24.04-arm)	Native portability gate (debug and release)	2026-09-20T11:46:44.7469729Z running 11 tests
linux-portability (ubuntu-24.04-arm)	Native portability gate (debug and release)	2026-09-20T11:46:44.7599196Z test conversion_failure_preserves_atomic_print_contract ... ok
linux-portability (ubuntu-24.04-arm)	Native portability gate (debug and release)	2026-09-20T11:46:44.7607185Z test embedded_nul_preserves_the_rust_binary_extension ... ok
linux-portability (ubuntu-24.04-arm)	Native portability gate (debug and release)	2026-09-20T11:46:44.7727284Z test regex_rs_with_three_or_four_byte_structural_units_matches_c ... ok
linux-portability (ubuntu-24.04-arm)	Native portability gate (debug and release)	2026-09-20T11:46:44.7805095Z test required_sjis_locale_has_observable_case_mapping ... ok
linux-portability (ubuntu-24.04-arm)	Native portability gate (debug and release)	2026-09-20T11:46:44.8247329Z test record_separators_and_locale_precedence_match_c ... ok
linux-portability (ubuntu-24.04-arm)	Native portability gate (debug and release)	2026-09-20T11:46:44.8367273Z test streaming_rs_keeps_binary_data_distinct_from_eof ... ok
linux-portability (ubuntu-24.04-arm)	Native portability gate (debug and release)	2026-09-20T11:46:44.9282916Z test regex_rs_sjis_refill_across_input_buffers_and_getline_matches_c ... ok
linux-portability (ubuntu-24.04-arm)	Native portability gate (debug and release)	2026-09-20T11:46:45.0158285Z test structural_units_regex_fields_and_formatting_match_c ... ok
linux-portability (ubuntu-24.04-arm)	Native portability gate (debug and release)	2026-09-20T11:46:45.0601708Z test valid_case_conversion_and_truncated_suffixes_match_c ... ok
linux-portability (ubuntu-24.04-arm)	Native portability gate (debug and release)	2026-09-20T11:46:46.9437659Z test regex_rs_refill_restart_longest_and_anchors_match_c ... ok
linux-portability (ubuntu-24.04-arm)	Native portability gate (debug and release)	2026-09-20T11:46:53.7569401Z test single_bytes_and_lead_trail_boundaries_match_c ... ok
linux-portability (ubuntu-24.04-arm)	Native portability gate (debug and release)	2026-09-20T11:46:53.7570021Z 
linux-portability (ubuntu-24.04-arm)	Native portability gate (debug and release)	2026-09-20T11:46:53.7570369Z test result: ok. 11 passed; 0 failed; 0 ignored; 0 measured; 0 filtered out; finished in 9.01s
linux-portability (ubuntu-24.04-arm)	Native portability gate (debug and release)	2026-09-20T11:46:53.7570746Z 
linux-portability (ubuntu-24.04-arm)	Native portability gate (debug and release)	2026-09-20T11:46:53.7571698Z      Running tests/unicode_contract.rs (target/release/deps/unicode_contract-ed05e2a14edbe220)
linux-portability (ubuntu-24.04-arm)	Native portability gate (debug and release)	2026-09-20T11:46:53.7579304Z 
linux-portability (ubuntu-24.04-arm)	Native portability gate (debug and release)	2026-09-20T11:46:53.7579692Z running 10 tests
linux-portability (ubuntu-24.04-arm)	Native portability gate (debug and release)	2026-09-20T11:46:53.7707880Z test binary_nul_extension_and_case_conversion_errors ... ok
linux-portability (ubuntu-24.04-arm)	Native portability gate (debug and release)	2026-09-20T11:46:53.7914309Z test repeated_matches_and_index_inside_a_multibyte_unit ... ok
linux-portability (ubuntu-24.04-arm)	Native portability gate (debug and release)	2026-09-20T11:46:53.8233256Z test required_locales_are_active_in_both_interpreters ... ok
linux-portability (ubuntu-24.04-arm)	Native portability gate (debug and release)	2026-09-20T11:46:53.8497059Z test locale_precedence_and_character_operations ... ok
linux-portability (ubuntu-24.04-arm)	Native portability gate (debug and release)	2026-09-20T11:46:53.8662625Z test boolean_regex_search_preserves_rune_alignment_and_empty_matches ... ok
linux-portability (ubuntu-24.04-arm)	Native portability gate (debug and release)	2026-09-20T11:46:53.8739717Z test unicode_formatting_and_source_escapes ... ok
linux-portability (ubuntu-24.04-arm)	Native portability gate (debug and release)	2026-09-20T11:46:53.9114392Z test utf8_record_separators_across_buffers ... ok
linux-portability (ubuntu-24.04-arm)	Native portability gate (debug and release)	2026-09-20T11:46:53.9345410Z test utf8_regex_empty_matches_and_mixed_bytes ... ok
linux-portability (ubuntu-24.04-arm)	Native portability gate (debug and release)	2026-09-20T11:46:53.9564857Z test unicode_classes_ranges_and_anchors ... ok
linux-portability (ubuntu-24.04-arm)	Native portability gate (debug and release)	2026-09-20T11:46:55.3125631Z test original_utf8_drivers ... ok
linux-portability (ubuntu-24.04-arm)	Native portability gate (debug and release)	2026-09-20T11:46:55.3126001Z 
linux-portability (ubuntu-24.04-arm)	Native portability gate (debug and release)	2026-09-20T11:46:55.3126501Z test result: ok. 10 passed; 0 failed; 0 ignored; 0 measured; 0 filtered out; finished in 1.55s
linux-portability (ubuntu-24.04-arm)	Native portability gate (debug and release)	2026-09-20T11:46:55.3127040Z 
linux-portability (ubuntu-24.04-arm)	Compare all native libc-valid Shift-JIS pairs	﻿2026-09-20T11:46:55.3206013Z ##[group]Run python3 scripts/shift_jis_platform_probe.py --output diary/shift-jis-platform-ci.json
linux-portability (ubuntu-24.04-arm)	Compare all native libc-valid Shift-JIS pairs	2026-09-20T11:46:55.3207151Z [36;1mpython3 scripts/shift_jis_platform_probe.py --output diary/shift-jis-platform-ci.json[0m
linux-portability (ubuntu-24.04-arm)	Compare all native libc-valid Shift-JIS pairs	2026-09-20T11:46:55.3242048Z shell: /usr/bin/bash -e {0}
linux-portability (ubuntu-24.04-arm)	Compare all native libc-valid Shift-JIS pairs	2026-09-20T11:46:55.3242478Z env:
linux-portability (ubuntu-24.04-arm)	Compare all native libc-valid Shift-JIS pairs	2026-09-20T11:46:55.3242685Z   LC_ALL: C
linux-portability (ubuntu-24.04-arm)	Compare all native libc-valid Shift-JIS pairs	2026-09-20T11:46:55.3242901Z   CARGO_INCREMENTAL: 0
linux-portability (ubuntu-24.04-arm)	Compare all native libc-valid Shift-JIS pairs	2026-09-20T11:46:55.3243186Z   RUSTUP_TOOLCHAIN: 1.96.0
linux-portability (ubuntu-24.04-arm)	Compare all native libc-valid Shift-JIS pairs	2026-09-20T11:46:55.3243428Z ##[endgroup]
linux-portability (ubuntu-24.04-arm)	Compare all native libc-valid Shift-JIS pairs	2026-09-20T11:46:55.4178522Z 6879 libc-valid double-byte pairs: upper/lower FAIL
linux-portability (ubuntu-24.04-arm)	Compare all native libc-valid Shift-JIS pairs	2026-09-20T11:46:55.4255361Z ##[error]Process completed with exit code 1.
linux-portability (ubuntu-24.04-arm)	Inventory original drivers on this platform	﻿2026-09-20T11:46:55.4310229Z ##[group]Run python3 scripts/full_driver_audit.py --output diary/linux-driver-results-ci.json
linux-portability (ubuntu-24.04-arm)	Inventory original drivers on this platform	2026-09-20T11:46:55.4310975Z [36;1mpython3 scripts/full_driver_audit.py --output diary/linux-driver-results-ci.json[0m
linux-portability (ubuntu-24.04-arm)	Inventory original drivers on this platform	2026-09-20T11:46:55.4344869Z shell: /usr/bin/bash -e {0}
linux-portability (ubuntu-24.04-arm)	Inventory original drivers on this platform	2026-09-20T11:46:55.4345303Z env:
linux-portability (ubuntu-24.04-arm)	Inventory original drivers on this platform	2026-09-20T11:46:55.4345532Z   LC_ALL: C
linux-portability (ubuntu-24.04-arm)	Inventory original drivers on this platform	2026-09-20T11:46:55.4345779Z   CARGO_INCREMENTAL: 0
linux-portability (ubuntu-24.04-arm)	Inventory original drivers on this platform	2026-09-20T11:46:55.4346303Z   RUSTUP_TOOLCHAIN: 1.96.0
linux-portability (ubuntu-24.04-arm)	Inventory original drivers on this platform	2026-09-20T11:46:55.4346626Z ##[endgroup]
linux-portability (ubuntu-24.04-arm)	Inventory original drivers on this platform	2026-09-20T11:46:55.6360321Z T.-f-f pass 
linux-portability (ubuntu-24.04-arm)	Inventory original drivers on this platform	2026-09-20T11:46:55.8104844Z T.argv pass 
linux-portability (ubuntu-24.04-arm)	Inventory original drivers on this platform	2026-09-20T11:46:56.1030794Z T.arnold pass 
linux-portability (ubuntu-24.04-arm)	Inventory original drivers on this platform	2026-09-20T11:46:56.5883523Z T.beebe open 
linux-portability (ubuntu-24.04-arm)	Inventory original drivers on this platform	2026-09-20T11:46:56.7455955Z T.builtin open BAD: T.builtin (rand)
linux-portability (ubuntu-24.04-arm)	Inventory original drivers on this platform	2026-09-20T11:46:56.9510015Z T.chem pass 
linux-portability (ubuntu-24.04-arm)	Inventory original drivers on this platform	2026-09-20T11:46:57.2037537Z T.close pass 
linux-portability (ubuntu-24.04-arm)	Inventory original drivers on this platform	2026-09-20T11:46:57.4124528Z T.clv pass 
linux-portability (ubuntu-24.04-arm)	Inventory original drivers on this platform	2026-09-20T11:46:57.5426541Z T.csconcat pass 
linux-portability (ubuntu-24.04-arm)	Inventory original drivers on this platform	2026-09-20T11:46:57.7888927Z T.csv pass 
linux-portability (ubuntu-24.04-arm)	Inventory original drivers on this platform	2026-09-20T11:46:57.9171381Z T.delete pass 
linux-portability (ubuntu-24.04-arm)	Inventory original drivers on this platform	2026-09-20T11:46:58.2127076Z T.errmsg reference-failure BAD: illegal primary in regular expression failed BAD: illegal break, continue, next or nextfile from BEGIN failed BAD: illegal break, continue, next or nextfile from END failed BAD: nextfile is illegal inside a function failed BAD: nonterminated character class failed BAD: nonterminated character class failed BAD: nonterminated character cl
linux-portability (ubuntu-24.04-arm)	Inventory original drivers on this platform	2026-09-20T11:46:58.9100241Z T.expr pass 
linux-portability (ubuntu-24.04-arm)	Inventory original drivers on this platform	2026-09-20T11:46:59.0379776Z T.exprconv pass 
linux-portability (ubuntu-24.04-arm)	Inventory original drivers on this platform	2026-09-20T11:46:59.1800223Z T.flags open T.flags: bad no program T.flags: bad can.t open program T.flags: bad can.t open program 2 T.flags: bad missing field separator
linux-portability (ubuntu-24.04-arm)	Inventory original drivers on this platform	2026-09-20T11:46:59.4804226Z T.func pass 
linux-portability (ubuntu-24.04-arm)	Inventory original drivers on this platform	2026-09-20T11:47:00.4640729Z T.gawk pass 
linux-portability (ubuntu-24.04-arm)	Inventory original drivers on this platform	2026-09-20T11:47:00.6272845Z T.getline pass 
linux-portability (ubuntu-24.04-arm)	Inventory original drivers on this platform	2026-09-20T11:47:00.7628362Z T.int-expr pass 
linux-portability (ubuntu-24.04-arm)	Inventory original drivers on this platform	2026-09-20T11:47:00.9077778Z T.latin1 pass 
linux-portability (ubuntu-24.04-arm)	Inventory original drivers on this platform	2026-09-20T11:47:01.6896689Z T.lilly pass 
linux-portability (ubuntu-24.04-arm)	Inventory original drivers on this platform	2026-09-20T11:47:01.8286883Z T.main pass 
linux-portability (ubuntu-24.04-arm)	Inventory original drivers on this platform	2026-09-20T11:47:02.1743222Z T.misc open BAD: T.misc split error BAD: T.misc hello error BAD: T.misc pile error BAD: T.misc gsub banana error BAD: T.misc sub banana error BAD: T.misc lineno BAD: T.misc can't open BAD: T.misc continuation line number BAD: T.misc syntax error line number �BAD: T.misc escape sequences in strings mishandled BAD: T.misc fcn args BAD: T.misc undefine
linux-portability (ubuntu-24.04-arm)	Inventory original drivers on this platform	2026-09-20T11:47:02.4514605Z T.nextfile pass 
linux-portability (ubuntu-24.04-arm)	Inventory original drivers on this platform	2026-09-20T11:47:02.9001101Z T.overflow pass 
linux-portability (ubuntu-24.04-arm)	Inventory original drivers on this platform	2026-09-20T11:47:03.9157515Z T.re pass 
linux-portability (ubuntu-24.04-arm)	Inventory original drivers on this platform	2026-09-20T11:47:04.0477850Z T.recache pass 
linux-portability (ubuntu-24.04-arm)	Inventory original drivers on this platform	2026-09-20T11:47:04.2046889Z T.redir pass 
linux-portability (ubuntu-24.04-arm)	Inventory original drivers on this platform	2026-09-20T11:47:04.3847394Z T.split pass 
linux-portability (ubuntu-24.04-arm)	Inventory original drivers on this platform	2026-09-20T11:47:04.9502664Z T.sub pass 
linux-portability (ubuntu-24.04-arm)	Inventory original drivers on this platform	2026-09-20T11:47:05.2418029Z T.system pass 
linux-portability (ubuntu-24.04-arm)	Inventory original drivers on this platform	2026-09-20T11:47:05.9323185Z T.utf reference-failure test 1.3 failed test 1.4 failed test 1.5 failed test 1.6 failed test 1.7 failed test 1.8 failed test 1.9 failed test 1.10 failed test 1.11 failed test 1.12 failed test 1.13 failed test 1.14 failed test 1.15 failed test 1.16 failed test 1.17 failed test 1.18 failed test 1.19 failed test 1.20 failed test 1.21 fail
linux-portability (ubuntu-24.04-arm)	Inventory original drivers on this platform	2026-09-20T11:47:06.6418192Z T.utfre reference-failure 43 fails ^λ.$ ~ λλ 51 fails ^.해 ~ め해 52 fails ^.해 ~ め해해 64 fails 해* ~  68 fails 해* ~ めめめめ 69 fails 해해* ~ 해 71 fails 해해* ~ め해 84 fails xθ+y ~ xθθy 85 fails xθ+y ~ xθθθθθθy 89 fails xθ?y ~ xy 92 fails θ?b?の? ~  93 fails θ?b?の? ~ x 106 fails [Α-Ω] !~ β 108 fails [^Α-Ω] ~ δ 119 fails [Α-ΔΦ-Ω] !~ Π 120 fails [Α-ΔΦ-Ω] !~ Σ
linux-portability (ubuntu-24.04-arm)	Retain platform evidence	﻿2026-09-20T11:47:06.6584428Z Node 20 is being deprecated. This workflow is running with Node 24 by default. If you need to temporarily use Node 20, you can set the ACTIONS_ALLOW_USE_UNSECURE_NODE_VERSION=true environment variable. For more information see: https://github.blog/changelog/2025-09-19-deprecation-of-node-20-on-github-actions-runners/
linux-portability (ubuntu-24.04-arm)	Retain platform evidence	2026-09-20T11:47:06.6586769Z ##[group]Run actions/upload-artifact@ea165f8d65b6e75b540449e92b4886f43607fa02
linux-portability (ubuntu-24.04-arm)	Retain platform evidence	2026-09-20T11:47:06.6587141Z with:
linux-portability (ubuntu-24.04-arm)	Retain platform evidence	2026-09-20T11:47:06.6587325Z   name: portability-ubuntu-24.04-arm
linux-portability (ubuntu-24.04-arm)	Retain platform evidence	2026-09-20T11:47:06.6588064Z   path: rawk/diary/shift-jis-platform-ci.json
linux-portability (ubuntu-24.04-arm)	Retain platform evidence	rawk/diary/shift-jis-locale-ci.log
linux-portability (ubuntu-24.04-arm)	Retain platform evidence	rawk/diary/format-platform-ci.json
linux-portability (ubuntu-24.04-arm)	Retain platform evidence	rawk/diary/portability-ci.log
linux-portability (ubuntu-24.04-arm)	Retain platform evidence	rawk/diary/linux-driver-results-ci.json
linux-portability (ubuntu-24.04-arm)	Retain platform evidence	
linux-portability (ubuntu-24.04-arm)	Retain platform evidence	2026-09-20T11:47:06.6589138Z   if-no-files-found: error
linux-portability (ubuntu-24.04-arm)	Retain platform evidence	2026-09-20T11:47:06.6589346Z   compression-level: 6
linux-portability (ubuntu-24.04-arm)	Retain platform evidence	2026-09-20T11:47:06.6589531Z   overwrite: false
linux-portability (ubuntu-24.04-arm)	Retain platform evidence	2026-09-20T11:47:06.6589717Z   include-hidden-files: false
linux-portability (ubuntu-24.04-arm)	Retain platform evidence	2026-09-20T11:47:06.6589947Z env:
linux-portability (ubuntu-24.04-arm)	Retain platform evidence	2026-09-20T11:47:06.6590093Z   LC_ALL: C
linux-portability (ubuntu-24.04-arm)	Retain platform evidence	2026-09-20T11:47:06.6590284Z   CARGO_INCREMENTAL: 0
linux-portability (ubuntu-24.04-arm)	Retain platform evidence	2026-09-20T11:47:06.6590479Z   RUSTUP_TOOLCHAIN: 1.96.0
linux-portability (ubuntu-24.04-arm)	Retain platform evidence	2026-09-20T11:47:06.6590671Z ##[endgroup]
linux-portability (ubuntu-24.04-arm)	Retain platform evidence	2026-09-20T11:47:06.8003219Z (node:34702) [DEP0040] DeprecationWarning: The `punycode` module is deprecated. Please use a userland alternative instead.
linux-portability (ubuntu-24.04-arm)	Retain platform evidence	2026-09-20T11:47:06.8003928Z (Use `node --trace-deprecation ...` to show where the warning was created)
linux-portability (ubuntu-24.04-arm)	Retain platform evidence	2026-09-20T11:47:06.8083529Z Multiple search paths detected. Calculating the least common ancestor of all paths
linux-portability (ubuntu-24.04-arm)	Retain platform evidence	2026-09-20T11:47:06.8085947Z The least common ancestor is /home/runner/work/rawk/rawk/rawk/diary. This will be the root directory of the artifact
linux-portability (ubuntu-24.04-arm)	Retain platform evidence	2026-09-20T11:47:06.8086967Z With the provided path, there will be 5 files uploaded
linux-portability (ubuntu-24.04-arm)	Retain platform evidence	2026-09-20T11:47:06.8090361Z Artifact name is valid!
linux-portability (ubuntu-24.04-arm)	Retain platform evidence	2026-09-20T11:47:06.8091308Z Root directory input is valid!
linux-portability (ubuntu-24.04-arm)	Retain platform evidence	2026-09-20T11:47:07.1235492Z Beginning upload of artifact content to blob storage
linux-portability (ubuntu-24.04-arm)	Retain platform evidence	2026-09-20T11:47:07.1473645Z (node:34702) [DEP0169] DeprecationWarning: `url.parse()` behavior is not standardized and prone to errors that have security implications. Use the WHATWG URL API instead. CVEs are not issued for `url.parse()` vulnerabilities.
linux-portability (ubuntu-24.04-arm)	Retain platform evidence	2026-09-20T11:47:07.3277518Z Uploaded bytes 18560
linux-portability (ubuntu-24.04-arm)	Retain platform evidence	2026-09-20T11:47:07.3739756Z Finished uploading artifact content to blob storage!
linux-portability (ubuntu-24.04-arm)	Retain platform evidence	2026-09-20T11:47:07.3740396Z SHA256 digest of uploaded artifact zip is 14ee9dbe77c5c6cdedbe4a4735ee76cdae4552c23ee30459a740a6caec00d293
linux-portability (ubuntu-24.04-arm)	Retain platform evidence	2026-09-20T11:47:07.3741586Z Finalizing artifact upload
linux-portability (ubuntu-24.04-arm)	Retain platform evidence	2026-09-20T11:47:07.5999384Z Artifact portability-ubuntu-24.04-arm.zip successfully finalized. Artifact ID 10604212986
linux-portability (ubuntu-24.04-arm)	Retain platform evidence	2026-09-20T11:47:07.6000184Z Artifact portability-ubuntu-24.04-arm has been successfully uploaded! Final size is 18560 bytes. Artifact ID is 10604212986
linux-portability (ubuntu-24.04-arm)	Retain platform evidence	2026-09-20T11:47:07.6006124Z Artifact download URL: https://github.com/francescotinti/rawk/actions/runs/35508673531/artifacts/10604212986
linux-portability (ubuntu-24.04-arm)	Post Run actions/checkout@11bd71901bbe5b1630ceea73d27597364c9af683	﻿2026-09-20T11:47:07.6212150Z Node 20 is being deprecated. This workflow is running with Node 24 by default. If you need to temporarily use Node 20, you can set the ACTIONS_ALLOW_USE_UNSECURE_NODE_VERSION=true environment variable. For more information see: https://github.blog/changelog/2025-09-19-deprecation-of-node-20-on-github-actions-runners/
linux-portability (ubuntu-24.04-arm)	Post Run actions/checkout@11bd71901bbe5b1630ceea73d27597364c9af683	2026-09-20T11:47:07.6213393Z Post job cleanup.
linux-portability (ubuntu-24.04-arm)	Post Run actions/checkout@11bd71901bbe5b1630ceea73d27597364c9af683	2026-09-20T11:47:07.6915826Z [command]/usr/bin/git version
linux-portability (ubuntu-24.04-arm)	Post Run actions/checkout@11bd71901bbe5b1630ceea73d27597364c9af683	2026-09-20T11:47:07.6952239Z git version 2.55.0
linux-portability (ubuntu-24.04-arm)	Post Run actions/checkout@11bd71901bbe5b1630ceea73d27597364c9af683	2026-09-20T11:47:07.6985668Z Temporarily overriding HOME='/home/runner/work/_temp/33a8af3d-b509-4b91-b41e-f416985c64ef' before making global git config changes
linux-portability (ubuntu-24.04-arm)	Post Run actions/checkout@11bd71901bbe5b1630ceea73d27597364c9af683	2026-09-20T11:47:07.6988022Z Adding repository directory to the temporary git global config as a safe directory
linux-portability (ubuntu-24.04-arm)	Post Run actions/checkout@11bd71901bbe5b1630ceea73d27597364c9af683	2026-09-20T11:47:07.6991122Z [command]/usr/bin/git config --global --add safe.directory /home/runner/work/rawk/rawk/rawk
linux-portability (ubuntu-24.04-arm)	Post Run actions/checkout@11bd71901bbe5b1630ceea73d27597364c9af683	2026-09-20T11:47:07.7036916Z [command]/usr/bin/git config --local --name-only --get-regexp core\.sshCommand
linux-portability (ubuntu-24.04-arm)	Post Run actions/checkout@11bd71901bbe5b1630ceea73d27597364c9af683	2026-09-20T11:47:07.7061541Z [command]/usr/bin/git submodule foreach --recursive sh -c "git config --local --name-only --get-regexp 'core\.sshCommand' && git config --local --unset-all 'core.sshCommand' || :"
linux-portability (ubuntu-24.04-arm)	Post Run actions/checkout@11bd71901bbe5b1630ceea73d27597364c9af683	2026-09-20T11:47:07.7219645Z [command]/usr/bin/git config --local --name-only --get-regexp http\.https\:\/\/github\.com\/\.extraheader
linux-portability (ubuntu-24.04-arm)	Post Run actions/checkout@11bd71901bbe5b1630ceea73d27597364c9af683	2026-09-20T11:47:07.7247416Z http.https://github.com/.extraheader
linux-portability (ubuntu-24.04-arm)	Post Run actions/checkout@11bd71901bbe5b1630ceea73d27597364c9af683	2026-09-20T11:47:07.7254037Z [command]/usr/bin/git config --local --unset-all http.https://github.com/.extraheader
linux-portability (ubuntu-24.04-arm)	Post Run actions/checkout@11bd71901bbe5b1630ceea73d27597364c9af683	2026-09-20T11:47:07.7287853Z [command]/usr/bin/git submodule foreach --recursive sh -c "git config --local --name-only --get-regexp 'http\.https\:\/\/github\.com\/\.extraheader' && git config --local --unset-all 'http.https://github.com/.extraheader' || :"
linux-portability (ubuntu-24.04-arm)	Complete job	﻿2026-09-20T11:47:07.7588836Z Cleaning up orphan processes
linux-portability (ubuntu-24.04-arm)	Complete job	2026-09-20T11:47:07.8089160Z ##[warning]Node.js 20 is deprecated. The following actions target Node.js 20 but are being forced to run on Node.js 24: actions/checkout@11bd71901bbe5b1630ceea73d27597364c9af683, actions/upload-artifact@ea165f8d65b6e75b540449e92b4886f43607fa02. For more information see: https://github.blog/changelog/2025-09-19-deprecation-of-node-20-on-github-actions-runners/
linux-portability (ubuntu-24.04)	Set up job	﻿2026-09-20T11:44:40.9905276Z Current runner version: '2.337.0'
linux-portability (ubuntu-24.04)	Set up job	2026-09-20T11:44:40.9933334Z ##[group]Runner Image Provisioner
linux-portability (ubuntu-24.04)	Set up job	2026-09-20T11:44:40.9934227Z Hosted Compute Agent
linux-portability (ubuntu-24.04)	Set up job	2026-09-20T11:44:40.9934955Z Version: 20260828.587
linux-portability (ubuntu-24.04)	Set up job	2026-09-20T11:44:40.9935622Z Commit: abac92662cab4cc7352de4f9f9d2e2419aad9c29
linux-portability (ubuntu-24.04)	Set up job	2026-09-20T11:44:40.9936357Z Build Date: 2026-08-28T16:44:25Z
linux-portability (ubuntu-24.04)	Set up job	2026-09-20T11:44:40.9937131Z Worker ID: {7695eee6-bf16-4584-9008-6ae05f12568d}
linux-portability (ubuntu-24.04)	Set up job	2026-09-20T11:44:40.9938211Z Azure Region: eastus
linux-portability (ubuntu-24.04)	Set up job	2026-09-20T11:44:40.9938828Z ##[endgroup]
linux-portability (ubuntu-24.04)	Set up job	2026-09-20T11:44:40.9940510Z ##[group]Operating System
linux-portability (ubuntu-24.04)	Set up job	2026-09-20T11:44:40.9941182Z Ubuntu
linux-portability (ubuntu-24.04)	Set up job	2026-09-20T11:44:40.9941813Z 24.04.5
linux-portability (ubuntu-24.04)	Set up job	2026-09-20T11:44:40.9942344Z LTS
linux-portability (ubuntu-24.04)	Set up job	2026-09-20T11:44:40.9943386Z ##[endgroup]
linux-portability (ubuntu-24.04)	Set up job	2026-09-20T11:44:40.9944021Z ##[group]Runner Image
linux-portability (ubuntu-24.04)	Set up job	2026-09-20T11:44:40.9944620Z Image: ubuntu-24.04
linux-portability (ubuntu-24.04)	Set up job	2026-09-20T11:44:40.9945239Z Version: 20260907.300.1
linux-portability (ubuntu-24.04)	Set up job	2026-09-20T11:44:40.9946311Z Included Software: https://github.com/actions/runner-images/blob/ubuntu24/20260907.300/images/ubuntu/Ubuntu2404-Readme.md
linux-portability (ubuntu-24.04)	Set up job	2026-09-20T11:44:40.9948547Z Image Release: https://github.com/actions/runner-images/releases/tag/ubuntu24%2F20260907.300
linux-portability (ubuntu-24.04)	Set up job	2026-09-20T11:44:40.9949547Z ##[endgroup]
linux-portability (ubuntu-24.04)	Set up job	2026-09-20T11:44:40.9950725Z ##[group]GITHUB_TOKEN Permissions
linux-portability (ubuntu-24.04)	Set up job	2026-09-20T11:44:40.9953011Z Contents: read
linux-portability (ubuntu-24.04)	Set up job	2026-09-20T11:44:40.9953750Z Metadata: read
linux-portability (ubuntu-24.04)	Set up job	2026-09-20T11:44:40.9954314Z ##[endgroup]
linux-portability (ubuntu-24.04)	Set up job	2026-09-20T11:44:40.9956520Z Secret source: Actions
linux-portability (ubuntu-24.04)	Set up job	2026-09-20T11:44:40.9957696Z Cache mode: write
linux-portability (ubuntu-24.04)	Set up job	2026-09-20T11:44:40.9959056Z Prepare workflow directory
linux-portability (ubuntu-24.04)	Set up job	2026-09-20T11:44:41.0382797Z Prepare all required actions
linux-portability (ubuntu-24.04)	Set up job	2026-09-20T11:44:41.0431530Z Getting action download info
linux-portability (ubuntu-24.04)	Set up job	2026-09-20T11:44:41.2376465Z Download action repository 'actions/checkout@11bd71901bbe5b1630ceea73d27597364c9af683' (SHA:11bd71901bbe5b1630ceea73d27597364c9af683)
linux-portability (ubuntu-24.04)	Set up job	2026-09-20T11:44:41.3473245Z Download action repository 'actions/upload-artifact@ea165f8d65b6e75b540449e92b4886f43607fa02' (SHA:ea165f8d65b6e75b540449e92b4886f43607fa02)
linux-portability (ubuntu-24.04)	Set up job	2026-09-20T11:44:41.5558836Z Complete job name: linux-portability (ubuntu-24.04)
linux-portability (ubuntu-24.04)	Run actions/checkout@11bd71901bbe5b1630ceea73d27597364c9af683	﻿2026-09-20T11:44:41.6342624Z Node 20 is being deprecated. This workflow is running with Node 24 by default. If you need to temporarily use Node 20, you can set the ACTIONS_ALLOW_USE_UNSECURE_NODE_VERSION=true environment variable. For more information see: https://github.blog/changelog/2025-09-19-deprecation-of-node-20-on-github-actions-runners/
linux-portability (ubuntu-24.04)	Run actions/checkout@11bd71901bbe5b1630ceea73d27597364c9af683	2026-09-20T11:44:41.6352089Z ##[group]Run actions/checkout@11bd71901bbe5b1630ceea73d27597364c9af683
linux-portability (ubuntu-24.04)	Run actions/checkout@11bd71901bbe5b1630ceea73d27597364c9af683	2026-09-20T11:44:41.6353088Z with:
linux-portability (ubuntu-24.04)	Run actions/checkout@11bd71901bbe5b1630ceea73d27597364c9af683	2026-09-20T11:44:41.6353535Z   path: rawk
linux-portability (ubuntu-24.04)	Run actions/checkout@11bd71901bbe5b1630ceea73d27597364c9af683	2026-09-20T11:44:41.6353997Z   repository: francescotinti/rawk
linux-portability (ubuntu-24.04)	Run actions/checkout@11bd71901bbe5b1630ceea73d27597364c9af683	2026-09-20T11:44:41.6357634Z   token: ***
linux-portability (ubuntu-24.04)	Run actions/checkout@11bd71901bbe5b1630ceea73d27597364c9af683	2026-09-20T11:44:41.6358330Z   ssh-strict: true
linux-portability (ubuntu-24.04)	Run actions/checkout@11bd71901bbe5b1630ceea73d27597364c9af683	2026-09-20T11:44:41.6358781Z   ssh-user: git
linux-portability (ubuntu-24.04)	Run actions/checkout@11bd71901bbe5b1630ceea73d27597364c9af683	2026-09-20T11:44:41.6359235Z   persist-credentials: true
linux-portability (ubuntu-24.04)	Run actions/checkout@11bd71901bbe5b1630ceea73d27597364c9af683	2026-09-20T11:44:41.6359727Z   clean: true
linux-portability (ubuntu-24.04)	Run actions/checkout@11bd71901bbe5b1630ceea73d27597364c9af683	2026-09-20T11:44:41.6360177Z   sparse-checkout-cone-mode: true
linux-portability (ubuntu-24.04)	Run actions/checkout@11bd71901bbe5b1630ceea73d27597364c9af683	2026-09-20T11:44:41.6360707Z   fetch-depth: 1
linux-portability (ubuntu-24.04)	Run actions/checkout@11bd71901bbe5b1630ceea73d27597364c9af683	2026-09-20T11:44:41.6361151Z   fetch-tags: false
linux-portability (ubuntu-24.04)	Run actions/checkout@11bd71901bbe5b1630ceea73d27597364c9af683	2026-09-20T11:44:41.6361605Z   show-progress: true
linux-portability (ubuntu-24.04)	Run actions/checkout@11bd71901bbe5b1630ceea73d27597364c9af683	2026-09-20T11:44:41.6362111Z   lfs: false
linux-portability (ubuntu-24.04)	Run actions/checkout@11bd71901bbe5b1630ceea73d27597364c9af683	2026-09-20T11:44:41.6362534Z   submodules: false
linux-portability (ubuntu-24.04)	Run actions/checkout@11bd71901bbe5b1630ceea73d27597364c9af683	2026-09-20T11:44:41.6363002Z   set-safe-directory: true
linux-portability (ubuntu-24.04)	Run actions/checkout@11bd71901bbe5b1630ceea73d27597364c9af683	2026-09-20T11:44:41.6363739Z env:
linux-portability (ubuntu-24.04)	Run actions/checkout@11bd71901bbe5b1630ceea73d27597364c9af683	2026-09-20T11:44:41.6364162Z   LC_ALL: C
linux-portability (ubuntu-24.04)	Run actions/checkout@11bd71901bbe5b1630ceea73d27597364c9af683	2026-09-20T11:44:41.6364589Z   CARGO_INCREMENTAL: 0
linux-portability (ubuntu-24.04)	Run actions/checkout@11bd71901bbe5b1630ceea73d27597364c9af683	2026-09-20T11:44:41.6365071Z   RUSTUP_TOOLCHAIN: 1.96.0
linux-portability (ubuntu-24.04)	Run actions/checkout@11bd71901bbe5b1630ceea73d27597364c9af683	2026-09-20T11:44:41.6365552Z ##[endgroup]
linux-portability (ubuntu-24.04)	Run actions/checkout@11bd71901bbe5b1630ceea73d27597364c9af683	2026-09-20T11:44:41.7403460Z Syncing repository: francescotinti/rawk
linux-portability (ubuntu-24.04)	Run actions/checkout@11bd71901bbe5b1630ceea73d27597364c9af683	2026-09-20T11:44:41.7406551Z ##[group]Getting Git version info
linux-portability (ubuntu-24.04)	Run actions/checkout@11bd71901bbe5b1630ceea73d27597364c9af683	2026-09-20T11:44:41.7408069Z Working directory is '/home/runner/work/rawk/rawk/rawk'
linux-portability (ubuntu-24.04)	Run actions/checkout@11bd71901bbe5b1630ceea73d27597364c9af683	2026-09-20T11:44:41.7409915Z [command]/usr/bin/git version
linux-portability (ubuntu-24.04)	Run actions/checkout@11bd71901bbe5b1630ceea73d27597364c9af683	2026-09-20T11:44:41.7536953Z git version 2.55.0
linux-portability (ubuntu-24.04)	Run actions/checkout@11bd71901bbe5b1630ceea73d27597364c9af683	2026-09-20T11:44:41.7560746Z ##[endgroup]
linux-portability (ubuntu-24.04)	Run actions/checkout@11bd71901bbe5b1630ceea73d27597364c9af683	2026-09-20T11:44:41.7580831Z Temporarily overriding HOME='/home/runner/work/_temp/ad2bfb41-efe3-435f-bd06-6f75f7bf70e9' before making global git config changes
linux-portability (ubuntu-24.04)	Run actions/checkout@11bd71901bbe5b1630ceea73d27597364c9af683	2026-09-20T11:44:41.7583448Z Adding repository directory to the temporary git global config as a safe directory
linux-portability (ubuntu-24.04)	Run actions/checkout@11bd71901bbe5b1630ceea73d27597364c9af683	2026-09-20T11:44:41.7586804Z [command]/usr/bin/git config --global --add safe.directory /home/runner/work/rawk/rawk/rawk
linux-portability (ubuntu-24.04)	Run actions/checkout@11bd71901bbe5b1630ceea73d27597364c9af683	2026-09-20T11:44:41.7655173Z ##[group]Initializing the repository
linux-portability (ubuntu-24.04)	Run actions/checkout@11bd71901bbe5b1630ceea73d27597364c9af683	2026-09-20T11:44:41.7662611Z [command]/usr/bin/git init /home/runner/work/rawk/rawk/rawk
linux-portability (ubuntu-24.04)	Run actions/checkout@11bd71901bbe5b1630ceea73d27597364c9af683	2026-09-20T11:44:41.7787055Z hint: Using 'master' as the name for the initial branch. This default branch name
linux-portability (ubuntu-24.04)	Run actions/checkout@11bd71901bbe5b1630ceea73d27597364c9af683	2026-09-20T11:44:41.7789295Z hint: will change to "main" in Git 3.0. To configure the initial branch name
linux-portability (ubuntu-24.04)	Run actions/checkout@11bd71901bbe5b1630ceea73d27597364c9af683	2026-09-20T11:44:41.7790841Z hint: to use in all of your new repositories, which will suppress this warning,
linux-portability (ubuntu-24.04)	Run actions/checkout@11bd71901bbe5b1630ceea73d27597364c9af683	2026-09-20T11:44:41.7792262Z hint: call:
linux-portability (ubuntu-24.04)	Run actions/checkout@11bd71901bbe5b1630ceea73d27597364c9af683	2026-09-20T11:44:41.7793635Z hint:
linux-portability (ubuntu-24.04)	Run actions/checkout@11bd71901bbe5b1630ceea73d27597364c9af683	2026-09-20T11:44:41.7794643Z hint: 	git config --global init.defaultBranch <name>
linux-portability (ubuntu-24.04)	Run actions/checkout@11bd71901bbe5b1630ceea73d27597364c9af683	2026-09-20T11:44:41.7795868Z hint:
linux-portability (ubuntu-24.04)	Run actions/checkout@11bd71901bbe5b1630ceea73d27597364c9af683	2026-09-20T11:44:41.7796935Z hint: Names commonly chosen instead of 'master' are 'main', 'trunk' and
linux-portability (ubuntu-24.04)	Run actions/checkout@11bd71901bbe5b1630ceea73d27597364c9af683	2026-09-20T11:44:41.7798896Z hint: 'development'. The just-created branch can be renamed via this command:
linux-portability (ubuntu-24.04)	Run actions/checkout@11bd71901bbe5b1630ceea73d27597364c9af683	2026-09-20T11:44:41.7800251Z hint:
linux-portability (ubuntu-24.04)	Run actions/checkout@11bd71901bbe5b1630ceea73d27597364c9af683	2026-09-20T11:44:41.7801019Z hint: 	git branch -m <name>
linux-portability (ubuntu-24.04)	Run actions/checkout@11bd71901bbe5b1630ceea73d27597364c9af683	2026-09-20T11:44:41.7801915Z hint:
linux-portability (ubuntu-24.04)	Run actions/checkout@11bd71901bbe5b1630ceea73d27597364c9af683	2026-09-20T11:44:41.7803146Z hint: Disable this message with "git config set advice.defaultBranchName false"
linux-portability (ubuntu-24.04)	Run actions/checkout@11bd71901bbe5b1630ceea73d27597364c9af683	2026-09-20T11:44:41.7804865Z Initialized empty Git repository in /home/runner/work/rawk/rawk/rawk/.git/
linux-portability (ubuntu-24.04)	Run actions/checkout@11bd71901bbe5b1630ceea73d27597364c9af683	2026-09-20T11:44:41.7808123Z [command]/usr/bin/git remote add origin https://github.com/francescotinti/rawk
linux-portability (ubuntu-24.04)	Run actions/checkout@11bd71901bbe5b1630ceea73d27597364c9af683	2026-09-20T11:44:41.7854325Z ##[endgroup]
linux-portability (ubuntu-24.04)	Run actions/checkout@11bd71901bbe5b1630ceea73d27597364c9af683	2026-09-20T11:44:41.7855716Z ##[group]Disabling automatic garbage collection
linux-portability (ubuntu-24.04)	Run actions/checkout@11bd71901bbe5b1630ceea73d27597364c9af683	2026-09-20T11:44:41.7857669Z [command]/usr/bin/git config --local gc.auto 0
linux-portability (ubuntu-24.04)	Run actions/checkout@11bd71901bbe5b1630ceea73d27597364c9af683	2026-09-20T11:44:41.7901930Z ##[endgroup]
linux-portability (ubuntu-24.04)	Run actions/checkout@11bd71901bbe5b1630ceea73d27597364c9af683	2026-09-20T11:44:41.7903358Z ##[group]Setting up auth
linux-portability (ubuntu-24.04)	Run actions/checkout@11bd71901bbe5b1630ceea73d27597364c9af683	2026-09-20T11:44:41.7905698Z [command]/usr/bin/git config --local --name-only --get-regexp core\.sshCommand
linux-portability (ubuntu-24.04)	Run actions/checkout@11bd71901bbe5b1630ceea73d27597364c9af683	2026-09-20T11:44:41.7935379Z [command]/usr/bin/git submodule foreach --recursive sh -c "git config --local --name-only --get-regexp 'core\.sshCommand' && git config --local --unset-all 'core.sshCommand' || :"
linux-portability (ubuntu-24.04)	Run actions/checkout@11bd71901bbe5b1630ceea73d27597364c9af683	2026-09-20T11:44:41.8306764Z [command]/usr/bin/git config --local --name-only --get-regexp http\.https\:\/\/github\.com\/\.extraheader
linux-portability (ubuntu-24.04)	Run actions/checkout@11bd71901bbe5b1630ceea73d27597364c9af683	2026-09-20T11:44:41.8347326Z [command]/usr/bin/git submodule foreach --recursive sh -c "git config --local --name-only --get-regexp 'http\.https\:\/\/github\.com\/\.extraheader' && git config --local --unset-all 'http.https://github.com/.extraheader' || :"
linux-portability (ubuntu-24.04)	Run actions/checkout@11bd71901bbe5b1630ceea73d27597364c9af683	2026-09-20T11:44:41.8560519Z [command]/usr/bin/git config --local http.https://github.com/.extraheader AUTHORIZATION: basic ***
linux-portability (ubuntu-24.04)	Run actions/checkout@11bd71901bbe5b1630ceea73d27597364c9af683	2026-09-20T11:44:41.8602143Z ##[endgroup]
linux-portability (ubuntu-24.04)	Run actions/checkout@11bd71901bbe5b1630ceea73d27597364c9af683	2026-09-20T11:44:41.8612169Z ##[group]Fetching the repository
linux-portability (ubuntu-24.04)	Run actions/checkout@11bd71901bbe5b1630ceea73d27597364c9af683	2026-09-20T11:44:41.8613904Z [command]/usr/bin/git -c protocol.version=2 fetch --no-tags --prune --no-recurse-submodules --depth=1 origin +2c214635401bc130838104fc07036e2cbead9b36:refs/remotes/origin/master
linux-portability (ubuntu-24.04)	Run actions/checkout@11bd71901bbe5b1630ceea73d27597364c9af683	2026-09-20T11:44:42.1924566Z From https://github.com/francescotinti/rawk
linux-portability (ubuntu-24.04)	Run actions/checkout@11bd71901bbe5b1630ceea73d27597364c9af683	2026-09-20T11:44:42.1926738Z  * [new ref]         2c214635401bc130838104fc07036e2cbead9b36 -> origin/master
linux-portability (ubuntu-24.04)	Run actions/checkout@11bd71901bbe5b1630ceea73d27597364c9af683	2026-09-20T11:44:42.1931527Z ##[endgroup]
linux-portability (ubuntu-24.04)	Run actions/checkout@11bd71901bbe5b1630ceea73d27597364c9af683	2026-09-20T11:44:42.1933959Z ##[group]Determining the checkout info
linux-portability (ubuntu-24.04)	Run actions/checkout@11bd71901bbe5b1630ceea73d27597364c9af683	2026-09-20T11:44:42.1936796Z ##[endgroup]
linux-portability (ubuntu-24.04)	Run actions/checkout@11bd71901bbe5b1630ceea73d27597364c9af683	2026-09-20T11:44:42.1942755Z [command]/usr/bin/git sparse-checkout disable
linux-portability (ubuntu-24.04)	Run actions/checkout@11bd71901bbe5b1630ceea73d27597364c9af683	2026-09-20T11:44:42.2003402Z [command]/usr/bin/git config --local --unset-all extensions.worktreeConfig
linux-portability (ubuntu-24.04)	Run actions/checkout@11bd71901bbe5b1630ceea73d27597364c9af683	2026-09-20T11:44:42.2037555Z ##[group]Checking out the ref
linux-portability (ubuntu-24.04)	Run actions/checkout@11bd71901bbe5b1630ceea73d27597364c9af683	2026-09-20T11:44:42.2042034Z [command]/usr/bin/git checkout --progress --force -B master refs/remotes/origin/master
linux-portability (ubuntu-24.04)	Run actions/checkout@11bd71901bbe5b1630ceea73d27597364c9af683	2026-09-20T11:44:42.2382722Z Reset branch 'master'
linux-portability (ubuntu-24.04)	Run actions/checkout@11bd71901bbe5b1630ceea73d27597364c9af683	2026-09-20T11:44:42.2388407Z branch 'master' set up to track 'origin/master'.
linux-portability (ubuntu-24.04)	Run actions/checkout@11bd71901bbe5b1630ceea73d27597364c9af683	2026-09-20T11:44:42.2396957Z ##[endgroup]
linux-portability (ubuntu-24.04)	Run actions/checkout@11bd71901bbe5b1630ceea73d27597364c9af683	2026-09-20T11:44:42.2447531Z [command]/usr/bin/git log -1 --format=%H
linux-portability (ubuntu-24.04)	Run actions/checkout@11bd71901bbe5b1630ceea73d27597364c9af683	2026-09-20T11:44:42.2482583Z 2c214635401bc130838104fc07036e2cbead9b36
linux-portability (ubuntu-24.04)	Install pinned Rust toolchain	﻿2026-09-20T11:44:42.2707014Z ##[group]Run rustup toolchain install 1.96.0 --profile minimal --component rustfmt --component clippy
linux-portability (ubuntu-24.04)	Install pinned Rust toolchain	2026-09-20T11:44:42.2708957Z [36;1mrustup toolchain install 1.96.0 --profile minimal --component rustfmt --component clippy[0m
linux-portability (ubuntu-24.04)	Install pinned Rust toolchain	2026-09-20T11:44:42.2751080Z shell: /usr/bin/bash -e {0}
linux-portability (ubuntu-24.04)	Install pinned Rust toolchain	2026-09-20T11:44:42.2751696Z env:
linux-portability (ubuntu-24.04)	Install pinned Rust toolchain	2026-09-20T11:44:42.2752153Z   LC_ALL: C
linux-portability (ubuntu-24.04)	Install pinned Rust toolchain	2026-09-20T11:44:42.2752631Z   CARGO_INCREMENTAL: 0
linux-portability (ubuntu-24.04)	Install pinned Rust toolchain	2026-09-20T11:44:42.2753186Z   RUSTUP_TOOLCHAIN: 1.96.0
linux-portability (ubuntu-24.04)	Install pinned Rust toolchain	2026-09-20T11:44:42.2753721Z ##[endgroup]
linux-portability (ubuntu-24.04)	Install pinned Rust toolchain	2026-09-20T11:44:42.3334497Z info: syncing channel updates for 1.96.0-x86_64-unknown-linux-gnu
linux-portability (ubuntu-24.04)	Install pinned Rust toolchain	2026-09-20T11:44:42.4693780Z info: latest update on 2026-05-28 for version 1.96.0 (ac68faa20 2026-05-25)
linux-portability (ubuntu-24.04)	Install pinned Rust toolchain	2026-09-20T11:44:42.4694889Z info: downloading 5 components
linux-portability (ubuntu-24.04)	Install pinned Rust toolchain	2026-09-20T11:44:50.5971906Z 
linux-portability (ubuntu-24.04)	Install pinned Rust toolchain	2026-09-20T11:44:50.6053307Z   1.96.0-x86_64-unknown-linux-gnu installed - rustc 1.96.0 (ac68faa20 2026-05-25)
linux-portability (ubuntu-24.04)	Install pinned Rust toolchain	2026-09-20T11:44:50.6055305Z 
linux-portability (ubuntu-24.04)	Prepare tested locales and C build tools	﻿2026-09-20T11:44:50.6158003Z ##[group]Run sudo apt-get update
linux-portability (ubuntu-24.04)	Prepare tested locales and C build tools	2026-09-20T11:44:50.6158520Z [36;1msudo apt-get update[0m
linux-portability (ubuntu-24.04)	Prepare tested locales and C build tools	2026-09-20T11:44:50.6158923Z [36;1msudo apt-get install -y build-essential bison locales[0m
linux-portability (ubuntu-24.04)	Prepare tested locales and C build tools	2026-09-20T11:44:50.6159379Z [36;1msudo localedef -i en_US -f UTF-8 en_US.UTF-8[0m
linux-portability (ubuntu-24.04)	Prepare tested locales and C build tools	2026-09-20T11:44:50.6159834Z [36;1msudo localedef -i tr_TR -f UTF-8 tr_TR.UTF-8[0m
linux-portability (ubuntu-24.04)	Prepare tested locales and C build tools	2026-09-20T11:44:50.6160261Z [36;1msudo localedef -i en_US -f ISO-8859-1 en_US.ISO8859-1[0m
linux-portability (ubuntu-24.04)	Prepare tested locales and C build tools	2026-09-20T11:44:50.6160745Z [36;1msudo localedef -i tr_TR -f ISO-8859-9 tr_TR.ISO8859-9[0m
linux-portability (ubuntu-24.04)	Prepare tested locales and C build tools	2026-09-20T11:44:50.6161276Z [36;1msudo localedef --no-warnings=ascii -i ja_JP -f SHIFT_JIS ja_JP.SJIS[0m
linux-portability (ubuntu-24.04)	Prepare tested locales and C build tools	2026-09-20T11:44:50.6161712Z [36;1mlocale -a[0m
linux-portability (ubuntu-24.04)	Prepare tested locales and C build tools	2026-09-20T11:44:50.6162219Z [36;1mcc -std=c11 -Wall -Wextra -Werror scripts/shift_jis_locale_probe.c -o /tmp/rawk-sjis-locale-probe[0m
linux-portability (ubuntu-24.04)	Prepare tested locales and C build tools	2026-09-20T11:44:50.6162765Z [36;1mset -o pipefail[0m
linux-portability (ubuntu-24.04)	Prepare tested locales and C build tools	2026-09-20T11:44:50.6163183Z [36;1m/tmp/rawk-sjis-locale-probe 2>&1 | tee diary/shift-jis-locale-ci.log[0m
linux-portability (ubuntu-24.04)	Prepare tested locales and C build tools	2026-09-20T11:44:50.6202452Z shell: /usr/bin/bash -e {0}
linux-portability (ubuntu-24.04)	Prepare tested locales and C build tools	2026-09-20T11:44:50.6202776Z env:
linux-portability (ubuntu-24.04)	Prepare tested locales and C build tools	2026-09-20T11:44:50.6203015Z   LC_ALL: C
linux-portability (ubuntu-24.04)	Prepare tested locales and C build tools	2026-09-20T11:44:50.6203263Z   CARGO_INCREMENTAL: 0
linux-portability (ubuntu-24.04)	Prepare tested locales and C build tools	2026-09-20T11:44:50.6203545Z   RUSTUP_TOOLCHAIN: 1.96.0
linux-portability (ubuntu-24.04)	Prepare tested locales and C build tools	2026-09-20T11:44:50.6203840Z ##[endgroup]
linux-portability (ubuntu-24.04)	Prepare tested locales and C build tools	2026-09-20T11:44:50.7126550Z Get:1 file:/etc/apt/apt-mirrors.txt Mirrorlist [144 B]
linux-portability (ubuntu-24.04)	Prepare tested locales and C build tools	2026-09-20T11:44:50.7390178Z Get:6 https://packages.microsoft.com/ubuntu/24.04/prod noble InRelease [3600 B]
linux-portability (ubuntu-24.04)	Prepare tested locales and C build tools	2026-09-20T11:44:50.7552966Z Hit:2 http://azure.archive.ubuntu.com/ubuntu noble InRelease
linux-portability (ubuntu-24.04)	Prepare tested locales and C build tools	2026-09-20T11:44:50.7567212Z Get:3 http://azure.archive.ubuntu.com/ubuntu noble-updates InRelease [126 kB]
linux-portability (ubuntu-24.04)	Prepare tested locales and C build tools	2026-09-20T11:44:50.7627353Z Get:4 http://azure.archive.ubuntu.com/ubuntu noble-backports InRelease [126 kB]
linux-portability (ubuntu-24.04)	Prepare tested locales and C build tools	2026-09-20T11:44:50.7656685Z Get:5 http://azure.archive.ubuntu.com/ubuntu noble-security InRelease [126 kB]
linux-portability (ubuntu-24.04)	Prepare tested locales and C build tools	2026-09-20T11:44:50.7731453Z Get:7 https://dl.google.com/linux/chrome-stable/deb stable InRelease [2548 B]
linux-portability (ubuntu-24.04)	Prepare tested locales and C build tools	2026-09-20T11:44:50.8273180Z Get:8 https://packages.microsoft.com/ubuntu/24.04/prod noble/main arm64 Packages [429 kB]
linux-portability (ubuntu-24.04)	Prepare tested locales and C build tools	2026-09-20T11:44:50.8431038Z Get:9 https://packages.microsoft.com/ubuntu/24.04/prod noble/main amd64 Packages [478 kB]
linux-portability (ubuntu-24.04)	Prepare tested locales and C build tools	2026-09-20T11:44:50.9411113Z Get:10 http://azure.archive.ubuntu.com/ubuntu noble-updates/main amd64 Packages [1275 kB]
linux-portability (ubuntu-24.04)	Prepare tested locales and C build tools	2026-09-20T11:44:50.9513371Z Get:11 http://azure.archive.ubuntu.com/ubuntu noble-updates/main Translation-en [294 kB]
linux-portability (ubuntu-24.04)	Prepare tested locales and C build tools	2026-09-20T11:44:50.9551379Z Get:12 http://azure.archive.ubuntu.com/ubuntu noble-updates/main amd64 Components [180 kB]
linux-portability (ubuntu-24.04)	Prepare tested locales and C build tools	2026-09-20T11:44:50.9576347Z Get:13 http://azure.archive.ubuntu.com/ubuntu noble-updates/universe amd64 Packages [1689 kB]
linux-portability (ubuntu-24.04)	Prepare tested locales and C build tools	2026-09-20T11:44:50.9708541Z Get:14 http://azure.archive.ubuntu.com/ubuntu noble-updates/universe Translation-en [338 kB]
linux-portability (ubuntu-24.04)	Prepare tested locales and C build tools	2026-09-20T11:44:50.9741928Z Get:15 http://azure.archive.ubuntu.com/ubuntu noble-updates/universe amd64 Components [388 kB]
linux-portability (ubuntu-24.04)	Prepare tested locales and C build tools	2026-09-20T11:44:50.9788080Z Get:16 http://azure.archive.ubuntu.com/ubuntu noble-updates/restricted amd64 Packages [1580 kB]
linux-portability (ubuntu-24.04)	Prepare tested locales and C build tools	2026-09-20T11:44:50.9889103Z Get:17 http://azure.archive.ubuntu.com/ubuntu noble-updates/restricted Translation-en [359 kB]
linux-portability (ubuntu-24.04)	Prepare tested locales and C build tools	2026-09-20T11:44:50.9932344Z Get:18 http://azure.archive.ubuntu.com/ubuntu noble-updates/multiverse amd64 Packages [45.7 kB]
linux-portability (ubuntu-24.04)	Prepare tested locales and C build tools	2026-09-20T11:44:50.9949115Z Get:19 http://azure.archive.ubuntu.com/ubuntu noble-updates/multiverse Translation-en [13.1 kB]
linux-portability (ubuntu-24.04)	Prepare tested locales and C build tools	2026-09-20T11:44:51.0402976Z Get:20 http://azure.archive.ubuntu.com/ubuntu noble-updates/multiverse amd64 Components [940 B]
linux-portability (ubuntu-24.04)	Prepare tested locales and C build tools	2026-09-20T11:44:51.0426873Z Get:21 http://azure.archive.ubuntu.com/ubuntu noble-backports/main amd64 Packages [65.9 kB]
linux-portability (ubuntu-24.04)	Prepare tested locales and C build tools	2026-09-20T11:44:51.0440617Z Get:22 http://azure.archive.ubuntu.com/ubuntu noble-backports/main amd64 Components [5768 B]
linux-portability (ubuntu-24.04)	Prepare tested locales and C build tools	2026-09-20T11:44:51.0456928Z Get:23 http://azure.archive.ubuntu.com/ubuntu noble-backports/universe amd64 Packages [34.6 kB]
linux-portability (ubuntu-24.04)	Prepare tested locales and C build tools	2026-09-20T11:44:51.0473635Z Get:24 http://azure.archive.ubuntu.com/ubuntu noble-backports/universe Translation-en [18.7 kB]
linux-portability (ubuntu-24.04)	Prepare tested locales and C build tools	2026-09-20T11:44:51.0488437Z Get:25 http://azure.archive.ubuntu.com/ubuntu noble-backports/universe amd64 Components [12.6 kB]
linux-portability (ubuntu-24.04)	Prepare tested locales and C build tools	2026-09-20T11:44:51.0668150Z Get:26 http://azure.archive.ubuntu.com/ubuntu noble-security/main amd64 Packages [1009 kB]
linux-portability (ubuntu-24.04)	Prepare tested locales and C build tools	2026-09-20T11:44:51.0729704Z Get:27 http://azure.archive.ubuntu.com/ubuntu noble-security/main Translation-en [214 kB]
linux-portability (ubuntu-24.04)	Prepare tested locales and C build tools	2026-09-20T11:44:51.0768696Z Get:28 http://azure.archive.ubuntu.com/ubuntu noble-security/main amd64 Components [46.4 kB]
linux-portability (ubuntu-24.04)	Prepare tested locales and C build tools	2026-09-20T11:44:51.0826408Z Get:29 http://azure.archive.ubuntu.com/ubuntu noble-security/universe amd64 Packages [1208 kB]
linux-portability (ubuntu-24.04)	Prepare tested locales and C build tools	2026-09-20T11:44:51.0890629Z Get:30 http://azure.archive.ubuntu.com/ubuntu noble-security/universe Translation-en [243 kB]
linux-portability (ubuntu-24.04)	Prepare tested locales and C build tools	2026-09-20T11:44:51.0917579Z Get:31 http://azure.archive.ubuntu.com/ubuntu noble-security/universe amd64 Components [76.2 kB]
linux-portability (ubuntu-24.04)	Prepare tested locales and C build tools	2026-09-20T11:44:51.0940742Z Get:32 http://azure.archive.ubuntu.com/ubuntu noble-security/restricted amd64 Packages [1449 kB]
linux-portability (ubuntu-24.04)	Prepare tested locales and C build tools	2026-09-20T11:44:51.1019644Z Get:33 http://azure.archive.ubuntu.com/ubuntu noble-security/restricted Translation-en [336 kB]
linux-portability (ubuntu-24.04)	Prepare tested locales and C build tools	2026-09-20T11:44:51.1384069Z Get:35 https://dl.google.com/linux/chrome-stable/deb stable/main amd64 Packages [1408 B]
linux-portability (ubuntu-24.04)	Prepare tested locales and C build tools	2026-09-20T11:44:51.1481199Z Get:34 http://azure.archive.ubuntu.com/ubuntu noble-security/multiverse Translation-en [11.3 kB]
linux-portability (ubuntu-24.04)	Prepare tested locales and C build tools	2026-09-20T11:44:55.7896912Z Fetched 12.2 MB in 1s (8892 kB/s)
linux-portability (ubuntu-24.04)	Prepare tested locales and C build tools	2026-09-20T11:44:56.6655300Z Reading package lists...
linux-portability (ubuntu-24.04)	Prepare tested locales and C build tools	2026-09-20T11:44:56.6962892Z Reading package lists...
linux-portability (ubuntu-24.04)	Prepare tested locales and C build tools	2026-09-20T11:44:56.9376285Z Building dependency tree...
linux-portability (ubuntu-24.04)	Prepare tested locales and C build tools	2026-09-20T11:44:56.9384187Z Reading state information...
linux-portability (ubuntu-24.04)	Prepare tested locales and C build tools	2026-09-20T11:44:57.1564495Z The following additional packages will be installed:
linux-portability (ubuntu-24.04)	Prepare tested locales and C build tools	2026-09-20T11:44:57.1570638Z   libc-bin libc-dev-bin libc6 libc6-dev libc6-i386
linux-portability (ubuntu-24.04)	Prepare tested locales and C build tools	2026-09-20T11:44:57.1576527Z Suggested packages:
linux-portability (ubuntu-24.04)	Prepare tested locales and C build tools	2026-09-20T11:44:57.1576959Z   bison-doc glibc-doc libnss-nis libnss-nisplus manpages-dev
linux-portability (ubuntu-24.04)	Prepare tested locales and C build tools	2026-09-20T11:44:57.1577325Z Recommended packages:
linux-portability (ubuntu-24.04)	Prepare tested locales and C build tools	2026-09-20T11:44:57.1577576Z   manpages-dev libc-devtools
linux-portability (ubuntu-24.04)	Prepare tested locales and C build tools	2026-09-20T11:44:57.1949490Z The following NEW packages will be installed:
linux-portability (ubuntu-24.04)	Prepare tested locales and C build tools	2026-09-20T11:44:57.1963556Z   build-essential
linux-portability (ubuntu-24.04)	Prepare tested locales and C build tools	2026-09-20T11:44:57.1967961Z The following packages will be upgraded:
linux-portability (ubuntu-24.04)	Prepare tested locales and C build tools	2026-09-20T11:44:57.1975812Z   bison libc-bin libc-dev-bin libc6 libc6-dev libc6-i386 locales
linux-portability (ubuntu-24.04)	Prepare tested locales and C build tools	2026-09-20T11:44:57.2152844Z 7 upgraded, 1 newly installed, 0 to remove and 66 not upgraded.
linux-portability (ubuntu-24.04)	Prepare tested locales and C build tools	2026-09-20T11:44:57.2153583Z Need to get 13.9 MB of archives.
linux-portability (ubuntu-24.04)	Prepare tested locales and C build tools	2026-09-20T11:44:57.2154184Z After this operation, 27.6 kB of additional disk space will be used.
linux-portability (ubuntu-24.04)	Prepare tested locales and C build tools	2026-09-20T11:44:57.2154916Z Get:1 file:/etc/apt/apt-mirrors.txt Mirrorlist [144 B]
linux-portability (ubuntu-24.04)	Prepare tested locales and C build tools	2026-09-20T11:44:57.3291927Z Get:2 http://azure.archive.ubuntu.com/ubuntu noble-updates/main amd64 libc6-dev amd64 2.39-0ubuntu8.9 [2126 kB]
linux-portability (ubuntu-24.04)	Prepare tested locales and C build tools	2026-09-20T11:44:57.4028149Z Get:3 http://azure.archive.ubuntu.com/ubuntu noble-updates/main amd64 libc-dev-bin amd64 2.39-0ubuntu8.9 [20.4 kB]
linux-portability (ubuntu-24.04)	Prepare tested locales and C build tools	2026-09-20T11:44:57.4106867Z Get:4 http://azure.archive.ubuntu.com/ubuntu noble-updates/main amd64 libc6-i386 amd64 2.39-0ubuntu8.9 [2787 kB]
linux-portability (ubuntu-24.04)	Prepare tested locales and C build tools	2026-09-20T11:44:57.4456958Z Get:5 http://azure.archive.ubuntu.com/ubuntu noble-updates/main amd64 libc6 amd64 2.39-0ubuntu8.9 [3264 kB]
linux-portability (ubuntu-24.04)	Prepare tested locales and C build tools	2026-09-20T11:44:57.4782033Z Get:6 http://azure.archive.ubuntu.com/ubuntu noble-updates/main amd64 libc-bin amd64 2.39-0ubuntu8.9 [682 kB]
linux-portability (ubuntu-24.04)	Prepare tested locales and C build tools	2026-09-20T11:44:57.4911593Z Get:7 http://azure.archive.ubuntu.com/ubuntu noble-updates/main amd64 locales all 2.39-0ubuntu8.9 [4232 kB]
linux-portability (ubuntu-24.04)	Prepare tested locales and C build tools	2026-09-20T11:44:57.5525978Z Get:8 http://azure.archive.ubuntu.com/ubuntu noble-updates/main amd64 bison amd64 2:3.8.2+dfsg-1ubuntu0.24.04.1 [749 kB]
linux-portability (ubuntu-24.04)	Prepare tested locales and C build tools	2026-09-20T11:44:57.5685058Z Get:9 http://azure.archive.ubuntu.com/ubuntu noble/main amd64 build-essential amd64 12.10ubuntu1 [4928 B]
linux-portability (ubuntu-24.04)	Prepare tested locales and C build tools	2026-09-20T11:44:57.8083211Z Preconfiguring packages ...
linux-portability (ubuntu-24.04)	Prepare tested locales and C build tools	2026-09-20T11:44:57.8903187Z Fetched 13.9 MB in 0s (38.1 MB/s)
linux-portability (ubuntu-24.04)	Prepare tested locales and C build tools	2026-09-20T11:44:57.9430098Z (Reading database ... 
linux-portability (ubuntu-24.04)	Prepare tested locales and C build tools	2026-09-20T11:44:57.9430523Z (Reading database ... 5%
linux-portability (ubuntu-24.04)	Prepare tested locales and C build tools	2026-09-20T11:44:57.9430790Z (Reading database ... 10%
linux-portability (ubuntu-24.04)	Prepare tested locales and C build tools	2026-09-20T11:44:57.9431354Z (Reading database ... 15%
linux-portability (ubuntu-24.04)	Prepare tested locales and C build tools	2026-09-20T11:44:57.9431592Z (Reading database ... 20%
linux-portability (ubuntu-24.04)	Prepare tested locales and C build tools	2026-09-20T11:44:57.9431837Z (Reading database ... 25%
linux-portability (ubuntu-24.04)	Prepare tested locales and C build tools	2026-09-20T11:44:57.9433030Z (Reading database ... 30%
linux-portability (ubuntu-24.04)	Prepare tested locales and C build tools	2026-09-20T11:44:57.9433430Z (Reading database ... 35%
linux-portability (ubuntu-24.04)	Prepare tested locales and C build tools	2026-09-20T11:44:57.9433828Z (Reading database ... 40%
linux-portability (ubuntu-24.04)	Prepare tested locales and C build tools	2026-09-20T11:44:57.9434111Z (Reading database ... 45%
linux-portability (ubuntu-24.04)	Prepare tested locales and C build tools	2026-09-20T11:44:57.9434342Z (Reading database ... 50%
linux-portability (ubuntu-24.04)	Prepare tested locales and C build tools	2026-09-20T11:44:57.9495480Z (Reading database ... 55%
linux-portability (ubuntu-24.04)	Prepare tested locales and C build tools	2026-09-20T11:44:58.0910246Z (Reading database ... 60%
linux-portability (ubuntu-24.04)	Prepare tested locales and C build tools	2026-09-20T11:44:58.2687656Z (Reading database ... 65%
linux-portability (ubuntu-24.04)	Prepare tested locales and C build tools	2026-09-20T11:44:58.4386818Z (Reading database ... 70%
linux-portability (ubuntu-24.04)	Prepare tested locales and C build tools	2026-09-20T11:44:58.5730445Z (Reading database ... 75%
linux-portability (ubuntu-24.04)	Prepare tested locales and C build tools	2026-09-20T11:44:58.7491559Z (Reading database ... 80%
linux-portability (ubuntu-24.04)	Prepare tested locales and C build tools	2026-09-20T11:44:58.8811635Z (Reading database ... 85%
linux-portability (ubuntu-24.04)	Prepare tested locales and C build tools	2026-09-20T11:44:59.0206054Z (Reading database ... 90%
linux-portability (ubuntu-24.04)	Prepare tested locales and C build tools	2026-09-20T11:44:59.1488761Z (Reading database ... 95%
linux-portability (ubuntu-24.04)	Prepare tested locales and C build tools	2026-09-20T11:44:59.1489827Z (Reading database ... 100%
linux-portability (ubuntu-24.04)	Prepare tested locales and C build tools	2026-09-20T11:44:59.1490331Z (Reading database ... 201818 files and directories currently installed.)
linux-portability (ubuntu-24.04)	Prepare tested locales and C build tools	2026-09-20T11:44:59.1537770Z Preparing to unpack .../libc6-dev_2.39-0ubuntu8.9_amd64.deb ...
linux-portability (ubuntu-24.04)	Prepare tested locales and C build tools	2026-09-20T11:44:59.1597342Z Unpacking libc6-dev:amd64 (2.39-0ubuntu8.9) over (2.39-0ubuntu8.8) ...
linux-portability (ubuntu-24.04)	Prepare tested locales and C build tools	2026-09-20T11:44:59.3395930Z Preparing to unpack .../libc-dev-bin_2.39-0ubuntu8.9_amd64.deb ...
linux-portability (ubuntu-24.04)	Prepare tested locales and C build tools	2026-09-20T11:44:59.3430465Z Unpacking libc-dev-bin (2.39-0ubuntu8.9) over (2.39-0ubuntu8.8) ...
linux-portability (ubuntu-24.04)	Prepare tested locales and C build tools	2026-09-20T11:44:59.3863763Z Preparing to unpack .../libc6-i386_2.39-0ubuntu8.9_amd64.deb ...
linux-portability (ubuntu-24.04)	Prepare tested locales and C build tools	2026-09-20T11:44:59.3946382Z Unpacking libc6-i386 (2.39-0ubuntu8.9) over (2.39-0ubuntu8.8) ...
linux-portability (ubuntu-24.04)	Prepare tested locales and C build tools	2026-09-20T11:44:59.5285505Z Preparing to unpack .../libc6_2.39-0ubuntu8.9_amd64.deb ...
linux-portability (ubuntu-24.04)	Prepare tested locales and C build tools	2026-09-20T11:44:59.6592609Z Unpacking libc6:amd64 (2.39-0ubuntu8.9) over (2.39-0ubuntu8.8) ...
linux-portability (ubuntu-24.04)	Prepare tested locales and C build tools	2026-09-20T11:44:59.7946053Z Setting up libc6:amd64 (2.39-0ubuntu8.9) ...
linux-portability (ubuntu-24.04)	Prepare tested locales and C build tools	2026-09-20T11:45:00.2074962Z (Reading database ... 
linux-portability (ubuntu-24.04)	Prepare tested locales and C build tools	2026-09-20T11:45:00.2075698Z (Reading database ... 5%
linux-portability (ubuntu-24.04)	Prepare tested locales and C build tools	2026-09-20T11:45:00.2076313Z (Reading database ... 10%
linux-portability (ubuntu-24.04)	Prepare tested locales and C build tools	2026-09-20T11:45:00.2077190Z (Reading database ... 15%
linux-portability (ubuntu-24.04)	Prepare tested locales and C build tools	2026-09-20T11:45:00.2077931Z (Reading database ... 20%
linux-portability (ubuntu-24.04)	Prepare tested locales and C build tools	2026-09-20T11:45:00.2078526Z (Reading database ... 25%
linux-portability (ubuntu-24.04)	Prepare tested locales and C build tools	2026-09-20T11:45:00.2079037Z (Reading database ... 30%
linux-portability (ubuntu-24.04)	Prepare tested locales and C build tools	2026-09-20T11:45:00.2079595Z (Reading database ... 35%
linux-portability (ubuntu-24.04)	Prepare tested locales and C build tools	2026-09-20T11:45:00.2079991Z (Reading database ... 40%
linux-portability (ubuntu-24.04)	Prepare tested locales and C build tools	2026-09-20T11:45:00.2080565Z (Reading database ... 45%
linux-portability (ubuntu-24.04)	Prepare tested locales and C build tools	2026-09-20T11:45:00.2081532Z (Reading database ... 50%
linux-portability (ubuntu-24.04)	Prepare tested locales and C build tools	2026-09-20T11:45:00.2119129Z (Reading database ... 55%
linux-portability (ubuntu-24.04)	Prepare tested locales and C build tools	2026-09-20T11:45:00.2269570Z (Reading database ... 60%
linux-portability (ubuntu-24.04)	Prepare tested locales and C build tools	2026-09-20T11:45:00.2308610Z (Reading database ... 65%
linux-portability (ubuntu-24.04)	Prepare tested locales and C build tools	2026-09-20T11:45:00.2362909Z (Reading database ... 70%
linux-portability (ubuntu-24.04)	Prepare tested locales and C build tools	2026-09-20T11:45:00.2403423Z (Reading database ... 75%
linux-portability (ubuntu-24.04)	Prepare tested locales and C build tools	2026-09-20T11:45:00.2609352Z (Reading database ... 80%
linux-portability (ubuntu-24.04)	Prepare tested locales and C build tools	2026-09-20T11:45:00.2634712Z (Reading database ... 85%
linux-portability (ubuntu-24.04)	Prepare tested locales and C build tools	2026-09-20T11:45:00.2730993Z (Reading database ... 90%
linux-portability (ubuntu-24.04)	Prepare tested locales and C build tools	2026-09-20T11:45:00.2980918Z (Reading database ... 95%
linux-portability (ubuntu-24.04)	Prepare tested locales and C build tools	2026-09-20T11:45:00.2981518Z (Reading database ... 100%
linux-portability (ubuntu-24.04)	Prepare tested locales and C build tools	2026-09-20T11:45:00.2982219Z (Reading database ... 201818 files and directories currently installed.)
linux-portability (ubuntu-24.04)	Prepare tested locales and C build tools	2026-09-20T11:45:00.3026088Z Preparing to unpack .../libc-bin_2.39-0ubuntu8.9_amd64.deb ...
linux-portability (ubuntu-24.04)	Prepare tested locales and C build tools	2026-09-20T11:45:00.3060945Z Unpacking libc-bin (2.39-0ubuntu8.9) over (2.39-0ubuntu8.8) ...
linux-portability (ubuntu-24.04)	Prepare tested locales and C build tools	2026-09-20T11:45:00.3638829Z Setting up libc-bin (2.39-0ubuntu8.9) ...
linux-portability (ubuntu-24.04)	Prepare tested locales and C build tools	2026-09-20T11:45:00.4315160Z (Reading database ... 
linux-portability (ubuntu-24.04)	Prepare tested locales and C build tools	2026-09-20T11:45:00.4315700Z (Reading database ... 5%
linux-portability (ubuntu-24.04)	Prepare tested locales and C build tools	2026-09-20T11:45:00.4316118Z (Reading database ... 10%
linux-portability (ubuntu-24.04)	Prepare tested locales and C build tools	2026-09-20T11:45:00.4316466Z (Reading database ... 15%
linux-portability (ubuntu-24.04)	Prepare tested locales and C build tools	2026-09-20T11:45:00.4316820Z (Reading database ... 20%
linux-portability (ubuntu-24.04)	Prepare tested locales and C build tools	2026-09-20T11:45:00.4317197Z (Reading database ... 25%
linux-portability (ubuntu-24.04)	Prepare tested locales and C build tools	2026-09-20T11:45:00.4317567Z (Reading database ... 30%
linux-portability (ubuntu-24.04)	Prepare tested locales and C build tools	2026-09-20T11:45:00.4318225Z (Reading database ... 35%
linux-portability (ubuntu-24.04)	Prepare tested locales and C build tools	2026-09-20T11:45:00.4318590Z (Reading database ... 40%
linux-portability (ubuntu-24.04)	Prepare tested locales and C build tools	2026-09-20T11:45:00.4318942Z (Reading database ... 45%
linux-portability (ubuntu-24.04)	Prepare tested locales and C build tools	2026-09-20T11:45:00.4319261Z (Reading database ... 50%
linux-portability (ubuntu-24.04)	Prepare tested locales and C build tools	2026-09-20T11:45:00.4330703Z (Reading database ... 55%
linux-portability (ubuntu-24.04)	Prepare tested locales and C build tools	2026-09-20T11:45:00.4451296Z (Reading database ... 60%
linux-portability (ubuntu-24.04)	Prepare tested locales and C build tools	2026-09-20T11:45:00.4476793Z (Reading database ... 65%
linux-portability (ubuntu-24.04)	Prepare tested locales and C build tools	2026-09-20T11:45:00.4511176Z (Reading database ... 70%
linux-portability (ubuntu-24.04)	Prepare tested locales and C build tools	2026-09-20T11:45:00.4537708Z (Reading database ... 75%
linux-portability (ubuntu-24.04)	Prepare tested locales and C build tools	2026-09-20T11:45:00.4684499Z (Reading database ... 80%
linux-portability (ubuntu-24.04)	Prepare tested locales and C build tools	2026-09-20T11:45:00.4715945Z (Reading database ... 85%
linux-portability (ubuntu-24.04)	Prepare tested locales and C build tools	2026-09-20T11:45:00.4811061Z (Reading database ... 90%
linux-portability (ubuntu-24.04)	Prepare tested locales and C build tools	2026-09-20T11:45:00.5050662Z (Reading database ... 95%
linux-portability (ubuntu-24.04)	Prepare tested locales and C build tools	2026-09-20T11:45:00.5051110Z (Reading database ... 100%
linux-portability (ubuntu-24.04)	Prepare tested locales and C build tools	2026-09-20T11:45:00.5051577Z (Reading database ... 201818 files and directories currently installed.)
linux-portability (ubuntu-24.04)	Prepare tested locales and C build tools	2026-09-20T11:45:00.5093209Z Preparing to unpack .../locales_2.39-0ubuntu8.9_all.deb ...
linux-portability (ubuntu-24.04)	Prepare tested locales and C build tools	2026-09-20T11:45:00.5154333Z Unpacking locales (2.39-0ubuntu8.9) over (2.39-0ubuntu8.8) ...
linux-portability (ubuntu-24.04)	Prepare tested locales and C build tools	2026-09-20T11:45:00.7313641Z Preparing to unpack .../bison_2%3a3.8.2+dfsg-1ubuntu0.24.04.1_amd64.deb ...
linux-portability (ubuntu-24.04)	Prepare tested locales and C build tools	2026-09-20T11:45:00.7401265Z Unpacking bison (2:3.8.2+dfsg-1ubuntu0.24.04.1) over (2:3.8.2+dfsg-1build2) ...
linux-portability (ubuntu-24.04)	Prepare tested locales and C build tools	2026-09-20T11:45:00.8186895Z Selecting previously unselected package build-essential.
linux-portability (ubuntu-24.04)	Prepare tested locales and C build tools	2026-09-20T11:45:00.8314408Z Preparing to unpack .../build-essential_12.10ubuntu1_amd64.deb ...
linux-portability (ubuntu-24.04)	Prepare tested locales and C build tools	2026-09-20T11:45:00.8324166Z Unpacking build-essential (12.10ubuntu1) ...
linux-portability (ubuntu-24.04)	Prepare tested locales and C build tools	2026-09-20T11:45:00.8692311Z Setting up locales (2.39-0ubuntu8.9) ...
linux-portability (ubuntu-24.04)	Prepare tested locales and C build tools	2026-09-20T11:45:01.3600361Z Generating locales (this might take a while)...
linux-portability (ubuntu-24.04)	Prepare tested locales and C build tools	2026-09-20T11:45:02.5109152Z   en_US.UTF-8... done
linux-portability (ubuntu-24.04)	Prepare tested locales and C build tools	2026-09-20T11:45:02.5111427Z Generation complete.
linux-portability (ubuntu-24.04)	Prepare tested locales and C build tools	2026-09-20T11:45:02.5331392Z Setting up bison (2:3.8.2+dfsg-1ubuntu0.24.04.1) ...
linux-portability (ubuntu-24.04)	Prepare tested locales and C build tools	2026-09-20T11:45:02.5426525Z Setting up libc6-i386 (2.39-0ubuntu8.9) ...
linux-portability (ubuntu-24.04)	Prepare tested locales and C build tools	2026-09-20T11:45:02.5489185Z Setting up libc-dev-bin (2.39-0ubuntu8.9) ...
linux-portability (ubuntu-24.04)	Prepare tested locales and C build tools	2026-09-20T11:45:02.5523176Z Setting up libc6-dev:amd64 (2.39-0ubuntu8.9) ...
linux-portability (ubuntu-24.04)	Prepare tested locales and C build tools	2026-09-20T11:45:02.5554101Z Setting up build-essential (12.10ubuntu1) ...
linux-portability (ubuntu-24.04)	Prepare tested locales and C build tools	2026-09-20T11:45:02.5589397Z Processing triggers for man-db (2.12.0-4build2) ...
linux-portability (ubuntu-24.04)	Prepare tested locales and C build tools	2026-09-20T11:45:02.5613498Z Not building database; man-db/auto-update is not 'true'.
linux-portability (ubuntu-24.04)	Prepare tested locales and C build tools	2026-09-20T11:45:02.5628389Z Processing triggers for libc-bin (2.39-0ubuntu8.9) ...
linux-portability (ubuntu-24.04)	Prepare tested locales and C build tools	2026-09-20T11:45:02.9760016Z 
linux-portability (ubuntu-24.04)	Prepare tested locales and C build tools	2026-09-20T11:45:02.9760651Z Running kernel seems to be up-to-date.
linux-portability (ubuntu-24.04)	Prepare tested locales and C build tools	2026-09-20T11:45:02.9761035Z 
linux-portability (ubuntu-24.04)	Prepare tested locales and C build tools	2026-09-20T11:45:02.9761164Z Restarting services...
linux-portability (ubuntu-24.04)	Prepare tested locales and C build tools	2026-09-20T11:45:03.1425564Z  systemctl restart chrony.service containerd.service cron.service haveged.service hv-kvp-daemon.service multipathd.service packagekit.service php8.3-fpm.service polkit.service rsyslog.service systemd-journald.service systemd-networkd.service systemd-resolved.service systemd-udevd.service udisks2.service
linux-portability (ubuntu-24.04)	Prepare tested locales and C build tools	2026-09-20T11:45:03.5545097Z 
linux-portability (ubuntu-24.04)	Prepare tested locales and C build tools	2026-09-20T11:45:03.5545998Z Service restarts being deferred:
linux-portability (ubuntu-24.04)	Prepare tested locales and C build tools	2026-09-20T11:45:03.5547639Z  systemctl restart ModemManager.service
linux-portability (ubuntu-24.04)	Prepare tested locales and C build tools	2026-09-20T11:45:03.5548647Z  /etc/needrestart/restart.d/dbus.service
linux-portability (ubuntu-24.04)	Prepare tested locales and C build tools	2026-09-20T11:45:03.5549336Z  systemctl restart docker.service
linux-portability (ubuntu-24.04)	Prepare tested locales and C build tools	2026-09-20T11:45:03.5550003Z  systemctl restart getty@tty1.service
linux-portability (ubuntu-24.04)	Prepare tested locales and C build tools	2026-09-20T11:45:03.5561056Z  systemctl restart hosted-compute-agent.service
linux-portability (ubuntu-24.04)	Prepare tested locales and C build tools	2026-09-20T11:45:03.5561876Z  systemctl restart networkd-dispatcher.service
linux-portability (ubuntu-24.04)	Prepare tested locales and C build tools	2026-09-20T11:45:03.5562588Z  systemctl restart serial-getty@ttyS0.service
linux-portability (ubuntu-24.04)	Prepare tested locales and C build tools	2026-09-20T11:45:03.5564005Z  systemctl restart systemd-logind.service
linux-portability (ubuntu-24.04)	Prepare tested locales and C build tools	2026-09-20T11:45:03.5565001Z  systemctl restart walinuxagent.service
linux-portability (ubuntu-24.04)	Prepare tested locales and C build tools	2026-09-20T11:45:03.5565464Z 
linux-portability (ubuntu-24.04)	Prepare tested locales and C build tools	2026-09-20T11:45:03.5565759Z No containers need to be restarted.
linux-portability (ubuntu-24.04)	Prepare tested locales and C build tools	2026-09-20T11:45:03.5566195Z 
linux-portability (ubuntu-24.04)	Prepare tested locales and C build tools	2026-09-20T11:45:03.5566499Z User sessions running outdated binaries:
linux-portability (ubuntu-24.04)	Prepare tested locales and C build tools	2026-09-20T11:45:03.5567137Z  runner @ user manager service: systemd[1036]
linux-portability (ubuntu-24.04)	Prepare tested locales and C build tools	2026-09-20T11:45:03.5681966Z 
linux-portability (ubuntu-24.04)	Prepare tested locales and C build tools	2026-09-20T11:45:03.5682999Z No VM guests are running outdated hypervisor (qemu) binaries on this host.
linux-portability (ubuntu-24.04)	Prepare tested locales and C build tools	2026-09-20T11:45:07.7981725Z C
linux-portability (ubuntu-24.04)	Prepare tested locales and C build tools	2026-09-20T11:45:07.7982211Z C.utf8
linux-portability (ubuntu-24.04)	Prepare tested locales and C build tools	2026-09-20T11:45:07.7982573Z POSIX
linux-portability (ubuntu-24.04)	Prepare tested locales and C build tools	2026-09-20T11:45:07.7982957Z en_US.iso88591
linux-portability (ubuntu-24.04)	Prepare tested locales and C build tools	2026-09-20T11:45:07.7983405Z en_US.utf8
linux-portability (ubuntu-24.04)	Prepare tested locales and C build tools	2026-09-20T11:45:07.7983890Z ja_JP.sjis
linux-portability (ubuntu-24.04)	Prepare tested locales and C build tools	2026-09-20T11:45:07.7984410Z tr_TR.iso88599
linux-portability (ubuntu-24.04)	Prepare tested locales and C build tools	2026-09-20T11:45:07.7984872Z tr_TR.utf8
linux-portability (ubuntu-24.04)	Prepare tested locales and C build tools	2026-09-20T11:45:07.9299341Z locale=ja_JP.SJIS codeset=SHIFT_JIS MB_CUR_MAX=2 wchar_t=4
linux-portability (ubuntu-24.04)	Prepare tested locales and C build tools	2026-09-20T11:45:07.9300267Z decode=2 wchar=0xff41
linux-portability (ubuntu-24.04)	Prepare tested locales and C build tools	2026-09-20T11:45:07.9300552Z encode=2
linux-portability (ubuntu-24.04)	Prepare tested locales and C build tools	2026-09-20T11:45:07.9300889Z truncated=incomplete
linux-portability (ubuntu-24.04)	Prepare tested locales and C build tools	2026-09-20T11:45:07.9301509Z invalid=error errno=84
linux-portability (ubuntu-24.04)	Build pinned original C oracle	﻿2026-09-20T11:45:07.9332889Z ##[group]Run git init ../c_awk
linux-portability (ubuntu-24.04)	Build pinned original C oracle	2026-09-20T11:45:07.9333209Z [36;1mgit init ../c_awk[0m
linux-portability (ubuntu-24.04)	Build pinned original C oracle	2026-09-20T11:45:07.9333596Z [36;1mgit -C ../c_awk remote add origin https://github.com/onetrueawk/awk.git[0m
linux-portability (ubuntu-24.04)	Build pinned original C oracle	2026-09-20T11:45:07.9334145Z [36;1mgit -C ../c_awk fetch --depth 1 origin 5739fd79bcfc75ba7526773d0cf634521f8aca3c[0m
linux-portability (ubuntu-24.04)	Build pinned original C oracle	2026-09-20T11:45:07.9334596Z [36;1mgit -C ../c_awk checkout --detach FETCH_HEAD[0m
linux-portability (ubuntu-24.04)	Build pinned original C oracle	2026-09-20T11:45:07.9334899Z [36;1mmake -C ../c_awk[0m
linux-portability (ubuntu-24.04)	Build pinned original C oracle	2026-09-20T11:45:07.9335132Z [36;1m../c_awk/a.out --version[0m
linux-portability (ubuntu-24.04)	Build pinned original C oracle	2026-09-20T11:45:07.9371531Z shell: /usr/bin/bash -e {0}
linux-portability (ubuntu-24.04)	Build pinned original C oracle	2026-09-20T11:45:07.9371786Z env:
linux-portability (ubuntu-24.04)	Build pinned original C oracle	2026-09-20T11:45:07.9371975Z   LC_ALL: C
linux-portability (ubuntu-24.04)	Build pinned original C oracle	2026-09-20T11:45:07.9372179Z   CARGO_INCREMENTAL: 0
linux-portability (ubuntu-24.04)	Build pinned original C oracle	2026-09-20T11:45:07.9372410Z   RUSTUP_TOOLCHAIN: 1.96.0
linux-portability (ubuntu-24.04)	Build pinned original C oracle	2026-09-20T11:45:07.9372645Z ##[endgroup]
linux-portability (ubuntu-24.04)	Build pinned original C oracle	2026-09-20T11:45:07.9451605Z hint: Using 'master' as the name for the initial branch. This default branch name
linux-portability (ubuntu-24.04)	Build pinned original C oracle	2026-09-20T11:45:07.9452311Z hint: will change to "main" in Git 3.0. To configure the initial branch name
linux-portability (ubuntu-24.04)	Build pinned original C oracle	2026-09-20T11:45:07.9453016Z hint: to use in all of your new repositories, which will suppress this warning,
linux-portability (ubuntu-24.04)	Build pinned original C oracle	2026-09-20T11:45:07.9453653Z hint: call:
linux-portability (ubuntu-24.04)	Build pinned original C oracle	2026-09-20T11:45:07.9453931Z hint:
linux-portability (ubuntu-24.04)	Build pinned original C oracle	2026-09-20T11:45:07.9454233Z hint: 	git config --global init.defaultBranch <name>
linux-portability (ubuntu-24.04)	Build pinned original C oracle	2026-09-20T11:45:07.9454620Z hint:
linux-portability (ubuntu-24.04)	Build pinned original C oracle	2026-09-20T11:45:07.9454986Z hint: Names commonly chosen instead of 'master' are 'main', 'trunk' and
linux-portability (ubuntu-24.04)	Build pinned original C oracle	2026-09-20T11:45:07.9455891Z hint: 'development'. The just-created branch can be renamed via this command:
linux-portability (ubuntu-24.04)	Build pinned original C oracle	2026-09-20T11:45:07.9456709Z hint:
linux-portability (ubuntu-24.04)	Build pinned original C oracle	2026-09-20T11:45:07.9457092Z hint: 	git branch -m <name>
linux-portability (ubuntu-24.04)	Build pinned original C oracle	2026-09-20T11:45:07.9457528Z hint:
linux-portability (ubuntu-24.04)	Build pinned original C oracle	2026-09-20T11:45:07.9458226Z hint: Disable this message with "git config set advice.defaultBranchName false"
linux-portability (ubuntu-24.04)	Build pinned original C oracle	2026-09-20T11:45:07.9458917Z Initialized empty Git repository in /home/runner/work/rawk/rawk/c_awk/.git/
linux-portability (ubuntu-24.04)	Build pinned original C oracle	2026-09-20T11:45:08.4863619Z From https://github.com/onetrueawk/awk
linux-portability (ubuntu-24.04)	Build pinned original C oracle	2026-09-20T11:45:08.4864410Z  * branch            5739fd79bcfc75ba7526773d0cf634521f8aca3c -> FETCH_HEAD
linux-portability (ubuntu-24.04)	Build pinned original C oracle	2026-09-20T11:45:08.5317136Z HEAD is now at 5739fd7 updated.
linux-portability (ubuntu-24.04)	Build pinned original C oracle	2026-09-20T11:45:08.5352997Z make: Entering directory '/home/runner/work/rawk/rawk/c_awk'
linux-portability (ubuntu-24.04)	Build pinned original C oracle	2026-09-20T11:45:08.5353740Z bison -d  awkgram.y
linux-portability (ubuntu-24.04)	Build pinned original C oracle	2026-09-20T11:45:08.5412398Z awkgram.y: warning: 44 shift/reduce conflicts [-Wconflicts-sr]
linux-portability (ubuntu-24.04)	Build pinned original C oracle	2026-09-20T11:45:08.5413439Z awkgram.y: warning: 85 reduce/reduce conflicts [-Wconflicts-rr]
linux-portability (ubuntu-24.04)	Build pinned original C oracle	2026-09-20T11:45:08.5414518Z awkgram.y: note: rerun with option '-Wcounterexamples' to generate conflict counterexamples
linux-portability (ubuntu-24.04)	Build pinned original C oracle	2026-09-20T11:45:08.6956643Z cc -g -Wall -pedantic -Wcast-qual   -O2   -c -o awkgram.tab.o awkgram.tab.c
linux-portability (ubuntu-24.04)	Build pinned original C oracle	2026-09-20T11:45:08.9538845Z cc -g -Wall -pedantic -Wcast-qual   -O2   -c -o b.o b.c
linux-portability (ubuntu-24.04)	Build pinned original C oracle	2026-09-20T11:45:09.3509277Z cc -g -Wall -pedantic -Wcast-qual   -O2   -c -o main.o main.c
linux-portability (ubuntu-24.04)	Build pinned original C oracle	2026-09-20T11:45:09.4257185Z cc -g -Wall -pedantic -Wcast-qual   -O2   -c -o parse.o parse.c
linux-portability (ubuntu-24.04)	Build pinned original C oracle	2026-09-20T11:45:09.5188031Z cc -g -Wall -pedantic -Wcast-qual -O2 maketab.c -o maketab
linux-portability (ubuntu-24.04)	Build pinned original C oracle	2026-09-20T11:45:09.5849693Z ./maketab awkgram.tab.h >proctab.c
linux-portability (ubuntu-24.04)	Build pinned original C oracle	2026-09-20T11:45:09.5864124Z cc -g -Wall -pedantic -Wcast-qual   -O2   -c -o proctab.o proctab.c
linux-portability (ubuntu-24.04)	Build pinned original C oracle	2026-09-20T11:45:09.6093398Z cc -g -Wall -pedantic -Wcast-qual   -O2   -c -o tran.o tran.c
linux-portability (ubuntu-24.04)	Build pinned original C oracle	2026-09-20T11:45:09.8257283Z cc -g -Wall -pedantic -Wcast-qual   -O2   -c -o lib.o lib.c
linux-portability (ubuntu-24.04)	Build pinned original C oracle	2026-09-20T11:45:10.1401630Z cc -g -Wall -pedantic -Wcast-qual   -O2   -c -o run.o run.c
linux-portability (ubuntu-24.04)	Build pinned original C oracle	2026-09-20T11:45:10.9202780Z cc -g -Wall -pedantic -Wcast-qual   -O2   -c -o lex.o lex.c
linux-portability (ubuntu-24.04)	Build pinned original C oracle	2026-09-20T11:45:11.1459808Z cc -g -Wall -pedantic -Wcast-qual   -O2 awkgram.tab.o b.o main.o parse.o proctab.o tran.o lib.o run.o lex.o   -lm
linux-portability (ubuntu-24.04)	Build pinned original C oracle	2026-09-20T11:45:11.1714948Z make: Leaving directory '/home/runner/work/rawk/rawk/c_awk'
linux-portability (ubuntu-24.04)	Build pinned original C oracle	2026-09-20T11:45:11.1725178Z awk version 20260426
linux-portability (ubuntu-24.04)	Record native oracle formatting behavior	﻿2026-09-20T11:45:11.1756270Z ##[group]Run python3 scripts/format_platform_probe.py --output diary/format-platform-ci.json
linux-portability (ubuntu-24.04)	Record native oracle formatting behavior	2026-09-20T11:45:11.1756972Z [36;1mpython3 scripts/format_platform_probe.py --output diary/format-platform-ci.json[0m
linux-portability (ubuntu-24.04)	Record native oracle formatting behavior	2026-09-20T11:45:11.1793733Z shell: /usr/bin/bash -e {0}
linux-portability (ubuntu-24.04)	Record native oracle formatting behavior	2026-09-20T11:45:11.1793993Z env:
linux-portability (ubuntu-24.04)	Record native oracle formatting behavior	2026-09-20T11:45:11.1794178Z   LC_ALL: C
linux-portability (ubuntu-24.04)	Record native oracle formatting behavior	2026-09-20T11:45:11.1794375Z   CARGO_INCREMENTAL: 0
linux-portability (ubuntu-24.04)	Record native oracle formatting behavior	2026-09-20T11:45:11.1794618Z   RUSTUP_TOOLCHAIN: 1.96.0
linux-portability (ubuntu-24.04)	Record native oracle formatting behavior	2026-09-20T11:45:11.1794850Z ##[endgroup]
linux-portability (ubuntu-24.04)	Record native oracle formatting behavior	2026-09-20T11:45:11.4268865Z Recorded 220 native oracle cases in diary/format-platform-ci.json
linux-portability (ubuntu-24.04)	Native portability gate (debug and release)	﻿2026-09-20T11:45:11.4357155Z ##[group]Run set -o pipefail
linux-portability (ubuntu-24.04)	Native portability gate (debug and release)	2026-09-20T11:45:11.4357492Z [36;1mset -o pipefail[0m
linux-portability (ubuntu-24.04)	Native portability gate (debug and release)	2026-09-20T11:45:11.4358166Z [36;1mbash scripts/check_portability.sh 2>&1 | tee diary/portability-ci.log[0m
linux-portability (ubuntu-24.04)	Native portability gate (debug and release)	2026-09-20T11:45:11.4394365Z shell: /usr/bin/bash -e {0}
linux-portability (ubuntu-24.04)	Native portability gate (debug and release)	2026-09-20T11:45:11.4394626Z env:
linux-portability (ubuntu-24.04)	Native portability gate (debug and release)	2026-09-20T11:45:11.4394817Z   LC_ALL: C
linux-portability (ubuntu-24.04)	Native portability gate (debug and release)	2026-09-20T11:45:11.4395013Z   CARGO_INCREMENTAL: 0
linux-portability (ubuntu-24.04)	Native portability gate (debug and release)	2026-09-20T11:45:11.4395262Z   RUSTUP_TOOLCHAIN: 1.96.0
linux-portability (ubuntu-24.04)	Native portability gate (debug and release)	2026-09-20T11:45:11.4395509Z ##[endgroup]
linux-portability (ubuntu-24.04)	Native portability gate (debug and release)	2026-09-20T11:45:11.4474778Z Linux runnervmlun5p 6.17.0-1022-azure #22-Ubuntu SMP Mon Jul 27 17:24:03 UTC 2026 x86_64 x86_64 x86_64 GNU/Linux
linux-portability (ubuntu-24.04)	Native portability gate (debug and release)	2026-09-20T11:45:11.4584376Z rustc 1.96.0 (ac68faa20 2026-05-25)
linux-portability (ubuntu-24.04)	Native portability gate (debug and release)	2026-09-20T11:45:11.6661455Z     Updating crates.io index
linux-portability (ubuntu-24.04)	Native portability gate (debug and release)	2026-09-20T11:45:12.0317588Z  Downloading crates ...
linux-portability (ubuntu-24.04)	Native portability gate (debug and release)	2026-09-20T11:45:12.1328292Z   Downloaded anstyle-query v1.1.5
linux-portability (ubuntu-24.04)	Native portability gate (debug and release)	2026-09-20T11:45:12.1347562Z   Downloaded anstyle-parse v1.0.0
linux-portability (ubuntu-24.04)	Native portability gate (debug and release)	2026-09-20T11:45:12.1368921Z   Downloaded anstream v1.0.0
linux-portability (ubuntu-24.04)	Native portability gate (debug and release)	2026-09-20T11:45:12.1411971Z   Downloaded clap_lex v1.1.0
linux-portability (ubuntu-24.04)	Native portability gate (debug and release)	2026-09-20T11:45:12.1429594Z   Downloaded iana-time-zone v0.1.65
linux-portability (ubuntu-24.04)	Native portability gate (debug and release)	2026-09-20T11:45:12.1465745Z   Downloaded quick-error v1.2.3
linux-portability (ubuntu-24.04)	Native portability gate (debug and release)	2026-09-20T11:45:12.1483973Z   Downloaded quote v1.0.45
linux-portability (ubuntu-24.04)	Native portability gate (debug and release)	2026-09-20T11:45:12.1516404Z   Downloaded utf8parse v0.2.2
linux-portability (ubuntu-24.04)	Native portability gate (debug and release)	2026-09-20T11:45:12.1527193Z   Downloaded rand v0.10.1
linux-portability (ubuntu-24.04)	Native portability gate (debug and release)	2026-09-20T11:45:12.1570960Z   Downloaded tempfile v3.27.0
linux-portability (ubuntu-24.04)	Native portability gate (debug and release)	2026-09-20T11:45:12.1600930Z   Downloaded getrandom v0.3.4
linux-portability (ubuntu-24.04)	Native portability gate (debug and release)	2026-09-20T11:45:12.1644915Z   Downloaded ppv-lite86 v0.2.21
linux-portability (ubuntu-24.04)	Native portability gate (debug and release)	2026-09-20T11:45:12.1660069Z   Downloaded generic-array v0.14.7
linux-portability (ubuntu-24.04)	Native portability gate (debug and release)	2026-09-20T11:45:12.1680406Z   Downloaded version_check v0.9.5
linux-portability (ubuntu-24.04)	Native portability gate (debug and release)	2026-09-20T11:45:12.1701401Z   Downloaded rand_xorshift v0.4.0
linux-portability (ubuntu-24.04)	Native portability gate (debug and release)	2026-09-20T11:45:12.1720708Z   Downloaded wait-timeout v0.2.1
linux-portability (ubuntu-24.04)	Native portability gate (debug and release)	2026-09-20T11:45:12.1742248Z   Downloaded unarray v0.1.4
linux-portability (ubuntu-24.04)	Native portability gate (debug and release)	2026-09-20T11:45:12.1758911Z   Downloaded thiserror v2.0.18
linux-portability (ubuntu-24.04)	Native portability gate (debug and release)	2026-09-20T11:45:12.1831289Z   Downloaded thiserror-impl v2.0.18
linux-portability (ubuntu-24.04)	Native portability gate (debug and release)	2026-09-20T11:45:12.1859118Z   Downloaded once_cell v1.21.4
linux-portability (ubuntu-24.04)	Native portability gate (debug and release)	2026-09-20T11:45:12.1890270Z   Downloaded pest_derive v2.8.6
linux-portability (ubuntu-24.04)	Native portability gate (debug and release)	2026-09-20T11:45:12.1920214Z   Downloaded ucd-trie v0.1.7
linux-portability (ubuntu-24.04)	Native portability gate (debug and release)	2026-09-20T11:45:12.1940311Z   Downloaded clap v4.6.1
linux-portability (ubuntu-24.04)	Native portability gate (debug and release)	2026-09-20T11:45:12.2044561Z   Downloaded unicode-ident v1.0.24
linux-portability (ubuntu-24.04)	Native portability gate (debug and release)	2026-09-20T11:45:12.2076392Z   Downloaded rand v0.9.4
linux-portability (ubuntu-24.04)	Native portability gate (debug and release)	2026-09-20T11:45:12.2123051Z   Downloaded quick-xml v0.39.2
linux-portability (ubuntu-24.04)	Native portability gate (debug and release)	2026-09-20T11:45:12.2183486Z   Downloaded pest v2.8.6
linux-portability (ubuntu-24.04)	Native portability gate (debug and release)	2026-09-20T11:45:12.2233182Z   Downloaded pest_meta v2.8.6
linux-portability (ubuntu-24.04)	Native portability gate (debug and release)	2026-09-20T11:45:12.2259211Z   Downloaded regex v1.12.3
linux-portability (ubuntu-24.04)	Native portability gate (debug and release)	2026-09-20T11:45:12.2315839Z   Downloaded clap_builder v4.6.0
linux-portability (ubuntu-24.04)	Native portability gate (debug and release)	2026-09-20T11:45:12.2382038Z   Downloaded proptest v1.11.0
linux-portability (ubuntu-24.04)	Native portability gate (debug and release)	2026-09-20T11:45:12.2485088Z   Downloaded memchr v2.8.0
linux-portability (ubuntu-24.04)	Native portability gate (debug and release)	2026-09-20T11:45:12.2545494Z   Downloaded typenum v1.20.0
linux-portability (ubuntu-24.04)	Native portability gate (debug and release)	2026-09-20T11:45:12.2584970Z   Downloaded zerocopy v0.8.48
linux-portability (ubuntu-24.04)	Native portability gate (debug and release)	2026-09-20T11:45:12.2814138Z   Downloaded chrono v0.4.44
linux-portability (ubuntu-24.04)	Native portability gate (debug and release)	2026-09-20T11:45:12.2883842Z   Downloaded syn v2.0.117
linux-portability (ubuntu-24.04)	Native portability gate (debug and release)	2026-09-20T11:45:12.2996673Z   Downloaded serde_core v1.0.228
linux-portability (ubuntu-24.04)	Native portability gate (debug and release)	2026-09-20T11:45:12.3028684Z   Downloaded serde v1.0.228
linux-portability (ubuntu-24.04)	Native portability gate (debug and release)	2026-09-20T11:45:12.3065715Z   Downloaded clap_derive v4.6.1
linux-portability (ubuntu-24.04)	Native portability gate (debug and release)	2026-09-20T11:45:12.3088964Z   Downloaded regex-syntax v0.8.10
linux-portability (ubuntu-24.04)	Native portability gate (debug and release)	2026-09-20T11:45:12.3157801Z   Downloaded rustix v1.1.4
linux-portability (ubuntu-24.04)	Native portability gate (debug and release)	2026-09-20T11:45:12.3440651Z   Downloaded proc-macro2 v1.0.106
linux-portability (ubuntu-24.04)	Native portability gate (debug and release)	2026-09-20T11:45:12.3479592Z   Downloaded num-traits v0.2.19
linux-portability (ubuntu-24.04)	Native portability gate (debug and release)	2026-09-20T11:45:12.3506603Z   Downloaded bitflags v2.11.1
linux-portability (ubuntu-24.04)	Native portability gate (debug and release)	2026-09-20T11:45:12.3551669Z   Downloaded autocfg v1.5.0
linux-portability (ubuntu-24.04)	Native portability gate (debug and release)	2026-09-20T11:45:12.3572147Z   Downloaded anyhow v1.0.102
linux-portability (ubuntu-24.04)	Native portability gate (debug and release)	2026-09-20T11:45:12.3613551Z   Downloaded bit-vec v0.8.0
linux-portability (ubuntu-24.04)	Native portability gate (debug and release)	2026-09-20T11:45:12.3631761Z   Downloaded sha2 v0.10.9
linux-portability (ubuntu-24.04)	Native portability gate (debug and release)	2026-09-20T11:45:12.3657881Z   Downloaded rusty-fork v0.3.1
linux-portability (ubuntu-24.04)	Native portability gate (debug and release)	2026-09-20T11:45:12.3673548Z   Downloaded rand_core v0.10.1
linux-portability (ubuntu-24.04)	Native portability gate (debug and release)	2026-09-20T11:45:12.3690228Z   Downloaded colorchoice v1.0.5
linux-portability (ubuntu-24.04)	Native portability gate (debug and release)	2026-09-20T11:45:12.3700210Z   Downloaded strsim v0.11.1
linux-portability (ubuntu-24.04)	Native portability gate (debug and release)	2026-09-20T11:45:12.3717666Z   Downloaded heck v0.5.0
linux-portability (ubuntu-24.04)	Native portability gate (debug and release)	2026-09-20T11:45:12.3731992Z   Downloaded sprintf v0.4.3
linux-portability (ubuntu-24.04)	Native portability gate (debug and release)	2026-09-20T11:45:12.3745240Z   Downloaded cpufeatures v0.2.17
linux-portability (ubuntu-24.04)	Native portability gate (debug and release)	2026-09-20T11:45:12.3760285Z   Downloaded crypto-common v0.1.7
linux-portability (ubuntu-24.04)	Native portability gate (debug and release)	2026-09-20T11:45:12.3769928Z   Downloaded serde_derive v1.0.228
linux-portability (ubuntu-24.04)	Native portability gate (debug and release)	2026-09-20T11:45:12.3802140Z   Downloaded regex-automata v0.4.14
linux-portability (ubuntu-24.04)	Native portability gate (debug and release)	2026-09-20T11:45:12.3942760Z   Downloaded rand_core v0.9.5
linux-portability (ubuntu-24.04)	Native portability gate (debug and release)	2026-09-20T11:45:12.3956794Z   Downloaded rand_chacha v0.9.0
linux-portability (ubuntu-24.04)	Native portability gate (debug and release)	2026-09-20T11:45:12.3969487Z   Downloaded pest_generator v2.8.6
linux-portability (ubuntu-24.04)	Native portability gate (debug and release)	2026-09-20T11:45:12.3987003Z   Downloaded is_terminal_polyfill v1.70.2
linux-portability (ubuntu-24.04)	Native portability gate (debug and release)	2026-09-20T11:45:12.3996981Z   Downloaded cfg-if v1.0.4
linux-portability (ubuntu-24.04)	Native portability gate (debug and release)	2026-09-20T11:45:12.4010867Z   Downloaded libc v0.2.186
linux-portability (ubuntu-24.04)	Native portability gate (debug and release)	2026-09-20T11:45:12.4415632Z   Downloaded cpufeatures v0.3.0
linux-portability (ubuntu-24.04)	Native portability gate (debug and release)	2026-09-20T11:45:12.4433784Z   Downloaded bit-set v0.8.0
linux-portability (ubuntu-24.04)	Native portability gate (debug and release)	2026-09-20T11:45:12.4447042Z   Downloaded errno v0.3.14
linux-portability (ubuntu-24.04)	Native portability gate (debug and release)	2026-09-20T11:45:12.4463037Z   Downloaded digest v0.10.7
linux-portability (ubuntu-24.04)	Native portability gate (debug and release)	2026-09-20T11:45:12.4482110Z   Downloaded chacha20 v0.10.0
linux-portability (ubuntu-24.04)	Native portability gate (debug and release)	2026-09-20T11:45:12.4506846Z   Downloaded block-buffer v0.10.4
linux-portability (ubuntu-24.04)	Native portability gate (debug and release)	2026-09-20T11:45:12.4517597Z   Downloaded anstyle v1.0.14
linux-portability (ubuntu-24.04)	Native portability gate (debug and release)	2026-09-20T11:45:12.4532414Z   Downloaded getrandom v0.4.2
linux-portability (ubuntu-24.04)	Native portability gate (debug and release)	2026-09-20T11:45:12.4572539Z   Downloaded fnv v1.0.7
linux-portability (ubuntu-24.04)	Native portability gate (debug and release)	2026-09-20T11:45:12.4582273Z   Downloaded fastrand v2.4.1
linux-portability (ubuntu-24.04)	Native portability gate (debug and release)	2026-09-20T11:45:12.4596954Z   Downloaded aho-corasick v1.1.4
linux-portability (ubuntu-24.04)	Native portability gate (debug and release)	2026-09-20T11:45:12.4732979Z   Downloaded linux-raw-sys v0.12.1
linux-portability (ubuntu-24.04)	Native portability gate (debug and release)	2026-09-20T11:45:12.5800260Z    Compiling proc-macro2 v1.0.106
linux-portability (ubuntu-24.04)	Native portability gate (debug and release)	2026-09-20T11:45:12.5802818Z    Compiling unicode-ident v1.0.24
linux-portability (ubuntu-24.04)	Native portability gate (debug and release)	2026-09-20T11:45:12.5803573Z    Compiling libc v0.2.186
linux-portability (ubuntu-24.04)	Native portability gate (debug and release)	2026-09-20T11:45:12.5803827Z    Compiling quote v1.0.45
linux-portability (ubuntu-24.04)	Native portability gate (debug and release)	2026-09-20T11:45:12.6389841Z     Checking cfg-if v1.0.4
linux-portability (ubuntu-24.04)	Native portability gate (debug and release)	2026-09-20T11:45:12.6648027Z     Checking rand_core v0.10.1
linux-portability (ubuntu-24.04)	Native portability gate (debug and release)	2026-09-20T11:45:12.7388958Z    Compiling getrandom v0.4.2
linux-portability (ubuntu-24.04)	Native portability gate (debug and release)	2026-09-20T11:45:12.7439047Z    Compiling autocfg v1.5.0
linux-portability (ubuntu-24.04)	Native portability gate (debug and release)	2026-09-20T11:45:12.8780107Z     Checking memchr v2.8.0
linux-portability (ubuntu-24.04)	Native portability gate (debug and release)	2026-09-20T11:45:13.0708772Z    Compiling rustix v1.1.4
linux-portability (ubuntu-24.04)	Native portability gate (debug and release)	2026-09-20T11:45:13.3522712Z    Compiling num-traits v0.2.19
linux-portability (ubuntu-24.04)	Native portability gate (debug and release)	2026-09-20T11:45:13.4526896Z    Compiling syn v2.0.117
linux-portability (ubuntu-24.04)	Native portability gate (debug and release)	2026-09-20T11:45:13.4609466Z    Compiling getrandom v0.3.4
linux-portability (ubuntu-24.04)	Native portability gate (debug and release)	2026-09-20T11:45:13.4846200Z     Checking linux-raw-sys v0.12.1
linux-portability (ubuntu-24.04)	Native portability gate (debug and release)	2026-09-20T11:45:13.6379607Z    Compiling serde_core v1.0.228
linux-portability (ubuntu-24.04)	Native portability gate (debug and release)	2026-09-20T11:45:13.7649247Z     Checking utf8parse v0.2.2
linux-portability (ubuntu-24.04)	Native portability gate (debug and release)	2026-09-20T11:45:13.7849607Z    Compiling ucd-trie v0.1.7
linux-portability (ubuntu-24.04)	Native portability gate (debug and release)	2026-09-20T11:45:13.8065097Z     Checking bitflags v2.11.1
linux-portability (ubuntu-24.04)	Native portability gate (debug and release)	2026-09-20T11:45:13.9369828Z     Checking anstyle-parse v1.0.0
linux-portability (ubuntu-24.04)	Native portability gate (debug and release)	2026-09-20T11:45:14.1149238Z     Checking is_terminal_polyfill v1.70.2
linux-portability (ubuntu-24.04)	Native portability gate (debug and release)	2026-09-20T11:45:14.1428692Z     Checking regex-syntax v0.8.10
linux-portability (ubuntu-24.04)	Native portability gate (debug and release)	2026-09-20T11:45:14.4501785Z    Compiling pest v2.8.6
linux-portability (ubuntu-24.04)	Native portability gate (debug and release)	2026-09-20T11:45:15.1908906Z    Compiling serde v1.0.228
linux-portability (ubuntu-24.04)	Native portability gate (debug and release)	2026-09-20T11:45:15.3569008Z     Checking colorchoice v1.0.5
linux-portability (ubuntu-24.04)	Native portability gate (debug and release)	2026-09-20T11:45:15.3929068Z    Compiling thiserror v2.0.18
linux-portability (ubuntu-24.04)	Native portability gate (debug and release)	2026-09-20T11:45:15.5731211Z     Checking anstyle-query v1.1.5
linux-portability (ubuntu-24.04)	Native portability gate (debug and release)	2026-09-20T11:45:15.5969000Z     Checking fastrand v2.4.1
linux-portability (ubuntu-24.04)	Native portability gate (debug and release)	2026-09-20T11:45:15.6119311Z     Checking once_cell v1.21.4
linux-portability (ubuntu-24.04)	Native portability gate (debug and release)	2026-09-20T11:45:15.7149243Z     Checking anstyle v1.0.14
linux-portability (ubuntu-24.04)	Native portability gate (debug and release)	2026-09-20T11:45:15.7238743Z     Checking tempfile v3.27.0
linux-portability (ubuntu-24.04)	Native portability gate (debug and release)	2026-09-20T11:45:15.7329643Z    Compiling pest_meta v2.8.6
linux-portability (ubuntu-24.04)	Native portability gate (debug and release)	2026-09-20T11:45:15.8629121Z     Checking anstream v1.0.0
linux-portability (ubuntu-24.04)	Native portability gate (debug and release)	2026-09-20T11:45:16.5988786Z     Checking aho-corasick v1.1.4
linux-portability (ubuntu-24.04)	Native portability gate (debug and release)	2026-09-20T11:45:17.2119412Z    Compiling serde_derive v1.0.228
linux-portability (ubuntu-24.04)	Native portability gate (debug and release)	2026-09-20T11:45:17.3423350Z    Compiling thiserror-impl v2.0.18
linux-portability (ubuntu-24.04)	Native portability gate (debug and release)	2026-09-20T11:45:17.5549201Z    Compiling zerocopy v0.8.48
linux-portability (ubuntu-24.04)	Native portability gate (debug and release)	2026-09-20T11:45:17.8108918Z    Compiling heck v0.5.0
linux-portability (ubuntu-24.04)	Native portability gate (debug and release)	2026-09-20T11:45:17.9749633Z     Checking cpufeatures v0.3.0
linux-portability (ubuntu-24.04)	Native portability gate (debug and release)	2026-09-20T11:45:18.0018801Z    Compiling anyhow v1.0.102
linux-portability (ubuntu-24.04)	Native portability gate (debug and release)	2026-09-20T11:45:18.1259042Z     Checking strsim v0.11.1
linux-portability (ubuntu-24.04)	Native portability gate (debug and release)	2026-09-20T11:45:18.1989261Z     Checking clap_lex v1.1.0
linux-portability (ubuntu-24.04)	Native portability gate (debug and release)	2026-09-20T11:45:18.2668999Z     Checking chacha20 v0.10.0
linux-portability (ubuntu-24.04)	Native portability gate (debug and release)	2026-09-20T11:45:18.2833280Z     Checking clap_builder v4.6.0
linux-portability (ubuntu-24.04)	Native portability gate (debug and release)	2026-09-20T11:45:18.4289341Z    Compiling clap_derive v4.6.1
linux-portability (ubuntu-24.04)	Native portability gate (debug and release)	2026-09-20T11:45:18.5628838Z     Checking regex-automata v0.4.14
linux-portability (ubuntu-24.04)	Native portability gate (debug and release)	2026-09-20T11:45:19.8489081Z    Compiling pest_generator v2.8.6
linux-portability (ubuntu-24.04)	Native portability gate (debug and release)	2026-09-20T11:45:20.2969356Z     Checking rand_core v0.9.5
linux-portability (ubuntu-24.04)	Native portability gate (debug and release)	2026-09-20T11:45:20.4829164Z     Checking iana-time-zone v0.1.65
linux-portability (ubuntu-24.04)	Native portability gate (debug and release)	2026-09-20T11:45:20.5458675Z     Checking chrono v0.4.44
linux-portability (ubuntu-24.04)	Native portability gate (debug and release)	2026-09-20T11:45:20.5534725Z    Compiling pest_derive v2.8.6
linux-portability (ubuntu-24.04)	Native portability gate (debug and release)	2026-09-20T11:45:20.7679730Z     Checking regex v1.12.3
linux-portability (ubuntu-24.04)	Native portability gate (debug and release)	2026-09-20T11:45:20.8946754Z     Checking quick-xml v0.39.2
linux-portability (ubuntu-24.04)	Native portability gate (debug and release)	2026-09-20T11:45:21.0199413Z     Checking clap v4.6.1
linux-portability (ubuntu-24.04)	Native portability gate (debug and release)	2026-09-20T11:45:21.4429706Z     Checking sprintf v0.4.3
linux-portability (ubuntu-24.04)	Native portability gate (debug and release)	2026-09-20T11:45:21.5401933Z     Checking rand v0.10.1
linux-portability (ubuntu-24.04)	Native portability gate (debug and release)	2026-09-20T11:45:21.9629203Z     Checking wait-timeout v0.2.1
linux-portability (ubuntu-24.04)	Native portability gate (debug and release)	2026-09-20T11:45:21.9856598Z     Checking fnv v1.0.7
linux-portability (ubuntu-24.04)	Native portability gate (debug and release)	2026-09-20T11:45:21.9918838Z     Checking bit-vec v0.8.0
linux-portability (ubuntu-24.04)	Native portability gate (debug and release)	2026-09-20T11:45:22.0155814Z     Checking quick-error v1.2.3
linux-portability (ubuntu-24.04)	Native portability gate (debug and release)	2026-09-20T11:45:22.0198541Z     Checking rawk v0.1.0 (/home/runner/work/rawk/rawk/rawk)
linux-portability (ubuntu-24.04)	Native portability gate (debug and release)	2026-09-20T11:45:22.0544758Z     Checking rusty-fork v0.3.1
linux-portability (ubuntu-24.04)	Native portability gate (debug and release)	2026-09-20T11:45:22.1208849Z     Checking bit-set v0.8.0
linux-portability (ubuntu-24.04)	Native portability gate (debug and release)	2026-09-20T11:45:22.1619111Z     Checking rand_xorshift v0.4.0
linux-portability (ubuntu-24.04)	Native portability gate (debug and release)	2026-09-20T11:45:22.2059042Z     Checking rand v0.9.4
linux-portability (ubuntu-24.04)	Native portability gate (debug and release)	2026-09-20T11:45:22.2118689Z     Checking unarray v0.1.4
linux-portability (ubuntu-24.04)	Native portability gate (debug and release)	2026-09-20T11:45:23.7518916Z     Checking ppv-lite86 v0.2.21
linux-portability (ubuntu-24.04)	Native portability gate (debug and release)	2026-09-20T11:45:23.9254719Z     Checking rand_chacha v0.9.0
linux-portability (ubuntu-24.04)	Native portability gate (debug and release)	2026-09-20T11:45:23.9926138Z     Checking proptest v1.11.0
linux-portability (ubuntu-24.04)	Native portability gate (debug and release)	2026-09-20T11:45:27.0146787Z     Finished `dev` profile [unoptimized + debuginfo] target(s) in 15.38s
linux-portability (ubuntu-24.04)	Native portability gate (debug and release)	2026-09-20T11:45:27.1431451Z    Compiling proc-macro2 v1.0.106
linux-portability (ubuntu-24.04)	Native portability gate (debug and release)	2026-09-20T11:45:27.1432999Z    Compiling unicode-ident v1.0.24
linux-portability (ubuntu-24.04)	Native portability gate (debug and release)	2026-09-20T11:45:27.1443447Z    Compiling quote v1.0.45
linux-portability (ubuntu-24.04)	Native portability gate (debug and release)	2026-09-20T11:45:27.1445879Z    Compiling memchr v2.8.0
linux-portability (ubuntu-24.04)	Native portability gate (debug and release)	2026-09-20T11:45:27.1998980Z    Compiling libc v0.2.186
linux-portability (ubuntu-24.04)	Native portability gate (debug and release)	2026-09-20T11:45:27.2930529Z    Compiling autocfg v1.5.0
linux-portability (ubuntu-24.04)	Native portability gate (debug and release)	2026-09-20T11:45:27.4498882Z    Compiling cfg-if v1.0.4
linux-portability (ubuntu-24.04)	Native portability gate (debug and release)	2026-09-20T11:45:27.4808976Z    Compiling serde_core v1.0.228
linux-portability (ubuntu-24.04)	Native portability gate (debug and release)	2026-09-20T11:45:27.6451372Z    Compiling utf8parse v0.2.2
linux-portability (ubuntu-24.04)	Native portability gate (debug and release)	2026-09-20T11:45:27.6918882Z    Compiling getrandom v0.4.2
linux-portability (ubuntu-24.04)	Native portability gate (debug and release)	2026-09-20T11:45:27.9979016Z    Compiling syn v2.0.117
linux-portability (ubuntu-24.04)	Native portability gate (debug and release)	2026-09-20T11:45:28.0308789Z    Compiling rand_core v0.10.1
linux-portability (ubuntu-24.04)	Native portability gate (debug and release)	2026-09-20T11:45:28.1369768Z    Compiling ucd-trie v0.1.7
linux-portability (ubuntu-24.04)	Native portability gate (debug and release)	2026-09-20T11:45:28.2518981Z    Compiling pest v2.8.6
linux-portability (ubuntu-24.04)	Native portability gate (debug and release)	2026-09-20T11:45:28.2913590Z    Compiling anstyle-parse v1.0.0
linux-portability (ubuntu-24.04)	Native portability gate (debug and release)	2026-09-20T11:45:28.4398964Z    Compiling num-traits v0.2.19
linux-portability (ubuntu-24.04)	Native portability gate (debug and release)	2026-09-20T11:45:28.5248952Z    Compiling thiserror v2.0.18
linux-portability (ubuntu-24.04)	Native portability gate (debug and release)	2026-09-20T11:45:28.7049029Z    Compiling serde v1.0.228
linux-portability (ubuntu-24.04)	Native portability gate (debug and release)	2026-09-20T11:45:28.8495206Z    Compiling colorchoice v1.0.5
linux-portability (ubuntu-24.04)	Native portability gate (debug and release)	2026-09-20T11:45:28.8959239Z    Compiling anstyle-query v1.1.5
linux-portability (ubuntu-24.04)	Native portability gate (debug and release)	2026-09-20T11:45:28.9435243Z    Compiling is_terminal_polyfill v1.70.2
linux-portability (ubuntu-24.04)	Native portability gate (debug and release)	2026-09-20T11:45:28.9809010Z    Compiling rustix v1.1.4
linux-portability (ubuntu-24.04)	Native portability gate (debug and release)	2026-09-20T11:45:29.1839218Z    Compiling anstyle v1.0.14
linux-portability (ubuntu-24.04)	Native portability gate (debug and release)	2026-09-20T11:45:29.3939279Z    Compiling anstream v1.0.0
linux-portability (ubuntu-24.04)	Native portability gate (debug and release)	2026-09-20T11:45:29.4368075Z    Compiling pest_meta v2.8.6
linux-portability (ubuntu-24.04)	Native portability gate (debug and release)	2026-09-20T11:45:29.9138956Z    Compiling aho-corasick v1.1.4
linux-portability (ubuntu-24.04)	Native portability gate (debug and release)	2026-09-20T11:45:31.1319261Z    Compiling heck v0.5.0
linux-portability (ubuntu-24.04)	Native portability gate (debug and release)	2026-09-20T11:45:31.2779004Z    Compiling cpufeatures v0.3.0
linux-portability (ubuntu-24.04)	Native portability gate (debug and release)	2026-09-20T11:45:31.3069458Z    Compiling linux-raw-sys v0.12.1
linux-portability (ubuntu-24.04)	Native portability gate (debug and release)	2026-09-20T11:45:31.6229590Z    Compiling anyhow v1.0.102
linux-portability (ubuntu-24.04)	Native portability gate (debug and release)	2026-09-20T11:45:31.7939039Z    Compiling clap_lex v1.1.0
linux-portability (ubuntu-24.04)	Native portability gate (debug and release)	2026-09-20T11:45:31.8054171Z    Compiling thiserror-impl v2.0.18
linux-portability (ubuntu-24.04)	Native portability gate (debug and release)	2026-09-20T11:45:32.0829231Z    Compiling serde_derive v1.0.228
linux-portability (ubuntu-24.04)	Native portability gate (debug and release)	2026-09-20T11:45:32.5496748Z    Compiling bitflags v2.11.1
linux-portability (ubuntu-24.04)	Native portability gate (debug and release)	2026-09-20T11:45:32.8947035Z    Compiling strsim v0.11.1
linux-portability (ubuntu-24.04)	Native portability gate (debug and release)	2026-09-20T11:45:32.9679135Z    Compiling regex-syntax v0.8.10
linux-portability (ubuntu-24.04)	Native portability gate (debug and release)	2026-09-20T11:45:33.7438991Z    Compiling clap_builder v4.6.0
linux-portability (ubuntu-24.04)	Native portability gate (debug and release)	2026-09-20T11:45:35.8991252Z    Compiling regex-automata v0.4.14
linux-portability (ubuntu-24.04)	Native portability gate (debug and release)	2026-09-20T11:45:40.0868967Z    Compiling clap_derive v4.6.1
linux-portability (ubuntu-24.04)	Native portability gate (debug and release)	2026-09-20T11:45:41.6949221Z    Compiling chacha20 v0.10.0
linux-portability (ubuntu-24.04)	Native portability gate (debug and release)	2026-09-20T11:45:41.8902667Z    Compiling pest_generator v2.8.6
linux-portability (ubuntu-24.04)	Native portability gate (debug and release)	2026-09-20T11:45:42.7918898Z    Compiling once_cell v1.21.4
linux-portability (ubuntu-24.04)	Native portability gate (debug and release)	2026-09-20T11:45:42.9718972Z    Compiling fastrand v2.4.1
linux-portability (ubuntu-24.04)	Native portability gate (debug and release)	2026-09-20T11:45:43.1939179Z    Compiling iana-time-zone v0.1.65
linux-portability (ubuntu-24.04)	Native portability gate (debug and release)	2026-09-20T11:45:43.2078934Z    Compiling tempfile v3.27.0
linux-portability (ubuntu-24.04)	Native portability gate (debug and release)	2026-09-20T11:45:43.6419029Z    Compiling chrono v0.4.44
linux-portability (ubuntu-24.04)	Native portability gate (debug and release)	2026-09-20T11:45:46.0038986Z    Compiling pest_derive v2.8.6
linux-portability (ubuntu-24.04)	Native portability gate (debug and release)	2026-09-20T11:45:46.1679831Z    Compiling rand v0.10.1
linux-portability (ubuntu-24.04)	Native portability gate (debug and release)	2026-09-20T11:45:46.8529035Z    Compiling clap v4.6.1
linux-portability (ubuntu-24.04)	Native portability gate (debug and release)	2026-09-20T11:45:46.9789516Z    Compiling regex v1.12.3
linux-portability (ubuntu-24.04)	Native portability gate (debug and release)	2026-09-20T11:45:47.5229304Z    Compiling sprintf v0.4.3
linux-portability (ubuntu-24.04)	Native portability gate (debug and release)	2026-09-20T11:45:47.8138953Z    Compiling quick-xml v0.39.2
linux-portability (ubuntu-24.04)	Native portability gate (debug and release)	2026-09-20T11:45:50.4649010Z    Compiling rawk v0.1.0 (/home/runner/work/rawk/rawk/rawk)
linux-portability (ubuntu-24.04)	Native portability gate (debug and release)	2026-09-20T11:46:01.1423719Z     Finished `release` profile [optimized] target(s) in 34.08s
linux-portability (ubuntu-24.04)	Native portability gate (debug and release)	2026-09-20T11:46:01.2280040Z    Compiling cfg-if v1.0.4
linux-portability (ubuntu-24.04)	Native portability gate (debug and release)	2026-09-20T11:46:01.2280631Z    Compiling libc v0.2.186
linux-portability (ubuntu-24.04)	Native portability gate (debug and release)	2026-09-20T11:46:01.2281083Z    Compiling memchr v2.8.0
linux-portability (ubuntu-24.04)	Native portability gate (debug and release)	2026-09-20T11:46:01.2312631Z    Compiling rand_core v0.10.1
linux-portability (ubuntu-24.04)	Native portability gate (debug and release)	2026-09-20T11:46:01.2617189Z    Compiling utf8parse v0.2.2
linux-portability (ubuntu-24.04)	Native portability gate (debug and release)	2026-09-20T11:46:01.3093175Z    Compiling linux-raw-sys v0.12.1
linux-portability (ubuntu-24.04)	Native portability gate (debug and release)	2026-09-20T11:46:01.3305394Z    Compiling ucd-trie v0.1.7
linux-portability (ubuntu-24.04)	Native portability gate (debug and release)	2026-09-20T11:46:01.5576412Z    Compiling bitflags v2.11.1
linux-portability (ubuntu-24.04)	Native portability gate (debug and release)	2026-09-20T11:46:01.6538972Z    Compiling anstyle-parse v1.0.0
linux-portability (ubuntu-24.04)	Native portability gate (debug and release)	2026-09-20T11:46:01.7349136Z    Compiling rustix v1.1.4
linux-portability (ubuntu-24.04)	Native portability gate (debug and release)	2026-09-20T11:46:01.7646482Z    Compiling pest v2.8.6
linux-portability (ubuntu-24.04)	Native portability gate (debug and release)	2026-09-20T11:46:01.9988568Z    Compiling fastrand v2.4.1
linux-portability (ubuntu-24.04)	Native portability gate (debug and release)	2026-09-20T11:46:02.1612484Z    Compiling getrandom v0.4.2
linux-portability (ubuntu-24.04)	Native portability gate (debug and release)	2026-09-20T11:46:02.1889508Z    Compiling anstyle-query v1.1.5
linux-portability (ubuntu-24.04)	Native portability gate (debug and release)	2026-09-20T11:46:02.2308960Z    Compiling once_cell v1.21.4
linux-portability (ubuntu-24.04)	Native portability gate (debug and release)	2026-09-20T11:46:02.3090825Z    Compiling regex-syntax v0.8.10
linux-portability (ubuntu-24.04)	Native portability gate (debug and release)	2026-09-20T11:46:02.3758765Z    Compiling anstyle v1.0.14
linux-portability (ubuntu-24.04)	Native portability gate (debug and release)	2026-09-20T11:46:02.5301471Z    Compiling is_terminal_polyfill v1.70.2
linux-portability (ubuntu-24.04)	Native portability gate (debug and release)	2026-09-20T11:46:02.5658903Z    Compiling colorchoice v1.0.5
linux-portability (ubuntu-24.04)	Native portability gate (debug and release)	2026-09-20T11:46:02.6069065Z    Compiling anstream v1.0.0
linux-portability (ubuntu-24.04)	Native portability gate (debug and release)	2026-09-20T11:46:02.8791427Z    Compiling getrandom v0.3.4
linux-portability (ubuntu-24.04)	Native portability gate (debug and release)	2026-09-20T11:46:03.0378873Z    Compiling pest_meta v2.8.6
linux-portability (ubuntu-24.04)	Native portability gate (debug and release)	2026-09-20T11:46:03.1149133Z    Compiling num-traits v0.2.19
linux-portability (ubuntu-24.04)	Native portability gate (debug and release)	2026-09-20T11:46:03.7128868Z    Compiling tempfile v3.27.0
linux-portability (ubuntu-24.04)	Native portability gate (debug and release)	2026-09-20T11:46:03.8337681Z    Compiling aho-corasick v1.1.4
linux-portability (ubuntu-24.04)	Native portability gate (debug and release)	2026-09-20T11:46:04.1491121Z    Compiling serde_core v1.0.228
linux-portability (ubuntu-24.04)	Native portability gate (debug and release)	2026-09-20T11:46:04.8720756Z    Compiling strsim v0.11.1
linux-portability (ubuntu-24.04)	Native portability gate (debug and release)	2026-09-20T11:46:05.2219454Z    Compiling cpufeatures v0.3.0
linux-portability (ubuntu-24.04)	Native portability gate (debug and release)	2026-09-20T11:46:05.2528944Z    Compiling clap_lex v1.1.0
linux-portability (ubuntu-24.04)	Native portability gate (debug and release)	2026-09-20T11:46:05.4219084Z    Compiling clap_builder v4.6.0
linux-portability (ubuntu-24.04)	Native portability gate (debug and release)	2026-09-20T11:46:05.4739531Z    Compiling chacha20 v0.10.0
linux-portability (ubuntu-24.04)	Native portability gate (debug and release)	2026-09-20T11:46:05.6836711Z    Compiling thiserror v2.0.18
linux-portability (ubuntu-24.04)	Native portability gate (debug and release)	2026-09-20T11:46:05.7267475Z    Compiling regex-automata v0.4.14
linux-portability (ubuntu-24.04)	Native portability gate (debug and release)	2026-09-20T11:46:06.3622170Z    Compiling pest_generator v2.8.6
linux-portability (ubuntu-24.04)	Native portability gate (debug and release)	2026-09-20T11:46:06.5928858Z    Compiling serde v1.0.228
linux-portability (ubuntu-24.04)	Native portability gate (debug and release)	2026-09-20T11:46:07.1059433Z    Compiling rand_core v0.9.5
linux-portability (ubuntu-24.04)	Native portability gate (debug and release)	2026-09-20T11:46:07.1718818Z    Compiling iana-time-zone v0.1.65
linux-portability (ubuntu-24.04)	Native portability gate (debug and release)	2026-09-20T11:46:07.2444406Z    Compiling quick-xml v0.39.2
linux-portability (ubuntu-24.04)	Native portability gate (debug and release)	2026-09-20T11:46:07.3793500Z    Compiling chrono v0.4.44
linux-portability (ubuntu-24.04)	Native portability gate (debug and release)	2026-09-20T11:46:09.0518905Z    Compiling regex v1.12.3
linux-portability (ubuntu-24.04)	Native portability gate (debug and release)	2026-09-20T11:46:09.1119181Z    Compiling clap v4.6.1
linux-portability (ubuntu-24.04)	Native portability gate (debug and release)	2026-09-20T11:46:09.1450248Z    Compiling pest_derive v2.8.6
linux-portability (ubuntu-24.04)	Native portability gate (debug and release)	2026-09-20T11:46:09.3456270Z    Compiling sprintf v0.4.3
linux-portability (ubuntu-24.04)	Native portability gate (debug and release)	2026-09-20T11:46:09.5301140Z    Compiling anyhow v1.0.102
linux-portability (ubuntu-24.04)	Native portability gate (debug and release)	2026-09-20T11:46:09.6029020Z    Compiling zerocopy v0.8.48
linux-portability (ubuntu-24.04)	Native portability gate (debug and release)	2026-09-20T11:46:09.8810106Z    Compiling rand v0.10.1
linux-portability (ubuntu-24.04)	Native portability gate (debug and release)	2026-09-20T11:46:09.9610001Z    Compiling wait-timeout v0.2.1
linux-portability (ubuntu-24.04)	Native portability gate (debug and release)	2026-09-20T11:46:10.1949245Z    Compiling bit-vec v0.8.0
linux-portability (ubuntu-24.04)	Native portability gate (debug and release)	2026-09-20T11:46:10.3798925Z    Compiling fnv v1.0.7
linux-portability (ubuntu-24.04)	Native portability gate (debug and release)	2026-09-20T11:46:10.4138813Z    Compiling quick-error v1.2.3
linux-portability (ubuntu-24.04)	Native portability gate (debug and release)	2026-09-20T11:46:10.4560300Z    Compiling rusty-fork v0.3.1
linux-portability (ubuntu-24.04)	Native portability gate (debug and release)	2026-09-20T11:46:10.5988527Z    Compiling rawk v0.1.0 (/home/runner/work/rawk/rawk/rawk)
linux-portability (ubuntu-24.04)	Native portability gate (debug and release)	2026-09-20T11:46:10.8308755Z    Compiling bit-set v0.8.0
linux-portability (ubuntu-24.04)	Native portability gate (debug and release)	2026-09-20T11:46:10.9240302Z    Compiling rand_xorshift v0.4.0
linux-portability (ubuntu-24.04)	Native portability gate (debug and release)	2026-09-20T11:46:11.0004942Z    Compiling rand v0.9.4
linux-portability (ubuntu-24.04)	Native portability gate (debug and release)	2026-09-20T11:46:11.5306524Z    Compiling unarray v0.1.4
linux-portability (ubuntu-24.04)	Native portability gate (debug and release)	2026-09-20T11:46:12.8101862Z    Compiling ppv-lite86 v0.2.21
linux-portability (ubuntu-24.04)	Native portability gate (debug and release)	2026-09-20T11:46:13.0200529Z    Compiling rand_chacha v0.9.0
linux-portability (ubuntu-24.04)	Native portability gate (debug and release)	2026-09-20T11:46:13.1103215Z    Compiling proptest v1.11.0
linux-portability (ubuntu-24.04)	Native portability gate (debug and release)	2026-09-20T11:46:17.8814098Z     Finished `test` profile [unoptimized + debuginfo] target(s) in 16.72s
linux-portability (ubuntu-24.04)	Native portability gate (debug and release)	2026-09-20T11:46:17.8874771Z      Running unittests src/lib.rs (target/debug/deps/rawk-2af64ff39be528ba)
linux-portability (ubuntu-24.04)	Native portability gate (debug and release)	2026-09-20T11:46:17.8885960Z 
linux-portability (ubuntu-24.04)	Native portability gate (debug and release)	2026-09-20T11:46:17.8886151Z running 0 tests
linux-portability (ubuntu-24.04)	Native portability gate (debug and release)	2026-09-20T11:46:17.8886340Z 
linux-portability (ubuntu-24.04)	Native portability gate (debug and release)	2026-09-20T11:46:17.8886694Z test result: ok. 0 passed; 0 failed; 0 ignored; 0 measured; 0 filtered out; finished in 0.00s
linux-portability (ubuntu-24.04)	Native portability gate (debug and release)	2026-09-20T11:46:17.8887095Z 
linux-portability (ubuntu-24.04)	Native portability gate (debug and release)	2026-09-20T11:46:17.8888710Z      Running unittests src/bin/diffrun.rs (target/debug/deps/diffrun-994f4b85fc4f3254)
linux-portability (ubuntu-24.04)	Native portability gate (debug and release)	2026-09-20T11:46:17.8897247Z 
linux-portability (ubuntu-24.04)	Native portability gate (debug and release)	2026-09-20T11:46:17.8897472Z running 0 tests
linux-portability (ubuntu-24.04)	Native portability gate (debug and release)	2026-09-20T11:46:17.8899541Z 
linux-portability (ubuntu-24.04)	Native portability gate (debug and release)	2026-09-20T11:46:17.8900046Z test result: ok. 0 passed; 0 failed; 0 ignored; 0 measured; 0 filtered out; finished in 0.00s
linux-portability (ubuntu-24.04)	Native portability gate (debug and release)	2026-09-20T11:46:17.8900620Z 
linux-portability (ubuntu-24.04)	Native portability gate (debug and release)	2026-09-20T11:46:17.8900943Z      Running unittests src/main.rs (target/debug/deps/rawk-95b1893c01abdb10)
linux-portability (ubuntu-24.04)	Native portability gate (debug and release)	2026-09-20T11:46:17.8911646Z 
linux-portability (ubuntu-24.04)	Native portability gate (debug and release)	2026-09-20T11:46:17.8911792Z running 4 tests
linux-portability (ubuntu-24.04)	Native portability gate (debug and release)	2026-09-20T11:46:17.8924519Z test unicode_ere::tests::encoding_preserves_offsets_and_invalid_bytes_without_sentinels ... ok
linux-portability (ubuntu-24.04)	Native portability gate (debug and release)	2026-09-20T11:46:17.9026979Z test unicode_ere::tests::compiled_intervals_cover_only_the_requested_runes ... ok
linux-portability (ubuntu-24.04)	Native portability gate (debug and release)	2026-09-20T11:46:17.9056555Z test input::tests::separators_are_independent_of_read_boundaries ... ok
linux-portability (ubuntu-24.04)	Native portability gate (debug and release)	2026-09-20T11:46:17.9307169Z test ere::stream::tests::physical_short_reads_do_not_change_bwk_lookahead ... ok
linux-portability (ubuntu-24.04)	Native portability gate (debug and release)	2026-09-20T11:46:17.9307661Z 
linux-portability (ubuntu-24.04)	Native portability gate (debug and release)	2026-09-20T11:46:17.9308305Z test result: ok. 4 passed; 0 failed; 0 ignored; 0 measured; 0 filtered out; finished in 0.04s
linux-portability (ubuntu-24.04)	Native portability gate (debug and release)	2026-09-20T11:46:17.9308991Z 
linux-portability (ubuntu-24.04)	Native portability gate (debug and release)	2026-09-20T11:46:17.9311674Z      Running tests/bytes_array_keys.rs (target/debug/deps/bytes_array_keys-9114eb559bd3fc79)
linux-portability (ubuntu-24.04)	Native portability gate (debug and release)	2026-09-20T11:46:17.9323041Z 
linux-portability (ubuntu-24.04)	Native portability gate (debug and release)	2026-09-20T11:46:17.9323270Z running 3 tests
linux-portability (ubuntu-24.04)	Native portability gate (debug and release)	2026-09-20T11:46:17.9400967Z test for_in_returns_all_distinct_byte_keys ... ok
linux-portability (ubuntu-24.04)	Native portability gate (debug and release)	2026-09-20T11:46:17.9401704Z test distinct_high_byte_keys_do_not_collide ... ok
linux-portability (ubuntu-24.04)	Native portability gate (debug and release)	2026-09-20T11:46:17.9402279Z test nul_embedded_key_round_trips ... ok
linux-portability (ubuntu-24.04)	Native portability gate (debug and release)	2026-09-20T11:46:17.9402628Z 
linux-portability (ubuntu-24.04)	Native portability gate (debug and release)	2026-09-20T11:46:17.9403085Z test result: ok. 3 passed; 0 failed; 0 ignored; 0 measured; 0 filtered out; finished in 0.01s
linux-portability (ubuntu-24.04)	Native portability gate (debug and release)	2026-09-20T11:46:17.9403675Z 
linux-portability (ubuntu-24.04)	Native portability gate (debug and release)	2026-09-20T11:46:17.9404509Z      Running tests/bytes_printf.rs (target/debug/deps/bytes_printf-cc7330dc1e13afd2)
linux-portability (ubuntu-24.04)	Native portability gate (debug and release)	2026-09-20T11:46:17.9412181Z 
linux-portability (ubuntu-24.04)	Native portability gate (debug and release)	2026-09-20T11:46:17.9412439Z running 6 tests
linux-portability (ubuntu-24.04)	Native portability gate (debug and release)	2026-09-20T11:46:17.9482673Z test field_split_with_high_byte_fs ... ok
linux-portability (ubuntu-24.04)	Native portability gate (debug and release)	2026-09-20T11:46:17.9483548Z test printf_c_emits_first_byte_raw ... ok
linux-portability (ubuntu-24.04)	Native portability gate (debug and release)	2026-09-20T11:46:17.9484367Z test print_with_high_byte_ofs ... ok
linux-portability (ubuntu-24.04)	Native portability gate (debug and release)	2026-09-20T11:46:17.9498988Z test printf_format_string_with_high_bytes ... ok
linux-portability (ubuntu-24.04)	Native portability gate (debug and release)	2026-09-20T11:46:17.9546870Z test printf_s_preserves_high_byte ... ok
linux-portability (ubuntu-24.04)	Native portability gate (debug and release)	2026-09-20T11:46:17.9558634Z test sprintf_high_byte_round_trip ... ok
linux-portability (ubuntu-24.04)	Native portability gate (debug and release)	2026-09-20T11:46:17.9559060Z 
linux-portability (ubuntu-24.04)	Native portability gate (debug and release)	2026-09-20T11:46:17.9559504Z test result: ok. 6 passed; 0 failed; 0 ignored; 0 measured; 0 filtered out; finished in 0.01s
linux-portability (ubuntu-24.04)	Native portability gate (debug and release)	2026-09-20T11:46:17.9560103Z 
linux-portability (ubuntu-24.04)	Native portability gate (debug and release)	2026-09-20T11:46:17.9561070Z      Running tests/bytes_regex_match.rs (target/debug/deps/bytes_regex_match-97728d2c0dfc372b)
linux-portability (ubuntu-24.04)	Native portability gate (debug and release)	2026-09-20T11:46:17.9570831Z 
linux-portability (ubuntu-24.04)	Native portability gate (debug and release)	2026-09-20T11:46:17.9570987Z running 6 tests
linux-portability (ubuntu-24.04)	Native portability gate (debug and release)	2026-09-20T11:46:17.9643958Z test match_distinguishes_high_bytes ... ok
linux-portability (ubuntu-24.04)	Native portability gate (debug and release)	2026-09-20T11:46:17.9645062Z test match_builtin_high_byte_pattern_position ... ok
linux-portability (ubuntu-24.04)	Native portability gate (debug and release)	2026-09-20T11:46:17.9645804Z test nul_inside_subject_with_rs_regex ... ok
linux-portability (ubuntu-24.04)	Native portability gate (debug and release)	2026-09-20T11:46:17.9658908Z test gsub_ampersand_includes_whole_match ... ok
linux-portability (ubuntu-24.04)	Native portability gate (debug and release)	2026-09-20T11:46:17.9758625Z test rs_regex_high_byte_separator_splits_correctly ... ok
linux-portability (ubuntu-24.04)	Native portability gate (debug and release)	2026-09-20T11:46:17.9759287Z test sub_replaces_high_byte_run ... ok
linux-portability (ubuntu-24.04)	Native portability gate (debug and release)	2026-09-20T11:46:17.9759653Z 
linux-portability (ubuntu-24.04)	Native portability gate (debug and release)	2026-09-20T11:46:17.9760098Z test result: ok. 6 passed; 0 failed; 0 ignored; 0 measured; 0 filtered out; finished in 0.02s
linux-portability (ubuntu-24.04)	Native portability gate (debug and release)	2026-09-20T11:46:17.9760647Z 
linux-portability (ubuntu-24.04)	Native portability gate (debug and release)	2026-09-20T11:46:17.9761809Z      Running tests/data_contract.rs (target/debug/deps/data_contract-cd61b34734f48d5d)
linux-portability (ubuntu-24.04)	Native portability gate (debug and release)	2026-09-20T11:46:17.9772042Z 
linux-portability (ubuntu-24.04)	Native portability gate (debug and release)	2026-09-20T11:46:17.9772206Z running 6 tests
linux-portability (ubuntu-24.04)	Native portability gate (debug and release)	2026-09-20T11:46:17.9860339Z test invalid_regex_is_reported ... ok
linux-portability (ubuntu-24.04)	Native portability gate (debug and release)	2026-09-20T11:46:17.9861333Z test csv_handles_quoted_delimiters_newlines_and_escaped_quotes ... ok
linux-portability (ubuntu-24.04)	Native portability gate (debug and release)	2026-09-20T11:46:17.9910974Z test fields_accept_regex_separator ... ok
linux-portability (ubuntu-24.04)	Native portability gate (debug and release)	2026-09-20T11:46:17.9913680Z test regex_uses_leftmost_longest ... ok
linux-portability (ubuntu-24.04)	Native portability gate (debug and release)	2026-09-20T11:46:17.9926174Z test split_preserves_empty_fields_and_clears_array ... ok
linux-portability (ubuntu-24.04)	Native portability gate (debug and release)	2026-09-20T11:46:17.9926906Z test substitutions_report_count_not_changed_text ... ok
linux-portability (ubuntu-24.04)	Native portability gate (debug and release)	2026-09-20T11:46:17.9927184Z 
linux-portability (ubuntu-24.04)	Native portability gate (debug and release)	2026-09-20T11:46:17.9927443Z test result: ok. 6 passed; 0 failed; 0 ignored; 0 measured; 0 filtered out; finished in 0.02s
linux-portability (ubuntu-24.04)	Native portability gate (debug and release)	2026-09-20T11:46:17.9928024Z 
linux-portability (ubuntu-24.04)	Native portability gate (debug and release)	2026-09-20T11:46:17.9929585Z      Running tests/driver_regressions.rs (target/debug/deps/driver_regressions-20f0cb45f6026201)
linux-portability (ubuntu-24.04)	Native portability gate (debug and release)	2026-09-20T11:46:17.9939752Z 
linux-portability (ubuntu-24.04)	Native portability gate (debug and release)	2026-09-20T11:46:17.9939926Z running 6 tests
linux-portability (ubuntu-24.04)	Native portability gate (debug and release)	2026-09-20T11:46:18.0050261Z test multifile_syntax_error_names_offending_source ... ok
linux-portability (ubuntu-24.04)	Native portability gate (debug and release)	2026-09-20T11:46:18.0075477Z test field_index_beyond_reference_integer_range_is_an_error ... ok
linux-portability (ubuntu-24.04)	Native portability gate (debug and release)	2026-09-20T11:46:18.0076471Z test getline_comparison_is_not_part_of_filename ... ok
linux-portability (ubuntu-24.04)	Native portability gate (debug and release)	2026-09-20T11:46:18.0209267Z test invalid_function_parameters_are_errors_before_execution ... ok
linux-portability (ubuntu-24.04)	Native portability gate (debug and release)	2026-09-20T11:46:18.0361597Z test redirected_stdin_shares_buffer_with_main_input ... ok
linux-portability (ubuntu-24.04)	Native portability gate (debug and release)	2026-09-20T11:46:18.0456596Z test stdin_program_and_empty_statements ... ok
linux-portability (ubuntu-24.04)	Native portability gate (debug and release)	2026-09-20T11:46:18.0457009Z 
linux-portability (ubuntu-24.04)	Native portability gate (debug and release)	2026-09-20T11:46:18.0457428Z test result: ok. 6 passed; 0 failed; 0 ignored; 0 measured; 0 filtered out; finished in 0.05s
linux-portability (ubuntu-24.04)	Native portability gate (debug and release)	2026-09-20T11:46:18.0458260Z 
linux-portability (ubuntu-24.04)	Native portability gate (debug and release)	2026-09-20T11:46:18.0459437Z      Running tests/dynamic_format.rs (target/debug/deps/dynamic_format-27b8cdc066ca99a2)
linux-portability (ubuntu-24.04)	Native portability gate (debug and release)	2026-09-20T11:46:18.0469875Z 
linux-portability (ubuntu-24.04)	Native portability gate (debug and release)	2026-09-20T11:46:18.0470072Z running 8 tests
linux-portability (ubuntu-24.04)	Native portability gate (debug and release)	2026-09-20T11:46:18.0608522Z test missing_star_arguments_are_errors ... ok
linux-portability (ubuntu-24.04)	Native portability gate (debug and release)	2026-09-20T11:46:18.0674279Z test negative_precision_keeps_binary_and_multibyte_paths ... ok
linux-portability (ubuntu-24.04)	Native portability gate (debug and release)	2026-09-20T11:46:18.0869252Z test string_and_literal_range_errors_do_not_discard_arithmetic_subnormals ... ok
linux-portability (ubuntu-24.04)	Native portability gate (debug and release)	2026-09-20T11:46:18.2158377Z test unsigned_conversion_matches_native_oracle ... ok
linux-portability (ubuntu-24.04)	Native portability gate (debug and release)	2026-09-20T11:46:18.2415235Z test zero_padded_strings_match_native_oracle ... ok
linux-portability (ubuntu-24.04)	Native portability gate (debug and release)	2026-09-20T11:46:18.7424419Z test dynamic_width_precision_and_consumption ... ok
linux-portability (ubuntu-24.04)	Native portability gate (debug and release)	2026-09-20T11:46:20.0772229Z test integer_flags_precision_and_signs ... ok
linux-portability (ubuntu-24.04)	Native portability gate (debug and release)	2026-09-20T11:46:20.6813135Z test negative_dynamic_precision_preserves_flags_and_argument_consumption ... ok
linux-portability (ubuntu-24.04)	Native portability gate (debug and release)	2026-09-20T11:46:20.6813791Z 
linux-portability (ubuntu-24.04)	Native portability gate (debug and release)	2026-09-20T11:46:20.6814133Z test result: ok. 8 passed; 0 failed; 0 ignored; 0 measured; 0 filtered out; finished in 2.63s
linux-portability (ubuntu-24.04)	Native portability gate (debug and release)	2026-09-20T11:46:20.6814793Z 
linux-portability (ubuntu-24.04)	Native portability gate (debug and release)	2026-09-20T11:46:20.6815195Z      Running tests/harness.rs (target/debug/deps/harness-84724762e23c52d1)
linux-portability (ubuntu-24.04)	Native portability gate (debug and release)	2026-09-20T11:46:20.6825049Z 
linux-portability (ubuntu-24.04)	Native portability gate (debug and release)	2026-09-20T11:46:20.6825229Z running 5 tests
linux-portability (ubuntu-24.04)	Native portability gate (debug and release)	2026-09-20T11:46:20.6831302Z test annotation_does_not_accept_new_failures ... ok
linux-portability (ubuntu-24.04)	Native portability gate (debug and release)	2026-09-20T11:46:20.6897357Z test preserves_bytes_whitespace_and_status ... ok
linux-portability (ubuntu-24.04)	Native portability gate (debug and release)	2026-09-20T11:46:20.6917997Z test aggregate_gate_reports_an_intermediate_failure ... ok
linux-portability (ubuntu-24.04)	Native portability gate (debug and release)	2026-09-20T11:46:20.6964965Z test each_run_has_a_fresh_directory ... ok
linux-portability (ubuntu-24.04)	Native portability gate (debug and release)	2026-09-20T11:46:21.1167186Z test timeout_kills_descendants ... ok
linux-portability (ubuntu-24.04)	Native portability gate (debug and release)	2026-09-20T11:46:21.1168064Z 
linux-portability (ubuntu-24.04)	Native portability gate (debug and release)	2026-09-20T11:46:21.1168640Z test result: ok. 5 passed; 0 failed; 0 ignored; 0 measured; 0 filtered out; finished in 0.43s
linux-portability (ubuntu-24.04)	Native portability gate (debug and release)	2026-09-20T11:46:21.1169452Z 
linux-portability (ubuntu-24.04)	Native portability gate (debug and release)	2026-09-20T11:46:21.1170019Z      Running tests/input_contract.rs (target/debug/deps/input_contract-df587d5dab3b336c)
linux-portability (ubuntu-24.04)	Native portability gate (debug and release)	2026-09-20T11:46:21.1183293Z 
linux-portability (ubuntu-24.04)	Native portability gate (debug and release)	2026-09-20T11:46:21.1183667Z running 5 tests
linux-portability (ubuntu-24.04)	Native portability gate (debug and release)	2026-09-20T11:46:21.1253019Z test missing_getline_file_is_an_error_not_eof ... ok
linux-portability (ubuntu-24.04)	Native portability gate (debug and release)	2026-09-20T11:46:21.1254543Z test file_getline_and_interleaved_assignments ... ok
linux-portability (ubuntu-24.04)	Native portability gate (debug and release)	2026-09-20T11:46:21.1261459Z test getline_uses_main_stream_and_counts_every_read ... ok
linux-portability (ubuntu-24.04)	Native portability gate (debug and release)	2026-09-20T11:46:21.1302706Z test rewriting_record_does_not_count_a_read ... ok
linux-portability (ubuntu-24.04)	Native portability gate (debug and release)	2026-09-20T11:46:21.1318100Z test rs_changes_apply_to_unconsumed_input ... ok
linux-portability (ubuntu-24.04)	Native portability gate (debug and release)	2026-09-20T11:46:21.1318517Z 
linux-portability (ubuntu-24.04)	Native portability gate (debug and release)	2026-09-20T11:46:21.1318979Z test result: ok. 5 passed; 0 failed; 0 ignored; 0 measured; 0 filtered out; finished in 0.01s
linux-portability (ubuntu-24.04)	Native portability gate (debug and release)	2026-09-20T11:46:21.1319860Z 
linux-portability (ubuntu-24.04)	Native portability gate (debug and release)	2026-09-20T11:46:21.1320557Z      Running tests/language_contract.rs (target/debug/deps/language_contract-2fab3b4b0fc766c6)
linux-portability (ubuntu-24.04)	Native portability gate (debug and release)	2026-09-20T11:46:21.1329768Z 
linux-portability (ubuntu-24.04)	Native portability gate (debug and release)	2026-09-20T11:46:21.1329968Z running 7 tests
linux-portability (ubuntu-24.04)	Native portability gate (debug and release)	2026-09-20T11:46:21.1401029Z test array_parameters_are_references ... ok
linux-portability (ubuntu-24.04)	Native portability gate (debug and release)	2026-09-20T11:46:21.1413463Z test array_reads_create_entries ... ok
linux-portability (ubuntu-24.04)	Native portability gate (debug and release)	2026-09-20T11:46:21.1418921Z test expressions_and_escapes ... ok
linux-portability (ubuntu-24.04)	Native portability gate (debug and release)	2026-09-20T11:46:21.1429241Z test convfmt_is_used_for_comparisons_fields_and_keys ... ok
linux-portability (ubuntu-24.04)	Native portability gate (debug and release)	2026-09-20T11:46:21.1466712Z test range_patterns_and_empty_actions ... ok
linux-portability (ubuntu-24.04)	Native portability gate (debug and release)	2026-09-20T11:46:21.1478083Z test numeric_and_string_values_keep_their_types ... ok
linux-portability (ubuntu-24.04)	Native portability gate (debug and release)	2026-09-20T11:46:21.1519353Z test lvalue_indices_are_evaluated_once ... ok
linux-portability (ubuntu-24.04)	Native portability gate (debug and release)	2026-09-20T11:46:21.1519776Z 
linux-portability (ubuntu-24.04)	Native portability gate (debug and release)	2026-09-20T11:46:21.1520236Z test result: ok. 7 passed; 0 failed; 0 ignored; 0 measured; 0 filtered out; finished in 0.02s
linux-portability (ubuntu-24.04)	Native portability gate (debug and release)	2026-09-20T11:46:21.1520840Z 
linux-portability (ubuntu-24.04)	Native portability gate (debug and release)	2026-09-20T11:46:21.1522358Z      Running tests/legacy_locale.rs (target/debug/deps/legacy_locale-e35a0006ade4badb)
linux-portability (ubuntu-24.04)	Native portability gate (debug and release)	2026-09-20T11:46:21.1532535Z 
linux-portability (ubuntu-24.04)	Native portability gate (debug and release)	2026-09-20T11:46:21.1532726Z running 6 tests
linux-portability (ubuntu-24.04)	Native portability gate (debug and release)	2026-09-20T11:46:21.2019233Z test every_nonzero_byte_case_conversion_matches_c ... ok
linux-portability (ubuntu-24.04)	Native portability gate (debug and release)	2026-09-20T11:46:21.2099209Z test legacy_locale_selection_obeys_precedence_and_is_fixed_at_startup ... ok
linux-portability (ubuntu-24.04)	Native portability gate (debug and release)	2026-09-20T11:46:21.2103011Z test byte_positions_ranges_splits_and_substitution_match_c ... ok
linux-portability (ubuntu-24.04)	Native portability gate (debug and release)	2026-09-20T11:46:21.2178781Z test nul_preservation_remains_an_explicit_rust_extension ... ok
linux-portability (ubuntu-24.04)	Native portability gate (debug and release)	2026-09-20T11:46:21.2434415Z test required_single_byte_locales_are_active ... ok
linux-portability (ubuntu-24.04)	Native portability gate (debug and release)	2026-09-20T11:46:21.7910054Z test every_nonzero_byte_in_each_posix_class_matches_c ... ok
linux-portability (ubuntu-24.04)	Native portability gate (debug and release)	2026-09-20T11:46:21.7910591Z 
linux-portability (ubuntu-24.04)	Native portability gate (debug and release)	2026-09-20T11:46:21.7911052Z test result: ok. 6 passed; 0 failed; 0 ignored; 0 measured; 0 filtered out; finished in 0.64s
linux-portability (ubuntu-24.04)	Native portability gate (debug and release)	2026-09-20T11:46:21.7911642Z 
linux-portability (ubuntu-24.04)	Native portability gate (debug and release)	2026-09-20T11:46:21.7912878Z      Running tests/runtime_contract.rs (target/debug/deps/runtime_contract-e285726cc718c1b4)
linux-portability (ubuntu-24.04)	Native portability gate (debug and release)	2026-09-20T11:46:21.7924076Z 
linux-portability (ubuntu-24.04)	Native portability gate (debug and release)	2026-09-20T11:46:21.7924316Z running 3 tests
linux-portability (ubuntu-24.04)	Native portability gate (debug and release)	2026-09-20T11:46:21.7992788Z test exit_executes_end_and_interrupts_expressions ... ok
linux-portability (ubuntu-24.04)	Native portability gate (debug and release)	2026-09-20T11:46:21.7993494Z test short_circuit_preserves_side_effects ... ok
linux-portability (ubuntu-24.04)	Native portability gate (debug and release)	2026-09-20T11:46:21.8042268Z test return_escapes_all_loop_forms ... ok
linux-portability (ubuntu-24.04)	Native portability gate (debug and release)	2026-09-20T11:46:21.8042540Z 
linux-portability (ubuntu-24.04)	Native portability gate (debug and release)	2026-09-20T11:46:21.8042858Z test result: ok. 3 passed; 0 failed; 0 ignored; 0 measured; 0 filtered out; finished in 0.01s
linux-portability (ubuntu-24.04)	Native portability gate (debug and release)	2026-09-20T11:46:21.8043249Z 
linux-portability (ubuntu-24.04)	Native portability gate (debug and release)	2026-09-20T11:46:21.8045037Z      Running tests/shift_jis.rs (target/debug/deps/shift_jis-37ba6b24f7a6e90f)
linux-portability (ubuntu-24.04)	Native portability gate (debug and release)	2026-09-20T11:46:21.8054698Z 
linux-portability (ubuntu-24.04)	Native portability gate (debug and release)	2026-09-20T11:46:21.8054920Z running 11 tests
linux-portability (ubuntu-24.04)	Native portability gate (debug and release)	2026-09-20T11:46:21.8153343Z test conversion_failure_preserves_atomic_print_contract ... ok
linux-portability (ubuntu-24.04)	Native portability gate (debug and release)	2026-09-20T11:46:21.8189957Z test embedded_nul_preserves_the_rust_binary_extension ... ok
linux-portability (ubuntu-24.04)	Native portability gate (debug and release)	2026-09-20T11:46:21.8494542Z test regex_rs_with_three_or_four_byte_structural_units_matches_c ... ok
linux-portability (ubuntu-24.04)	Native portability gate (debug and release)	2026-09-20T11:46:21.8593035Z test required_sjis_locale_has_observable_case_mapping ... ok
linux-portability (ubuntu-24.04)	Native portability gate (debug and release)	2026-09-20T11:46:21.9848198Z test record_separators_and_locale_precedence_match_c ... ok
linux-portability (ubuntu-24.04)	Native portability gate (debug and release)	2026-09-20T11:46:21.9996136Z test streaming_rs_keeps_binary_data_distinct_from_eof ... ok
linux-portability (ubuntu-24.04)	Native portability gate (debug and release)	2026-09-20T11:46:22.3619698Z test regex_rs_sjis_refill_across_input_buffers_and_getline_matches_c ... ok
linux-portability (ubuntu-24.04)	Native portability gate (debug and release)	2026-09-20T11:46:22.5067078Z test valid_case_conversion_and_truncated_suffixes_match_c ... ok
linux-portability (ubuntu-24.04)	Native portability gate (debug and release)	2026-09-20T11:46:22.5986528Z test structural_units_regex_fields_and_formatting_match_c ... ok
linux-portability (ubuntu-24.04)	Native portability gate (debug and release)	2026-09-20T11:46:25.2791722Z test regex_rs_refill_restart_longest_and_anchors_match_c ... ok
linux-portability (ubuntu-24.04)	Native portability gate (debug and release)	2026-09-20T11:46:31.2939407Z test single_bytes_and_lead_trail_boundaries_match_c ... ok
linux-portability (ubuntu-24.04)	Native portability gate (debug and release)	2026-09-20T11:46:31.2939802Z 
linux-portability (ubuntu-24.04)	Native portability gate (debug and release)	2026-09-20T11:46:31.2940080Z test result: ok. 11 passed; 0 failed; 0 ignored; 0 measured; 0 filtered out; finished in 9.49s
linux-portability (ubuntu-24.04)	Native portability gate (debug and release)	2026-09-20T11:46:31.2940491Z 
linux-portability (ubuntu-24.04)	Native portability gate (debug and release)	2026-09-20T11:46:31.2941685Z      Running tests/unicode_contract.rs (target/debug/deps/unicode_contract-28fd1d08d829904c)
linux-portability (ubuntu-24.04)	Native portability gate (debug and release)	2026-09-20T11:46:31.2952338Z 
linux-portability (ubuntu-24.04)	Native portability gate (debug and release)	2026-09-20T11:46:31.2952586Z running 10 tests
linux-portability (ubuntu-24.04)	Native portability gate (debug and release)	2026-09-20T11:46:31.3149125Z test binary_nul_extension_and_case_conversion_errors ... ok
linux-portability (ubuntu-24.04)	Native portability gate (debug and release)	2026-09-20T11:46:31.3940502Z test repeated_matches_and_index_inside_a_multibyte_unit ... ok
linux-portability (ubuntu-24.04)	Native portability gate (debug and release)	2026-09-20T11:46:31.4314965Z test required_locales_are_active_in_both_interpreters ... ok
linux-portability (ubuntu-24.04)	Native portability gate (debug and release)	2026-09-20T11:46:31.4439067Z test locale_precedence_and_character_operations ... ok
linux-portability (ubuntu-24.04)	Native portability gate (debug and release)	2026-09-20T11:46:31.4860939Z test unicode_formatting_and_source_escapes ... ok
linux-portability (ubuntu-24.04)	Native portability gate (debug and release)	2026-09-20T11:46:31.5634316Z test utf8_record_separators_across_buffers ... ok
linux-portability (ubuntu-24.04)	Native portability gate (debug and release)	2026-09-20T11:46:31.6015931Z test boolean_regex_search_preserves_rune_alignment_and_empty_matches ... ok
linux-portability (ubuntu-24.04)	Native portability gate (debug and release)	2026-09-20T11:46:31.6514713Z test utf8_regex_empty_matches_and_mixed_bytes ... ok
linux-portability (ubuntu-24.04)	Native portability gate (debug and release)	2026-09-20T11:46:31.6564278Z test unicode_classes_ranges_and_anchors ... ok
linux-portability (ubuntu-24.04)	Native portability gate (debug and release)	2026-09-20T11:46:34.7203545Z test original_utf8_drivers ... ok
linux-portability (ubuntu-24.04)	Native portability gate (debug and release)	2026-09-20T11:46:34.7204046Z 
linux-portability (ubuntu-24.04)	Native portability gate (debug and release)	2026-09-20T11:46:34.7204482Z test result: ok. 10 passed; 0 failed; 0 ignored; 0 measured; 0 filtered out; finished in 3.43s
linux-portability (ubuntu-24.04)	Native portability gate (debug and release)	2026-09-20T11:46:34.7204937Z 
linux-portability (ubuntu-24.04)	Native portability gate (debug and release)	2026-09-20T11:46:34.7974454Z    Compiling num-traits v0.2.19
linux-portability (ubuntu-24.04)	Native portability gate (debug and release)	2026-09-20T11:46:34.7975195Z    Compiling getrandom v0.3.4
linux-portability (ubuntu-24.04)	Native portability gate (debug and release)	2026-09-20T11:46:34.8013065Z    Compiling zerocopy v0.8.48
linux-portability (ubuntu-24.04)	Native portability gate (debug and release)	2026-09-20T11:46:34.8048542Z    Compiling wait-timeout v0.2.1
linux-portability (ubuntu-24.04)	Native portability gate (debug and release)	2026-09-20T11:46:35.1738910Z    Compiling rand_core v0.9.5
linux-portability (ubuntu-24.04)	Native portability gate (debug and release)	2026-09-20T11:46:35.2378920Z    Compiling fnv v1.0.7
linux-portability (ubuntu-24.04)	Native portability gate (debug and release)	2026-09-20T11:46:35.2738759Z    Compiling bit-vec v0.8.0
linux-portability (ubuntu-24.04)	Native portability gate (debug and release)	2026-09-20T11:46:35.3598940Z    Compiling quick-error v1.2.3
linux-portability (ubuntu-24.04)	Native portability gate (debug and release)	2026-09-20T11:46:35.4039163Z    Compiling rusty-fork v0.3.1
linux-portability (ubuntu-24.04)	Native portability gate (debug and release)	2026-09-20T11:46:35.5078880Z    Compiling bit-set v0.8.0
linux-portability (ubuntu-24.04)	Native portability gate (debug and release)	2026-09-20T11:46:35.6339567Z    Compiling rand v0.9.4
linux-portability (ubuntu-24.04)	Native portability gate (debug and release)	2026-09-20T11:46:35.8839118Z    Compiling chrono v0.4.44
linux-portability (ubuntu-24.04)	Native portability gate (debug and release)	2026-09-20T11:46:36.2649098Z    Compiling rand_xorshift v0.4.0
linux-portability (ubuntu-24.04)	Native portability gate (debug and release)	2026-09-20T11:46:36.3264375Z    Compiling unarray v0.1.4
linux-portability (ubuntu-24.04)	Native portability gate (debug and release)	2026-09-20T11:46:36.8941669Z    Compiling rawk v0.1.0 (/home/runner/work/rawk/rawk/rawk)
linux-portability (ubuntu-24.04)	Native portability gate (debug and release)	2026-09-20T11:46:38.8992167Z    Compiling ppv-lite86 v0.2.21
linux-portability (ubuntu-24.04)	Native portability gate (debug and release)	2026-09-20T11:46:39.2066114Z    Compiling rand_chacha v0.9.0
linux-portability (ubuntu-24.04)	Native portability gate (debug and release)	2026-09-20T11:46:39.6309124Z    Compiling proptest v1.11.0
linux-portability (ubuntu-24.04)	Native portability gate (debug and release)	2026-09-20T11:46:51.8746153Z     Finished `release` profile [optimized] target(s) in 17.14s
linux-portability (ubuntu-24.04)	Native portability gate (debug and release)	2026-09-20T11:46:51.8806255Z      Running unittests src/lib.rs (target/release/deps/rawk-d71ef2789f8844ed)
linux-portability (ubuntu-24.04)	Native portability gate (debug and release)	2026-09-20T11:46:51.8817232Z 
linux-portability (ubuntu-24.04)	Native portability gate (debug and release)	2026-09-20T11:46:51.8817428Z running 0 tests
linux-portability (ubuntu-24.04)	Native portability gate (debug and release)	2026-09-20T11:46:51.8819167Z 
linux-portability (ubuntu-24.04)	Native portability gate (debug and release)	2026-09-20T11:46:51.8819666Z test result: ok. 0 passed; 0 failed; 0 ignored; 0 measured; 0 filtered out; finished in 0.00s
linux-portability (ubuntu-24.04)	Native portability gate (debug and release)	2026-09-20T11:46:51.8820331Z 
linux-portability (ubuntu-24.04)	Native portability gate (debug and release)	2026-09-20T11:46:51.8820745Z      Running unittests src/bin/diffrun.rs (target/release/deps/diffrun-1587e72c588c7ddd)
linux-portability (ubuntu-24.04)	Native portability gate (debug and release)	2026-09-20T11:46:51.8829239Z 
linux-portability (ubuntu-24.04)	Native portability gate (debug and release)	2026-09-20T11:46:51.8829425Z running 0 tests
linux-portability (ubuntu-24.04)	Native portability gate (debug and release)	2026-09-20T11:46:51.8830912Z 
linux-portability (ubuntu-24.04)	Native portability gate (debug and release)	2026-09-20T11:46:51.8831419Z test result: ok. 0 passed; 0 failed; 0 ignored; 0 measured; 0 filtered out; finished in 0.00s
linux-portability (ubuntu-24.04)	Native portability gate (debug and release)	2026-09-20T11:46:51.8832045Z 
linux-portability (ubuntu-24.04)	Native portability gate (debug and release)	2026-09-20T11:46:51.8832366Z      Running unittests src/main.rs (target/release/deps/rawk-4bf34a94d1f24a93)
linux-portability (ubuntu-24.04)	Native portability gate (debug and release)	2026-09-20T11:46:51.8842649Z 
linux-portability (ubuntu-24.04)	Native portability gate (debug and release)	2026-09-20T11:46:51.8842809Z running 4 tests
linux-portability (ubuntu-24.04)	Native portability gate (debug and release)	2026-09-20T11:46:51.8855165Z test unicode_ere::tests::encoding_preserves_offsets_and_invalid_bytes_without_sentinels ... ok
linux-portability (ubuntu-24.04)	Native portability gate (debug and release)	2026-09-20T11:46:51.8856313Z test unicode_ere::tests::compiled_intervals_cover_only_the_requested_runes ... ok
linux-portability (ubuntu-24.04)	Native portability gate (debug and release)	2026-09-20T11:46:51.8870213Z test input::tests::separators_are_independent_of_read_boundaries ... ok
linux-portability (ubuntu-24.04)	Native portability gate (debug and release)	2026-09-20T11:46:51.8879560Z test ere::stream::tests::physical_short_reads_do_not_change_bwk_lookahead ... ok
linux-portability (ubuntu-24.04)	Native portability gate (debug and release)	2026-09-20T11:46:51.8880186Z 
linux-portability (ubuntu-24.04)	Native portability gate (debug and release)	2026-09-20T11:46:51.8880475Z test result: ok. 4 passed; 0 failed; 0 ignored; 0 measured; 0 filtered out; finished in 0.00s
linux-portability (ubuntu-24.04)	Native portability gate (debug and release)	2026-09-20T11:46:51.8880873Z 
linux-portability (ubuntu-24.04)	Native portability gate (debug and release)	2026-09-20T11:46:51.8881736Z      Running tests/bytes_array_keys.rs (target/release/deps/bytes_array_keys-8698c4f8eb149f0b)
linux-portability (ubuntu-24.04)	Native portability gate (debug and release)	2026-09-20T11:46:51.8891305Z 
linux-portability (ubuntu-24.04)	Native portability gate (debug and release)	2026-09-20T11:46:51.8891571Z running 3 tests
linux-portability (ubuntu-24.04)	Native portability gate (debug and release)	2026-09-20T11:46:51.8966426Z test nul_embedded_key_round_trips ... ok
linux-portability (ubuntu-24.04)	Native portability gate (debug and release)	2026-09-20T11:46:51.8969429Z test distinct_high_byte_keys_do_not_collide ... ok
linux-portability (ubuntu-24.04)	Native portability gate (debug and release)	2026-09-20T11:46:51.8970104Z test for_in_returns_all_distinct_byte_keys ... ok
linux-portability (ubuntu-24.04)	Native portability gate (debug and release)	2026-09-20T11:46:51.8970828Z 
linux-portability (ubuntu-24.04)	Native portability gate (debug and release)	2026-09-20T11:46:51.8971232Z test result: ok. 3 passed; 0 failed; 0 ignored; 0 measured; 0 filtered out; finished in 0.01s
linux-portability (ubuntu-24.04)	Native portability gate (debug and release)	2026-09-20T11:46:51.8971740Z 
linux-portability (ubuntu-24.04)	Native portability gate (debug and release)	2026-09-20T11:46:51.8973447Z      Running tests/bytes_printf.rs (target/release/deps/bytes_printf-44671ba9f391bc9e)
linux-portability (ubuntu-24.04)	Native portability gate (debug and release)	2026-09-20T11:46:51.8988291Z 
linux-portability (ubuntu-24.04)	Native portability gate (debug and release)	2026-09-20T11:46:51.8988476Z running 6 tests
linux-portability (ubuntu-24.04)	Native portability gate (debug and release)	2026-09-20T11:46:51.9057125Z test print_with_high_byte_ofs ... ok
linux-portability (ubuntu-24.04)	Native portability gate (debug and release)	2026-09-20T11:46:51.9057701Z test field_split_with_high_byte_fs ... ok
linux-portability (ubuntu-24.04)	Native portability gate (debug and release)	2026-09-20T11:46:51.9058914Z test printf_c_emits_first_byte_raw ... ok
linux-portability (ubuntu-24.04)	Native portability gate (debug and release)	2026-09-20T11:46:51.9069399Z test printf_format_string_with_high_bytes ... ok
linux-portability (ubuntu-24.04)	Native portability gate (debug and release)	2026-09-20T11:46:51.9122688Z test sprintf_high_byte_round_trip ... ok
linux-portability (ubuntu-24.04)	Native portability gate (debug and release)	2026-09-20T11:46:51.9125022Z test printf_s_preserves_high_byte ... ok
linux-portability (ubuntu-24.04)	Native portability gate (debug and release)	2026-09-20T11:46:51.9125277Z 
linux-portability (ubuntu-24.04)	Native portability gate (debug and release)	2026-09-20T11:46:51.9125643Z test result: ok. 6 passed; 0 failed; 0 ignored; 0 measured; 0 filtered out; finished in 0.01s
linux-portability (ubuntu-24.04)	Native portability gate (debug and release)	2026-09-20T11:46:51.9126200Z 
linux-portability (ubuntu-24.04)	Native portability gate (debug and release)	2026-09-20T11:46:51.9126683Z      Running tests/bytes_regex_match.rs (target/release/deps/bytes_regex_match-81890e56ce80a1f7)
linux-portability (ubuntu-24.04)	Native portability gate (debug and release)	2026-09-20T11:46:51.9135950Z 
linux-portability (ubuntu-24.04)	Native portability gate (debug and release)	2026-09-20T11:46:51.9136113Z running 6 tests
linux-portability (ubuntu-24.04)	Native portability gate (debug and release)	2026-09-20T11:46:51.9204925Z test gsub_ampersand_includes_whole_match ... ok
linux-portability (ubuntu-24.04)	Native portability gate (debug and release)	2026-09-20T11:46:51.9205777Z test match_distinguishes_high_bytes ... ok
linux-portability (ubuntu-24.04)	Native portability gate (debug and release)	2026-09-20T11:46:51.9219160Z test match_builtin_high_byte_pattern_position ... ok
linux-portability (ubuntu-24.04)	Native portability gate (debug and release)	2026-09-20T11:46:51.9220046Z test nul_inside_subject_with_rs_regex ... ok
linux-portability (ubuntu-24.04)	Native portability gate (debug and release)	2026-09-20T11:46:51.9272129Z test rs_regex_high_byte_separator_splits_correctly ... ok
linux-portability (ubuntu-24.04)	Native portability gate (debug and release)	2026-09-20T11:46:51.9279839Z test sub_replaces_high_byte_run ... ok
linux-portability (ubuntu-24.04)	Native portability gate (debug and release)	2026-09-20T11:46:51.9280156Z 
linux-portability (ubuntu-24.04)	Native portability gate (debug and release)	2026-09-20T11:46:51.9280463Z test result: ok. 6 passed; 0 failed; 0 ignored; 0 measured; 0 filtered out; finished in 0.01s
linux-portability (ubuntu-24.04)	Native portability gate (debug and release)	2026-09-20T11:46:51.9280849Z 
linux-portability (ubuntu-24.04)	Native portability gate (debug and release)	2026-09-20T11:46:51.9282558Z      Running tests/data_contract.rs (target/release/deps/data_contract-f3cccc134cf87c5a)
linux-portability (ubuntu-24.04)	Native portability gate (debug and release)	2026-09-20T11:46:51.9292108Z 
linux-portability (ubuntu-24.04)	Native portability gate (debug and release)	2026-09-20T11:46:51.9292331Z running 6 tests
linux-portability (ubuntu-24.04)	Native portability gate (debug and release)	2026-09-20T11:46:51.9328021Z test regex_uses_leftmost_longest ... ok
linux-portability (ubuntu-24.04)	Native portability gate (debug and release)	2026-09-20T11:46:51.9361397Z test csv_handles_quoted_delimiters_newlines_and_escaped_quotes ... ok
linux-portability (ubuntu-24.04)	Native portability gate (debug and release)	2026-09-20T11:46:51.9362219Z test invalid_regex_is_reported ... ok
linux-portability (ubuntu-24.04)	Native portability gate (debug and release)	2026-09-20T11:46:51.9369617Z test fields_accept_regex_separator ... ok
linux-portability (ubuntu-24.04)	Native portability gate (debug and release)	2026-09-20T11:46:51.9391289Z test split_preserves_empty_fields_and_clears_array ... ok
linux-portability (ubuntu-24.04)	Native portability gate (debug and release)	2026-09-20T11:46:51.9422450Z test substitutions_report_count_not_changed_text ... ok
linux-portability (ubuntu-24.04)	Native portability gate (debug and release)	2026-09-20T11:46:51.9422743Z 
linux-portability (ubuntu-24.04)	Native portability gate (debug and release)	2026-09-20T11:46:51.9423265Z test result: ok. 6 passed; 0 failed; 0 ignored; 0 measured; 0 filtered out; finished in 0.01s
linux-portability (ubuntu-24.04)	Native portability gate (debug and release)	2026-09-20T11:46:51.9424111Z 
linux-portability (ubuntu-24.04)	Native portability gate (debug and release)	2026-09-20T11:46:51.9425287Z      Running tests/driver_regressions.rs (target/release/deps/driver_regressions-4f12b4c2692c1594)
linux-portability (ubuntu-24.04)	Native portability gate (debug and release)	2026-09-20T11:46:51.9434894Z 
linux-portability (ubuntu-24.04)	Native portability gate (debug and release)	2026-09-20T11:46:51.9435103Z running 6 tests
linux-portability (ubuntu-24.04)	Native portability gate (debug and release)	2026-09-20T11:46:51.9527073Z test multifile_syntax_error_names_offending_source ... ok
linux-portability (ubuntu-24.04)	Native portability gate (debug and release)	2026-09-20T11:46:51.9573300Z test field_index_beyond_reference_integer_range_is_an_error ... ok
linux-portability (ubuntu-24.04)	Native portability gate (debug and release)	2026-09-20T11:46:51.9574875Z test getline_comparison_is_not_part_of_filename ... ok
linux-portability (ubuntu-24.04)	Native portability gate (debug and release)	2026-09-20T11:46:51.9697586Z test invalid_function_parameters_are_errors_before_execution ... ok
linux-portability (ubuntu-24.04)	Native portability gate (debug and release)	2026-09-20T11:46:51.9845162Z test redirected_stdin_shares_buffer_with_main_input ... ok
linux-portability (ubuntu-24.04)	Native portability gate (debug and release)	2026-09-20T11:46:51.9943770Z test stdin_program_and_empty_statements ... ok
linux-portability (ubuntu-24.04)	Native portability gate (debug and release)	2026-09-20T11:46:51.9944266Z 
linux-portability (ubuntu-24.04)	Native portability gate (debug and release)	2026-09-20T11:46:51.9944873Z test result: ok. 6 passed; 0 failed; 0 ignored; 0 measured; 0 filtered out; finished in 0.05s
linux-portability (ubuntu-24.04)	Native portability gate (debug and release)	2026-09-20T11:46:51.9945477Z 
linux-portability (ubuntu-24.04)	Native portability gate (debug and release)	2026-09-20T11:46:51.9947078Z      Running tests/dynamic_format.rs (target/release/deps/dynamic_format-9a95eacbb0d1f803)
linux-portability (ubuntu-24.04)	Native portability gate (debug and release)	2026-09-20T11:46:51.9957021Z 
linux-portability (ubuntu-24.04)	Native portability gate (debug and release)	2026-09-20T11:46:51.9957195Z running 8 tests
linux-portability (ubuntu-24.04)	Native portability gate (debug and release)	2026-09-20T11:46:52.0091368Z test missing_star_arguments_are_errors ... ok
linux-portability (ubuntu-24.04)	Native portability gate (debug and release)	2026-09-20T11:46:52.0163656Z test negative_precision_keeps_binary_and_multibyte_paths ... ok
linux-portability (ubuntu-24.04)	Native portability gate (debug and release)	2026-09-20T11:46:52.0294924Z test string_and_literal_range_errors_do_not_discard_arithmetic_subnormals ... ok
linux-portability (ubuntu-24.04)	Native portability gate (debug and release)	2026-09-20T11:46:52.1566433Z test unsigned_conversion_matches_native_oracle ... ok
linux-portability (ubuntu-24.04)	Native portability gate (debug and release)	2026-09-20T11:46:52.1817575Z test zero_padded_strings_match_native_oracle ... ok
linux-portability (ubuntu-24.04)	Native portability gate (debug and release)	2026-09-20T11:46:52.6877708Z test dynamic_width_precision_and_consumption ... ok
linux-portability (ubuntu-24.04)	Native portability gate (debug and release)	2026-09-20T11:46:54.0045381Z test integer_flags_precision_and_signs ... ok
linux-portability (ubuntu-24.04)	Native portability gate (debug and release)	2026-09-20T11:46:54.5927089Z test negative_dynamic_precision_preserves_flags_and_argument_consumption ... ok
linux-portability (ubuntu-24.04)	Native portability gate (debug and release)	2026-09-20T11:46:54.5927583Z 
linux-portability (ubuntu-24.04)	Native portability gate (debug and release)	2026-09-20T11:46:54.5928206Z test result: ok. 8 passed; 0 failed; 0 ignored; 0 measured; 0 filtered out; finished in 2.60s
linux-portability (ubuntu-24.04)	Native portability gate (debug and release)	2026-09-20T11:46:54.5928853Z 
linux-portability (ubuntu-24.04)	Native portability gate (debug and release)	2026-09-20T11:46:54.5929279Z      Running tests/harness.rs (target/release/deps/harness-b4a86596c0b64263)
linux-portability (ubuntu-24.04)	Native portability gate (debug and release)	2026-09-20T11:46:54.5939110Z 
linux-portability (ubuntu-24.04)	Native portability gate (debug and release)	2026-09-20T11:46:54.5939334Z running 5 tests
linux-portability (ubuntu-24.04)	Native portability gate (debug and release)	2026-09-20T11:46:54.5966313Z test annotation_does_not_accept_new_failures ... ok
linux-portability (ubuntu-24.04)	Native portability gate (debug and release)	2026-09-20T11:46:54.5969474Z test preserves_bytes_whitespace_and_status ... ok
linux-portability (ubuntu-24.04)	Native portability gate (debug and release)	2026-09-20T11:46:54.6024843Z test aggregate_gate_reports_an_intermediate_failure ... ok
linux-portability (ubuntu-24.04)	Native portability gate (debug and release)	2026-09-20T11:46:54.6071445Z test each_run_has_a_fresh_directory ... ok
linux-portability (ubuntu-24.04)	Native portability gate (debug and release)	2026-09-20T11:46:55.0286221Z test timeout_kills_descendants ... ok
linux-portability (ubuntu-24.04)	Native portability gate (debug and release)	2026-09-20T11:46:55.0286605Z 
linux-portability (ubuntu-24.04)	Native portability gate (debug and release)	2026-09-20T11:46:55.0286932Z test result: ok. 5 passed; 0 failed; 0 ignored; 0 measured; 0 filtered out; finished in 0.43s
linux-portability (ubuntu-24.04)	Native portability gate (debug and release)	2026-09-20T11:46:55.0287390Z 
linux-portability (ubuntu-24.04)	Native portability gate (debug and release)	2026-09-20T11:46:55.0289640Z      Running tests/input_contract.rs (target/release/deps/input_contract-3eac677d339987f7)
linux-portability (ubuntu-24.04)	Native portability gate (debug and release)	2026-09-20T11:46:55.0302064Z 
linux-portability (ubuntu-24.04)	Native portability gate (debug and release)	2026-09-20T11:46:55.0302247Z running 5 tests
linux-portability (ubuntu-24.04)	Native portability gate (debug and release)	2026-09-20T11:46:55.0370031Z test getline_uses_main_stream_and_counts_every_read ... ok
linux-portability (ubuntu-24.04)	Native portability gate (debug and release)	2026-09-20T11:46:55.0372468Z test file_getline_and_interleaved_assignments ... ok
linux-portability (ubuntu-24.04)	Native portability gate (debug and release)	2026-09-20T11:46:55.0373114Z test missing_getline_file_is_an_error_not_eof ... ok
linux-portability (ubuntu-24.04)	Native portability gate (debug and release)	2026-09-20T11:46:55.0385995Z test rewriting_record_does_not_count_a_read ... ok
linux-portability (ubuntu-24.04)	Native portability gate (debug and release)	2026-09-20T11:46:55.0434473Z test rs_changes_apply_to_unconsumed_input ... ok
linux-portability (ubuntu-24.04)	Native portability gate (debug and release)	2026-09-20T11:46:55.0434735Z 
linux-portability (ubuntu-24.04)	Native portability gate (debug and release)	2026-09-20T11:46:55.0435072Z test result: ok. 5 passed; 0 failed; 0 ignored; 0 measured; 0 filtered out; finished in 0.01s
linux-portability (ubuntu-24.04)	Native portability gate (debug and release)	2026-09-20T11:46:55.0435692Z 
linux-portability (ubuntu-24.04)	Native portability gate (debug and release)	2026-09-20T11:46:55.0437138Z      Running tests/language_contract.rs (target/release/deps/language_contract-e7a125480e4e2230)
linux-portability (ubuntu-24.04)	Native portability gate (debug and release)	2026-09-20T11:46:55.0447261Z 
linux-portability (ubuntu-24.04)	Native portability gate (debug and release)	2026-09-20T11:46:55.0447528Z running 7 tests
linux-portability (ubuntu-24.04)	Native portability gate (debug and release)	2026-09-20T11:46:55.0518240Z test array_parameters_are_references ... ok
linux-portability (ubuntu-24.04)	Native portability gate (debug and release)	2026-09-20T11:46:55.0519144Z test array_reads_create_entries ... ok
linux-portability (ubuntu-24.04)	Native portability gate (debug and release)	2026-09-20T11:46:55.0519934Z test convfmt_is_used_for_comparisons_fields_and_keys ... ok
linux-portability (ubuntu-24.04)	Native portability gate (debug and release)	2026-09-20T11:46:55.0527731Z test expressions_and_escapes ... ok
linux-portability (ubuntu-24.04)	Native portability gate (debug and release)	2026-09-20T11:46:55.0582774Z test numeric_and_string_values_keep_their_types ... ok
linux-portability (ubuntu-24.04)	Native portability gate (debug and release)	2026-09-20T11:46:55.0586762Z test range_patterns_and_empty_actions ... ok
linux-portability (ubuntu-24.04)	Native portability gate (debug and release)	2026-09-20T11:46:55.0597684Z test lvalue_indices_are_evaluated_once ... ok
linux-portability (ubuntu-24.04)	Native portability gate (debug and release)	2026-09-20T11:46:55.0598446Z 
linux-portability (ubuntu-24.04)	Native portability gate (debug and release)	2026-09-20T11:46:55.0598866Z test result: ok. 7 passed; 0 failed; 0 ignored; 0 measured; 0 filtered out; finished in 0.02s
linux-portability (ubuntu-24.04)	Native portability gate (debug and release)	2026-09-20T11:46:55.0599300Z 
linux-portability (ubuntu-24.04)	Native portability gate (debug and release)	2026-09-20T11:46:55.0600284Z      Running tests/legacy_locale.rs (target/release/deps/legacy_locale-e731d4d7581709ac)
linux-portability (ubuntu-24.04)	Native portability gate (debug and release)	2026-09-20T11:46:55.0609939Z 
linux-portability (ubuntu-24.04)	Native portability gate (debug and release)	2026-09-20T11:46:55.0610211Z running 6 tests
linux-portability (ubuntu-24.04)	Native portability gate (debug and release)	2026-09-20T11:46:55.0879935Z test every_nonzero_byte_case_conversion_matches_c ... ok
linux-portability (ubuntu-24.04)	Native portability gate (debug and release)	2026-09-20T11:46:55.0881213Z test byte_positions_ranges_splits_and_substitution_match_c ... ok
linux-portability (ubuntu-24.04)	Native portability gate (debug and release)	2026-09-20T11:46:55.1019391Z test nul_preservation_remains_an_explicit_rust_extension ... ok
linux-portability (ubuntu-24.04)	Native portability gate (debug and release)	2026-09-20T11:46:55.1102705Z test legacy_locale_selection_obeys_precedence_and_is_fixed_at_startup ... ok
linux-portability (ubuntu-24.04)	Native portability gate (debug and release)	2026-09-20T11:46:55.1108199Z test required_single_byte_locales_are_active ... ok
linux-portability (ubuntu-24.04)	Native portability gate (debug and release)	2026-09-20T11:46:55.3570641Z test every_nonzero_byte_in_each_posix_class_matches_c ... ok
linux-portability (ubuntu-24.04)	Native portability gate (debug and release)	2026-09-20T11:46:55.3571131Z 
linux-portability (ubuntu-24.04)	Native portability gate (debug and release)	2026-09-20T11:46:55.3571398Z test result: ok. 6 passed; 0 failed; 0 ignored; 0 measured; 0 filtered out; finished in 0.30s
linux-portability (ubuntu-24.04)	Native portability gate (debug and release)	2026-09-20T11:46:55.3571896Z 
linux-portability (ubuntu-24.04)	Native portability gate (debug and release)	2026-09-20T11:46:55.3572353Z      Running tests/runtime_contract.rs (target/release/deps/runtime_contract-a5b4f21c7a931b2a)
linux-portability (ubuntu-24.04)	Native portability gate (debug and release)	2026-09-20T11:46:55.3582465Z 
linux-portability (ubuntu-24.04)	Native portability gate (debug and release)	2026-09-20T11:46:55.3582646Z running 3 tests
linux-portability (ubuntu-24.04)	Native portability gate (debug and release)	2026-09-20T11:46:55.3648935Z test exit_executes_end_and_interrupts_expressions ... ok
linux-portability (ubuntu-24.04)	Native portability gate (debug and release)	2026-09-20T11:46:55.3650384Z test short_circuit_preserves_side_effects ... ok
linux-portability (ubuntu-24.04)	Native portability gate (debug and release)	2026-09-20T11:46:55.3654712Z test return_escapes_all_loop_forms ... ok
linux-portability (ubuntu-24.04)	Native portability gate (debug and release)	2026-09-20T11:46:55.3655067Z 
linux-portability (ubuntu-24.04)	Native portability gate (debug and release)	2026-09-20T11:46:55.3655536Z test result: ok. 3 passed; 0 failed; 0 ignored; 0 measured; 0 filtered out; finished in 0.01s
linux-portability (ubuntu-24.04)	Native portability gate (debug and release)	2026-09-20T11:46:55.3656097Z 
linux-portability (ubuntu-24.04)	Native portability gate (debug and release)	2026-09-20T11:46:55.3657146Z      Running tests/shift_jis.rs (target/release/deps/shift_jis-0d442740585f01dd)
linux-portability (ubuntu-24.04)	Native portability gate (debug and release)	2026-09-20T11:46:55.3666279Z 
linux-portability (ubuntu-24.04)	Native portability gate (debug and release)	2026-09-20T11:46:55.3666449Z running 11 tests
linux-portability (ubuntu-24.04)	Native portability gate (debug and release)	2026-09-20T11:46:55.3798244Z test conversion_failure_preserves_atomic_print_contract ... ok
linux-portability (ubuntu-24.04)	Native portability gate (debug and release)	2026-09-20T11:46:55.3818619Z test embedded_nul_preserves_the_rust_binary_extension ... ok
linux-portability (ubuntu-24.04)	Native portability gate (debug and release)	2026-09-20T11:46:55.3928865Z test regex_rs_with_three_or_four_byte_structural_units_matches_c ... ok
linux-portability (ubuntu-24.04)	Native portability gate (debug and release)	2026-09-20T11:46:55.4055289Z test required_sjis_locale_has_observable_case_mapping ... ok
linux-portability (ubuntu-24.04)	Native portability gate (debug and release)	2026-09-20T11:46:55.4585484Z test record_separators_and_locale_precedence_match_c ... ok
linux-portability (ubuntu-24.04)	Native portability gate (debug and release)	2026-09-20T11:46:55.4712424Z test streaming_rs_keeps_binary_data_distinct_from_eof ... ok
linux-portability (ubuntu-24.04)	Native portability gate (debug and release)	2026-09-20T11:46:55.6024858Z test regex_rs_sjis_refill_across_input_buffers_and_getline_matches_c ... ok
linux-portability (ubuntu-24.04)	Native portability gate (debug and release)	2026-09-20T11:46:55.6600593Z test structural_units_regex_fields_and_formatting_match_c ... ok
linux-portability (ubuntu-24.04)	Native portability gate (debug and release)	2026-09-20T11:46:55.7397127Z test valid_case_conversion_and_truncated_suffixes_match_c ... ok
linux-portability (ubuntu-24.04)	Native portability gate (debug and release)	2026-09-20T11:46:57.5899909Z test regex_rs_refill_restart_longest_and_anchors_match_c ... ok
linux-portability (ubuntu-24.04)	Native portability gate (debug and release)	2026-09-20T11:47:04.6383089Z test single_bytes_and_lead_trail_boundaries_match_c ... ok
linux-portability (ubuntu-24.04)	Native portability gate (debug and release)	2026-09-20T11:47:04.6383498Z 
linux-portability (ubuntu-24.04)	Native portability gate (debug and release)	2026-09-20T11:47:04.6383852Z test result: ok. 11 passed; 0 failed; 0 ignored; 0 measured; 0 filtered out; finished in 9.27s
linux-portability (ubuntu-24.04)	Native portability gate (debug and release)	2026-09-20T11:47:04.6384398Z 
linux-portability (ubuntu-24.04)	Native portability gate (debug and release)	2026-09-20T11:47:04.6385737Z      Running tests/unicode_contract.rs (target/release/deps/unicode_contract-697b81754c79b22b)
linux-portability (ubuntu-24.04)	Native portability gate (debug and release)	2026-09-20T11:47:04.6395844Z 
linux-portability (ubuntu-24.04)	Native portability gate (debug and release)	2026-09-20T11:47:04.6396071Z running 10 tests
linux-portability (ubuntu-24.04)	Native portability gate (debug and release)	2026-09-20T11:47:04.6559275Z test binary_nul_extension_and_case_conversion_errors ... ok
linux-portability (ubuntu-24.04)	Native portability gate (debug and release)	2026-09-20T11:47:04.6762553Z test repeated_matches_and_index_inside_a_multibyte_unit ... ok
linux-portability (ubuntu-24.04)	Native portability gate (debug and release)	2026-09-20T11:47:04.7145600Z test required_locales_are_active_in_both_interpreters ... ok
linux-portability (ubuntu-24.04)	Native portability gate (debug and release)	2026-09-20T11:47:04.7441202Z test locale_precedence_and_character_operations ... ok
linux-portability (ubuntu-24.04)	Native portability gate (debug and release)	2026-09-20T11:47:04.7682349Z test boolean_regex_search_preserves_rune_alignment_and_empty_matches ... ok
linux-portability (ubuntu-24.04)	Native portability gate (debug and release)	2026-09-20T11:47:04.7703420Z test unicode_formatting_and_source_escapes ... ok
linux-portability (ubuntu-24.04)	Native portability gate (debug and release)	2026-09-20T11:47:04.8199954Z test utf8_record_separators_across_buffers ... ok
linux-portability (ubuntu-24.04)	Native portability gate (debug and release)	2026-09-20T11:47:04.8355186Z test utf8_regex_empty_matches_and_mixed_bytes ... ok
linux-portability (ubuntu-24.04)	Native portability gate (debug and release)	2026-09-20T11:47:04.8559727Z test unicode_classes_ranges_and_anchors ... ok
linux-portability (ubuntu-24.04)	Native portability gate (debug and release)	2026-09-20T11:47:06.6572026Z test original_utf8_drivers ... ok
linux-portability (ubuntu-24.04)	Native portability gate (debug and release)	2026-09-20T11:47:06.6572467Z 
linux-portability (ubuntu-24.04)	Native portability gate (debug and release)	2026-09-20T11:47:06.6572815Z test result: ok. 10 passed; 0 failed; 0 ignored; 0 measured; 0 filtered out; finished in 2.02s
linux-portability (ubuntu-24.04)	Native portability gate (debug and release)	2026-09-20T11:47:06.6573296Z 
linux-portability (ubuntu-24.04)	Compare all native libc-valid Shift-JIS pairs	﻿2026-09-20T11:47:06.6644652Z ##[group]Run python3 scripts/shift_jis_platform_probe.py --output diary/shift-jis-platform-ci.json
linux-portability (ubuntu-24.04)	Compare all native libc-valid Shift-JIS pairs	2026-09-20T11:47:06.6645395Z [36;1mpython3 scripts/shift_jis_platform_probe.py --output diary/shift-jis-platform-ci.json[0m
linux-portability (ubuntu-24.04)	Compare all native libc-valid Shift-JIS pairs	2026-09-20T11:47:06.6681241Z shell: /usr/bin/bash -e {0}
linux-portability (ubuntu-24.04)	Compare all native libc-valid Shift-JIS pairs	2026-09-20T11:47:06.6681501Z env:
linux-portability (ubuntu-24.04)	Compare all native libc-valid Shift-JIS pairs	2026-09-20T11:47:06.6681682Z   LC_ALL: C
linux-portability (ubuntu-24.04)	Compare all native libc-valid Shift-JIS pairs	2026-09-20T11:47:06.6681878Z   CARGO_INCREMENTAL: 0
linux-portability (ubuntu-24.04)	Compare all native libc-valid Shift-JIS pairs	2026-09-20T11:47:06.6682112Z   RUSTUP_TOOLCHAIN: 1.96.0
linux-portability (ubuntu-24.04)	Compare all native libc-valid Shift-JIS pairs	2026-09-20T11:47:06.6682347Z ##[endgroup]
linux-portability (ubuntu-24.04)	Compare all native libc-valid Shift-JIS pairs	2026-09-20T11:47:06.7949798Z 6879 libc-valid double-byte pairs: upper/lower FAIL
linux-portability (ubuntu-24.04)	Compare all native libc-valid Shift-JIS pairs	2026-09-20T11:47:06.8033081Z ##[error]Process completed with exit code 1.
linux-portability (ubuntu-24.04)	Inventory original drivers on this platform	﻿2026-09-20T11:47:06.8135859Z ##[group]Run python3 scripts/full_driver_audit.py --output diary/linux-driver-results-ci.json
linux-portability (ubuntu-24.04)	Inventory original drivers on this platform	2026-09-20T11:47:06.8136581Z [36;1mpython3 scripts/full_driver_audit.py --output diary/linux-driver-results-ci.json[0m
linux-portability (ubuntu-24.04)	Inventory original drivers on this platform	2026-09-20T11:47:06.8175724Z shell: /usr/bin/bash -e {0}
linux-portability (ubuntu-24.04)	Inventory original drivers on this platform	2026-09-20T11:47:06.8175991Z env:
linux-portability (ubuntu-24.04)	Inventory original drivers on this platform	2026-09-20T11:47:06.8176179Z   LC_ALL: C
linux-portability (ubuntu-24.04)	Inventory original drivers on this platform	2026-09-20T11:47:06.8176377Z   CARGO_INCREMENTAL: 0
linux-portability (ubuntu-24.04)	Inventory original drivers on this platform	2026-09-20T11:47:06.8176609Z   RUSTUP_TOOLCHAIN: 1.96.0
linux-portability (ubuntu-24.04)	Inventory original drivers on this platform	2026-09-20T11:47:06.8176841Z ##[endgroup]
linux-portability (ubuntu-24.04)	Inventory original drivers on this platform	2026-09-20T11:47:07.0849074Z T.-f-f pass 
linux-portability (ubuntu-24.04)	Inventory original drivers on this platform	2026-09-20T11:47:07.3350197Z T.argv pass 
linux-portability (ubuntu-24.04)	Inventory original drivers on this platform	2026-09-20T11:47:07.7842151Z T.arnold pass 
linux-portability (ubuntu-24.04)	Inventory original drivers on this platform	2026-09-20T11:47:08.5415480Z T.beebe open 
linux-portability (ubuntu-24.04)	Inventory original drivers on this platform	2026-09-20T11:47:08.7583168Z T.builtin open BAD: T.builtin (rand)
linux-portability (ubuntu-24.04)	Inventory original drivers on this platform	2026-09-20T11:47:09.0901049Z T.chem pass 
linux-portability (ubuntu-24.04)	Inventory original drivers on this platform	2026-09-20T11:47:09.4414033Z T.close pass 
linux-portability (ubuntu-24.04)	Inventory original drivers on this platform	2026-09-20T11:47:09.7262033Z T.clv pass 
linux-portability (ubuntu-24.04)	Inventory original drivers on this platform	2026-09-20T11:47:09.9105338Z T.csconcat pass 
linux-portability (ubuntu-24.04)	Inventory original drivers on this platform	2026-09-20T11:47:10.2342302Z T.csv pass 
linux-portability (ubuntu-24.04)	Inventory original drivers on this platform	2026-09-20T11:47:10.4174628Z T.delete pass 
linux-portability (ubuntu-24.04)	Inventory original drivers on this platform	2026-09-20T11:47:10.8104284Z T.errmsg reference-failure BAD: illegal primary in regular expression failed BAD: illegal break, continue, next or nextfile from BEGIN failed BAD: illegal break, continue, next or nextfile from END failed BAD: nextfile is illegal inside a function failed BAD: nonterminated character class failed BAD: nonterminated character class failed BAD: nonterminated character cl
linux-portability (ubuntu-24.04)	Inventory original drivers on this platform	2026-09-20T11:47:11.6861761Z T.expr pass 
linux-portability (ubuntu-24.04)	Inventory original drivers on this platform	2026-09-20T11:47:11.8681676Z T.exprconv pass 
linux-portability (ubuntu-24.04)	Inventory original drivers on this platform	2026-09-20T11:47:12.0774487Z T.flags open T.flags: bad no program T.flags: bad can.t open program T.flags: bad can.t open program 2 T.flags: bad missing field separator
linux-portability (ubuntu-24.04)	Inventory original drivers on this platform	2026-09-20T11:47:12.4568687Z T.func pass 
linux-portability (ubuntu-24.04)	Inventory original drivers on this platform	2026-09-20T11:47:13.6006820Z T.gawk pass 
linux-portability (ubuntu-24.04)	Inventory original drivers on this platform	2026-09-20T11:47:13.8274700Z T.getline pass 
linux-portability (ubuntu-24.04)	Inventory original drivers on this platform	2026-09-20T11:47:14.0185700Z T.int-expr pass 
linux-portability (ubuntu-24.04)	Inventory original drivers on this platform	2026-09-20T11:47:14.2264385Z T.latin1 pass 
linux-portability (ubuntu-24.04)	Inventory original drivers on this platform	2026-09-20T11:47:15.1913633Z T.lilly pass 
linux-portability (ubuntu-24.04)	Inventory original drivers on this platform	2026-09-20T11:47:15.3889783Z T.main pass 
linux-portability (ubuntu-24.04)	Inventory original drivers on this platform	2026-09-20T11:47:15.8505348Z T.misc open BAD: T.misc split error BAD: T.misc hello error BAD: T.misc pile error BAD: T.misc gsub banana error BAD: T.misc sub banana error BAD: T.misc lineno BAD: T.misc can't open BAD: T.misc continuation line number BAD: T.misc syntax error line number �BAD: T.misc escape sequences in strings mishandled BAD: T.misc fcn args BAD: T.misc undefine
linux-portability (ubuntu-24.04)	Inventory original drivers on this platform	2026-09-20T11:47:16.2252155Z T.nextfile pass 
linux-portability (ubuntu-24.04)	Inventory original drivers on this platform	2026-09-20T11:47:16.8569810Z T.overflow pass 
linux-portability (ubuntu-24.04)	Inventory original drivers on this platform	2026-09-20T11:47:18.1057390Z T.re pass 
linux-portability (ubuntu-24.04)	Inventory original drivers on this platform	2026-09-20T11:47:18.2980612Z T.recache pass 
linux-portability (ubuntu-24.04)	Inventory original drivers on this platform	2026-09-20T11:47:18.5183264Z T.redir pass 
linux-portability (ubuntu-24.04)	Inventory original drivers on this platform	2026-09-20T11:47:18.7723733Z T.split pass 
linux-portability (ubuntu-24.04)	Inventory original drivers on this platform	2026-09-20T11:47:19.4875781Z T.sub pass 
linux-portability (ubuntu-24.04)	Inventory original drivers on this platform	2026-09-20T11:47:19.6807865Z T.system pass 
linux-portability (ubuntu-24.04)	Inventory original drivers on this platform	2026-09-20T11:47:20.5380457Z T.utf reference-failure test 1.3 failed test 1.4 failed test 1.5 failed test 1.6 failed test 1.7 failed test 1.8 failed test 1.9 failed test 1.10 failed test 1.11 failed test 1.12 failed test 1.13 failed test 1.14 failed test 1.15 failed test 1.16 failed test 1.17 failed test 1.18 failed test 1.19 failed test 1.20 failed test 1.21 fail
linux-portability (ubuntu-24.04)	Inventory original drivers on this platform	2026-09-20T11:47:21.4174624Z T.utfre reference-failure 43 fails ^λ.$ ~ λλ 51 fails ^.해 ~ め해 52 fails ^.해 ~ め해해 64 fails 해* ~  68 fails 해* ~ めめめめ 69 fails 해해* ~ 해 71 fails 해해* ~ め해 84 fails xθ+y ~ xθθy 85 fails xθ+y ~ xθθθθθθy 89 fails xθ?y ~ xy 92 fails θ?b?の? ~  93 fails θ?b?の? ~ x 106 fails [Α-Ω] !~ β 108 fails [^Α-Ω] ~ δ 119 fails [Α-ΔΦ-Ω] !~ Π 120 fails [Α-ΔΦ-Ω] !~ Σ
linux-portability (ubuntu-24.04)	Retain platform evidence	﻿2026-09-20T11:47:21.4340166Z Node 20 is being deprecated. This workflow is running with Node 24 by default. If you need to temporarily use Node 20, you can set the ACTIONS_ALLOW_USE_UNSECURE_NODE_VERSION=true environment variable. For more information see: https://github.blog/changelog/2025-09-19-deprecation-of-node-20-on-github-actions-runners/
linux-portability (ubuntu-24.04)	Retain platform evidence	2026-09-20T11:47:21.4342301Z ##[group]Run actions/upload-artifact@ea165f8d65b6e75b540449e92b4886f43607fa02
linux-portability (ubuntu-24.04)	Retain platform evidence	2026-09-20T11:47:21.4342736Z with:
linux-portability (ubuntu-24.04)	Retain platform evidence	2026-09-20T11:47:21.4342948Z   name: portability-ubuntu-24.04
linux-portability (ubuntu-24.04)	Retain platform evidence	2026-09-20T11:47:21.4343733Z   path: rawk/diary/shift-jis-platform-ci.json
linux-portability (ubuntu-24.04)	Retain platform evidence	rawk/diary/shift-jis-locale-ci.log
linux-portability (ubuntu-24.04)	Retain platform evidence	rawk/diary/format-platform-ci.json
linux-portability (ubuntu-24.04)	Retain platform evidence	rawk/diary/portability-ci.log
linux-portability (ubuntu-24.04)	Retain platform evidence	rawk/diary/linux-driver-results-ci.json
linux-portability (ubuntu-24.04)	Retain platform evidence	
linux-portability (ubuntu-24.04)	Retain platform evidence	2026-09-20T11:47:21.4344536Z   if-no-files-found: error
linux-portability (ubuntu-24.04)	Retain platform evidence	2026-09-20T11:47:21.4344769Z   compression-level: 6
linux-portability (ubuntu-24.04)	Retain platform evidence	2026-09-20T11:47:21.4344983Z   overwrite: false
linux-portability (ubuntu-24.04)	Retain platform evidence	2026-09-20T11:47:21.4345196Z   include-hidden-files: false
linux-portability (ubuntu-24.04)	Retain platform evidence	2026-09-20T11:47:21.4345424Z env:
linux-portability (ubuntu-24.04)	Retain platform evidence	2026-09-20T11:47:21.4345607Z   LC_ALL: C
linux-portability (ubuntu-24.04)	Retain platform evidence	2026-09-20T11:47:21.4345828Z   CARGO_INCREMENTAL: 0
linux-portability (ubuntu-24.04)	Retain platform evidence	2026-09-20T11:47:21.4346042Z   RUSTUP_TOOLCHAIN: 1.96.0
linux-portability (ubuntu-24.04)	Retain platform evidence	2026-09-20T11:47:21.4346264Z ##[endgroup]
linux-portability (ubuntu-24.04)	Retain platform evidence	2026-09-20T11:47:21.6072507Z (node:35057) [DEP0040] DeprecationWarning: The `punycode` module is deprecated. Please use a userland alternative instead.
linux-portability (ubuntu-24.04)	Retain platform evidence	2026-09-20T11:47:21.6073414Z (Use `node --trace-deprecation ...` to show where the warning was created)
linux-portability (ubuntu-24.04)	Retain platform evidence	2026-09-20T11:47:21.6180980Z Multiple search paths detected. Calculating the least common ancestor of all paths
linux-portability (ubuntu-24.04)	Retain platform evidence	2026-09-20T11:47:21.6183363Z The least common ancestor is /home/runner/work/rawk/rawk/rawk/diary. This will be the root directory of the artifact
linux-portability (ubuntu-24.04)	Retain platform evidence	2026-09-20T11:47:21.6184386Z With the provided path, there will be 5 files uploaded
linux-portability (ubuntu-24.04)	Retain platform evidence	2026-09-20T11:47:21.6185196Z Artifact name is valid!
linux-portability (ubuntu-24.04)	Retain platform evidence	2026-09-20T11:47:21.6185591Z Root directory input is valid!
linux-portability (ubuntu-24.04)	Retain platform evidence	2026-09-20T11:47:21.8291267Z Beginning upload of artifact content to blob storage
linux-portability (ubuntu-24.04)	Retain platform evidence	2026-09-20T11:47:21.8583588Z (node:35057) [DEP0169] DeprecationWarning: `url.parse()` behavior is not standardized and prone to errors that have security implications. Use the WHATWG URL API instead. CVEs are not issued for `url.parse()` vulnerabilities.
linux-portability (ubuntu-24.04)	Retain platform evidence	2026-09-20T11:47:21.8839094Z Uploaded bytes 18643
linux-portability (ubuntu-24.04)	Retain platform evidence	2026-09-20T11:47:21.8983145Z Finished uploading artifact content to blob storage!
linux-portability (ubuntu-24.04)	Retain platform evidence	2026-09-20T11:47:21.8983965Z SHA256 digest of uploaded artifact zip is d8ee67de386f0b469e0f2713d9763889977e3a97dc2afdbc2920c12f9e5514c5
linux-portability (ubuntu-24.04)	Retain platform evidence	2026-09-20T11:47:21.8985895Z Finalizing artifact upload
linux-portability (ubuntu-24.04)	Retain platform evidence	2026-09-20T11:47:22.1048467Z Artifact portability-ubuntu-24.04.zip successfully finalized. Artifact ID 10604418728
linux-portability (ubuntu-24.04)	Retain platform evidence	2026-09-20T11:47:22.1049924Z Artifact portability-ubuntu-24.04 has been successfully uploaded! Final size is 18643 bytes. Artifact ID is 10604418728
linux-portability (ubuntu-24.04)	Retain platform evidence	2026-09-20T11:47:22.1055501Z Artifact download URL: https://github.com/francescotinti/rawk/actions/runs/35508673531/artifacts/10604418728
linux-portability (ubuntu-24.04)	Post Run actions/checkout@11bd71901bbe5b1630ceea73d27597364c9af683	﻿2026-09-20T11:47:22.1273940Z Node 20 is being deprecated. This workflow is running with Node 24 by default. If you need to temporarily use Node 20, you can set the ACTIONS_ALLOW_USE_UNSECURE_NODE_VERSION=true environment variable. For more information see: https://github.blog/changelog/2025-09-19-deprecation-of-node-20-on-github-actions-runners/
linux-portability (ubuntu-24.04)	Post Run actions/checkout@11bd71901bbe5b1630ceea73d27597364c9af683	2026-09-20T11:47:22.1275208Z Post job cleanup.
linux-portability (ubuntu-24.04)	Post Run actions/checkout@11bd71901bbe5b1630ceea73d27597364c9af683	2026-09-20T11:47:22.2148335Z [command]/usr/bin/git version
linux-portability (ubuntu-24.04)	Post Run actions/checkout@11bd71901bbe5b1630ceea73d27597364c9af683	2026-09-20T11:47:22.2194324Z git version 2.55.0
linux-portability (ubuntu-24.04)	Post Run actions/checkout@11bd71901bbe5b1630ceea73d27597364c9af683	2026-09-20T11:47:22.2238466Z Temporarily overriding HOME='/home/runner/work/_temp/d18af1f4-7f6e-45e4-b790-58779d46f28f' before making global git config changes
linux-portability (ubuntu-24.04)	Post Run actions/checkout@11bd71901bbe5b1630ceea73d27597364c9af683	2026-09-20T11:47:22.2240182Z Adding repository directory to the temporary git global config as a safe directory
linux-portability (ubuntu-24.04)	Post Run actions/checkout@11bd71901bbe5b1630ceea73d27597364c9af683	2026-09-20T11:47:22.2244961Z [command]/usr/bin/git config --global --add safe.directory /home/runner/work/rawk/rawk/rawk
linux-portability (ubuntu-24.04)	Post Run actions/checkout@11bd71901bbe5b1630ceea73d27597364c9af683	2026-09-20T11:47:22.2285570Z [command]/usr/bin/git config --local --name-only --get-regexp core\.sshCommand
linux-portability (ubuntu-24.04)	Post Run actions/checkout@11bd71901bbe5b1630ceea73d27597364c9af683	2026-09-20T11:47:22.2319605Z [command]/usr/bin/git submodule foreach --recursive sh -c "git config --local --name-only --get-regexp 'core\.sshCommand' && git config --local --unset-all 'core.sshCommand' || :"
linux-portability (ubuntu-24.04)	Post Run actions/checkout@11bd71901bbe5b1630ceea73d27597364c9af683	2026-09-20T11:47:22.2553559Z [command]/usr/bin/git config --local --name-only --get-regexp http\.https\:\/\/github\.com\/\.extraheader
linux-portability (ubuntu-24.04)	Post Run actions/checkout@11bd71901bbe5b1630ceea73d27597364c9af683	2026-09-20T11:47:22.2583614Z http.https://github.com/.extraheader
linux-portability (ubuntu-24.04)	Post Run actions/checkout@11bd71901bbe5b1630ceea73d27597364c9af683	2026-09-20T11:47:22.2596819Z [command]/usr/bin/git config --local --unset-all http.https://github.com/.extraheader
linux-portability (ubuntu-24.04)	Post Run actions/checkout@11bd71901bbe5b1630ceea73d27597364c9af683	2026-09-20T11:47:22.2632093Z [command]/usr/bin/git submodule foreach --recursive sh -c "git config --local --name-only --get-regexp 'http\.https\:\/\/github\.com\/\.extraheader' && git config --local --unset-all 'http.https://github.com/.extraheader' || :"
linux-portability (ubuntu-24.04)	Complete job	﻿2026-09-20T11:47:22.2988352Z Cleaning up orphan processes
linux-portability (ubuntu-24.04)	Complete job	2026-09-20T11:47:22.3619115Z ##[warning]Node.js 20 is deprecated. The following actions target Node.js 20 but are being forced to run on Node.js 24: actions/checkout@11bd71901bbe5b1630ceea73d27597364c9af683, actions/upload-artifact@ea165f8d65b6e75b540449e92b4886f43607fa02. For more information see: https://github.blog/changelog/2025-09-19-deprecation-of-node-20-on-github-actions-runners/
compatibility	Set up job	﻿2026-09-20T11:44:44.8379820Z Current runner version: '2.337.0'
compatibility	Set up job	2026-09-20T11:44:44.8394740Z ##[group]Runner Image Provisioner
compatibility	Set up job	2026-09-20T11:44:44.8395310Z Hosted Compute Agent
compatibility	Set up job	2026-09-20T11:44:44.8395700Z Version: 20260828.587
compatibility	Set up job	2026-09-20T11:44:44.8396110Z Commit: abac92662cab4cc7352de4f9f9d2e2419aad9c29
compatibility	Set up job	2026-09-20T11:44:44.8396600Z Build Date: 2026-08-28T16:44:25Z
compatibility	Set up job	2026-09-20T11:44:44.8397050Z Worker ID: {5a2f7e77-ee94-4b8e-b8fe-3ca597f60748}
compatibility	Set up job	2026-09-20T11:44:44.8397530Z Azure Region: westus
compatibility	Set up job	2026-09-20T11:44:44.8397900Z ##[endgroup]
compatibility	Set up job	2026-09-20T11:44:44.8398940Z ##[group]Operating System
compatibility	Set up job	2026-09-20T11:44:44.8399350Z macOS
compatibility	Set up job	2026-09-20T11:44:44.8399690Z 15.7.9
compatibility	Set up job	2026-09-20T11:44:44.8400030Z 24G830
compatibility	Set up job	2026-09-20T11:44:44.8400370Z ##[endgroup]
compatibility	Set up job	2026-09-20T11:44:44.8400730Z ##[group]Runner Image
compatibility	Set up job	2026-09-20T11:44:44.8401110Z Image: macos-15-arm64
compatibility	Set up job	2026-09-20T11:44:44.8401500Z Version: 20260907.0337.1
compatibility	Set up job	2026-09-20T11:44:44.8402240Z Included Software: https://github.com/actions/runner-images/blob/macos-15-arm64/20260907.0337/images/macos/macos-15-arm64-Readme.md
compatibility	Set up job	2026-09-20T11:44:44.8403380Z Image Release: https://github.com/actions/runner-images/releases/tag/macos-15-arm64%2F20260907.0337
compatibility	Set up job	2026-09-20T11:44:44.8404040Z ##[endgroup]
compatibility	Set up job	2026-09-20T11:44:44.8404780Z ##[group]GITHUB_TOKEN Permissions
compatibility	Set up job	2026-09-20T11:44:44.8405820Z Contents: read
compatibility	Set up job	2026-09-20T11:44:44.8406190Z Metadata: read
compatibility	Set up job	2026-09-20T11:44:44.8406560Z ##[endgroup]
compatibility	Set up job	2026-09-20T11:44:44.8407970Z Secret source: Actions
compatibility	Set up job	2026-09-20T11:44:44.8408570Z Cache mode: write
compatibility	Set up job	2026-09-20T11:44:44.8409000Z Prepare workflow directory
compatibility	Set up job	2026-09-20T11:44:44.8684270Z Prepare all required actions
compatibility	Set up job	2026-09-20T11:44:44.8718880Z Getting action download info
compatibility	Set up job	2026-09-20T11:44:45.0062980Z Download action repository 'actions/checkout@11bd71901bbe5b1630ceea73d27597364c9af683' (SHA:11bd71901bbe5b1630ceea73d27597364c9af683)
compatibility	Set up job	2026-09-20T11:44:45.1981050Z Download action repository 'actions/upload-artifact@ea165f8d65b6e75b540449e92b4886f43607fa02' (SHA:ea165f8d65b6e75b540449e92b4886f43607fa02)
compatibility	Set up job	2026-09-20T11:44:45.3574600Z Complete job name: compatibility
compatibility	Run actions/checkout@11bd71901bbe5b1630ceea73d27597364c9af683	﻿2026-09-20T11:44:45.3961480Z Node 20 is being deprecated. This workflow is running with Node 24 by default. If you need to temporarily use Node 20, you can set the ACTIONS_ALLOW_USE_UNSECURE_NODE_VERSION=true environment variable. For more information see: https://github.blog/changelog/2025-09-19-deprecation-of-node-20-on-github-actions-runners/
compatibility	Run actions/checkout@11bd71901bbe5b1630ceea73d27597364c9af683	2026-09-20T11:44:45.3968970Z ##[group]Run actions/checkout@11bd71901bbe5b1630ceea73d27597364c9af683
compatibility	Run actions/checkout@11bd71901bbe5b1630ceea73d27597364c9af683	2026-09-20T11:44:45.3969630Z with:
compatibility	Run actions/checkout@11bd71901bbe5b1630ceea73d27597364c9af683	2026-09-20T11:44:45.3969950Z   path: rawk
compatibility	Run actions/checkout@11bd71901bbe5b1630ceea73d27597364c9af683	2026-09-20T11:44:45.3970340Z   repository: francescotinti/rawk
compatibility	Run actions/checkout@11bd71901bbe5b1630ceea73d27597364c9af683	2026-09-20T11:44:45.3973190Z   token: ***
compatibility	Run actions/checkout@11bd71901bbe5b1630ceea73d27597364c9af683	2026-09-20T11:44:45.3973520Z   ssh-strict: true
compatibility	Run actions/checkout@11bd71901bbe5b1630ceea73d27597364c9af683	2026-09-20T11:44:45.3973890Z   ssh-user: git
compatibility	Run actions/checkout@11bd71901bbe5b1630ceea73d27597364c9af683	2026-09-20T11:44:45.3974210Z   persist-credentials: true
compatibility	Run actions/checkout@11bd71901bbe5b1630ceea73d27597364c9af683	2026-09-20T11:44:45.3974540Z   clean: true
compatibility	Run actions/checkout@11bd71901bbe5b1630ceea73d27597364c9af683	2026-09-20T11:44:45.3974850Z   sparse-checkout-cone-mode: true
compatibility	Run actions/checkout@11bd71901bbe5b1630ceea73d27597364c9af683	2026-09-20T11:44:45.3975210Z   fetch-depth: 1
compatibility	Run actions/checkout@11bd71901bbe5b1630ceea73d27597364c9af683	2026-09-20T11:44:45.3975500Z   fetch-tags: false
compatibility	Run actions/checkout@11bd71901bbe5b1630ceea73d27597364c9af683	2026-09-20T11:44:45.3975820Z   show-progress: true
compatibility	Run actions/checkout@11bd71901bbe5b1630ceea73d27597364c9af683	2026-09-20T11:44:45.3976170Z   lfs: false
compatibility	Run actions/checkout@11bd71901bbe5b1630ceea73d27597364c9af683	2026-09-20T11:44:45.3976460Z   submodules: false
compatibility	Run actions/checkout@11bd71901bbe5b1630ceea73d27597364c9af683	2026-09-20T11:44:45.3976770Z   set-safe-directory: true
compatibility	Run actions/checkout@11bd71901bbe5b1630ceea73d27597364c9af683	2026-09-20T11:44:45.3977200Z env:
compatibility	Run actions/checkout@11bd71901bbe5b1630ceea73d27597364c9af683	2026-09-20T11:44:45.3977480Z   LC_ALL: C
compatibility	Run actions/checkout@11bd71901bbe5b1630ceea73d27597364c9af683	2026-09-20T11:44:45.3977780Z   CARGO_INCREMENTAL: 0
compatibility	Run actions/checkout@11bd71901bbe5b1630ceea73d27597364c9af683	2026-09-20T11:44:45.3978100Z   RUSTUP_TOOLCHAIN: 1.96.0
compatibility	Run actions/checkout@11bd71901bbe5b1630ceea73d27597364c9af683	2026-09-20T11:44:45.3978430Z ##[endgroup]
compatibility	Run actions/checkout@11bd71901bbe5b1630ceea73d27597364c9af683	2026-09-20T11:44:45.6487590Z Syncing repository: francescotinti/rawk
compatibility	Run actions/checkout@11bd71901bbe5b1630ceea73d27597364c9af683	2026-09-20T11:44:45.6489190Z ##[group]Getting Git version info
compatibility	Run actions/checkout@11bd71901bbe5b1630ceea73d27597364c9af683	2026-09-20T11:44:45.6489730Z Working directory is '/Users/runner/work/rawk/rawk/rawk'
compatibility	Run actions/checkout@11bd71901bbe5b1630ceea73d27597364c9af683	2026-09-20T11:44:45.6490470Z [command]/opt/homebrew/bin/git version
compatibility	Run actions/checkout@11bd71901bbe5b1630ceea73d27597364c9af683	2026-09-20T11:44:45.6975810Z git version 2.55.0
compatibility	Run actions/checkout@11bd71901bbe5b1630ceea73d27597364c9af683	2026-09-20T11:44:45.6987660Z ##[endgroup]
compatibility	Run actions/checkout@11bd71901bbe5b1630ceea73d27597364c9af683	2026-09-20T11:44:45.6993420Z Copying '/Users/runner/.gitconfig' to '/Users/runner/work/_temp/51f9bde1-2078-4c84-b8a3-7e5ea9a58824/.gitconfig'
compatibility	Run actions/checkout@11bd71901bbe5b1630ceea73d27597364c9af683	2026-09-20T11:44:45.6999860Z Temporarily overriding HOME='/Users/runner/work/_temp/51f9bde1-2078-4c84-b8a3-7e5ea9a58824' before making global git config changes
compatibility	Run actions/checkout@11bd71901bbe5b1630ceea73d27597364c9af683	2026-09-20T11:44:45.7001500Z Adding repository directory to the temporary git global config as a safe directory
compatibility	Run actions/checkout@11bd71901bbe5b1630ceea73d27597364c9af683	2026-09-20T11:44:45.7003020Z [command]/opt/homebrew/bin/git config --global --add safe.directory /Users/runner/work/rawk/rawk/rawk
compatibility	Run actions/checkout@11bd71901bbe5b1630ceea73d27597364c9af683	2026-09-20T11:44:45.7097960Z ##[group]Initializing the repository
compatibility	Run actions/checkout@11bd71901bbe5b1630ceea73d27597364c9af683	2026-09-20T11:44:45.7104880Z [command]/opt/homebrew/bin/git init /Users/runner/work/rawk/rawk/rawk
compatibility	Run actions/checkout@11bd71901bbe5b1630ceea73d27597364c9af683	2026-09-20T11:44:45.7312630Z hint: Using 'master' as the name for the initial branch. This default branch name
compatibility	Run actions/checkout@11bd71901bbe5b1630ceea73d27597364c9af683	2026-09-20T11:44:45.7313860Z hint: will change to "main" in Git 3.0. To configure the initial branch name
compatibility	Run actions/checkout@11bd71901bbe5b1630ceea73d27597364c9af683	2026-09-20T11:44:45.7314670Z hint: to use in all of your new repositories, which will suppress this warning,
compatibility	Run actions/checkout@11bd71901bbe5b1630ceea73d27597364c9af683	2026-09-20T11:44:45.7315350Z hint: call:
compatibility	Run actions/checkout@11bd71901bbe5b1630ceea73d27597364c9af683	2026-09-20T11:44:45.7315730Z hint:
compatibility	Run actions/checkout@11bd71901bbe5b1630ceea73d27597364c9af683	2026-09-20T11:44:45.7316200Z hint: 	git config --global init.defaultBranch <name>
compatibility	Run actions/checkout@11bd71901bbe5b1630ceea73d27597364c9af683	2026-09-20T11:44:45.7316750Z hint:
compatibility	Run actions/checkout@11bd71901bbe5b1630ceea73d27597364c9af683	2026-09-20T11:44:45.7317280Z hint: Names commonly chosen instead of 'master' are 'main', 'trunk' and
compatibility	Run actions/checkout@11bd71901bbe5b1630ceea73d27597364c9af683	2026-09-20T11:44:45.7336750Z hint: 'development'. The just-created branch can be renamed via this command:
compatibility	Run actions/checkout@11bd71901bbe5b1630ceea73d27597364c9af683	2026-09-20T11:44:45.7337360Z hint:
compatibility	Run actions/checkout@11bd71901bbe5b1630ceea73d27597364c9af683	2026-09-20T11:44:45.7337740Z hint: 	git branch -m <name>
compatibility	Run actions/checkout@11bd71901bbe5b1630ceea73d27597364c9af683	2026-09-20T11:44:45.7338160Z hint:
compatibility	Run actions/checkout@11bd71901bbe5b1630ceea73d27597364c9af683	2026-09-20T11:44:45.7338750Z hint: Disable this message with "git config set advice.defaultBranchName false"
compatibility	Run actions/checkout@11bd71901bbe5b1630ceea73d27597364c9af683	2026-09-20T11:44:45.7339590Z Initialized empty Git repository in /Users/runner/work/rawk/rawk/rawk/.git/
compatibility	Run actions/checkout@11bd71901bbe5b1630ceea73d27597364c9af683	2026-09-20T11:44:45.7341150Z [command]/opt/homebrew/bin/git remote add origin https://github.com/francescotinti/rawk
compatibility	Run actions/checkout@11bd71901bbe5b1630ceea73d27597364c9af683	2026-09-20T11:44:45.7432260Z ##[endgroup]
compatibility	Run actions/checkout@11bd71901bbe5b1630ceea73d27597364c9af683	2026-09-20T11:44:45.7435050Z ##[group]Disabling automatic garbage collection
compatibility	Run actions/checkout@11bd71901bbe5b1630ceea73d27597364c9af683	2026-09-20T11:44:45.7436670Z [command]/opt/homebrew/bin/git config --local gc.auto 0
compatibility	Run actions/checkout@11bd71901bbe5b1630ceea73d27597364c9af683	2026-09-20T11:44:45.7511710Z ##[endgroup]
compatibility	Run actions/checkout@11bd71901bbe5b1630ceea73d27597364c9af683	2026-09-20T11:44:45.7512370Z ##[group]Setting up auth
compatibility	Run actions/checkout@11bd71901bbe5b1630ceea73d27597364c9af683	2026-09-20T11:44:45.7516560Z [command]/opt/homebrew/bin/git config --local --name-only --get-regexp core\.sshCommand
compatibility	Run actions/checkout@11bd71901bbe5b1630ceea73d27597364c9af683	2026-09-20T11:44:45.7589110Z [command]/opt/homebrew/bin/git submodule foreach --recursive sh -c "git config --local --name-only --get-regexp 'core\.sshCommand' && git config --local --unset-all 'core.sshCommand' || :"
compatibility	Run actions/checkout@11bd71901bbe5b1630ceea73d27597364c9af683	2026-09-20T11:44:45.8766800Z [command]/opt/homebrew/bin/git config --local --name-only --get-regexp http\.https\:\/\/github\.com\/\.extraheader
compatibility	Run actions/checkout@11bd71901bbe5b1630ceea73d27597364c9af683	2026-09-20T11:44:45.8813520Z [command]/opt/homebrew/bin/git submodule foreach --recursive sh -c "git config --local --name-only --get-regexp 'http\.https\:\/\/github\.com\/\.extraheader' && git config --local --unset-all 'http.https://github.com/.extraheader' || :"
compatibility	Run actions/checkout@11bd71901bbe5b1630ceea73d27597364c9af683	2026-09-20T11:44:45.9899810Z [command]/opt/homebrew/bin/git config --local http.https://github.com/.extraheader AUTHORIZATION: basic ***
compatibility	Run actions/checkout@11bd71901bbe5b1630ceea73d27597364c9af683	2026-09-20T11:44:45.9973930Z ##[endgroup]
compatibility	Run actions/checkout@11bd71901bbe5b1630ceea73d27597364c9af683	2026-09-20T11:44:45.9977610Z ##[group]Fetching the repository
compatibility	Run actions/checkout@11bd71901bbe5b1630ceea73d27597364c9af683	2026-09-20T11:44:45.9979720Z [command]/opt/homebrew/bin/git -c protocol.version=2 fetch --no-tags --prune --no-recurse-submodules --depth=1 origin +2c214635401bc130838104fc07036e2cbead9b36:refs/remotes/origin/master
compatibility	Run actions/checkout@11bd71901bbe5b1630ceea73d27597364c9af683	2026-09-20T11:44:47.3043970Z From https://github.com/francescotinti/rawk
compatibility	Run actions/checkout@11bd71901bbe5b1630ceea73d27597364c9af683	2026-09-20T11:44:47.3045710Z  * [new ref]         2c214635401bc130838104fc07036e2cbead9b36 -> origin/master
compatibility	Run actions/checkout@11bd71901bbe5b1630ceea73d27597364c9af683	2026-09-20T11:44:47.3048450Z ##[endgroup]
compatibility	Run actions/checkout@11bd71901bbe5b1630ceea73d27597364c9af683	2026-09-20T11:44:47.3049610Z ##[group]Determining the checkout info
compatibility	Run actions/checkout@11bd71901bbe5b1630ceea73d27597364c9af683	2026-09-20T11:44:47.3050770Z ##[endgroup]
compatibility	Run actions/checkout@11bd71901bbe5b1630ceea73d27597364c9af683	2026-09-20T11:44:47.3051680Z [command]/opt/homebrew/bin/git sparse-checkout disable
compatibility	Run actions/checkout@11bd71901bbe5b1630ceea73d27597364c9af683	2026-09-20T11:44:47.3129990Z [command]/opt/homebrew/bin/git config --local --unset-all extensions.worktreeConfig
compatibility	Run actions/checkout@11bd71901bbe5b1630ceea73d27597364c9af683	2026-09-20T11:44:47.3195560Z ##[group]Checking out the ref
compatibility	Run actions/checkout@11bd71901bbe5b1630ceea73d27597364c9af683	2026-09-20T11:44:47.3197990Z [command]/opt/homebrew/bin/git checkout --progress --force -B master refs/remotes/origin/master
compatibility	Run actions/checkout@11bd71901bbe5b1630ceea73d27597364c9af683	2026-09-20T11:44:47.3737840Z Reset branch 'master'
compatibility	Run actions/checkout@11bd71901bbe5b1630ceea73d27597364c9af683	2026-09-20T11:44:47.3747800Z branch 'master' set up to track 'origin/master'.
compatibility	Run actions/checkout@11bd71901bbe5b1630ceea73d27597364c9af683	2026-09-20T11:44:47.3751530Z ##[endgroup]
compatibility	Run actions/checkout@11bd71901bbe5b1630ceea73d27597364c9af683	2026-09-20T11:44:47.3847190Z [command]/opt/homebrew/bin/git log -1 --format=%H
compatibility	Run actions/checkout@11bd71901bbe5b1630ceea73d27597364c9af683	2026-09-20T11:44:47.3917570Z 2c214635401bc130838104fc07036e2cbead9b36
compatibility	Install pinned Rust toolchain	﻿2026-09-20T11:44:47.4114600Z ##[group]Run rustup toolchain install 1.96.0 --profile minimal --component rustfmt --component clippy
compatibility	Install pinned Rust toolchain	2026-09-20T11:44:47.4116530Z [36;1mrustup toolchain install 1.96.0 --profile minimal --component rustfmt --component clippy[0m
compatibility	Install pinned Rust toolchain	2026-09-20T11:44:47.4158660Z shell: /bin/bash -e {0}
compatibility	Install pinned Rust toolchain	2026-09-20T11:44:47.4159560Z env:
compatibility	Install pinned Rust toolchain	2026-09-20T11:44:47.4160330Z   LC_ALL: C
compatibility	Install pinned Rust toolchain	2026-09-20T11:44:47.4161180Z   CARGO_INCREMENTAL: 0
compatibility	Install pinned Rust toolchain	2026-09-20T11:44:47.4162030Z   RUSTUP_TOOLCHAIN: 1.96.0
compatibility	Install pinned Rust toolchain	2026-09-20T11:44:47.4162980Z ##[endgroup]
compatibility	Install pinned Rust toolchain	2026-09-20T11:44:47.4867810Z info: syncing channel updates for 1.96.0-aarch64-apple-darwin
compatibility	Install pinned Rust toolchain	2026-09-20T11:44:47.5888110Z info: latest update on 2026-05-28 for version 1.96.0 (ac68faa20 2026-05-25)
compatibility	Install pinned Rust toolchain	2026-09-20T11:44:47.5891600Z info: downloading 5 components
compatibility	Install pinned Rust toolchain	2026-09-20T11:44:54.2668010Z 
compatibility	Install pinned Rust toolchain	2026-09-20T11:44:54.3724920Z info: self-update is disabled for this build of rustup
compatibility	Install pinned Rust toolchain	2026-09-20T11:44:54.3726250Z info: any updates to rustup will need to be fetched with your system package manager
compatibility	Install pinned Rust toolchain	2026-09-20T11:44:54.3729290Z   1.96.0-aarch64-apple-darwin installed - rustc 1.96.0 (ac68faa20 2026-05-25)
compatibility	Install pinned Rust toolchain	2026-09-20T11:44:54.3729980Z 
compatibility	Build pinned original C oracle	﻿2026-09-20T11:44:54.3849320Z ##[group]Run git init ../c_awk
compatibility	Build pinned original C oracle	2026-09-20T11:44:54.3849730Z [36;1mgit init ../c_awk[0m
compatibility	Build pinned original C oracle	2026-09-20T11:44:54.3850230Z [36;1mgit -C ../c_awk remote add origin https://github.com/onetrueawk/awk.git[0m
compatibility	Build pinned original C oracle	2026-09-20T11:44:54.3850880Z [36;1mgit -C ../c_awk fetch --depth 1 origin 5739fd79bcfc75ba7526773d0cf634521f8aca3c[0m
compatibility	Build pinned original C oracle	2026-09-20T11:44:54.3851380Z [36;1mgit -C ../c_awk checkout --detach FETCH_HEAD[0m
compatibility	Build pinned original C oracle	2026-09-20T11:44:54.3851760Z [36;1mmake -C ../c_awk[0m
compatibility	Build pinned original C oracle	2026-09-20T11:44:54.3852060Z [36;1m../c_awk/a.out --version[0m
compatibility	Build pinned original C oracle	2026-09-20T11:44:54.3890390Z shell: /bin/bash -e {0}
compatibility	Build pinned original C oracle	2026-09-20T11:44:54.3890710Z env:
compatibility	Build pinned original C oracle	2026-09-20T11:44:54.3890940Z   LC_ALL: C
compatibility	Build pinned original C oracle	2026-09-20T11:44:54.3891260Z   CARGO_INCREMENTAL: 0
compatibility	Build pinned original C oracle	2026-09-20T11:44:54.3891510Z   RUSTUP_TOOLCHAIN: 1.96.0
compatibility	Build pinned original C oracle	2026-09-20T11:44:54.3891790Z ##[endgroup]
compatibility	Build pinned original C oracle	2026-09-20T11:44:54.4345750Z hint: Using 'master' as the name for the initial branch. This default branch name
compatibility	Build pinned original C oracle	2026-09-20T11:44:54.4346530Z hint: will change to "main" in Git 3.0. To configure the initial branch name
compatibility	Build pinned original C oracle	2026-09-20T11:44:54.4347100Z hint: to use in all of your new repositories, which will suppress this warning,
compatibility	Build pinned original C oracle	2026-09-20T11:44:54.4347520Z hint: call:
compatibility	Build pinned original C oracle	2026-09-20T11:44:54.4347700Z hint:
compatibility	Build pinned original C oracle	2026-09-20T11:44:54.4347940Z hint: 	git config --global init.defaultBranch <name>
compatibility	Build pinned original C oracle	2026-09-20T11:44:54.4348220Z hint:
compatibility	Build pinned original C oracle	2026-09-20T11:44:54.4348490Z hint: Names commonly chosen instead of 'master' are 'main', 'trunk' and
compatibility	Build pinned original C oracle	2026-09-20T11:44:54.4349020Z hint: 'development'. The just-created branch can be renamed via this command:
compatibility	Build pinned original C oracle	2026-09-20T11:44:54.4349380Z hint:
compatibility	Build pinned original C oracle	2026-09-20T11:44:54.4349590Z hint: 	git branch -m <name>
compatibility	Build pinned original C oracle	2026-09-20T11:44:54.4349820Z hint:
compatibility	Build pinned original C oracle	2026-09-20T11:44:54.4350220Z hint: Disable this message with "git config set advice.defaultBranchName false"
compatibility	Build pinned original C oracle	2026-09-20T11:44:54.4350790Z Initialized empty Git repository in /Users/runner/work/rawk/rawk/c_awk/.git/
compatibility	Build pinned original C oracle	2026-09-20T11:44:56.0643260Z From https://github.com/onetrueawk/awk
compatibility	Build pinned original C oracle	2026-09-20T11:44:56.0643960Z  * branch            5739fd79bcfc75ba7526773d0cf634521f8aca3c -> FETCH_HEAD
compatibility	Build pinned original C oracle	2026-09-20T11:44:56.1247060Z HEAD is now at 5739fd7 updated.
compatibility	Build pinned original C oracle	2026-09-20T11:44:56.9739420Z bison -d  awkgram.y
compatibility	Build pinned original C oracle	2026-09-20T11:44:57.5427890Z awkgram.y: conflicts: 44 shift/reduce, 85 reduce/reduce
compatibility	Build pinned original C oracle	2026-09-20T11:44:57.7041040Z cc -g -Wall -pedantic -Wcast-qual   -O2   -c -o awkgram.tab.o awkgram.tab.c
compatibility	Build pinned original C oracle	2026-09-20T11:44:58.7882170Z cc -g -Wall -pedantic -Wcast-qual   -O2   -c -o b.o b.c
compatibility	Build pinned original C oracle	2026-09-20T11:44:58.9852460Z cc -g -Wall -pedantic -Wcast-qual   -O2   -c -o main.o main.c
compatibility	Build pinned original C oracle	2026-09-20T11:44:59.0453510Z cc -g -Wall -pedantic -Wcast-qual   -O2   -c -o parse.o parse.c
compatibility	Build pinned original C oracle	2026-09-20T11:44:59.1009140Z cc -g -Wall -pedantic -Wcast-qual -O2 maketab.c -o maketab
compatibility	Build pinned original C oracle	2026-09-20T11:44:59.4294570Z ./maketab awkgram.tab.h >proctab.c
compatibility	Build pinned original C oracle	2026-09-20T11:44:59.4356270Z cc -g -Wall -pedantic -Wcast-qual   -O2   -c -o proctab.o proctab.c
compatibility	Build pinned original C oracle	2026-09-20T11:44:59.4655150Z cc -g -Wall -pedantic -Wcast-qual   -O2   -c -o tran.o tran.c
compatibility	Build pinned original C oracle	2026-09-20T11:44:59.5538970Z cc -g -Wall -pedantic -Wcast-qual   -O2   -c -o lib.o lib.c
compatibility	Build pinned original C oracle	2026-09-20T11:44:59.5980260Z lib.c:758:11: warning: a function declaration without a prototype is deprecated in all versions of C [-Wstrict-prototypes]
compatibility	Build pinned original C oracle	2026-09-20T11:44:59.5982700Z   758 | void error()
compatibility	Build pinned original C oracle	2026-09-20T11:44:59.5982970Z       |           ^
compatibility	Build pinned original C oracle	2026-09-20T11:44:59.5983320Z       |            void
compatibility	Build pinned original C oracle	2026-09-20T11:44:59.6865100Z 1 warning generated.
compatibility	Build pinned original C oracle	2026-09-20T11:44:59.6878150Z cc -g -Wall -pedantic -Wcast-qual   -O2   -c -o run.o run.c
compatibility	Build pinned original C oracle	2026-09-20T11:44:59.7582560Z run.c:1981:6: warning: variable 'unused' set but not used [-Wunused-but-set-variable]
compatibility	Build pinned original C oracle	2026-09-20T11:44:59.7583110Z  1981 |         int unused;
compatibility	Build pinned original C oracle	2026-09-20T11:44:59.7583630Z       |             ^
compatibility	Build pinned original C oracle	2026-09-20T11:45:00.1161860Z 1 warning generated.
compatibility	Build pinned original C oracle	2026-09-20T11:45:00.1184690Z cc -g -Wall -pedantic -Wcast-qual   -O2   -c -o lex.o lex.c
compatibility	Build pinned original C oracle	2026-09-20T11:45:00.2646710Z cc -g -Wall -pedantic -Wcast-qual   -O2 awkgram.tab.o b.o main.o parse.o proctab.o tran.o lib.o run.o lex.o   -lm
compatibility	Build pinned original C oracle	2026-09-20T11:45:00.3140560Z awk version 20260426
compatibility	Complete correctness gate	﻿2026-09-20T11:45:00.3199270Z ##[group]Run bash scripts/checks.sh
compatibility	Complete correctness gate	2026-09-20T11:45:00.3200330Z [36;1mbash scripts/checks.sh[0m
compatibility	Complete correctness gate	2026-09-20T11:45:00.3234960Z shell: /bin/bash -e {0}
compatibility	Complete correctness gate	2026-09-20T11:45:00.3235230Z env:
compatibility	Complete correctness gate	2026-09-20T11:45:00.3235400Z   LC_ALL: C
compatibility	Complete correctness gate	2026-09-20T11:45:00.3235620Z   CARGO_INCREMENTAL: 0
compatibility	Complete correctness gate	2026-09-20T11:45:00.3235830Z   RUSTUP_TOOLCHAIN: 1.96.0
compatibility	Complete correctness gate	2026-09-20T11:45:00.3236180Z ##[endgroup]
compatibility	Complete correctness gate	2026-09-20T11:45:16.3164510Z check_clippy                   OK
compatibility	Complete correctness gate	2026-09-20T11:45:16.5869970Z    Compiling proc-macro2 v1.0.106
compatibility	Complete correctness gate	2026-09-20T11:45:16.5874250Z    Compiling quote v1.0.45
compatibility	Complete correctness gate	2026-09-20T11:45:16.5875690Z    Compiling unicode-ident v1.0.24
compatibility	Complete correctness gate	2026-09-20T11:45:16.6395570Z    Compiling libc v0.2.186
compatibility	Complete correctness gate	2026-09-20T11:45:16.7710810Z    Compiling memchr v2.8.0
compatibility	Complete correctness gate	2026-09-20T11:45:17.2552710Z    Compiling getrandom v0.4.2
compatibility	Complete correctness gate	2026-09-20T11:45:17.5387130Z    Compiling syn v2.0.117
compatibility	Complete correctness gate	2026-09-20T11:45:17.5399690Z    Compiling autocfg v1.5.0
compatibility	Complete correctness gate	2026-09-20T11:45:18.0067870Z    Compiling serde_core v1.0.228
compatibility	Complete correctness gate	2026-09-20T11:45:18.0635100Z    Compiling utf8parse v0.2.2
compatibility	Complete correctness gate	2026-09-20T11:45:18.1151050Z    Compiling ucd-trie v0.1.7
compatibility	Complete correctness gate	2026-09-20T11:45:18.3471670Z    Compiling cfg-if v1.0.4
compatibility	Complete correctness gate	2026-09-20T11:45:18.3974640Z    Compiling rand_core v0.10.1
compatibility	Complete correctness gate	2026-09-20T11:45:18.4582480Z    Compiling pest v2.8.6
compatibility	Complete correctness gate	2026-09-20T11:45:18.5698570Z    Compiling anstyle-parse v1.0.0
compatibility	Complete correctness gate	2026-09-20T11:45:18.8330770Z    Compiling num-traits v0.2.19
compatibility	Complete correctness gate	2026-09-20T11:45:19.0606220Z    Compiling is_terminal_polyfill v1.70.2
compatibility	Complete correctness gate	2026-09-20T11:45:19.1123220Z    Compiling rustix v1.1.4
compatibility	Complete correctness gate	2026-09-20T11:45:19.3716670Z    Compiling thiserror v2.0.18
compatibility	Complete correctness gate	2026-09-20T11:45:19.6555840Z    Compiling anstyle-query v1.1.5
compatibility	Complete correctness gate	2026-09-20T11:45:19.6973880Z    Compiling colorchoice v1.0.5
compatibility	Complete correctness gate	2026-09-20T11:45:19.7289970Z    Compiling anstyle v1.0.14
compatibility	Complete correctness gate	2026-09-20T11:45:19.8263160Z    Compiling serde v1.0.228
compatibility	Complete correctness gate	2026-09-20T11:45:19.9749120Z    Compiling anstream v1.0.0
compatibility	Complete correctness gate	2026-09-20T11:45:20.1092610Z    Compiling pest_meta v2.8.6
compatibility	Complete correctness gate	2026-09-20T11:45:20.9134010Z    Compiling serde_derive v1.0.228
compatibility	Complete correctness gate	2026-09-20T11:45:21.2855430Z    Compiling thiserror-impl v2.0.18
compatibility	Complete correctness gate	2026-09-20T11:45:22.1245830Z    Compiling errno v0.3.14
compatibility	Complete correctness gate	2026-09-20T11:45:22.2011840Z    Compiling aho-corasick v1.1.4
compatibility	Complete correctness gate	2026-09-20T11:45:22.4493450Z    Compiling anyhow v1.0.102
compatibility	Complete correctness gate	2026-09-20T11:45:22.6655150Z    Compiling strsim v0.11.1
compatibility	Complete correctness gate	2026-09-20T11:45:22.7663290Z    Compiling core-foundation-sys v0.8.7
compatibility	Complete correctness gate	2026-09-20T11:45:22.8606220Z    Compiling heck v0.5.0
compatibility	Complete correctness gate	2026-09-20T11:45:22.9878270Z    Compiling bitflags v2.11.1
compatibility	Complete correctness gate	2026-09-20T11:45:23.2071950Z    Compiling regex-syntax v0.8.10
compatibility	Complete correctness gate	2026-09-20T11:45:23.2934380Z    Compiling clap_lex v1.1.0
compatibility	Complete correctness gate	2026-09-20T11:45:23.4860920Z    Compiling clap_builder v4.6.0
compatibility	Complete correctness gate	2026-09-20T11:45:25.8341500Z    Compiling regex-automata v0.4.14
compatibility	Complete correctness gate	2026-09-20T11:45:30.4322460Z    Compiling clap_derive v4.6.1
compatibility	Complete correctness gate	2026-09-20T11:45:31.6279920Z    Compiling iana-time-zone v0.1.65
compatibility	Complete correctness gate	2026-09-20T11:45:32.8359110Z    Compiling pest_generator v2.8.6
compatibility	Complete correctness gate	2026-09-20T11:45:33.0849740Z    Compiling chacha20 v0.10.0
compatibility	Complete correctness gate	2026-09-20T11:45:33.2886440Z    Compiling once_cell v1.21.4
compatibility	Complete correctness gate	2026-09-20T11:45:33.4464870Z    Compiling fastrand v2.4.1
compatibility	Complete correctness gate	2026-09-20T11:45:33.6441510Z    Compiling tempfile v3.27.0
compatibility	Complete correctness gate	2026-09-20T11:45:34.3755620Z    Compiling pest_derive v2.8.6
compatibility	Complete correctness gate	2026-09-20T11:45:34.6533410Z    Compiling rand v0.10.1
compatibility	Complete correctness gate	2026-09-20T11:45:35.0007210Z    Compiling chrono v0.4.44
compatibility	Complete correctness gate	2026-09-20T11:45:35.1763890Z    Compiling sprintf v0.4.3
compatibility	Complete correctness gate	2026-09-20T11:45:36.1008740Z    Compiling quick-xml v0.39.2
compatibility	Complete correctness gate	2026-09-20T11:45:37.8765580Z    Compiling clap v4.6.1
compatibility	Complete correctness gate	2026-09-20T11:45:37.9290290Z    Compiling regex v1.12.3
compatibility	Complete correctness gate	2026-09-20T11:45:38.7429280Z    Compiling rawk v0.1.0 (/Users/runner/work/rawk/rawk/rawk)
compatibility	Complete correctness gate	2026-09-20T11:45:49.6905270Z     Finished `release` profile [optimized] target(s) in 33.24s
compatibility	Complete correctness gate	2026-09-20T11:45:49.7402220Z check_diffrun_no_unexpected    Reference awk: /Users/runner/work/rawk/rawk/c_awk/a.out
compatibility	Complete correctness gate	2026-09-20T11:45:49.7497800Z Total testcase: 109
compatibility	Complete correctness gate	2026-09-20T11:45:54.7886590Z   MATCH: 97
compatibility	Complete correctness gate	2026-09-20T11:45:54.7887210Z   EXPECTED-DIVERGE: 12
compatibility	Complete correctness gate	2026-09-20T11:45:54.7887550Z   UNEXPECTED-DIVERGE: 0
compatibility	Complete correctness gate	2026-09-20T11:45:54.7887820Z   SKIPPED: 0
compatibility	Complete correctness gate	2026-09-20T11:45:54.7895630Z OK
compatibility	Complete correctness gate	2026-09-20T11:45:54.9913720Z check_fmt                      OK
compatibility	Complete correctness gate	2026-09-20T11:45:55.0018600Z check_no_exit_outside_main     OK
compatibility	Complete correctness gate	2026-09-20T11:45:55.0273760Z check_no_macos_forks           OK
compatibility	Complete correctness gate	2026-09-20T11:45:55.0274050Z check_no_scratch_root          OK
compatibility	Complete correctness gate	2026-09-20T11:45:55.0274380Z check_runner_split             OK
compatibility	Complete correctness gate	2026-09-20T11:45:55.1962090Z    Compiling libc v0.2.186
compatibility	Complete correctness gate	2026-09-20T11:45:55.1966080Z    Compiling cfg-if v1.0.4
compatibility	Complete correctness gate	2026-09-20T11:45:55.1966750Z    Compiling memchr v2.8.0
compatibility	Complete correctness gate	2026-09-20T11:45:55.2269050Z    Compiling rand_core v0.10.1
compatibility	Complete correctness gate	2026-09-20T11:45:55.3610490Z    Compiling ucd-trie v0.1.7
compatibility	Complete correctness gate	2026-09-20T11:45:55.5490850Z    Compiling errno v0.3.14
compatibility	Complete correctness gate	2026-09-20T11:45:55.5625290Z    Compiling getrandom v0.4.2
compatibility	Complete correctness gate	2026-09-20T11:45:55.5963670Z    Compiling utf8parse v0.2.2
compatibility	Complete correctness gate	2026-09-20T11:45:55.6264480Z    Compiling bitflags v2.11.1
compatibility	Complete correctness gate	2026-09-20T11:45:55.6362320Z    Compiling anstyle-parse v1.0.0
compatibility	Complete correctness gate	2026-09-20T11:45:55.6633850Z    Compiling pest v2.8.6
compatibility	Complete correctness gate	2026-09-20T11:45:55.7178300Z    Compiling rustix v1.1.4
compatibility	Complete correctness gate	2026-09-20T11:45:55.7551400Z    Compiling anstyle-query v1.1.5
compatibility	Complete correctness gate	2026-09-20T11:45:55.8106560Z    Compiling is_terminal_polyfill v1.70.2
compatibility	Complete correctness gate	2026-09-20T11:45:55.8537400Z    Compiling regex-syntax v0.8.10
compatibility	Complete correctness gate	2026-09-20T11:45:56.6120000Z    Compiling colorchoice v1.0.5
compatibility	Complete correctness gate	2026-09-20T11:45:56.6224700Z    Compiling once_cell v1.21.4
compatibility	Complete correctness gate	2026-09-20T11:45:56.6470850Z    Compiling anstyle v1.0.14
compatibility	Complete correctness gate	2026-09-20T11:45:56.7154600Z    Compiling fastrand v2.4.1
compatibility	Complete correctness gate	2026-09-20T11:45:56.7491820Z    Compiling anstream v1.0.0
compatibility	Complete correctness gate	2026-09-20T11:45:56.8265400Z    Compiling tempfile v3.27.0
compatibility	Complete correctness gate	2026-09-20T11:45:56.9359410Z    Compiling pest_meta v2.8.6
compatibility	Complete correctness gate	2026-09-20T11:45:57.0868440Z    Compiling num-traits v0.2.19
compatibility	Complete correctness gate	2026-09-20T11:45:57.4762610Z    Compiling serde_core v1.0.228
compatibility	Complete correctness gate	2026-09-20T11:45:57.8631370Z    Compiling getrandom v0.3.4
compatibility	Complete correctness gate	2026-09-20T11:45:57.9353060Z    Compiling aho-corasick v1.1.4
compatibility	Complete correctness gate	2026-09-20T11:45:57.9740820Z    Compiling strsim v0.11.1
compatibility	Complete correctness gate	2026-09-20T11:45:58.1886670Z    Compiling core-foundation-sys v0.8.7
compatibility	Complete correctness gate	2026-09-20T11:45:58.2766910Z    Compiling clap_lex v1.1.0
compatibility	Complete correctness gate	2026-09-20T11:45:58.4034890Z    Compiling clap_builder v4.6.0
compatibility	Complete correctness gate	2026-09-20T11:45:58.7888790Z    Compiling serde v1.0.228
compatibility	Complete correctness gate	2026-09-20T11:45:59.0920960Z    Compiling regex-automata v0.4.14
compatibility	Complete correctness gate	2026-09-20T11:45:59.1522890Z    Compiling iana-time-zone v0.1.65
compatibility	Complete correctness gate	2026-09-20T11:45:59.2240370Z    Compiling thiserror v2.0.18
compatibility	Complete correctness gate	2026-09-20T11:45:59.2609250Z    Compiling rand_core v0.9.5
compatibility	Complete correctness gate	2026-09-20T11:45:59.3667440Z    Compiling pest_generator v2.8.6
compatibility	Complete correctness gate	2026-09-20T11:46:00.0879150Z    Compiling chacha20 v0.10.0
compatibility	Complete correctness gate	2026-09-20T11:46:00.2228920Z    Compiling rand v0.10.1
compatibility	Complete correctness gate	2026-09-20T11:46:00.7314020Z    Compiling pest_derive v2.8.6
compatibility	Complete correctness gate	2026-09-20T11:46:01.3320480Z    Compiling regex v1.12.3
compatibility	Complete correctness gate	2026-09-20T11:46:01.5376210Z    Compiling clap v4.6.1
compatibility	Complete correctness gate	2026-09-20T11:46:01.6088140Z    Compiling sprintf v0.4.3
compatibility	Complete correctness gate	2026-09-20T11:46:01.9034000Z    Compiling anyhow v1.0.102
compatibility	Complete correctness gate	2026-09-20T11:46:02.2114420Z    Compiling zerocopy v0.8.48
compatibility	Complete correctness gate	2026-09-20T11:46:02.6108310Z    Compiling chrono v0.4.44
compatibility	Complete correctness gate	2026-09-20T11:46:04.8269820Z    Compiling quick-xml v0.39.2
compatibility	Complete correctness gate	2026-09-20T11:46:05.2535640Z    Compiling wait-timeout v0.2.1
compatibility	Complete correctness gate	2026-09-20T11:46:05.6917310Z    Compiling fnv v1.0.7
compatibility	Complete correctness gate	2026-09-20T11:46:05.8201010Z    Compiling quick-error v1.2.3
compatibility	Complete correctness gate	2026-09-20T11:46:05.9162220Z    Compiling bit-vec v0.8.0
compatibility	Complete correctness gate	2026-09-20T11:46:06.1219530Z    Compiling bit-set v0.8.0
compatibility	Complete correctness gate	2026-09-20T11:46:06.2360580Z    Compiling rusty-fork v0.3.1
compatibility	Complete correctness gate	2026-09-20T11:46:06.7596560Z    Compiling rawk v0.1.0 (/Users/runner/work/rawk/rawk/rawk)
compatibility	Complete correctness gate	2026-09-20T11:46:07.0781450Z    Compiling rand_xorshift v0.4.0
compatibility	Complete correctness gate	2026-09-20T11:46:07.1871700Z    Compiling rand v0.9.4
compatibility	Complete correctness gate	2026-09-20T11:46:07.5222910Z    Compiling ppv-lite86 v0.2.21
compatibility	Complete correctness gate	2026-09-20T11:46:07.8096530Z    Compiling rand_chacha v0.9.0
compatibility	Complete correctness gate	2026-09-20T11:46:07.8890090Z    Compiling unarray v0.1.4
compatibility	Complete correctness gate	2026-09-20T11:46:07.9501750Z    Compiling proptest v1.11.0
compatibility	Complete correctness gate	2026-09-20T11:46:14.1141080Z     Finished `test` profile [unoptimized + debuginfo] target(s) in 19.05s
compatibility	Complete correctness gate	2026-09-20T11:46:14.1270480Z      Running unittests src/lib.rs (target/debug/deps/rawk-9dbe7698d42ed002)
compatibility	Complete correctness gate	2026-09-20T11:46:14.1303340Z check_tests                    
compatibility	Complete correctness gate	2026-09-20T11:46:14.1309270Z      Running unittests src/bin/diffrun.rs (target/debug/deps/diffrun-8286b0db4d8fbf11)
compatibility	Complete correctness gate	2026-09-20T11:46:14.1309670Z running 0 tests
compatibility	Complete correctness gate	2026-09-20T11:46:14.1309850Z 
compatibility	Complete correctness gate	2026-09-20T11:46:14.1310090Z test result: ok. 0 passed; 0 failed; 0 ignored; 0 measured; 0 filtered out; finished in 0.00s
compatibility	Complete correctness gate	2026-09-20T11:46:14.1310370Z 
compatibility	Complete correctness gate	2026-09-20T11:46:14.1333540Z 
compatibility	Complete correctness gate	2026-09-20T11:46:14.1334020Z running 0 tests
compatibility	Complete correctness gate	2026-09-20T11:46:14.1334550Z      Running unittests src/main.rs (target/debug/deps/rawk-2bc2f632572d6b98)
compatibility	Complete correctness gate	2026-09-20T11:46:14.1334890Z 
compatibility	Complete correctness gate	2026-09-20T11:46:14.1335160Z test result: ok. 0 passed; 0 failed; 0 ignored; 0 measured; 0 filtered out; finished in 0.00s
compatibility	Complete correctness gate	2026-09-20T11:46:14.1335430Z 
compatibility	Complete correctness gate	2026-09-20T11:46:14.1377860Z 
compatibility	Complete correctness gate	2026-09-20T11:46:14.1383860Z running 4 tests
compatibility	Complete correctness gate	2026-09-20T11:46:14.1449310Z test unicode_ere::tests::compiled_intervals_cover_only_the_requested_runes ... ok
compatibility	Complete correctness gate	2026-09-20T11:46:14.1460900Z test unicode_ere::tests::encoding_preserves_offsets_and_invalid_bytes_without_sentinels ... ok
compatibility	Complete correctness gate	2026-09-20T11:46:14.1474640Z test input::tests::separators_are_independent_of_read_boundaries ... ok
compatibility	Complete correctness gate	2026-09-20T11:46:14.1661330Z test ere::stream::tests::physical_short_reads_do_not_change_bwk_lookahead ... ok
compatibility	Complete correctness gate	2026-09-20T11:46:14.1661860Z 
compatibility	Complete correctness gate	2026-09-20T11:46:14.1662190Z test result: ok. 4 passed; 0 failed; 0 ignored; 0 measured; 0 filtered out; finished in 0.03s
compatibility	Complete correctness gate	2026-09-20T11:46:14.1662580Z 
compatibility	Complete correctness gate	2026-09-20T11:46:14.1663440Z      Running tests/builtins_sanity.rs (target/debug/deps/builtins_sanity-2a45869b271f02d7)
compatibility	Complete correctness gate	2026-09-20T11:46:14.1690520Z 
compatibility	Complete correctness gate	2026-09-20T11:46:14.1692290Z running 5 tests
compatibility	Complete correctness gate	2026-09-20T11:46:14.1898250Z test length_string ... ok
compatibility	Complete correctness gate	2026-09-20T11:46:14.2081020Z test split_basic ... ok
compatibility	Complete correctness gate	2026-09-20T11:46:14.2081750Z test sprintf_int ... ok
compatibility	Complete correctness gate	2026-09-20T11:46:14.2082010Z test match_basic ... ok
compatibility	Complete correctness gate	2026-09-20T11:46:14.2379900Z test substr_basic ... ok
compatibility	Complete correctness gate	2026-09-20T11:46:14.2380110Z 
compatibility	Complete correctness gate	2026-09-20T11:46:14.2380420Z test result: ok. 5 passed; 0 failed; 0 ignored; 0 measured; 0 filtered out; finished in 0.07s
compatibility	Complete correctness gate	2026-09-20T11:46:14.2380860Z 
compatibility	Complete correctness gate	2026-09-20T11:46:14.2381210Z      Running tests/bytes_array_keys.rs (target/debug/deps/bytes_array_keys-5870b8ef60de3eae)
compatibility	Complete correctness gate	2026-09-20T11:46:14.2406490Z 
compatibility	Complete correctness gate	2026-09-20T11:46:14.2407240Z running 3 tests
compatibility	Complete correctness gate	2026-09-20T11:46:14.2546970Z test nul_embedded_key_round_trips ... ok
compatibility	Complete correctness gate	2026-09-20T11:46:14.2559810Z test for_in_returns_all_distinct_byte_keys ... ok
compatibility	Complete correctness gate	2026-09-20T11:46:14.2608910Z test distinct_high_byte_keys_do_not_collide ... ok
compatibility	Complete correctness gate	2026-09-20T11:46:14.2609360Z 
compatibility	Complete correctness gate	2026-09-20T11:46:14.2609760Z test result: ok. 3 passed; 0 failed; 0 ignored; 0 measured; 0 filtered out; finished in 0.02s
compatibility	Complete correctness gate	2026-09-20T11:46:14.2610080Z 
compatibility	Complete correctness gate	2026-09-20T11:46:14.2610800Z      Running tests/bytes_printf.rs (target/debug/deps/bytes_printf-0921065dadc2b1b7)
compatibility	Complete correctness gate	2026-09-20T11:46:14.2636450Z 
compatibility	Complete correctness gate	2026-09-20T11:46:14.2641730Z running 6 tests
compatibility	Complete correctness gate	2026-09-20T11:46:14.2789470Z test field_split_with_high_byte_fs ... ok
compatibility	Complete correctness gate	2026-09-20T11:46:14.2799350Z test printf_c_emits_first_byte_raw ... ok
compatibility	Complete correctness gate	2026-09-20T11:46:14.2924580Z test printf_s_preserves_high_byte ... ok
compatibility	Complete correctness gate	2026-09-20T11:46:14.2925150Z test print_with_high_byte_ofs ... ok
compatibility	Complete correctness gate	2026-09-20T11:46:14.3050090Z test printf_format_string_with_high_bytes ... ok
compatibility	Complete correctness gate	2026-09-20T11:46:14.3050790Z test sprintf_high_byte_round_trip ... ok
compatibility	Complete correctness gate	2026-09-20T11:46:14.3051030Z 
compatibility	Complete correctness gate	2026-09-20T11:46:14.3051320Z test result: ok. 6 passed; 0 failed; 0 ignored; 0 measured; 0 filtered out; finished in 0.04s
compatibility	Complete correctness gate	2026-09-20T11:46:14.3051670Z 
compatibility	Complete correctness gate	2026-09-20T11:46:14.3052760Z      Running tests/bytes_regex_match.rs (target/debug/deps/bytes_regex_match-feaf9f241fc4d15b)
compatibility	Complete correctness gate	2026-09-20T11:46:14.3076880Z 
compatibility	Complete correctness gate	2026-09-20T11:46:14.3082520Z running 6 tests
compatibility	Complete correctness gate	2026-09-20T11:46:14.3266550Z test match_builtin_high_byte_pattern_position ... ok
compatibility	Complete correctness gate	2026-09-20T11:46:14.3291520Z test match_distinguishes_high_bytes ... ok
compatibility	Complete correctness gate	2026-09-20T11:46:14.3353750Z test gsub_ampersand_includes_whole_match ... ok
compatibility	Complete correctness gate	2026-09-20T11:46:14.3475930Z test sub_replaces_high_byte_run ... ok
compatibility	Complete correctness gate	2026-09-20T11:46:14.3476430Z test nul_inside_subject_with_rs_regex ... ok
compatibility	Complete correctness gate	2026-09-20T11:46:14.3551150Z test rs_regex_high_byte_separator_splits_correctly ... ok
compatibility	Complete correctness gate	2026-09-20T11:46:14.3551530Z 
compatibility	Complete correctness gate	2026-09-20T11:46:14.3551870Z test result: ok. 6 passed; 0 failed; 0 ignored; 0 measured; 0 filtered out; finished in 0.05s
compatibility	Complete correctness gate	2026-09-20T11:46:14.3552220Z 
compatibility	Complete correctness gate	2026-09-20T11:46:14.3552810Z      Running tests/cli_contract.rs (target/debug/deps/cli_contract-c2a8f5582d9448e4)
compatibility	Complete correctness gate	2026-09-20T11:46:14.3576080Z 
compatibility	Complete correctness gate	2026-09-20T11:46:14.3580590Z running 5 tests
compatibility	Complete correctness gate	2026-09-20T11:46:14.3751520Z test file_program_keeps_all_input_files ... ok
compatibility	Complete correctness gate	2026-09-20T11:46:14.4099440Z test arrays_and_scalars_cannot_be_interchanged ... ok
compatibility	Complete correctness gate	2026-09-20T11:46:14.4347130Z test invalid_builtin_arity_is_a_language_error ... ok
compatibility	Complete correctness gate	2026-09-20T11:46:14.4909370Z test malformed_formats_and_invalid_runtime_arguments_do_not_panic ... ok
compatibility	Complete correctness gate	2026-09-20T11:46:14.5266480Z test safe_mode_rejects_even_unexecuted_forbidden_operations ... ok
compatibility	Complete correctness gate	2026-09-20T11:46:14.5266810Z 
compatibility	Complete correctness gate	2026-09-20T11:46:14.5267150Z test result: ok. 5 passed; 0 failed; 0 ignored; 0 measured; 0 filtered out; finished in 0.17s
compatibility	Complete correctness gate	2026-09-20T11:46:14.5267640Z 
compatibility	Complete correctness gate	2026-09-20T11:46:14.5267990Z      Running tests/compatibility.rs (target/debug/deps/compatibility-1b1275e14835aeb4)
compatibility	Complete correctness gate	2026-09-20T11:46:14.5296610Z 
compatibility	Complete correctness gate	2026-09-20T11:46:14.5302370Z running 8 tests
compatibility	Complete correctness gate	2026-09-20T11:46:14.5771990Z test braces_in_bracket_expressions_are_not_repetitions ... ok
compatibility	Complete correctness gate	2026-09-20T11:46:14.7164530Z test arrays_forwarding_recursion_and_local_parameters ... ok
compatibility	Complete correctness gate	2026-09-20T11:46:14.7704940Z test composed_input_and_control_flow ... ok
compatibility	Complete correctness gate	2026-09-20T11:46:14.9833510Z test numeric_conversion_matches_original_buffer_limit ... ok
compatibility	Complete correctness gate	2026-09-20T11:46:16.7333430Z test regex_compositions_match_original ... ok
compatibility	Complete correctness gate	2026-09-20T11:46:16.8219600Z test tuple_membership_uses_current_subsep_between_components ... ok
compatibility	Complete correctness gate	2026-09-20T11:46:17.5974130Z test generated_record_array_function_programs ... ok
compatibility	Complete correctness gate	2026-09-20T11:46:19.2985510Z test hex_floats_precision_flags_and_boundaries ... ok
compatibility	Complete correctness gate	2026-09-20T11:46:19.2986260Z 
compatibility	Complete correctness gate	2026-09-20T11:46:19.2986780Z test result: ok. 8 passed; 0 failed; 0 ignored; 0 measured; 0 filtered out; finished in 4.77s
compatibility	Complete correctness gate	2026-09-20T11:46:19.2987400Z 
compatibility	Complete correctness gate	2026-09-20T11:46:19.2989990Z      Running tests/corpus.rs (target/debug/deps/corpus-e61ffb70b04a8df8)
compatibility	Complete correctness gate	2026-09-20T11:46:19.3047010Z 
compatibility	Complete correctness gate	2026-09-20T11:46:19.3047670Z running 1 test
compatibility	Complete correctness gate	2026-09-20T11:46:31.1579630Z test original_small_programs ... ok
compatibility	Complete correctness gate	2026-09-20T11:46:31.1579990Z 
compatibility	Complete correctness gate	2026-09-20T11:46:31.1580260Z test result: ok. 1 passed; 0 failed; 0 ignored; 0 measured; 0 filtered out; finished in 11.85s
compatibility	Complete correctness gate	2026-09-20T11:46:31.1580680Z 
compatibility	Complete correctness gate	2026-09-20T11:46:31.1583000Z      Running tests/corpus_contracts.rs (target/debug/deps/corpus_contracts-a0f22865482f63b5)
compatibility	Complete correctness gate	2026-09-20T11:46:31.1610590Z 
compatibility	Complete correctness gate	2026-09-20T11:46:31.1611380Z running 3 tests
compatibility	Complete correctness gate	2026-09-20T11:46:31.2255700Z test rng_is_bounded_repeatable_and_srand_returns_previous_seed ... ok
compatibility	Complete correctness gate	2026-09-20T11:46:31.5737270Z test contracts_reject_new_differences ... ok
compatibility	Complete correctness gate	2026-09-20T11:46:35.3047300Z test entire_small_corpus_obeys_explicit_contracts ... ok
compatibility	Complete correctness gate	2026-09-20T11:46:35.3047840Z 
compatibility	Complete correctness gate	2026-09-20T11:46:35.3048200Z test result: ok. 3 passed; 0 failed; 0 ignored; 0 measured; 0 filtered out; finished in 4.14s
compatibility	Complete correctness gate	2026-09-20T11:46:35.3048520Z 
compatibility	Complete correctness gate	2026-09-20T11:46:35.3048770Z      Running tests/data_contract.rs (target/debug/deps/data_contract-a0619d1bf76e7467)
compatibility	Complete correctness gate	2026-09-20T11:46:35.3073320Z 
compatibility	Complete correctness gate	2026-09-20T11:46:35.3073670Z running 6 tests
compatibility	Complete correctness gate	2026-09-20T11:46:35.3197890Z test csv_handles_quoted_delimiters_newlines_and_escaped_quotes ... ok
compatibility	Complete correctness gate	2026-09-20T11:46:35.3206490Z test fields_accept_regex_separator ... ok
compatibility	Complete correctness gate	2026-09-20T11:46:35.3206800Z test invalid_regex_is_reported ... ok
compatibility	Complete correctness gate	2026-09-20T11:46:35.3374430Z test regex_uses_leftmost_longest ... ok
compatibility	Complete correctness gate	2026-09-20T11:46:35.3375090Z test substitutions_report_count_not_changed_text ... ok
compatibility	Complete correctness gate	2026-09-20T11:46:35.3375520Z test split_preserves_empty_fields_and_clears_array ... ok
compatibility	Complete correctness gate	2026-09-20T11:46:35.3375820Z 
compatibility	Complete correctness gate	2026-09-20T11:46:35.3376120Z test result: ok. 6 passed; 0 failed; 0 ignored; 0 measured; 0 filtered out; finished in 0.03s
compatibility	Complete correctness gate	2026-09-20T11:46:35.3376460Z 
compatibility	Complete correctness gate	2026-09-20T11:46:35.3376670Z      Running tests/diffrun_buckets.rs (target/debug/deps/diffrun_buckets-c0ae24e50169eaf7)
compatibility	Complete correctness gate	2026-09-20T11:46:35.3399470Z 
compatibility	Complete correctness gate	2026-09-20T11:46:35.3400080Z running 3 tests
compatibility	Complete correctness gate	2026-09-20T11:46:40.4325850Z test diffrun_step23_target_counts ... ok
compatibility	Complete correctness gate	2026-09-20T11:46:40.5012070Z test diffrun_emits_four_bucket_summary ... ok
compatibility	Complete correctness gate	2026-09-20T11:46:40.5940880Z test diffrun_exits_nonzero_when_unexpected_divergences_present ... ok
compatibility	Complete correctness gate	2026-09-20T11:46:40.5944080Z 
compatibility	Complete correctness gate	2026-09-20T11:46:40.5944640Z test result: ok. 3 passed; 0 failed; 0 ignored; 0 measured; 0 filtered out; finished in 5.25s
compatibility	Complete correctness gate	2026-09-20T11:46:40.5946680Z 
compatibility	Complete correctness gate	2026-09-20T11:46:40.5997210Z      Running tests/driver_regressions.rs (target/debug/deps/driver_regressions-5f1e2d53ab8fb804)
compatibility	Complete correctness gate	2026-09-20T11:46:40.6044100Z 
compatibility	Complete correctness gate	2026-09-20T11:46:40.6046630Z running 6 tests
compatibility	Complete correctness gate	2026-09-20T11:46:40.6430230Z test getline_comparison_is_not_part_of_filename ... ok
compatibility	Complete correctness gate	2026-09-20T11:46:40.6475190Z test field_index_beyond_reference_integer_range_is_an_error ... ok
compatibility	Complete correctness gate	2026-09-20T11:46:40.6771840Z test multifile_syntax_error_names_offending_source ... ok
compatibility	Complete correctness gate	2026-09-20T11:46:40.7214710Z test invalid_function_parameters_are_errors_before_execution ... ok
compatibility	Complete correctness gate	2026-09-20T11:46:40.7971980Z test redirected_stdin_shares_buffer_with_main_input ... ok
compatibility	Complete correctness gate	2026-09-20T11:46:40.8424610Z test stdin_program_and_empty_statements ... ok
compatibility	Complete correctness gate	2026-09-20T11:46:40.8426560Z      Running tests/dynamic_format.rs (target/debug/deps/dynamic_format-dc2803db40b3264c)
compatibility	Complete correctness gate	2026-09-20T11:46:40.8427340Z 
compatibility	Complete correctness gate	2026-09-20T11:46:40.8428290Z test result: ok. 6 passed; 0 failed; 0 ignored; 0 measured; 0 filtered out; finished in 0.24s
compatibility	Complete correctness gate	2026-09-20T11:46:40.8433750Z 
compatibility	Complete correctness gate	2026-09-20T11:46:40.8476130Z 
compatibility	Complete correctness gate	2026-09-20T11:46:40.8477610Z running 8 tests
compatibility	Complete correctness gate	2026-09-20T11:46:40.9145120Z test missing_star_arguments_are_errors ... ok
compatibility	Complete correctness gate	2026-09-20T11:46:43.3661040Z test dynamic_width_precision_and_consumption ... ok
compatibility	Complete correctness gate	2026-09-20T11:46:43.3958680Z test negative_precision_keeps_binary_and_multibyte_paths ... ok
compatibility	Complete correctness gate	2026-09-20T11:46:43.4390340Z test string_and_literal_range_errors_do_not_discard_arithmetic_subnormals ... ok
compatibility	Complete correctness gate	2026-09-20T11:46:43.9019190Z test unsigned_conversion_matches_native_oracle ... ok
compatibility	Complete correctness gate	2026-09-20T11:46:43.9948900Z test zero_padded_strings_match_native_oracle ... ok
compatibility	Complete correctness gate	2026-09-20T11:46:48.2755710Z test integer_flags_precision_and_signs ... ok
compatibility	Complete correctness gate	2026-09-20T11:46:51.0132200Z test negative_dynamic_precision_preserves_flags_and_argument_consumption ... ok
compatibility	Complete correctness gate	2026-09-20T11:46:51.0133190Z 
compatibility	Complete correctness gate	2026-09-20T11:46:51.0133720Z test result: ok. 8 passed; 0 failed; 0 ignored; 0 measured; 0 filtered out; finished in 10.16s
compatibility	Complete correctness gate	2026-09-20T11:46:51.0134370Z 
compatibility	Complete correctness gate	2026-09-20T11:46:51.0140540Z      Running tests/error_messages.rs (target/debug/deps/error_messages-e64895121661739b)
compatibility	Complete correctness gate	2026-09-20T11:46:51.0188770Z 
compatibility	Complete correctness gate	2026-09-20T11:46:51.0189810Z running 2 tests
compatibility	Complete correctness gate	2026-09-20T11:46:51.0282820Z test output_to_unwritable_path_mentions_filename ... ok
compatibility	Complete correctness gate	2026-09-20T11:46:51.0286310Z test missing_program_file_mentions_filename ... ok
compatibility	Complete correctness gate	2026-09-20T11:46:51.0289600Z      Running tests/exit_codes.rs (target/debug/deps/exit_codes-012261b8652a4c67)
compatibility	Complete correctness gate	2026-09-20T11:46:51.0290060Z 
compatibility	Complete correctness gate	2026-09-20T11:46:51.0290580Z test result: ok. 2 passed; 0 failed; 0 ignored; 0 measured; 0 filtered out; finished in 0.01s
compatibility	Complete correctness gate	2026-09-20T11:46:51.0291180Z 
compatibility	Complete correctness gate	2026-09-20T11:46:51.0337350Z 
compatibility	Complete correctness gate	2026-09-20T11:46:51.0339080Z running 4 tests
compatibility	Complete correctness gate	2026-09-20T11:46:51.0395080Z test exit_with_value ... ok
compatibility	Complete correctness gate	2026-09-20T11:46:51.0395720Z test exit_zero_default ... ok
compatibility	Complete correctness gate	2026-09-20T11:46:51.0396060Z test exit_from_end_block ... ok
compatibility	Complete correctness gate	2026-09-20T11:46:51.0445750Z test syntax_error_nonzero ... ok
compatibility	Complete correctness gate	2026-09-20T11:46:51.0445990Z 
compatibility	Complete correctness gate	2026-09-20T11:46:51.0446440Z test result: ok. 4 passed; 0 failed; 0 ignored; 0 measured; 0 filtered out; finished in 0.01s
compatibility	Complete correctness gate	2026-09-20T11:46:51.0446900Z 
compatibility	Complete correctness gate	2026-09-20T11:46:51.0447270Z      Running tests/harness.rs (target/debug/deps/harness-77036443891c6712)
compatibility	Complete correctness gate	2026-09-20T11:46:51.0480520Z 
compatibility	Complete correctness gate	2026-09-20T11:46:51.0481270Z running 5 tests
compatibility	Complete correctness gate	2026-09-20T11:46:51.0491180Z test annotation_does_not_accept_new_failures ... ok
compatibility	Complete correctness gate	2026-09-20T11:46:51.0627930Z test aggregate_gate_reports_an_intermediate_failure ... ok
compatibility	Complete correctness gate	2026-09-20T11:46:51.0658670Z test preserves_bytes_whitespace_and_status ... ok
compatibility	Complete correctness gate	2026-09-20T11:46:51.0892330Z test each_run_has_a_fresh_directory ... ok
compatibility	Complete correctness gate	2026-09-20T11:46:51.5786030Z test timeout_kills_descendants ... ok
compatibility	Complete correctness gate	2026-09-20T11:46:51.5786860Z 
compatibility	Complete correctness gate	2026-09-20T11:46:51.5787410Z test result: ok. 5 passed; 0 failed; 0 ignored; 0 measured; 0 filtered out; finished in 0.53s
compatibility	Complete correctness gate	2026-09-20T11:46:51.5788070Z      Running tests/historical.rs (target/debug/deps/historical-d2aa7e6e2d02f6e9)
compatibility	Complete correctness gate	2026-09-20T11:46:51.5789130Z 
compatibility	Complete correctness gate	2026-09-20T11:46:51.5821060Z 
compatibility	Complete correctness gate	2026-09-20T11:46:51.5821410Z running 2 tests
compatibility	Complete correctness gate	2026-09-20T11:46:51.9894860Z test original_invalid_programs_are_rejected_without_panicking ... ok
compatibility	Complete correctness gate	2026-09-20T11:46:53.4787570Z test original_positive_regressions ... ok
compatibility	Complete correctness gate	2026-09-20T11:46:53.4788890Z 
compatibility	Complete correctness gate	2026-09-20T11:46:53.4789740Z      Running tests/input_contract.rs (target/debug/deps/input_contract-d3a16d22dd2df171)
compatibility	Complete correctness gate	2026-09-20T11:46:53.4790670Z test result: ok. 2 passed; 0 failed; 0 ignored; 0 measured; 0 filtered out; finished in 1.90s
compatibility	Complete correctness gate	2026-09-20T11:46:53.4791170Z 
compatibility	Complete correctness gate	2026-09-20T11:46:53.4825670Z 
compatibility	Complete correctness gate	2026-09-20T11:46:53.4826710Z running 5 tests
compatibility	Complete correctness gate	2026-09-20T11:46:53.5142510Z test missing_getline_file_is_an_error_not_eof ... ok
compatibility	Complete correctness gate	2026-09-20T11:46:53.5337860Z test rewriting_record_does_not_count_a_read ... ok
compatibility	Complete correctness gate	2026-09-20T11:46:53.5458060Z test file_getline_and_interleaved_assignments ... ok
compatibility	Complete correctness gate	2026-09-20T11:46:53.5532770Z test getline_uses_main_stream_and_counts_every_read ... ok
compatibility	Complete correctness gate	2026-09-20T11:46:53.5807420Z test rs_changes_apply_to_unconsumed_input ... ok
compatibility	Complete correctness gate	2026-09-20T11:46:53.5810510Z 
compatibility	Complete correctness gate	2026-09-20T11:46:53.5811720Z      Running tests/language_contract.rs (target/debug/deps/language_contract-cde8066e1d7c2b70)
compatibility	Complete correctness gate	2026-09-20T11:46:53.5813680Z test result: ok. 5 passed; 0 failed; 0 ignored; 0 measured; 0 filtered out; finished in 0.10s
compatibility	Complete correctness gate	2026-09-20T11:46:53.5814580Z 
compatibility	Complete correctness gate	2026-09-20T11:46:53.5874720Z 
compatibility	Complete correctness gate	2026-09-20T11:46:53.5885260Z running 7 tests
compatibility	Complete correctness gate	2026-09-20T11:46:53.6180180Z test array_parameters_are_references ... ok
compatibility	Complete correctness gate	2026-09-20T11:46:53.6305870Z test array_reads_create_entries ... ok
compatibility	Complete correctness gate	2026-09-20T11:46:53.6444290Z test convfmt_is_used_for_comparisons_fields_and_keys ... ok
compatibility	Complete correctness gate	2026-09-20T11:46:53.6581880Z test expressions_and_escapes ... ok
compatibility	Complete correctness gate	2026-09-20T11:46:53.6664680Z test lvalue_indices_are_evaluated_once ... ok
compatibility	Complete correctness gate	2026-09-20T11:46:53.6729520Z test numeric_and_string_values_keep_their_types ... ok
compatibility	Complete correctness gate	2026-09-20T11:46:53.7058790Z test range_patterns_and_empty_actions ... ok
compatibility	Complete correctness gate	2026-09-20T11:46:53.7059620Z 
compatibility	Complete correctness gate	2026-09-20T11:46:53.7060290Z test result: ok. 7 passed; 0 failed; 0 ignored; 0 measured; 0 filtered out; finished in 0.12s
compatibility	Complete correctness gate	2026-09-20T11:46:53.7061820Z 
compatibility	Complete correctness gate	2026-09-20T11:46:53.7062760Z      Running tests/legacy_locale.rs (target/debug/deps/legacy_locale-8bcee91200be312f)
compatibility	Complete correctness gate	2026-09-20T11:46:53.7106900Z 
compatibility	Complete correctness gate	2026-09-20T11:46:53.7107960Z running 6 tests
compatibility	Complete correctness gate	2026-09-20T11:46:53.8758500Z test every_nonzero_byte_case_conversion_matches_c ... ok
compatibility	Complete correctness gate	2026-09-20T11:46:53.8760990Z test byte_positions_ranges_splits_and_substitution_match_c ... ok
compatibility	Complete correctness gate	2026-09-20T11:46:53.9545440Z test nul_preservation_remains_an_explicit_rust_extension ... ok
compatibility	Complete correctness gate	2026-09-20T11:46:54.0444300Z test required_single_byte_locales_are_active ... ok
compatibility	Complete correctness gate	2026-09-20T11:46:54.1028850Z test legacy_locale_selection_obeys_precedence_and_is_fixed_at_startup ... ok
compatibility	Complete correctness gate	2026-09-20T11:46:55.1592250Z test every_nonzero_byte_in_each_posix_class_matches_c ... ok
compatibility	Complete correctness gate	2026-09-20T11:46:55.1592590Z 
compatibility	Complete correctness gate	2026-09-20T11:46:55.1592840Z test result: ok. 6 passed; 0 failed; 0 ignored; 0 measured; 0 filtered out; finished in 1.45s
compatibility	Complete correctness gate	2026-09-20T11:46:55.1593190Z 
compatibility	Complete correctness gate	2026-09-20T11:46:55.1593450Z      Running tests/phase7_closure.rs (target/debug/deps/phase7_closure-34ec5d4b37cf044e)
compatibility	Complete correctness gate	2026-09-20T11:46:55.1623790Z 
compatibility	Complete correctness gate	2026-09-20T11:46:55.1624480Z running 7 tests
compatibility	Complete correctness gate	2026-09-20T11:46:55.2407030Z test closed_output_pipe_reports_language_error ... ok
compatibility	Complete correctness gate	2026-09-20T11:46:55.2727230Z test contracts_reject_mutations ... ok
compatibility	Complete correctness gate	2026-09-20T11:46:55.7392420Z test generated_octal_regex_atoms_and_literal_operators ... ok
compatibility	Complete correctness gate	2026-09-20T11:46:55.7759000Z test keyword_prefixes_and_integral_precision ... ok
compatibility	Complete correctness gate	2026-09-20T11:46:55.9466840Z test raw_source_bytes_survive_inline_file_and_stdin ... ok
compatibility	Complete correctness gate	2026-09-20T11:46:56.1402890Z test separators_keep_string_and_regex_semantics ... ok
compatibility	Complete correctness gate	2026-09-20T11:46:59.9786480Z test individual_driver_contracts ... ok
compatibility	Complete correctness gate	2026-09-20T11:46:59.9787630Z 
compatibility	Complete correctness gate	2026-09-20T11:46:59.9787910Z test result: ok. 7 passed; 0 failed; 0 ignored; 0 measured; 0 filtered out; finished in 4.81s
compatibility	Complete correctness gate	2026-09-20T11:46:59.9788260Z 
compatibility	Complete correctness gate	2026-09-20T11:46:59.9792700Z      Running tests/printf_sanity.rs (target/debug/deps/printf_sanity-7136c99a55f18e88)
compatibility	Complete correctness gate	2026-09-20T11:46:59.9825760Z 
compatibility	Complete correctness gate	2026-09-20T11:46:59.9826860Z running 5 tests
compatibility	Complete correctness gate	2026-09-20T11:46:59.9951260Z test f_precision ... ok
compatibility	Complete correctness gate	2026-09-20T11:47:00.0022930Z test d_padding ... ok
compatibility	Complete correctness gate	2026-09-20T11:47:00.0101070Z test e_scientific ... ok
compatibility	Complete correctness gate	2026-09-20T11:47:00.0119080Z test s_truncate ... ok
compatibility	Complete correctness gate	2026-09-20T11:47:00.0135410Z test x_hex ... ok
compatibility	Complete correctness gate	2026-09-20T11:47:00.0137920Z      Running tests/proptest_diff.rs (target/debug/deps/proptest_diff-e5009bf092758d21)
compatibility	Complete correctness gate	2026-09-20T11:47:00.0138990Z 
compatibility	Complete correctness gate	2026-09-20T11:47:00.0141350Z test result: ok. 5 passed; 0 failed; 0 ignored; 0 measured; 0 filtered out; finished in 0.03s
compatibility	Complete correctness gate	2026-09-20T11:47:00.0142280Z 
compatibility	Complete correctness gate	2026-09-20T11:47:00.0173620Z 
compatibility	Complete correctness gate	2026-09-20T11:47:00.0174870Z running 6 tests
compatibility	Complete correctness gate	2026-09-20T11:47:03.0364190Z test template_concat_string ... ok
compatibility	Complete correctness gate	2026-09-20T11:47:03.1201630Z test template_add ... ok
compatibility	Complete correctness gate	2026-09-20T11:47:03.2802000Z test template_multiply ... ok
compatibility	Complete correctness gate	2026-09-20T11:47:04.8343880Z test template_scientific_no_orphan_dot ... ok
compatibility	Complete correctness gate	2026-09-20T11:47:06.0134370Z test template_printf_float ... ok
compatibility	Complete correctness gate	2026-09-20T11:47:06.2535800Z test template_printf_int ... ok
compatibility	Complete correctness gate	2026-09-20T11:47:06.2536270Z 
compatibility	Complete correctness gate	2026-09-20T11:47:06.2536950Z test result: ok. 6 passed; 0 failed; 0 ignored; 0 measured; 0 filtered out; finished in 6.23s
compatibility	Complete correctness gate	2026-09-20T11:47:06.2537500Z 
compatibility	Complete correctness gate	2026-09-20T11:47:06.2541770Z      Running tests/remaining_contract.rs (target/debug/deps/remaining_contract-7a9f8e2e6bedf0e8)
compatibility	Complete correctness gate	2026-09-20T11:47:06.2591880Z 
compatibility	Complete correctness gate	2026-09-20T11:47:06.2593080Z running 7 tests
compatibility	Complete correctness gate	2026-09-20T11:47:06.2834390Z test bracket_normalization_preserves_the_binary_profile ... ok
compatibility	Complete correctness gate	2026-09-20T11:47:06.3344500Z test character_format_distinguishes_numeric_fields_from_literal_strings ... ok
compatibility	Complete correctness gate	2026-09-20T11:47:06.3827670Z test missing_fields_are_empty_strings_not_uninitialized_variables ... ok
compatibility	Complete correctness gate	2026-09-20T11:47:06.8489710Z test descending_bracket_ranges_follow_original_c ... ok
compatibility	Complete correctness gate	2026-09-20T11:47:09.0951310Z test generated_rational_values_and_float_formats ... ok
compatibility	Complete correctness gate	2026-09-20T11:47:11.1026500Z test replacement_escapes_have_separate_lexical_and_runtime_stages ... ok
compatibility	Complete correctness gate	2026-09-20T11:47:11.8025140Z test numeric_rounding_uses_the_exact_binary_value ... ok
compatibility	Complete correctness gate	2026-09-20T11:47:11.8025620Z 
compatibility	Complete correctness gate	2026-09-20T11:47:11.8026200Z test result: ok. 7 passed; 0 failed; 0 ignored; 0 measured; 0 filtered out; finished in 5.54s
compatibility	Complete correctness gate	2026-09-20T11:47:11.8027060Z 
compatibility	Complete correctness gate	2026-09-20T11:47:11.8028530Z      Running tests/runtime_contract.rs (target/debug/deps/runtime_contract-d65bacc50385039a)
compatibility	Complete correctness gate	2026-09-20T11:47:11.8142100Z 
compatibility	Complete correctness gate	2026-09-20T11:47:11.8142300Z running 3 tests
compatibility	Complete correctness gate	2026-09-20T11:47:11.8277500Z test return_escapes_all_loop_forms ... ok
compatibility	Complete correctness gate	2026-09-20T11:47:11.8422400Z test short_circuit_preserves_side_effects ... ok
compatibility	Complete correctness gate	2026-09-20T11:47:11.8443480Z test exit_executes_end_and_interrupts_expressions ... ok
compatibility	Complete correctness gate	2026-09-20T11:47:11.8443880Z 
compatibility	Complete correctness gate	2026-09-20T11:47:11.8444280Z test result: ok. 3 passed; 0 failed; 0 ignored; 0 measured; 0 filtered out; finished in 0.03s
compatibility	Complete correctness gate	2026-09-20T11:47:11.8444790Z 
compatibility	Complete correctness gate	2026-09-20T11:47:11.8446260Z      Running tests/shell_drivers.rs (target/debug/deps/shell_drivers-b33b16bb97343606)
compatibility	Complete correctness gate	2026-09-20T11:47:11.8481230Z 
compatibility	Complete correctness gate	2026-09-20T11:47:11.8481820Z running 3 tests
compatibility	Complete correctness gate	2026-09-20T11:47:14.0647670Z test shell_driver_gate_rejects_missing_interpreter_output ... ok
compatibility	Complete correctness gate	2026-09-20T11:47:14.7627570Z test original_cli_and_array_shell_drivers ... ok
compatibility	Complete correctness gate	2026-09-20T11:47:53.2493170Z test admitted_original_shell_drivers ... ok
compatibility	Complete correctness gate	2026-09-20T11:47:53.2497300Z      Running tests/shift_jis.rs (target/debug/deps/shift_jis-1c1b9bb11ce40504)
compatibility	Complete correctness gate	2026-09-20T11:47:53.2498170Z 
compatibility	Complete correctness gate	2026-09-20T11:47:53.2498450Z test result: ok. 3 passed; 0 failed; 0 ignored; 0 measured; 0 filtered out; finished in 41.38s
compatibility	Complete correctness gate	2026-09-20T11:47:53.2517630Z 
compatibility	Complete correctness gate	2026-09-20T11:47:53.2647530Z 
compatibility	Complete correctness gate	2026-09-20T11:47:53.2648420Z running 11 tests
compatibility	Complete correctness gate	2026-09-20T11:47:53.3127390Z test embedded_nul_preserves_the_rust_binary_extension ... ok
compatibility	Complete correctness gate	2026-09-20T11:47:53.3257180Z test conversion_failure_preserves_atomic_print_contract ... ok
compatibility	Complete correctness gate	2026-09-20T11:47:53.5685680Z test record_separators_and_locale_precedence_match_c ... ok
compatibility	Complete correctness gate	2026-09-20T11:47:53.6238540Z test regex_rs_with_three_or_four_byte_structural_units_matches_c ... ok
compatibility	Complete correctness gate	2026-09-20T11:47:53.6811590Z test required_sjis_locale_has_observable_case_mapping ... ok
compatibility	Complete correctness gate	2026-09-20T11:47:54.0464640Z test regex_rs_sjis_refill_across_input_buffers_and_getline_matches_c ... ok
compatibility	Complete correctness gate	2026-09-20T11:47:54.0889180Z test streaming_rs_keeps_binary_data_distinct_from_eof ... ok
compatibility	Complete correctness gate	2026-09-20T11:47:54.9076020Z test structural_units_regex_fields_and_formatting_match_c ... ok
compatibility	Complete correctness gate	2026-09-20T11:47:55.4877070Z test valid_case_conversion_and_truncated_suffixes_match_c ... ok
compatibility	Complete correctness gate	2026-09-20T11:48:02.1802170Z test regex_rs_refill_restart_longest_and_anchors_match_c ... ok
compatibility	Complete correctness gate	2026-09-20T11:48:29.1618640Z test single_bytes_and_lead_trail_boundaries_match_c ... ok
compatibility	Complete correctness gate	2026-09-20T11:48:29.1619330Z 
compatibility	Complete correctness gate	2026-09-20T11:48:29.1619650Z test result: ok. 11 passed; 0 failed; 0 ignored; 0 measured; 0 filtered out; finished in 35.88s
compatibility	Complete correctness gate	2026-09-20T11:48:29.1619970Z 
compatibility	Complete correctness gate	2026-09-20T11:48:29.1628910Z      Running tests/unicode_contract.rs (target/debug/deps/unicode_contract-ff53360e0ff39268)
compatibility	Complete correctness gate	2026-09-20T11:48:29.1755370Z 
compatibility	Complete correctness gate	2026-09-20T11:48:29.1756240Z running 10 tests
compatibility	Complete correctness gate	2026-09-20T11:48:29.2328920Z test binary_nul_extension_and_case_conversion_errors ... ok
compatibility	Complete correctness gate	2026-09-20T11:48:29.5530310Z test locale_precedence_and_character_operations ... ok
compatibility	Complete correctness gate	2026-09-20T11:48:29.7675810Z test repeated_matches_and_index_inside_a_multibyte_unit ... ok
compatibility	Complete correctness gate	2026-09-20T11:48:29.7847670Z test boolean_regex_search_preserves_rune_alignment_and_empty_matches ... ok
compatibility	Complete correctness gate	2026-09-20T11:48:29.9609200Z test required_locales_are_active_in_both_interpreters ... ok
compatibility	Complete correctness gate	2026-09-20T11:48:30.1111740Z test unicode_formatting_and_source_escapes ... ok
compatibility	Complete correctness gate	2026-09-20T11:48:30.4622780Z test utf8_record_separators_across_buffers ... ok
compatibility	Complete correctness gate	2026-09-20T11:48:30.7711720Z test unicode_classes_ranges_and_anchors ... ok
compatibility	Complete correctness gate	2026-09-20T11:48:30.9084960Z test utf8_regex_empty_matches_and_mixed_bytes ... ok
compatibility	Complete correctness gate	2026-09-20T11:48:40.0555590Z test original_utf8_drivers ... ok
compatibility	Complete correctness gate	2026-09-20T11:48:40.0560200Z 
compatibility	Complete correctness gate	2026-09-20T11:48:40.0561630Z test result: ok. 10 passed; 0 failed; 0 ignored; 0 measured; 0 filtered out; finished in 10.87s
compatibility	Complete correctness gate	2026-09-20T11:48:40.0562460Z 
compatibility	Complete correctness gate	2026-09-20T11:48:40.0597920Z      Running tests/xml_runner_test.rs (target/debug/deps/xml_runner_test-bbb04a9a34486b5f)
compatibility	Complete correctness gate	2026-09-20T11:48:40.0726860Z 
compatibility	Complete correctness gate	2026-09-20T11:48:40.0727280Z running 1 test
compatibility	Complete correctness gate	2026-09-20T11:48:42.6513700Z test run_xml_testsuite ... ok
compatibility	Complete correctness gate	2026-09-20T11:48:42.6514490Z    Doc-tests rawk
compatibility	Complete correctness gate	2026-09-20T11:48:42.6525480Z 
compatibility	Complete correctness gate	2026-09-20T11:48:42.6526160Z test result: ok. 1 passed; 0 failed; 0 ignored; 0 measured; 0 filtered out; finished in 2.58s
compatibility	Complete correctness gate	2026-09-20T11:48:42.6526940Z 
compatibility	Complete correctness gate	2026-09-20T11:48:43.3529500Z 
compatibility	Complete correctness gate	2026-09-20T11:48:43.3530790Z running 0 tests
compatibility	Complete correctness gate	2026-09-20T11:48:43.3531240Z 
compatibility	Complete correctness gate	2026-09-20T11:48:43.3532090Z test result: ok. 0 passed; 0 failed; 0 ignored; 0 measured; 0 filtered out; finished in 0.00s
compatibility	Complete correctness gate	2026-09-20T11:48:43.3532630Z 
compatibility	Complete correctness gate	2026-09-20T11:48:43.3600630Z OK
compatibility	Audit all original shell drivers (includes documented diagnostic and locale differences)	﻿2026-09-20T11:48:43.3707510Z ##[group]Run python3 scripts/full_driver_audit.py --output diary/full-driver-results-ci.json
compatibility	Audit all original shell drivers (includes documented diagnostic and locale differences)	2026-09-20T11:48:43.3708430Z [36;1mpython3 scripts/full_driver_audit.py --output diary/full-driver-results-ci.json[0m
compatibility	Audit all original shell drivers (includes documented diagnostic and locale differences)	2026-09-20T11:48:43.3938850Z shell: /bin/bash -e {0}
compatibility	Audit all original shell drivers (includes documented diagnostic and locale differences)	2026-09-20T11:48:43.3939190Z env:
compatibility	Audit all original shell drivers (includes documented diagnostic and locale differences)	2026-09-20T11:48:43.3939370Z   LC_ALL: C
compatibility	Audit all original shell drivers (includes documented diagnostic and locale differences)	2026-09-20T11:48:43.3939640Z   CARGO_INCREMENTAL: 0
compatibility	Audit all original shell drivers (includes documented diagnostic and locale differences)	2026-09-20T11:48:43.3939920Z   RUSTUP_TOOLCHAIN: 1.96.0
compatibility	Audit all original shell drivers (includes documented diagnostic and locale differences)	2026-09-20T11:48:43.3940200Z ##[endgroup]
compatibility	Audit all original shell drivers (includes documented diagnostic and locale differences)	2026-09-20T11:48:44.3310850Z T.-f-f pass 
compatibility	Audit all original shell drivers (includes documented diagnostic and locale differences)	2026-09-20T11:48:45.5033170Z T.argv pass 
compatibility	Audit all original shell drivers (includes documented diagnostic and locale differences)	2026-09-20T11:48:47.6811760Z T.arnold pass 
compatibility	Audit all original shell drivers (includes documented diagnostic and locale differences)	2026-09-20T11:48:50.4210150Z T.beebe pass 
compatibility	Audit all original shell drivers (includes documented diagnostic and locale differences)	2026-09-20T11:48:51.4628370Z T.builtin reference-failure BAD: T.builtin (rand) BAD: T.builtin (toupper/tolower) for utf-8
compatibility	Audit all original shell drivers (includes documented diagnostic and locale differences)	2026-09-20T11:48:52.0203700Z T.chem pass 
compatibility	Audit all original shell drivers (includes documented diagnostic and locale differences)	2026-09-20T11:48:52.7190710Z T.close pass 
compatibility	Audit all original shell drivers (includes documented diagnostic and locale differences)	2026-09-20T11:48:54.1188210Z T.clv pass 
compatibility	Audit all original shell drivers (includes documented diagnostic and locale differences)	2026-09-20T11:48:54.5492360Z T.csconcat pass 
compatibility	Audit all original shell drivers (includes documented diagnostic and locale differences)	2026-09-20T11:48:55.7202030Z T.csv pass 
compatibility	Audit all original shell drivers (includes documented diagnostic and locale differences)	2026-09-20T11:48:56.7256790Z T.delete pass 
compatibility	Audit all original shell drivers (includes documented diagnostic and locale differences)	2026-09-20T11:48:58.1745400Z T.errmsg reference-failure BAD: illegal primary in regular expression failed BAD: illegal break, continue, next or nextfile from BEGIN failed BAD: illegal break, continue, next or nextfile from END failed BAD: nextfile is illegal inside a function failed BAD: nonterminated character class failed BAD: nonterminated character class failed BAD: nonterminated character cl
compatibility	Audit all original shell drivers (includes documented diagnostic and locale differences)	2026-09-20T11:49:02.0219630Z T.expr pass 
compatibility	Audit all original shell drivers (includes documented diagnostic and locale differences)	2026-09-20T11:49:02.4842740Z T.exprconv pass 
compatibility	Audit all original shell drivers (includes documented diagnostic and locale differences)	2026-09-20T11:49:02.9918440Z T.flags open T.flags: bad no program T.flags: bad can.t open program T.flags: bad can.t open program 2 T.flags: bad missing field separator
compatibility	Audit all original shell drivers (includes documented diagnostic and locale differences)	2026-09-20T11:49:03.9476620Z T.func pass 
compatibility	Audit all original shell drivers (includes documented diagnostic and locale differences)	2026-09-20T11:49:06.9698840Z T.gawk pass 
compatibility	Audit all original shell drivers (includes documented diagnostic and locale differences)	2026-09-20T11:49:07.9135650Z T.getline pass 
compatibility	Audit all original shell drivers (includes documented diagnostic and locale differences)	2026-09-20T11:49:08.2731550Z T.int-expr pass 
compatibility	Audit all original shell drivers (includes documented diagnostic and locale differences)	2026-09-20T11:49:08.8703010Z T.latin1 pass 
compatibility	Audit all original shell drivers (includes documented diagnostic and locale differences)	2026-09-20T11:49:12.8749760Z T.lilly pass 
compatibility	Audit all original shell drivers (includes documented diagnostic and locale differences)	2026-09-20T11:49:13.4710060Z T.main pass 
compatibility	Audit all original shell drivers (includes documented diagnostic and locale differences)	2026-09-20T11:49:15.6974070Z T.misc open BAD: T.misc split error BAD: T.misc hello error BAD: T.misc pile error BAD: T.misc gsub banana error BAD: T.misc sub banana error BAD: T.misc lineno BAD: T.misc can't open BAD: T.misc continuation line number BAD: T.misc syntax error line number �BAD: T.misc escape sequences in strings mishandled BAD: T.misc fcn args BAD: T.misc undefine
compatibility	Audit all original shell drivers (includes documented diagnostic and locale differences)	2026-09-20T11:49:16.8875420Z T.nextfile pass 
compatibility	Audit all original shell drivers (includes documented diagnostic and locale differences)	2026-09-20T11:49:17.7482910Z T.overflow pass 
compatibility	Audit all original shell drivers (includes documented diagnostic and locale differences)	2026-09-20T11:49:23.1803390Z T.re pass 
compatibility	Audit all original shell drivers (includes documented diagnostic and locale differences)	2026-09-20T11:49:23.5702990Z T.recache pass 
compatibility	Audit all original shell drivers (includes documented diagnostic and locale differences)	2026-09-20T11:49:24.0119490Z T.redir pass 
compatibility	Audit all original shell drivers (includes documented diagnostic and locale differences)	2026-09-20T11:49:24.9882910Z T.split pass 
compatibility	Audit all original shell drivers (includes documented diagnostic and locale differences)	2026-09-20T11:49:27.6136040Z T.sub pass 
compatibility	Audit all original shell drivers (includes documented diagnostic and locale differences)	2026-09-20T11:49:27.9569450Z T.system pass 
compatibility	Audit all original shell drivers (includes documented diagnostic and locale differences)	2026-09-20T11:49:31.0422550Z T.utf reference-failure test 1.3 failed test 1.4 failed test 1.5 failed test 1.6 failed test 1.7 failed test 1.8 failed test 1.9 failed test 1.10 failed test 1.11 failed test 1.12 failed test 1.13 failed test 1.14 failed test 1.15 failed test 1.16 failed test 1.17 failed test 1.18 failed test 1.19 failed test 1.20 failed test 1.21 fail
compatibility	Audit all original shell drivers (includes documented diagnostic and locale differences)	2026-09-20T11:49:34.4255730Z T.utfre reference-failure 43 fails ^λ.$ ~ λλ 51 fails ^.해 ~ め해 52 fails ^.해 ~ め해해 64 fails 해* ~  68 fails 해* ~ めめめめ 69 fails 해해* ~ 해 71 fails 해해* ~ め해 84 fails xθ+y ~ xθθy 85 fails xθ+y ~ xθθθθθθy 89 fails xθ?y ~ xy 92 fails θ?b?の? ~  93 fails θ?b?の? ~ x 106 fails [Α-Ω] !~ β 108 fails [^Α-Ω] ~ δ 119 fails [Α-ΔΦ-Ω] !~ Π 120 fails [Α-ΔΦ-Ω] !~ Σ
compatibility	Audit original UTF-8 drivers	﻿2026-09-20T11:49:34.4427990Z ##[group]Run python3 scripts/full_driver_audit.py --drivers T.utf T.utfre --locale en_US.UTF-8 --check --output diary/unicode-driver-results-ci.json
compatibility	Audit original UTF-8 drivers	2026-09-20T11:49:34.4447860Z [36;1mpython3 scripts/full_driver_audit.py --drivers T.utf T.utfre --locale en_US.UTF-8 --check --output diary/unicode-driver-results-ci.json[0m
compatibility	Audit original UTF-8 drivers	2026-09-20T11:49:34.4635540Z shell: /bin/bash -e {0}
compatibility	Audit original UTF-8 drivers	2026-09-20T11:49:34.4635910Z env:
compatibility	Audit original UTF-8 drivers	2026-09-20T11:49:34.4636260Z   LC_ALL: C
compatibility	Audit original UTF-8 drivers	2026-09-20T11:49:34.4636540Z   CARGO_INCREMENTAL: 0
compatibility	Audit original UTF-8 drivers	2026-09-20T11:49:34.4636930Z   RUSTUP_TOOLCHAIN: 1.96.0
compatibility	Audit original UTF-8 drivers	2026-09-20T11:49:34.4637200Z ##[endgroup]
compatibility	Audit original UTF-8 drivers	2026-09-20T11:49:38.1043630Z T.utf pass 
compatibility	Audit original UTF-8 drivers	2026-09-20T11:49:41.8665720Z T.utfre pass 
compatibility	Retain full driver evidence	﻿2026-09-20T11:49:41.8898370Z Node 20 is being deprecated. This workflow is running with Node 24 by default. If you need to temporarily use Node 20, you can set the ACTIONS_ALLOW_USE_UNSECURE_NODE_VERSION=true environment variable. For more information see: https://github.blog/changelog/2025-09-19-deprecation-of-node-20-on-github-actions-runners/
compatibility	Retain full driver evidence	2026-09-20T11:49:41.8900100Z ##[group]Run actions/upload-artifact@ea165f8d65b6e75b540449e92b4886f43607fa02
compatibility	Retain full driver evidence	2026-09-20T11:49:41.8900500Z with:
compatibility	Retain full driver evidence	2026-09-20T11:49:41.8900730Z   name: original-driver-audit
compatibility	Retain full driver evidence	2026-09-20T11:49:41.8901150Z   path: rawk/diary/full-driver-results-ci.json
compatibility	Retain full driver evidence	rawk/diary/unicode-driver-results-ci.json
compatibility	Retain full driver evidence	
compatibility	Retain full driver evidence	2026-09-20T11:49:41.8901540Z   if-no-files-found: error
compatibility	Retain full driver evidence	2026-09-20T11:49:41.8901800Z   compression-level: 6
compatibility	Retain full driver evidence	2026-09-20T11:49:41.8902100Z   overwrite: false
compatibility	Retain full driver evidence	2026-09-20T11:49:41.8902290Z   include-hidden-files: false
compatibility	Retain full driver evidence	2026-09-20T11:49:41.8902470Z env:
compatibility	Retain full driver evidence	2026-09-20T11:49:41.8902730Z   LC_ALL: C
compatibility	Retain full driver evidence	2026-09-20T11:49:41.8902990Z   CARGO_INCREMENTAL: 0
compatibility	Retain full driver evidence	2026-09-20T11:49:41.8903260Z   RUSTUP_TOOLCHAIN: 1.96.0
compatibility	Retain full driver evidence	2026-09-20T11:49:41.8903680Z ##[endgroup]
compatibility	Retain full driver evidence	2026-09-20T11:49:42.2643170Z (node:54819) [DEP0040] DeprecationWarning: The `punycode` module is deprecated. Please use a userland alternative instead.
compatibility	Retain full driver evidence	2026-09-20T11:49:42.2643940Z (Use `node --trace-deprecation ...` to show where the warning was created)
compatibility	Retain full driver evidence	2026-09-20T11:49:42.2698010Z Multiple search paths detected. Calculating the least common ancestor of all paths
compatibility	Retain full driver evidence	2026-09-20T11:49:42.2699250Z The least common ancestor is /Users/runner/work/rawk/rawk/rawk/diary. This will be the root directory of the artifact
compatibility	Retain full driver evidence	2026-09-20T11:49:42.2699850Z With the provided path, there will be 2 files uploaded
compatibility	Retain full driver evidence	2026-09-20T11:49:42.2702560Z Artifact name is valid!
compatibility	Retain full driver evidence	2026-09-20T11:49:42.2702900Z Root directory input is valid!
compatibility	Retain full driver evidence	2026-09-20T11:49:42.4918060Z Beginning upload of artifact content to blob storage
compatibility	Retain full driver evidence	2026-09-20T11:49:42.5147970Z (node:54819) [DEP0169] DeprecationWarning: `url.parse()` behavior is not standardized and prone to errors that have security implications. Use the WHATWG URL API instead. CVEs are not issued for `url.parse()` vulnerabilities.
compatibility	Retain full driver evidence	2026-09-20T11:49:42.5400920Z Uploaded bytes 11673
compatibility	Retain full driver evidence	2026-09-20T11:49:42.5543400Z Finished uploading artifact content to blob storage!
compatibility	Retain full driver evidence	2026-09-20T11:49:42.5545000Z SHA256 digest of uploaded artifact zip is edaa14edecc8ed4c491333ecad8531494d38e4462bafccacebd30b5d5d6f9f4c
compatibility	Retain full driver evidence	2026-09-20T11:49:42.5546350Z Finalizing artifact upload
compatibility	Retain full driver evidence	2026-09-20T11:49:42.7628850Z Artifact original-driver-audit.zip successfully finalized. Artifact ID 10604178368
compatibility	Retain full driver evidence	2026-09-20T11:49:42.7630550Z Artifact original-driver-audit has been successfully uploaded! Final size is 11673 bytes. Artifact ID is 10604178368
compatibility	Retain full driver evidence	2026-09-20T11:49:42.7633290Z Artifact download URL: https://github.com/francescotinti/rawk/actions/runs/35508673531/artifacts/10604178368
compatibility	Post Run actions/checkout@11bd71901bbe5b1630ceea73d27597364c9af683	﻿2026-09-20T11:49:42.7810300Z Node 20 is being deprecated. This workflow is running with Node 24 by default. If you need to temporarily use Node 20, you can set the ACTIONS_ALLOW_USE_UNSECURE_NODE_VERSION=true environment variable. For more information see: https://github.blog/changelog/2025-09-19-deprecation-of-node-20-on-github-actions-runners/
compatibility	Post Run actions/checkout@11bd71901bbe5b1630ceea73d27597364c9af683	2026-09-20T11:49:42.7811380Z Post job cleanup.
compatibility	Post Run actions/checkout@11bd71901bbe5b1630ceea73d27597364c9af683	2026-09-20T11:49:42.8873140Z [command]/opt/homebrew/bin/git version
compatibility	Post Run actions/checkout@11bd71901bbe5b1630ceea73d27597364c9af683	2026-09-20T11:49:42.8971730Z git version 2.55.0
compatibility	Post Run actions/checkout@11bd71901bbe5b1630ceea73d27597364c9af683	2026-09-20T11:49:42.8992570Z Copying '/Users/runner/.gitconfig' to '/Users/runner/work/_temp/0e308b63-d69d-4402-985a-b691e29d1270/.gitconfig'
compatibility	Post Run actions/checkout@11bd71901bbe5b1630ceea73d27597364c9af683	2026-09-20T11:49:42.9001570Z Temporarily overriding HOME='/Users/runner/work/_temp/0e308b63-d69d-4402-985a-b691e29d1270' before making global git config changes
compatibility	Post Run actions/checkout@11bd71901bbe5b1630ceea73d27597364c9af683	2026-09-20T11:49:42.9002400Z Adding repository directory to the temporary git global config as a safe directory
compatibility	Post Run actions/checkout@11bd71901bbe5b1630ceea73d27597364c9af683	2026-09-20T11:49:42.9005560Z [command]/opt/homebrew/bin/git config --global --add safe.directory /Users/runner/work/rawk/rawk/rawk
compatibility	Post Run actions/checkout@11bd71901bbe5b1630ceea73d27597364c9af683	2026-09-20T11:49:42.9112540Z [command]/opt/homebrew/bin/git config --local --name-only --get-regexp core\.sshCommand
compatibility	Post Run actions/checkout@11bd71901bbe5b1630ceea73d27597364c9af683	2026-09-20T11:49:42.9178140Z [command]/opt/homebrew/bin/git submodule foreach --recursive sh -c "git config --local --name-only --get-regexp 'core\.sshCommand' && git config --local --unset-all 'core.sshCommand' || :"
compatibility	Post Run actions/checkout@11bd71901bbe5b1630ceea73d27597364c9af683	2026-09-20T11:49:43.0153990Z [command]/opt/homebrew/bin/git config --local --name-only --get-regexp http\.https\:\/\/github\.com\/\.extraheader
compatibility	Post Run actions/checkout@11bd71901bbe5b1630ceea73d27597364c9af683	2026-09-20T11:49:43.0207350Z http.https://github.com/.extraheader
compatibility	Post Run actions/checkout@11bd71901bbe5b1630ceea73d27597364c9af683	2026-09-20T11:49:43.0218950Z [command]/opt/homebrew/bin/git config --local --unset-all http.https://github.com/.extraheader
compatibility	Post Run actions/checkout@11bd71901bbe5b1630ceea73d27597364c9af683	2026-09-20T11:49:43.0287600Z [command]/opt/homebrew/bin/git submodule foreach --recursive sh -c "git config --local --name-only --get-regexp 'http\.https\:\/\/github\.com\/\.extraheader' && git config --local --unset-all 'http.https://github.com/.extraheader' || :"
compatibility	Complete job	﻿2026-09-20T11:49:43.0950030Z Cleaning up orphan processes
compatibility	Complete job	2026-09-20T11:49:44.4086110Z ##[warning]Node.js 20 is deprecated. The following actions target Node.js 20 but are being forced to run on Node.js 24: actions/checkout@11bd71901bbe5b1630ceea73d27597364c9af683, actions/upload-artifact@ea165f8d65b6e75b540449e92b4886f43607fa02. For more information see: https://github.blog/changelog/2025-09-19-deprecation-of-node-20-on-github-actions-runners/
