Analysis of sampling rawk-before-regex-search-2026-09-20 (pid 51061) every 1 millisecond
Process:         rawk-before-regex-search-2026-09-20 [51061]
Path:            /private/tmp/rawk-before-regex-search-2026-09-20
Load Address:    0x102c88000
Identifier:      rawk-before-regex-search-2026-09-20
Version:         ???
Code Type:       ARM64
Parent Process:  Python [51059]
Target Type:     live task

Date/Time:       2026-09-20 20:10:40.168 +0200
Launch Time:     2026-09-20 20:10:40.113 +0200
OS Version:      macOS 26.6.2 (25G83)
Report Version:  7
Analysis Tool:   /usr/bin/sample

Physical footprint:         2160K
Physical footprint (peak):  2176K
Idle exit:                  untracked
----

Call graph:
    270 Thread_10651228: Main Thread
    + 228 _dyld_start  (in dyld) + 0  [0x1030a09c0]
    + 41 start  (in dyld) + 6904  [0x18173048c]
    + ! 40 dyld4::start(dyld4::KernelArgs*, void*, void*, unsigned long long)::$_1::operator()() const  (in dyld) + 320  [0x181730b30]
    + ! : 39 dyld4::prepare(dyld4::APIs&, mach_o::UnsafeHeader const*)  (in dyld) + 3996  [0x181731ae8]
    + ! : | 39 dyld4::RuntimeState::notifyDebuggerLoad(std::span<dyld4::Loader const*, 18446744073709551615ul> const&)  (in dyld) + 528  [0x181740c8c]
    + ! : |   39 dyld4::ExternallyViewableState::addImages(lsl::Allocator&, lsl::Allocator&, std::span<dyld4::ExternallyViewableState::ImageInfo, 18446744073709551615ul> const&)  (in dyld) + 1084  [0x18174bc80]
    + ! : |     38 dyld4::ExternallyViewableState::triggerNotifications(dyld_image_mode, unsigned int, dyld_image_info const*)  (in dyld) + 296  [0x18174b524]
    + ! : |     + 38 dyld4::RemoteNotificationResponder::blockOnSynchronousEvent(unsigned int)  (in dyld) + 48  [0x181791c90]
    + ! : |     +   38 dyld4::RemoteNotificationResponder::sendMessage(int, unsigned int, mach_msg_header_t*)  (in dyld) + 244  [0x181791904]
    + ! : |     +     38 mach_msg_overwrite  (in dyld) + 244  [0x1817ab18c]
    + ! : |     +       38 mach_msg2_internal  (in dyld) + 76  [0x1817aafe4]
    + ! : |     +         38 mach_msg2_trap  (in dyld) + 8  [0x18171172c]
    + ! : |     1 dyld4::ExternallyViewableState::triggerNotifications(dyld_image_mode, unsigned int, dyld_image_info const*)  (in dyld) + 844  [0x18174b748]
    + ! : |       1 dyld4::RemoteNotificationResponder::notifyMonitorOfImageListChanges(bool, unsigned int, mach_header const**, char const**, unsigned long long)  (in dyld) + 416  [0x181791b60]
    + ! : |         1 mach_o::UnsafeHeader::getUuid(unsigned char*) const  (in dyld) + 132  [0x1817a8484]
    + ! : |           1 mach_o::UnsafeHeader::forEachLoadCommand(void (load_command const*, bool&) block_pointer) const  (in dyld) + 192  [0x1817a6994]
    + ! : 1 dyld4::prepare(dyld4::APIs&, mach_o::UnsafeHeader const*)  (in dyld) + 2116  [0x181731390]
    + ! :   1 dyld4::JustInTimeLoader::applyFixups(Diagnostics&, dyld4::RuntimeState&, dyld4::DyldCacheDataConstLazyScopedWriter&, bool, lsl::Vector<std::pair<dyld4::Loader const*, char const*>>*) const  (in dyld) + 616  [0x181751528]
    + ! :     1 dyld4::Loader::forEachBindTarget(Diagnostics&, dyld4::RuntimeState&, void (unsigned int, unsigned int, dyld4::Loader::ResolvedSymbol const&) block_pointer, bool, void (dyld4::Loader::ResolvedSymbol const&, bool&) block_pointer, void (dyld4::Loader::ResolvedSymbol const&, bool&) block_pointer) const  (in dyld) + 108  [0x181759e58]
    + ! :       1 dyld3::MachOAnalyzer::withVMLayout(Diagnostics&, void (mach_o::Layout const&) block_pointer) const  (in dyld) + 672  [0x1817661b4]
    + ! :         1 invocation function for block in dyld4::Loader::forEachBindTarget(Diagnostics&, dyld4::RuntimeState&, void (unsigned int, unsigned int, dyld4::Loader::ResolvedSymbol const&) block_pointer, bool, void (dyld4::Loader::ResolvedSymbol const&, bool&) block_pointer, void (dyld4::Loader::ResolvedSymbol const&, bool&) block_pointer) const  (in dyld) + 280  [0x181759f7c]
    + ! :           1 mach_o::Fixups::forEachBindTarget_Opcodes(Diagnostics&, bool, void (mach_o::Fixups::BindTargetInfo const&, bool&) block_pointer, void (mach_o::Fixups::BindTargetInfo const&, bool&) block_pointer) const  (in dyld) + 208  [0x181772900]
    + ! :             1 mach_o::Fixups::forEachBindUnified_Opcodes(Diagnostics&, bool, void (unsigned long long, unsigned int, mach_o::Fixups::BindTargetInfo const&, bool&) block_pointer, void (unsigned long long, unsigned int, mach_o::Fixups::BindTargetInfo const&, bool&) block_pointer) const  (in dyld) + 244  [0x181772f48]
    + ! :               1 mach_o::Fixups::forEachBind_OpcodesLazy(Diagnostics&, void (char const*, bool, bool, unsigned int, int, unsigned int, unsigned int, unsigned long long, unsigned char, char const*, bool, bool, unsigned long long, bool, bool&) block_pointer) const  (in dyld) + 444  [0x1817737bc]
    + ! :                 1 invocation function for block in mach_o::Fixups::forEachBindTarget_Opcodes(Diagnostics&, bool, void (mach_o::Fixups::BindTargetInfo const&, bool&) block_pointer, void (mach_o::Fixups::BindTargetInfo const&, bool&) block_pointer) const  (in dyld) + 72  [0x181773eac]
    + ! :                   1 invocation function for block in dyld4::Loader::forEachBindTarget(Diagnostics&, dyld4::RuntimeState&, void (unsigned int, unsigned int, dyld4::Loader::ResolvedSymbol const&) block_pointer, bool, void (dyld4::Loader::ResolvedSymbol const&, bool&) block_pointer, void (dyld4::Loader::ResolvedSymbol const&, bool&) block_pointer) const  (in dyld) + 96  [0x18175a008]
    + ! :                     1 dyld4::Loader::resolveSymbol(Diagnostics&, dyld4::RuntimeState&, int, char const*, bool, bool, void (unsigned int, unsigned int, dyld4::Loader::ResolvedSymbol const&) block_pointer, bool) const  (in dyld) + 544  [0x18175a290]
    + ! :                       1 dyld4::Loader::hasExportedSymbol(Diagnostics&, dyld4::RuntimeState&, char const*, dyld4::Loader::ExportedSymbolMode, dyld4::Loader::ResolverMode, dyld4::Loader::ResolvedSymbol*, dyld3::Array<dyld4::Loader const*>*) const  (in dyld) + 1340  [0x18175b620]
    + ! :                         1 dyld4::Loader::hasExportedSymbol(Diagnostics&, dyld4::RuntimeState&, char const*, dyld4::Loader::ExportedSymbolMode, dyld4::Loader::ResolverMode, dyld4::Loader::ResolvedSymbol*, dyld3::Array<dyld4::Loader const*>*) const  (in dyld) + 380  [0x18175b260]
    + ! :                           1 dyld3::MachOFile::trieWalk(Diagnostics&, unsigned char const*, unsigned char const*, char const*)  (in dyld) + 240  [0x1817700b0]
    + ! 1 dyld4::start(dyld4::KernelArgs*, void*, void*, unsigned long long)::$_1::operator()() const  (in dyld) + 80  [0x181730a40]
    + !   1 dyld4::ProcessConfig::ProcessConfig(dyld4::KernelArgs const*, dyld4::SyscallDelegate&, lsl::Allocator&)  (in dyld) + 60  [0x181733170]
    + !     1 dyld4::ProcessConfig::Process::Process(dyld4::KernelArgs const*, dyld4::SyscallDelegate&, lsl::Allocator&)  (in dyld) + 744  [0x181734644]
    + !       1 dyld4::SyscallDelegate::sandboxBlockedPageInLinking() const  (in dyld) + 60  [0x18172e704]
    + !         1 sandbox_check  (in dyld) + 100  [0x18179cc28]
    + !           1 sandbox_check_common  (in dyld) + 532  [0x18179ceb8]
    + !             1 <deduplicated_symbol>  (in dyld) + 8  [0x181715eec]
    + 1 start  (in dyld) + 6008  [0x1030bc10c]
    +   1 dyld4::ExternallyViewableState::createMinimalInfo(lsl::Allocator&, unsigned long long, char const*, unsigned long long, char const*, DyldSharedCache const*)  (in dyld) + 2116  [0x1030d6c54]
    +     1 dyld4::ExternallyViewableState::triggerNotifications(dyld_image_mode, unsigned int, dyld_image_info const*)  (in dyld) + 296  [0x1030d7524]
    +       1 dyld4::RemoteNotificationResponder::blockOnSynchronousEvent(unsigned int)  (in dyld) + 48  [0x10311dc90]
    +         1 dyld4::RemoteNotificationResponder::sendMessage(int, unsigned int, mach_msg_header_t*)  (in dyld) + 244  [0x10311d904]
    +           1 mach_msg_overwrite  (in dyld) + 244  [0x10313718c]
    +             1 mach_msg2_internal  (in dyld) + 76  [0x103136fe4]
    +               1 mach_msg2_trap  (in dyld) + 8  [0x10309d72c]
    5533 Thread_10651228   DispatchQueue_1: com.apple.main-thread  (serial)
      5531 start  (in dyld) + 6992  [0x1817304e4]
      ! 5531 main  (in rawk-before-regex-search-2026-09-20) + 52  [0x102d2b21c]
      !   5530 _RNvNtCsaLOjE9VYtxK_3std2rt19lang_start_internal  (in rawk-before-regex-search-2026-09-20) + 952  [0x102e420b8]
      !   : 5530 std::rt::lang_start::_$u7b$$u7b$closure$u7d$$u7d$::h2a395ae6c7694ba8  (in rawk-before-regex-search-2026-09-20) + 16  [0x102d1bedc]
      !   :   5530 std::sys::backtrace::__rust_begin_short_backtrace::h8c3b3315b591e747  (in rawk-before-regex-search-2026-09-20) + 12  [0x102d0cc60]
      !   :     5530 rawk::main::haa01de2af175ed50  (in rawk-before-regex-search-2026-09-20) + 3120  [0x102d285e0]
      !   :       4022 rawk::runner::run::h68691f04efcb3426  (in rawk-before-regex-search-2026-09-20) + 4376  [0x102ccf6f0]
      !   :       | 3996 rawk::runner::execute_action_inner::hb74abf24875beef1  (in rawk-before-regex-search-2026-09-20) + 1216  [0x102cccc34]
      !   :       | + 3204 rawk::runner::eval_expr::h6b2b90049722c17d  (in rawk-before-regex-search-2026-09-20) + 3576  [0x102cd18f4]
      !   :       | + ! 1544 rawk::runner::eval_expr::h6b2b90049722c17d  (in rawk-before-regex-search-2026-09-20) + 3500  [0x102cd18a8]
      !   :       | + ! : 1060 rawk::runner::eval_expr::h6b2b90049722c17d  (in rawk-before-regex-search-2026-09-20) + 540  [0x102cd0d18]
      !   :       | + ! : | 863 rawk::ere::Ere::is_match::h3f64456f4150b8e0  (in rawk-before-regex-search-2026-09-20) + 52  [0x102d20010]
      !   :       | + ! : | + 697 rawk::unicode_ere::encode_keys::hbdf284bb47403012  (in rawk-before-regex-search-2026-09-20) + 404  [0x102cf101c]
      !   :       | + ! : | + ! 683 alloc::raw_vec::RawVecInner$LT$A$GT$::reserve::do_reserve_and_handle::h7a05363fe0887540  (in rawk-before-regex-search-2026-09-20) + 108  [0x102e656f8]
      !   :       | + ! : | + ! : 659 alloc::raw_vec::RawVecInner$LT$A$GT$::finish_grow::hba614f61e9b5d54d  (in rawk-before-regex-search-2026-09-20) + 92  [0x102e65634]
      !   :       | + ! : | + ! : | 535 _realloc  (in libsystem_malloc.dylib) + 452  [0x181927f14]
      !   :       | + ! : | + ! : | + 487 _malloc_zone_realloc  (in libsystem_malloc.dylib) + 148  [0x1819276f8]
      !   :       | + ! : | + ! : | + ! 222 xzm_realloc  (in libsystem_malloc.dylib) + 904  [0x181917f0c]
      !   :       | + ! : | + ! : | + ! : 98 _xzm_free  (in libsystem_malloc.dylib) + 996,684,...  [0x1819184fc,0x1819183c4,...]
      !   :       | + ! : | + ! : | + ! : 89 _xzm_free  (in libsystem_malloc.dylib) + 1048  [0x181918530]
      !   :       | + ! : | + ! : | + ! : | 88 mach_absolute_time  (in libsystem_kernel.dylib) + 108,112,...  [0x181ab810c,0x181ab8110,...]
      !   :       | + ! : | + ! : | + ! : | 1 DYLD-STUB$$mach_absolute_time  (in libsystem_malloc.dylib) + 12  [0x18192fb9c]
      !   :       | + ! : | + ! : | + ! : 35 _xzm_free  (in libsystem_malloc.dylib) + 352  [0x181918278]
      !   :       | + ! : | + ! : | + ! :   17 __bzero  (in libsystem_platform.dylib) + 0  [0x181b05030]
      !   :       | + ! : | + ! : | + ! :   16 _platform_memset  (in libsystem_platform.dylib) + 180,208,...  [0x181b05144,0x181b05160,...]
      !   :       | + ! : | + ! : | + ! :   2 DYLD-STUB$$_platform_bzero  (in libsystem_malloc.dylib) + 12  [0x18192f87c]
      !   :       | + ! : | + ! : | + ! 114 xzm_realloc  (in libsystem_malloc.dylib) + 808  [0x181917eac]
      !   :       | + ! : | + ! : | + ! : 70 _xzm_xzone_malloc_tiny  (in libsystem_malloc.dylib) + 256,12,...  [0x18191d03c,0x18191cf48,...]
      !   :       | + ! : | + ! : | + ! : 23 _xzm_xzone_malloc  (in libsystem_malloc.dylib) + 8,24,...  [0x181917958,0x181917968,...]
      !   :       | + ! : | + ! : | + ! : 21 <deduplicated_symbol>  (in libsystem_malloc.dylib) + 280,112,...  [0x181917274,0x1819171cc,...]
      !   :       | + ! : | + ! : | + ! 83 xzm_realloc  (in libsystem_malloc.dylib) + 1048,1084,...  [0x181917f9c,0x181917fc0,...]
      !   :       | + ! : | + ! : | + ! 49 xzm_realloc  (in libsystem_malloc.dylib) + 880  [0x181917ef4]
      !   :       | + ! : | + ! : | + ! : 46 _platform_memmove  (in libsystem_platform.dylib) + 428,460,...  [0x181b0550c,0x181b0552c,...]
      !   :       | + ! : | + ! : | + ! : 3 DYLD-STUB$$_platform_memmove  (in libsystem_malloc.dylib) + 12  [0x18192f89c]
      !   :       | + ! : | + ! : | + ! 15 default_zone_realloc  (in libsystem_malloc.dylib) + 4,0,...  [0x1818f0c40,0x1818f0c3c,...]
      !   :       | + ! : | + ! : | + ! 4 _xzm_free  (in libsystem_malloc.dylib) + 1552,1568  [0x181918728,0x181918738]
      !   :       | + ! : | + ! : | + 45 _malloc_zone_realloc  (in libsystem_malloc.dylib) + 48,124,...  [0x181927694,0x1819276e0,...]
      !   :       | + ! : | + ! : | + 3 xzm_realloc  (in libsystem_malloc.dylib) + 932  [0x181917f28]
      !   :       | + ! : | + ! : | 65 _realloc  (in libsystem_malloc.dylib) + 252  [0x181927e4c]
      !   :       | + ! : | + ! : | + 65 xzm_malloc_zone_size  (in libsystem_malloc.dylib) + 484,244,...  [0x1819226f0,0x181922600,...]
      !   :       | + ! : | + ! : | 36 _realloc  (in libsystem_malloc.dylib) + 96,20,...  [0x181927db0,0x181927d64,...]
      !   :       | + ! : | + ! : | 6 DYLD-STUB$$realloc  (in rawk-before-regex-search-2026-09-20) + 4  [0x102e73a68]
      !   :       | + ! : | + ! : | 6 _RNvCsGIExRX8pES_7___rustc13___rdl_realloc  (in rawk-before-regex-search-2026-09-20) + 0,8  [0x102e3270c,0x102e32714]
      !   :       | + ! : | + ! : | 4 xzm_malloc_zone_size  (in libsystem_malloc.dylib) + 732  [0x1819227e8]
      !   :       | + ! : | + ! : | 3 realloc  (in libsystem_malloc.dylib) + 0  [0x1818ef888]
      !   :       | + ! : | + ! : | 2 _RNvCsGIExRX8pES_7___rustc14___rust_realloc  (in rawk-before-regex-search-2026-09-20) + 0  [0x102d2b230]
      !   :       | + ! : | + ! : | 2 _malloc_zone_realloc  (in libsystem_malloc.dylib) + 204,212  [0x181927730,0x181927738]
      !   :       | + ! : | + ! : 18 alloc::raw_vec::RawVecInner$LT$A$GT$::finish_grow::hba614f61e9b5d54d  (in rawk-before-regex-search-2026-09-20) + 36,0,...  [0x102e655fc,0x102e655d8,...]
      !   :       | + ! : | + ! : 6 _realloc  (in libsystem_malloc.dylib) + 488,504  [0x181927f38,0x181927f48]
      !   :       | + ! : | + ! 12 alloc::raw_vec::RawVecInner$LT$A$GT$::reserve::do_reserve_and_handle::h7a05363fe0887540  (in rawk-before-regex-search-2026-09-20) + 8,40,...  [0x102e65694,0x102e656b4,...]
      !   :       | + ! : | + ! 2 alloc::raw_vec::RawVecInner$LT$A$GT$::finish_grow::hba614f61e9b5d54d  (in rawk-before-regex-search-2026-09-20) + 172  [0x102e65684]
      !   :       | + ! : | + 92 rawk::unicode_ere::encode_keys::hbdf284bb47403012  (in rawk-before-regex-search-2026-09-20) + 84,336,...  [0x102cf0edc,0x102cf0fd8,...]
      !   :       | + ! : | + 72 rawk::unicode_ere::encode_keys::hbdf284bb47403012  (in rawk-before-regex-search-2026-09-20) + 60  [0x102cf0ec4]
      !   :       | + ! : | + ! 31 _xzm_xzone_malloc_tiny  (in libsystem_malloc.dylib) + 168,312,...  [0x18191cfe4,0x18191d074,...]
      !   :       | + ! : | + ! 14 _malloc_zone_malloc  (in libsystem_malloc.dylib) + 12,80,...  [0x1819270c8,0x18192710c,...]
      !   :       | + ! : | + ! 13 _xzm_xzone_malloc  (in libsystem_malloc.dylib) + 336,180,...  [0x181917aa0,0x181917a04,...]
      !   :       | + ! : | + ! 8 <deduplicated_symbol>  (in libsystem_malloc.dylib) + 136,212,...  [0x1819171e4,0x181917230,...]
      !   :       | + ! : | + ! 4 _RNvCsGIExRX8pES_7___rustc11___rdl_alloc  (in rawk-before-regex-search-2026-09-20) + 0  [0x102e3269c]
      !   :       | + ! : | + ! 2 DYLD-STUB$$malloc  (in rawk-before-regex-search-2026-09-20) + 4  [0x102e73864]
      !   :       | + ! : | + 2 alloc::raw_vec::RawVecInner$LT$A$GT$::reserve::do_reserve_and_handle::h7a05363fe0887540  (in rawk-before-regex-search-2026-09-20) + 132  [0x102e65710]
      !   :       | + ! : | 129 rawk::ere::Ere::is_match::h3f64456f4150b8e0  (in rawk-before-regex-search-2026-09-20) + 108  [0x102d20048]
      !   :       | + ! : | + 58 _xzm_free  (in libsystem_malloc.dylib) + 1048  [0x181918530]
      !   :       | + ! : | + ! 57 mach_absolute_time  (in libsystem_kernel.dylib) + 108,112,...  [0x181ab810c,0x181ab8110,...]
      !   :       | + ! : | + ! 1 DYLD-STUB$$mach_absolute_time  (in libsystem_malloc.dylib) + 12  [0x18192fb9c]
      !   :       | + ! : | + 39 _xzm_free  (in libsystem_malloc.dylib) + 0,716,...  [0x181918118,0x1819183e4,...]
      !   :       | + ! : | + 23 _xzm_free  (in libsystem_malloc.dylib) + 352  [0x181918278]
      !   :       | + ! : | + ! 15 _platform_memset  (in libsystem_platform.dylib) + 180,208,...  [0x181b05144,0x181b05160,...]
      !   :       | + ! : | + ! 8 __bzero  (in libsystem_platform.dylib) + 0  [0x181b05030]
      !   :       | + ! : | + 8 _free  (in libsystem_malloc.dylib) + 0,20,...  [0x181927cd0,0x181927ce4,...]
      !   :       | + ! : | + 1 free  (in libsystem_malloc.dylib) + 0  [0x1818ee6b8]
      !   :       | + ! : | 57 rawk::ere::Ere::is_match::h3f64456f4150b8e0  (in rawk-before-regex-search-2026-09-20) + 76  [0x102d20028]
      !   :       | + ! : | + 39 rawk::ere::Ere::locate::hd6dde1b0ec20fb5c  (in rawk-before-regex-search-2026-09-20) + 308  [0x102d1fe00]
      !   :       | + ! : | + ! 24 _$LT$regex_automata..meta..strategy..Pre$LT$P$GT$$u20$as$u20$regex_automata..meta..strategy..Strategy$GT$::search::h59a47dad3073e76c  (in rawk-before-regex-search-2026-09-20) + 192  [0x102d7733c]
      !   :       | + ! : | + ! : 24 memchr::memmem::searcher::searcher_kind_neon::h70b09a7044572e23  (in rawk-before-regex-search-2026-09-20) + 228,8,...  [0x102db1b44,0x102db1a68,...]
      !   :       | + ! : | + ! 14 _$LT$regex_automata..meta..strategy..Pre$LT$P$GT$$u20$as$u20$regex_automata..meta..strategy..Strategy$GT$::search::h59a47dad3073e76c  (in rawk-before-regex-search-2026-09-20) + 0,192,...  [0x102d7727c,0x102d7733c,...]
      !   :       | + ! : | + ! 1 memchr::memmem::searcher::searcher_kind_neon::h70b09a7044572e23  (in rawk-before-regex-search-2026-09-20) + 840  [0x102db1da8]
      !   :       | + ! : | + 16 rawk::ere::Ere::locate::hd6dde1b0ec20fb5c  (in rawk-before-regex-search-2026-09-20) + 104,64,...  [0x102d1fd34,0x102d1fd0c,...]
      !   :       | + ! : | + 2 rawk::ere::Ere::locate::hd6dde1b0ec20fb5c  (in rawk-before-regex-search-2026-09-20) + 84  [0x102d1fd20]
      !   :       | + ! : | +   2 _tlv_get_addr  (in libdyld.dylib) + 0  [0x1816f8388]
      !   :       | + ! : | 9 rawk::ere::Ere::is_match::h3f64456f4150b8e0  (in rawk-before-regex-search-2026-09-20) + 28,108,...  [0x102d1fff8,0x102d20048,...]
      !   :       | + ! : | 2 rawk::ere::Ere::locate::hd6dde1b0ec20fb5c  (in rawk-before-regex-search-2026-09-20) + 600,604  [0x102d1ff24,0x102d1ff28]
      !   :       | + ! : 167 rawk::runner::eval_expr::h6b2b90049722c17d  (in rawk-before-regex-search-2026-09-20) + 396  [0x102cd0c88]
      !   :       | + ! : | 68 rawk::types::EvalContext::get_field::h548637f6d685f622  (in rawk-before-regex-search-2026-09-20) + 184  [0x102cf7c08]
      !   :       | + ! : | + 26 _xzm_xzone_malloc_tiny  (in libsystem_malloc.dylib) + 256,468,...  [0x18191d03c,0x18191d110,...]
      !   :       | + ! : | + 16 _malloc_zone_malloc  (in libsystem_malloc.dylib) + 12,44,...  [0x1819270c8,0x1819270e8,...]
      !   :       | + ! : | + 10 <deduplicated_symbol>  (in libsystem_malloc.dylib) + 212,280,...  [0x181917230,0x181917274,...]
      !   :       | + ! : | + 8 _xzm_xzone_malloc  (in libsystem_malloc.dylib) + 0,324,...  [0x181917950,0x181917a94,...]
      !   :       | + ! : | + 7 _RNvCsGIExRX8pES_7___rustc11___rdl_alloc  (in rawk-before-regex-search-2026-09-20) + 0,20  [0x102e3269c,0x102e326b0]
      !   :       | + ! : | + 1 malloc  (in libsystem_malloc.dylib) + 0  [0x1818edce8]
      !   :       | + ! : | 44 rawk::types::EvalContext::get_field::h548637f6d685f622  (in rawk-before-regex-search-2026-09-20) + 344  [0x102cf7ca8]
      !   :       | + ! : | + 44 _RNvNtNtCs6sq8b9ugfBC_4core3str8converts9from_utf8  (in rawk-before-regex-search-2026-09-20) + 52,528,...  [0x102e5de14,0x102e5dff0,...]
      !   :       | + ! : | 26 rawk::types::EvalContext::get_field::h548637f6d685f622  (in rawk-before-regex-search-2026-09-20) + 364  [0x102cf7cbc]
      !   :       | + ! : | + 21 rawk::types::parse_number::h5536bd0a1d12aed5  (in rawk-before-regex-search-2026-09-20) + 216  [0x102cf8304]
      !   :       | + ! : | + ! 13 _RNvXs2_NtNtCs6sq8b9ugfBC_4core3num11float_parsedNtNtNtB9_3str6traits7FromStr8from_str  (in rawk-before-regex-search-2026-09-20) + 20,60,...  [0x102e62f04,0x102e62f2c,...]
      !   :       | + ! : | + ! 8 _RNvXs2_NtNtCs6sq8b9ugfBC_4core3num11float_parsedNtNtNtB9_3str6traits7FromStr8from_str  (in rawk-before-regex-search-2026-09-20) + 96  [0x102e62f50]
      !   :       | + ! : | + !   8 _RNvNtNtNtNtCs6sq8b9ugfBC_4core3num3imp7dec2flt5parse12parse_number  (in rawk-before-regex-search-2026-09-20) + 264,1072,...  [0x102e5f26c,0x102e5f594,...]
      !   :       | + ! : | + 4 rawk::types::parse_number::h5536bd0a1d12aed5  (in rawk-before-regex-search-2026-09-20) + 168,200  [0x102cf82d4,0x102cf82f4]
      !   :       | + ! : | + 1 _RNvXs2_NtNtCs6sq8b9ugfBC_4core3num11float_parsedNtNtNtB9_3str6traits7FromStr8from_str  (in rawk-before-regex-search-2026-09-20) + 620  [0x102e6315c]
      !   :       | + ! : | 14 rawk::types::EvalContext::get_field::h548637f6d685f622  (in rawk-before-regex-search-2026-09-20) + 156,16,...  [0x102cf7bec,0x102cf7b60,...]
      !   :       | + ! : | 13 rawk::types::EvalContext::get_field::h548637f6d685f622  (in rawk-before-regex-search-2026-09-20) + 204  [0x102cf7c1c]
      !   :       | + ! : | + 10 _platform_memmove  (in libsystem_platform.dylib) + 452,12,...  [0x181b05524,0x181b0536c,...]
      !   :       | + ! : | + 3 DYLD-STUB$$memcpy  (in rawk-before-regex-search-2026-09-20) + 4  [0x102e73888]
      !   :       | + ! : | 1 rawk::types::EvalContext::get_field::h548637f6d685f622  (in rawk-before-regex-search-2026-09-20) + 168  [0x102cf7bf8]
      !   :       | + ! : | + 1 _RNvCsGIExRX8pES_7___rustc35___rust_no_alloc_shim_is_unstable_v2  (in rawk-before-regex-search-2026-09-20) + 0  [0x102d2b238]
      !   :       | + ! : | 1 rawk::types::parse_number::h5536bd0a1d12aed5  (in rawk-before-regex-search-2026-09-20) + 276  [0x102cf8340]
      !   :       | + ! : 106 rawk::runner::eval_expr::h6b2b90049722c17d  (in rawk-before-regex-search-2026-09-20) + 420  [0x102cd0ca0]
      !   :       | + ! : | 74 rawk::types::AwkValue::as_string_convfmt::h865b85d77f411c9e  (in rawk-before-regex-search-2026-09-20) + 472  [0x102cf8a34]
      !   :       | + ! : | + 26 _xzm_xzone_malloc_tiny  (in libsystem_malloc.dylib) + 256,420,...  [0x18191d03c,0x18191d0e0,...]
      !   :       | + ! : | + 17 <deduplicated_symbol>  (in libsystem_malloc.dylib) + 112,136,...  [0x1819171cc,0x1819171e4,...]
      !   :       | + ! : | + 10 _xzm_xzone_malloc  (in libsystem_malloc.dylib) + 184,0,...  [0x181917a08,0x181917950,...]
      !   :       | + ! : | + 9 _malloc_zone_malloc  (in libsystem_malloc.dylib) + 80,120,...  [0x18192710c,0x181927134,...]
      !   :       | + ! : | + 8 _RNvCsGIExRX8pES_7___rustc11___rdl_alloc  (in rawk-before-regex-search-2026-09-20) + 0  [0x102e3269c]
      !   :       | + ! : | + 4 DYLD-STUB$$malloc  (in rawk-before-regex-search-2026-09-20) + 4  [0x102e73864]
      !   :       | + ! : | 17 rawk::types::AwkValue::as_string_convfmt::h865b85d77f411c9e  (in rawk-before-regex-search-2026-09-20) + 36,432,...  [0x102cf8880,0x102cf8a0c,...]
      !   :       | + ! : | 12 rawk::types::AwkValue::as_string_convfmt::h865b85d77f411c9e  (in rawk-before-regex-search-2026-09-20) + 492  [0x102cf8a48]
      !   :       | + ! : | + 10 _platform_memmove  (in libsystem_platform.dylib) + 452,12,...  [0x181b05524,0x181b0536c,...]
      !   :       | + ! : | + 2 DYLD-STUB$$memcpy  (in rawk-before-regex-search-2026-09-20) + 0,4  [0x102e73884,0x102e73888]
      !   :       | + ! : | 3 rawk::types::AwkValue::as_string_convfmt::h865b85d77f411c9e  (in rawk-before-regex-search-2026-09-20) + 456  [0x102cf8a24]
      !   :       | + ! : |   3 _RNvCsGIExRX8pES_7___rustc35___rust_no_alloc_shim_is_unstable_v2  (in rawk-before-regex-search-2026-09-20) + 0  [0x102d2b238]
      !   :       | + ! : 99 rawk::runner::eval_expr::h6b2b90049722c17d  (in rawk-before-regex-search-2026-09-20) + 496  [0x102cd0cec]
      !   :       | + ! : | 51 rawk::types::EvalContext::compile_or_get_regex::hc316f3ca6da97581  (in rawk-before-regex-search-2026-09-20) + 80  [0x102cf61fc]
      !   :       | + ! : | + 23 core::hash::BuildHasher::hash_one::h954df699ac83f5c5  (in rawk-before-regex-search-2026-09-20) + 96  [0x102cff518]
      !   :       | + ! : | + ! 23 _$LT$core..hash..sip..Hasher$LT$S$GT$$u20$as$u20$core..hash..Hasher$GT$::write::hb89c965e3d55cf6c  (in rawk-before-regex-search-2026-09-20) + 376,68,...  [0x102d015ec,0x102d014b8,...]
      !   :       | + ! : | + 16 core::hash::BuildHasher::hash_one::h954df699ac83f5c5  (in rawk-before-regex-search-2026-09-20) + 296,208,...  [0x102cff5e0,0x102cff588,...]
      !   :       | + ! : | + 12 core::hash::BuildHasher::hash_one::h954df699ac83f5c5  (in rawk-before-regex-search-2026-09-20) + 112  [0x102cff528]
      !   :       | + ! : | +   12 _$LT$core..hash..sip..Hasher$LT$S$GT$$u20$as$u20$core..hash..Hasher$GT$::write::hb89c965e3d55cf6c  (in rawk-before-regex-search-2026-09-20) + 376,12,...  [0x102d015ec,0x102d01480,...]
      !   :       | + ! : | 27 rawk::types::EvalContext::compile_or_get_regex::hc316f3ca6da97581  (in rawk-before-regex-search-2026-09-20) + 176  [0x102cf625c]
      !   :       | + ! : | + 27 _platform_memcmp  (in libsystem_platform.dylib) + 272,140,...  [0x181b03020,0x181b02f9c,...]
      !   :       | + ! : | 17 rawk::types::EvalContext::compile_or_get_regex::hc316f3ca6da97581  (in rawk-before-regex-search-2026-09-20) + 56,340,...  [0x102cf61e4,0x102cf6300,...]
      !   :       | + ! : | 4 core::hash::BuildHasher::hash_one::h954df699ac83f5c5  (in rawk-before-regex-search-2026-09-20) + 300  [0x102cff5e4]
      !   :       | + ! : 55 rawk::runner::eval_expr::h6b2b90049722c17d  (in rawk-before-regex-search-2026-09-20) + 480  [0x102cd0cdc]
      !   :       | + ! : | 40 _xzm_free  (in libsystem_malloc.dylib) + 0,28,...  [0x181918118,0x181918134,...]
      !   :       | + ! : | 9 _free  (in libsystem_malloc.dylib) + 0,76,...  [0x181927cd0,0x181927d1c,...]
      !   :       | + ! : | 3 xzm_malloc_zone_try_free_default  (in libsystem_malloc.dylib) + 0  [0x181923170]
      !   :       | + ! : | 2 DYLD-STUB$$free  (in rawk-before-regex-search-2026-09-20) + 4  [0x102e73768]
      !   :       | + ! : | 1 _RNvCsGIExRX8pES_7___rustc13___rdl_dealloc  (in rawk-before-regex-search-2026-09-20) + 0  [0x102e32708]
      !   :       | + ! : 25 rawk::runner::eval_expr::h6b2b90049722c17d  (in rawk-before-regex-search-2026-09-20) + 612  [0x102cd0d60]
      !   :       | + ! : | 17 _xzm_free  (in libsystem_malloc.dylib) + 692,996,...  [0x1819183cc,0x1819184fc,...]
      !   :       | + ! : | 3 _free  (in libsystem_malloc.dylib) + 108,28  [0x181927d3c,0x181927cec]
      !   :       | + ! : | 2 DYLD-STUB$$free  (in rawk-before-regex-search-2026-09-20) + 0  [0x102e73764]
      !   :       | + ! : | 2 xzm_malloc_zone_try_free_default  (in libsystem_malloc.dylib) + 0  [0x181923170]
      !   :       | + ! : | 1 free  (in libsystem_malloc.dylib) + 0  [0x1818ee6b8]
      !   :       | + ! : 17 rawk::runner::eval_expr::h6b2b90049722c17d  (in rawk-before-regex-search-2026-09-20) + 80,420,...  [0x102cd0b4c,0x102cd0ca0,...]
      !   :       | + ! : 8 _xzm_free  (in libsystem_malloc.dylib) + 1568,1552,...  [0x181918738,0x181918728,...]
      !   :       | + ! : 4 rawk::types::AwkValue::as_string_convfmt::h865b85d77f411c9e  (in rawk-before-regex-search-2026-09-20) + 868,864  [0x102cf8bc0,0x102cf8bbc]
      !   :       | + ! : 1 rawk::ere::Ere::is_match::h3f64456f4150b8e0  (in rawk-before-regex-search-2026-09-20) + 412  [0x102d20178]
      !   :       | + ! : 1 rawk::types::EvalContext::compile_or_get_regex::hc316f3ca6da97581  (in rawk-before-regex-search-2026-09-20) + 708  [0x102cf6470]
      !   :       | + ! : 1 rawk::types::EvalContext::get_field::h548637f6d685f622  (in rawk-before-regex-search-2026-09-20) + 420  [0x102cf7cf4]
      !   :       | + ! 1046 rawk::runner::eval_expr::h6b2b90049722c17d  (in rawk-before-regex-search-2026-09-20) + 8272  [0x102cd2b4c]
      !   :       | + ! : 863 rawk::ere::Ere::is_match::h3f64456f4150b8e0  (in rawk-before-regex-search-2026-09-20) + 52  [0x102d20010]
      !   :       | + ! : | 679 rawk::unicode_ere::encode_keys::hbdf284bb47403012  (in rawk-before-regex-search-2026-09-20) + 404  [0x102cf101c]
      !   :       | + ! : | + 660 alloc::raw_vec::RawVecInner$LT$A$GT$::reserve::do_reserve_and_handle::h7a05363fe0887540  (in rawk-before-regex-search-2026-09-20) + 108  [0x102e656f8]
      !   :       | + ! : | + ! 644 alloc::raw_vec::RawVecInner$LT$A$GT$::finish_grow::hba614f61e9b5d54d  (in rawk-before-regex-search-2026-09-20) + 92  [0x102e65634]
      !   :       | + ! : | + ! : 510 _realloc  (in libsystem_malloc.dylib) + 452  [0x181927f14]
      !   :       | + ! : | + ! : | 453 _malloc_zone_realloc  (in libsystem_malloc.dylib) + 148  [0x1819276f8]
      !   :       | + ! : | + ! : | + 221 xzm_realloc  (in libsystem_malloc.dylib) + 904  [0x181917f0c]
      !   :       | + ! : | + ! : | + ! 95 _xzm_free  (in libsystem_malloc.dylib) + 996,120,...  [0x1819184fc,0x181918190,...]
      !   :       | + ! : | + ! : | + ! 94 _xzm_free  (in libsystem_malloc.dylib) + 1048  [0x181918530]
      !   :       | + ! : | + ! : | + ! : 89 mach_absolute_time  (in libsystem_kernel.dylib) + 108,112,...  [0x181ab810c,0x181ab8110,...]
      !   :       | + ! : | + ! : | + ! : 5 DYLD-STUB$$mach_absolute_time  (in libsystem_malloc.dylib) + 12  [0x18192fb9c]
      !   :       | + ! : | + ! : | + ! 32 _xzm_free  (in libsystem_malloc.dylib) + 352  [0x181918278]
      !   :       | + ! : | + ! : | + !   14 __bzero  (in libsystem_platform.dylib) + 0  [0x181b05030]
      !   :       | + ! : | + ! : | + !   13 _platform_memset  (in libsystem_platform.dylib) + 180,176,...  [0x181b05144,0x181b05140,...]
      !   :       | + ! : | + ! : | + !   5 DYLD-STUB$$_platform_bzero  (in libsystem_malloc.dylib) + 12  [0x18192f87c]
      !   :       | + ! : | + ! : | + 96 xzm_realloc  (in libsystem_malloc.dylib) + 808  [0x181917eac]
      !   :       | + ! : | + ! : | + ! 50 _xzm_xzone_malloc_tiny  (in libsystem_malloc.dylib) + 256,96,...  [0x18191d03c,0x18191cf9c,...]
      !   :       | + ! : | + ! : | + ! 32 <deduplicated_symbol>  (in libsystem_malloc.dylib) + 280,112,...  [0x181917274,0x1819171cc,...]
      !   :       | + ! : | + ! : | + ! 14 _xzm_xzone_malloc  (in libsystem_malloc.dylib) + 336,24,...  [0x181917aa0,0x181917968,...]
      !   :       | + ! : | + ! : | + 90 xzm_realloc  (in libsystem_malloc.dylib) + 1048,808,...  [0x181917f9c,0x181917eac,...]
      !   :       | + ! : | + ! : | + 30 xzm_realloc  (in libsystem_malloc.dylib) + 880  [0x181917ef4]
      !   :       | + ! : | + ! : | + ! 27 _platform_memmove  (in libsystem_platform.dylib) + 428,460,...  [0x181b0550c,0x181b0552c,...]
      !   :       | + ! : | + ! : | + ! 3 DYLD-STUB$$_platform_memmove  (in libsystem_malloc.dylib) + 12  [0x18192f89c]
      !   :       | + ! : | + ! : | + 10 default_zone_realloc  (in libsystem_malloc.dylib) + 4,0,...  [0x1818f0c40,0x1818f0c3c,...]
      !   :       | + ! : | + ! : | + 6 _xzm_free  (in libsystem_malloc.dylib) + 1568,1552  [0x181918738,0x181918728]
      !   :       | + ! : | + ! : | 54 _malloc_zone_realloc  (in libsystem_malloc.dylib) + 124,72,...  [0x1819276e0,0x1819276ac,...]
      !   :       | + ! : | + ! : | 3 xzm_realloc  (in libsystem_malloc.dylib) + 932,924  [0x181917f28,0x181917f20]
      !   :       | + ! : | + ! : 73 _realloc  (in libsystem_malloc.dylib) + 252  [0x181927e4c]
      !   :       | + ! : | + ! : | 73 xzm_malloc_zone_size  (in libsystem_malloc.dylib) + 484,152,...  [0x1819226f0,0x1819225a4,...]
      !   :       | + ! : | + ! : 40 _realloc  (in libsystem_malloc.dylib) + 36,64,...  [0x181927d74,0x181927d90,...]
      !   :       | + ! : | + ! : 10 _RNvCsGIExRX8pES_7___rustc13___rdl_realloc  (in rawk-before-regex-search-2026-09-20) + 0,8  [0x102e3270c,0x102e32714]
      !   :       | + ! : | + ! : 4 xzm_malloc_zone_size  (in libsystem_malloc.dylib) + 732  [0x1819227e8]
      !   :       | + ! : | + ! : 3 DYLD-STUB$$realloc  (in rawk-before-regex-search-2026-09-20) + 4,0  [0x102e73a68,0x102e73a64]
      !   :       | + ! : | + ! : 3 realloc  (in libsystem_malloc.dylib) + 0  [0x1818ef888]
      !   :       | + ! : | + ! : 1 _malloc_zone_realloc  (in libsystem_malloc.dylib) + 220  [0x181927740]
      !   :       | + ! : | + ! 12 alloc::raw_vec::RawVecInner$LT$A$GT$::finish_grow::hba614f61e9b5d54d  (in rawk-before-regex-search-2026-09-20) + 36,68,...  [0x102e655fc,0x102e6561c,...]
      !   :       | + ! : | + ! 4 _realloc  (in libsystem_malloc.dylib) + 488,504  [0x181927f38,0x181927f48]
      !   :       | + ! : | + 16 alloc::raw_vec::RawVecInner$LT$A$GT$::reserve::do_reserve_and_handle::h7a05363fe0887540  (in rawk-before-regex-search-2026-09-20) + 8,32,...  [0x102e65694,0x102e656ac,...]
      !   :       | + ! : | + 3 alloc::raw_vec::RawVecInner$LT$A$GT$::finish_grow::hba614f61e9b5d54d  (in rawk-before-regex-search-2026-09-20) + 172  [0x102e65684]
      !   :       | + ! : | 102 rawk::unicode_ere::encode_keys::hbdf284bb47403012  (in rawk-before-regex-search-2026-09-20) + 108,336,...  [0x102cf0ef4,0x102cf0fd8,...]
      !   :       | + ! : | 74 rawk::unicode_ere::encode_keys::hbdf284bb47403012  (in rawk-before-regex-search-2026-09-20) + 60  [0x102cf0ec4]
      !   :       | + ! : | + 29 _xzm_xzone_malloc_tiny  (in libsystem_malloc.dylib) + 516,12,...  [0x18191d140,0x18191cf48,...]
      !   :       | + ! : | + 15 _malloc_zone_malloc  (in libsystem_malloc.dylib) + 12,0,...  [0x1819270c8,0x1819270bc,...]
      !   :       | + ! : | + 13 <deduplicated_symbol>  (in libsystem_malloc.dylib) + 280,212,...  [0x181917274,0x181917230,...]
      !   :       | + ! : | + 8 _RNvCsGIExRX8pES_7___rustc11___rdl_alloc  (in rawk-before-regex-search-2026-09-20) + 0  [0x102e3269c]
      !   :       | + ! : | + 7 _xzm_xzone_malloc  (in libsystem_malloc.dylib) + 192,0,...  [0x181917a10,0x181917950,...]
      !   :       | + ! : | + 2 DYLD-STUB$$malloc  (in rawk-before-regex-search-2026-09-20) + 0,4  [0x102e73860,0x102e73864]
      !   :       | + ! : | 6 alloc::raw_vec::RawVecInner$LT$A$GT$::reserve::do_reserve_and_handle::h7a05363fe0887540  (in rawk-before-regex-search-2026-09-20) + 132  [0x102e65710]
      !   :       | + ! : | 2 rawk::unicode_ere::encode_keys::hbdf284bb47403012  (in rawk-before-regex-search-2026-09-20) + 48  [0x102cf0eb8]
      !   :       | + ! : |   2 _RNvCsGIExRX8pES_7___rustc35___rust_no_alloc_shim_is_unstable_v2  (in rawk-before-regex-search-2026-09-20) + 0  [0x102d2b238]
      !   :       | + ! : 131 rawk::ere::Ere::is_match::h3f64456f4150b8e0  (in rawk-before-regex-search-2026-09-20) + 108  [0x102d20048]
      !   :       | + ! : | 66 _xzm_free  (in libsystem_malloc.dylib) + 1048  [0x181918530]
      !   :       | + ! : | + 61 mach_absolute_time  (in libsystem_kernel.dylib) + 108,112,...  [0x181ab810c,0x181ab8110,...]
      !   :       | + ! : | + 5 DYLD-STUB$$mach_absolute_time  (in libsystem_malloc.dylib) + 12  [0x18192fb9c]
      !   :       | + ! : | 31 _xzm_free  (in libsystem_malloc.dylib) + 0,40,...  [0x181918118,0x181918140,...]
      !   :       | + ! : | 25 _xzm_free  (in libsystem_malloc.dylib) + 352  [0x181918278]
      !   :       | + ! : | + 13 _platform_memset  (in libsystem_platform.dylib) + 180,176,...  [0x181b05144,0x181b05140,...]
      !   :       | + ! : | + 12 __bzero  (in libsystem_platform.dylib) + 0  [0x181b05030]
      !   :       | + ! : | 7 _free  (in libsystem_malloc.dylib) + 44,0,...  [0x181927cfc,0x181927cd0,...]
      !   :       | + ! : | 1 DYLD-STUB$$free  (in rawk-before-regex-search-2026-09-20) + 4  [0x102e73768]
      !   :       | + ! : | 1 xzm_malloc_zone_try_free_default  (in libsystem_malloc.dylib) + 0  [0x181923170]
      !   :       | + ! : 47 rawk::ere::Ere::is_match::h3f64456f4150b8e0  (in rawk-before-regex-search-2026-09-20) + 76  [0x102d20028]
      !   :       | + ! : | 30 rawk::ere::Ere::locate::hd6dde1b0ec20fb5c  (in rawk-before-regex-search-2026-09-20) + 308  [0x102d1fe00]
      !   :       | + ! : | + 24 _$LT$regex_automata..meta..strategy..Pre$LT$P$GT$$u20$as$u20$regex_automata..meta..strategy..Strategy$GT$::search::h59a47dad3073e76c  (in rawk-before-regex-search-2026-09-20) + 192  [0x102d7733c]
      !   :       | + ! : | + ! 24 memchr::memmem::searcher::searcher_kind_neon::h70b09a7044572e23  (in rawk-before-regex-search-2026-09-20) + 88,124,...  [0x102db1ab8,0x102db1adc,...]
      !   :       | + ! : | + 5 _$LT$regex_automata..meta..strategy..Pre$LT$P$GT$$u20$as$u20$regex_automata..meta..strategy..Strategy$GT$::search::h59a47dad3073e76c  (in rawk-before-regex-search-2026-09-20) + 112,0,...  [0x102d772ec,0x102d7727c,...]
      !   :       | + ! : | + 1 memchr::memmem::searcher::searcher_kind_neon::h70b09a7044572e23  (in rawk-before-regex-search-2026-09-20) + 824  [0x102db1d98]
      !   :       | + ! : | 15 rawk::ere::Ere::locate::hd6dde1b0ec20fb5c  (in rawk-before-regex-search-2026-09-20) + 64,8,...  [0x102d1fd0c,0x102d1fcd4,...]
      !   :       | + ! : | 1 _$LT$regex_automata..meta..strategy..Pre$LT$P$GT$$u20$as$u20$regex_automata..meta..strategy..Strategy$GT$::search::h59a47dad3073e76c  (in rawk-before-regex-search-2026-09-20) + 152  [0x102d77314]
      !   :       | + ! : | 1 rawk::ere::Ere::locate::hd6dde1b0ec20fb5c  (in rawk-before-regex-search-2026-09-20) + 84  [0x102d1fd20]
      !   :       | + ! : |   1 _tlv_get_addr  (in libdyld.dylib) + 0  [0x1816f8388]
      !   :       | + ! : 2 rawk::ere::Ere::is_match::h3f64456f4150b8e0  (in rawk-before-regex-search-2026-09-20) + 28,76  [0x102d1fff8,0x102d20028]
      !   :       | + ! : 2 rawk::ere::Ere::locate::hd6dde1b0ec20fb5c  (in rawk-before-regex-search-2026-09-20) + 604  [0x102d1ff28]
      !   :       | + ! : 1 _xzm_free  (in libsystem_malloc.dylib) + 1552  [0x181918728]
      !   :       | + ! 248 rawk::runner::eval_expr::h6b2b90049722c17d  (in rawk-before-regex-search-2026-09-20) + 764  [0x102cd0df8]
      !   :       | + ! : 177 rawk::runner::eval_expr::h6b2b90049722c17d  (in rawk-before-regex-search-2026-09-20) + 3680  [0x102cd195c]
      !   :       | + ! : | 75 rawk::types::EvalContext::get_field::h548637f6d685f622  (in rawk-before-regex-search-2026-09-20) + 184  [0x102cf7c08]
      !   :       | + ! : | + 32 _xzm_xzone_malloc_tiny  (in libsystem_malloc.dylib) + 256,536,...  [0x18191d03c,0x18191d154,...]
      !   :       | + ! : | + 15 <deduplicated_symbol>  (in libsystem_malloc.dylib) + 112,136,...  [0x1819171cc,0x1819171e4,...]
      !   :       | + ! : | + 14 _malloc_zone_malloc  (in libsystem_malloc.dylib) + 12,44,...  [0x1819270c8,0x1819270e8,...]
      !   :       | + ! : | + 9 _xzm_xzone_malloc  (in libsystem_malloc.dylib) + 324,0,...  [0x181917a94,0x181917950,...]
      !   :       | + ! : | + 4 _RNvCsGIExRX8pES_7___rustc11___rdl_alloc  (in rawk-before-regex-search-2026-09-20) + 0  [0x102e3269c]
      !   :       | + ! : | + 1 DYLD-STUB$$malloc  (in rawk-before-regex-search-2026-09-20) + 4  [0x102e73864]
      !   :       | + ! : | 52 rawk::types::EvalContext::get_field::h548637f6d685f622  (in rawk-before-regex-search-2026-09-20) + 344  [0x102cf7ca8]
      !   :       | + ! : | + 52 _RNvNtNtCs6sq8b9ugfBC_4core3str8converts9from_utf8  (in rawk-before-regex-search-2026-09-20) + 120,52,...  [0x102e5de58,0x102e5de14,...]
      !   :       | + ! : | 25 rawk::types::EvalContext::get_field::h548637f6d685f622  (in rawk-before-regex-search-2026-09-20) + 364  [0x102cf7cbc]
      !   :       | + ! : | + 15 rawk::types::parse_number::h5536bd0a1d12aed5  (in rawk-before-regex-search-2026-09-20) + 216  [0x102cf8304]
      !   :       | + ! : | + ! 9 _RNvXs2_NtNtCs6sq8b9ugfBC_4core3num11float_parsedNtNtNtB9_3str6traits7FromStr8from_str  (in rawk-before-regex-search-2026-09-20) + 20,60,...  [0x102e62f04,0x102e62f2c,...]
      !   :       | + ! : | + ! 6 _RNvXs2_NtNtCs6sq8b9ugfBC_4core3num11float_parsedNtNtNtB9_3str6traits7FromStr8from_str  (in rawk-before-regex-search-2026-09-20) + 96  [0x102e62f50]
      !   :       | + ! : | + !   6 _RNvNtNtNtNtCs6sq8b9ugfBC_4core3num3imp7dec2flt5parse12parse_number  (in rawk-before-regex-search-2026-09-20) + 0,76,...  [0x102e5f164,0x102e5f1b0,...]
      !   :       | + ! : | + 6 rawk::types::parse_number::h5536bd0a1d12aed5  (in rawk-before-regex-search-2026-09-20) + 184,500  [0x102cf82e4,0x102cf8420]
      !   :       | + ! : | + 4 _RNvXs2_NtNtCs6sq8b9ugfBC_4core3num11float_parsedNtNtNtB9_3str6traits7FromStr8from_str  (in rawk-before-regex-search-2026-09-20) + 616,612  [0x102e63158,0x102e63154]
      !   :       | + ! : | 14 rawk::types::EvalContext::get_field::h548637f6d685f622  (in rawk-before-regex-search-2026-09-20) + 16,184,...  [0x102cf7b60,0x102cf7c08,...]
      !   :       | + ! : | 9 rawk::types::EvalContext::get_field::h548637f6d685f622  (in rawk-before-regex-search-2026-09-20) + 204  [0x102cf7c1c]
      !   :       | + ! : | + 8 _platform_memmove  (in libsystem_platform.dylib) + 12,452,...  [0x181b0536c,0x181b05524,...]
      !   :       | + ! : | + 1 DYLD-STUB$$memcpy  (in rawk-before-regex-search-2026-09-20) + 4  [0x102e73888]
      !   :       | + ! : | 1 rawk::types::EvalContext::get_field::h548637f6d685f622  (in rawk-before-regex-search-2026-09-20) + 168  [0x102cf7bf8]
      !   :       | + ! : | + 1 _RNvCsGIExRX8pES_7___rustc35___rust_no_alloc_shim_is_unstable_v2  (in rawk-before-regex-search-2026-09-20) + 0  [0x102d2b238]
      !   :       | + ! : | 1 rawk::types::parse_number::h5536bd0a1d12aed5  (in rawk-before-regex-search-2026-09-20) + 276  [0x102cf8340]
      !   :       | + ! : 45 rawk::runner::eval_expr::h6b2b90049722c17d  (in rawk-before-regex-search-2026-09-20) + 1040  [0x102cd0f0c]
      !   :       | + ! : | 17 rawk::runner::target::hc5313f666bfb6aad  (in rawk-before-regex-search-2026-09-20) + 240  [0x102cd08a4]
      !   :       | + ! : | + 17 rawk::runner::eval_expr::h6b2b90049722c17d  (in rawk-before-regex-search-2026-09-20) + 80,5900,...  [0x102cd0b4c,0x102cd2208,...]
      !   :       | + ! : | 16 rawk::runner::target::hc5313f666bfb6aad  (in rawk-before-regex-search-2026-09-20) + 584,480,...  [0x102cd09fc,0x102cd0994,...]
      !   :       | + ! : | 7 rawk::runner::target::hc5313f666bfb6aad  (in rawk-before-regex-search-2026-09-20) + 356  [0x102cd0918]
      !   :       | + ! : | + 7 rawk::types::AwkValue::as_number::hb66799bac4d35e0b  (in rawk-before-regex-search-2026-09-20) + 136,12,...  [0x102cf9590,0x102cf9514,...]
      !   :       | + ! : | 5 rawk::runner::eval_expr::h6b2b90049722c17d  (in rawk-before-regex-search-2026-09-20) + 5948,5924  [0x102cd2238,0x102cd2220]
      !   :       | + ! : 25 rawk::runner::eval_expr::h6b2b90049722c17d  (in rawk-before-regex-search-2026-09-20) + 1084,3664,...  [0x102cd0f38,0x102cd194c,...]
      !   :       | + ! : 1 rawk::runner::target::hc5313f666bfb6aad  (in rawk-before-regex-search-2026-09-20) + 596  [0x102cd0a08]
      !   :       | + ! 136 rawk::runner::eval_expr::h6b2b90049722c17d  (in rawk-before-regex-search-2026-09-20) + 7884  [0x102cd29c8]
      !   :       | + ! : 83 _xzm_free  (in libsystem_malloc.dylib) + 1048  [0x181918530]
      !   :       | + ! : | 81 mach_absolute_time  (in libsystem_kernel.dylib) + 108,112,...  [0x181ab810c,0x181ab8110,...]
      !   :       | + ! : | 2 DYLD-STUB$$mach_absolute_time  (in libsystem_malloc.dylib) + 12  [0x18192fb9c]
      !   :       | + ! : 37 _xzm_free  (in libsystem_malloc.dylib) + 356,720,...  [0x18191827c,0x1819183e8,...]
      !   :       | + ! : 9 _free  (in libsystem_malloc.dylib) + 0,44,...  [0x181927cd0,0x181927cfc,...]
      !   :       | + ! : 3 DYLD-STUB$$free  (in rawk-before-regex-search-2026-09-20) + 4  [0x102e73768]
      !   :       | + ! : 2 _RNvCsGIExRX8pES_7___rustc14___rust_dealloc  (in rawk-before-regex-search-2026-09-20) + 0  [0x102d2b22c]
      !   :       | + ! : 1 core::ptr::drop_in_place$LT$rawk..types..AwkValue$GT$::h9b5fea5b20359f3c  (in rawk-before-regex-search-2026-09-20) + 32  [0x102ccb0ec]
      !   :       | + ! : 1 free  (in libsystem_malloc.dylib) + 0  [0x1818ee6b8]
      !   :       | + ! 90 rawk::runner::eval_expr::h6b2b90049722c17d  (in rawk-before-regex-search-2026-09-20) + 8256  [0x102cd2b3c]
      !   :       | + ! : 61 rawk::types::AwkValue::as_string_convfmt::h865b85d77f411c9e  (in rawk-before-regex-search-2026-09-20) + 472  [0x102cf8a34]
      !   :       | + ! : | 27 _xzm_xzone_malloc_tiny  (in libsystem_malloc.dylib) + 672,256,...  [0x18191d1dc,0x18191d03c,...]
      !   :       | + ! : | 11 <deduplicated_symbol>  (in libsystem_malloc.dylib) + 136,212,...  [0x1819171e4,0x181917230,...]
      !   :       | + ! : | 11 _xzm_xzone_malloc  (in libsystem_malloc.dylib) + 192,24,...  [0x181917a10,0x181917968,...]
      !   :       | + ! : | 6 _malloc_zone_malloc  (in libsystem_malloc.dylib) + 12,56,...  [0x1819270c8,0x1819270f4,...]
      !   :       | + ! : | 5 _RNvCsGIExRX8pES_7___rustc11___rdl_alloc  (in rawk-before-regex-search-2026-09-20) + 0  [0x102e3269c]
      !   :       | + ! : | 1 DYLD-STUB$$malloc  (in rawk-before-regex-search-2026-09-20) + 4  [0x102e73864]
      !   :       | + ! : 15 rawk::types::AwkValue::as_string_convfmt::h865b85d77f411c9e  (in rawk-before-regex-search-2026-09-20) + 36,492,...  [0x102cf8880,0x102cf8a48,...]
      !   :       | + ! : 13 rawk::types::AwkValue::as_string_convfmt::h865b85d77f411c9e  (in rawk-before-regex-search-2026-09-20) + 492  [0x102cf8a48]
      !   :       | + ! : | 13 _platform_memmove  (in libsystem_platform.dylib) + 452,12,...  [0x181b05524,0x181b0536c,...]
      !   :       | + ! : 1 rawk::types::AwkValue::as_string_convfmt::h865b85d77f411c9e  (in rawk-before-regex-search-2026-09-20) + 456  [0x102cf8a24]
      !   :       | + ! :   1 _RNvCsGIExRX8pES_7___rustc35___rust_no_alloc_shim_is_unstable_v2  (in rawk-before-regex-search-2026-09-20) + 0  [0x102d2b238]
      !   :       | + ! 71 rawk::runner::eval_expr::h6b2b90049722c17d  (in rawk-before-regex-search-2026-09-20) + 8208  [0x102cd2b0c]
      !   :       | + ! : 41 rawk::types::EvalContext::compile_or_get_regex::hc316f3ca6da97581  (in rawk-before-regex-search-2026-09-20) + 80  [0x102cf61fc]
      !   :       | + ! : | 15 core::hash::BuildHasher::hash_one::h954df699ac83f5c5  (in rawk-before-regex-search-2026-09-20) + 112  [0x102cff528]
      !   :       | + ! : | + 15 _$LT$core..hash..sip..Hasher$LT$S$GT$$u20$as$u20$core..hash..Hasher$GT$::write::hb89c965e3d55cf6c  (in rawk-before-regex-search-2026-09-20) + 376,12,...  [0x102d015ec,0x102d01480,...]
      !   :       | + ! : | 14 core::hash::BuildHasher::hash_one::h954df699ac83f5c5  (in rawk-before-regex-search-2026-09-20) + 96  [0x102cff518]
      !   :       | + ! : | + 14 _$LT$core..hash..sip..Hasher$LT$S$GT$$u20$as$u20$core..hash..Hasher$GT$::write::hb89c965e3d55cf6c  (in rawk-before-regex-search-2026-09-20) + 452,12,...  [0x102d01638,0x102d01480,...]
      !   :       | + ! : | 12 core::hash::BuildHasher::hash_one::h954df699ac83f5c5  (in rawk-before-regex-search-2026-09-20) + 236,256,...  [0x102cff5a4,0x102cff5b8,...]
      !   :       | + ! : 12 rawk::types::EvalContext::compile_or_get_regex::hc316f3ca6da97581  (in rawk-before-regex-search-2026-09-20) + 176  [0x102cf625c]
      !   :       | + ! : | 11 _platform_memcmp  (in libsystem_platform.dylib) + 272,0,...  [0x181b03020,0x181b02f10,...]
      !   :       | + ! : | 1 DYLD-STUB$$memcmp  (in rawk-before-regex-search-2026-09-20) + 0  [0x102e73878]
      !   :       | + ! : 12 rawk::types::EvalContext::compile_or_get_regex::hc316f3ca6da97581  (in rawk-before-regex-search-2026-09-20) + 80,176,...  [0x102cf61fc,0x102cf625c,...]
      !   :       | + ! : 6 core::hash::BuildHasher::hash_one::h954df699ac83f5c5  (in rawk-before-regex-search-2026-09-20) + 300  [0x102cff5e4]
      !   :       | + ! 39 rawk::runner::eval_expr::h6b2b90049722c17d  (in rawk-before-regex-search-2026-09-20) + 5948,5924,...  [0x102cd2238,0x102cd2220,...]
      !   :       | + ! 20 rawk::runner::eval_expr::h6b2b90049722c17d  (in rawk-before-regex-search-2026-09-20) + 8320  [0x102cd2b7c]
      !   :       | + ! : 15 _xzm_free  (in libsystem_malloc.dylib) + 128,220,...  [0x181918198,0x1819181f4,...]
      !   :       | + ! : 2 DYLD-STUB$$free  (in rawk-before-regex-search-2026-09-20) + 4  [0x102e73768]
      !   :       | + ! : 2 _free  (in libsystem_malloc.dylib) + 20,44  [0x181927ce4,0x181927cfc]
      !   :       | + ! : 1 free  (in libsystem_malloc.dylib) + 0  [0x1818ee6b8]
      !   :       | + ! 6 _xzm_free  (in libsystem_malloc.dylib) + 1552,1560  [0x181918728,0x181918730]
      !   :       | + ! 3 rawk::types::AwkValue::as_string_convfmt::h865b85d77f411c9e  (in rawk-before-regex-search-2026-09-20) + 868  [0x102cf8bc0]
      !   :       | + ! 1 rawk::types::EvalContext::compile_or_get_regex::hc316f3ca6da97581  (in rawk-before-regex-search-2026-09-20) + 708  [0x102cf6470]
      !   :       | + 456 rawk::runner::eval_expr::h6b2b90049722c17d  (in rawk-before-regex-search-2026-09-20) + 6316  [0x102cd23a8]
      !   :       | + ! 264 rawk::runner::Target::set::h6eef221ef8ea6f10  (in rawk-before-regex-search-2026-09-20) + 428  [0x102cd0700]
      !   :       | + ! : 149 rawk::types::EvalContext::set_var::h469b9e00bead32f6  (in rawk-before-regex-search-2026-09-20) + 724  [0x102cf767c]
      !   :       | + ! : | 53 hashbrown::map::HashMap$LT$K$C$V$C$S$C$A$GT$::insert::h0d56fcdb6de36ae8  (in rawk-before-regex-search-2026-09-20) + 60  [0x102d12fec]
      !   :       | + ! : | + 21 core::hash::BuildHasher::hash_one::he6b98ff62744bcb3  (in rawk-before-regex-search-2026-09-20) + 288,220,...  [0x102cff710,0x102cff6cc,...]
      !   :       | + ! : | + 16 core::hash::BuildHasher::hash_one::he6b98ff62744bcb3  (in rawk-before-regex-search-2026-09-20) + 80  [0x102cff640]
      !   :       | + ! : | + ! 16 _$LT$core..hash..sip..Hasher$LT$S$GT$$u20$as$u20$core..hash..Hasher$GT$::write::hb89c965e3d55cf6c  (in rawk-before-regex-search-2026-09-20) + 12,68,...  [0x102d01480,0x102d014b8,...]
      !   :       | + ! : | + 16 core::hash::BuildHasher::hash_one::he6b98ff62744bcb3  (in rawk-before-regex-search-2026-09-20) + 104  [0x102cff658]
      !   :       | + ! : | +   16 _$LT$core..hash..sip..Hasher$LT$S$GT$$u20$as$u20$core..hash..Hasher$GT$::write::hb89c965e3d55cf6c  (in rawk-before-regex-search-2026-09-20) + 12,124,...  [0x102d01480,0x102d014f0,...]
      !   :       | + ! : | 51 _xzm_free  (in libsystem_malloc.dylib) + 0,996,...  [0x181918118,0x1819184fc,...]
      !   :       | + ! : | 14 hashbrown::map::HashMap$LT$K$C$V$C$S$C$A$GT$::insert::h0d56fcdb6de36ae8  (in rawk-before-regex-search-2026-09-20) + 192  [0x102d13070]
      !   :       | + ! : | + 13 _platform_memcmp  (in libsystem_platform.dylib) + 272,0,...  [0x181b03020,0x181b02f10,...]
      !   :       | + ! : | + 1 DYLD-STUB$$memcmp  (in rawk-before-regex-search-2026-09-20) + 4  [0x102e7387c]
      !   :       | + ! : | 14 hashbrown::map::HashMap$LT$K$C$V$C$S$C$A$GT$::insert::h0d56fcdb6de36ae8  (in rawk-before-regex-search-2026-09-20) + 116,0,...  [0x102d13024,0x102d12fb0,...]
      !   :       | + ! : | 11 _free  (in libsystem_malloc.dylib) + 0,108,...  [0x181927cd0,0x181927d3c,...]
      !   :       | + ! : | 5 DYLD-STUB$$free  (in rawk-before-regex-search-2026-09-20) + 0,4  [0x102e73764,0x102e73768]
      !   :       | + ! : | 1 _RNvCsGIExRX8pES_7___rustc14___rust_dealloc  (in rawk-before-regex-search-2026-09-20) + 0  [0x102d2b22c]
      !   :       | + ! : 86 rawk::types::EvalContext::set_var::h469b9e00bead32f6  (in rawk-before-regex-search-2026-09-20) + 668  [0x102cf7644]
      !   :       | + ! : | 38 _xzm_xzone_malloc_tiny  (in libsystem_malloc.dylib) + 420,256,...  [0x18191d0e0,0x18191d03c,...]
      !   :       | + ! : | 17 <deduplicated_symbol>  (in libsystem_malloc.dylib) + 280,112,...  [0x181917274,0x1819171cc,...]
      !   :       | + ! : | 13 _xzm_xzone_malloc  (in libsystem_malloc.dylib) + 8,192,...  [0x181917958,0x181917a10,...]
      !   :       | + ! : | 8 _malloc_zone_malloc  (in libsystem_malloc.dylib) + 12,56,...  [0x1819270c8,0x1819270f4,...]
      !   :       | + ! : | 7 _RNvCsGIExRX8pES_7___rustc11___rdl_alloc  (in rawk-before-regex-search-2026-09-20) + 0  [0x102e3269c]
      !   :       | + ! : | 2 malloc  (in libsystem_malloc.dylib) + 0  [0x1818edce8]
      !   :       | + ! : | 1 DYLD-STUB$$malloc  (in rawk-before-regex-search-2026-09-20) + 4  [0x102e73864]
      !   :       | + ! : 15 rawk::types::EvalContext::set_var::h469b9e00bead32f6  (in rawk-before-regex-search-2026-09-20) + 52,284,...  [0x102cf73dc,0x102cf74c4,...]
      !   :       | + ! : 10 rawk::types::EvalContext::set_var::h469b9e00bead32f6  (in rawk-before-regex-search-2026-09-20) + 688  [0x102cf7658]
      !   :       | + ! : | 9 _platform_memmove  (in libsystem_platform.dylib) + 460,0,...  [0x181b0552c,0x181b05360,...]
      !   :       | + ! : | 1 DYLD-STUB$$memcpy  (in rawk-before-regex-search-2026-09-20) + 4  [0x102e73888]
      !   :       | + ! : 3 rawk::types::EvalContext::set_var::h469b9e00bead32f6  (in rawk-before-regex-search-2026-09-20) + 652  [0x102cf7634]
      !   :       | + ! : | 3 _RNvCsGIExRX8pES_7___rustc35___rust_no_alloc_shim_is_unstable_v2  (in rawk-before-regex-search-2026-09-20) + 0  [0x102d2b238]
      !   :       | + ! : 1 _xzm_free  (in libsystem_malloc.dylib) + 1568  [0x181918738]
      !   :       | + ! 183 rawk::runner::Target::set::h6eef221ef8ea6f10  (in rawk-before-regex-search-2026-09-20) + 284  [0x102cd0670]
      !   :       | + ! : 59 rawk::types::EvalContext::array::he08681fe5509801c  (in rawk-before-regex-search-2026-09-20) + 544  [0x102cf6d88]
      !   :       | + ! : | 45 _xzm_free  (in libsystem_malloc.dylib) + 996,356,...  [0x1819184fc,0x18191827c,...]
      !   :       | + ! : | 11 _free  (in libsystem_malloc.dylib) + 0,36,...  [0x181927cd0,0x181927cf4,...]
      !   :       | + ! : | 2 DYLD-STUB$$free  (in rawk-before-regex-search-2026-09-20) + 4  [0x102e73768]
      !   :       | + ! : | 1 xzm_malloc_zone_try_free_default  (in libsystem_malloc.dylib) + 0  [0x181923170]
      !   :       | + ! : 56 rawk::types::EvalContext::array::he08681fe5509801c  (in rawk-before-regex-search-2026-09-20) + 288  [0x102cf6c88]
      !   :       | + ! : | 51 rawk::types::EvalContext::array_name::hfa92f30c9a46746b  (in rawk-before-regex-search-2026-09-20) + 304  [0x102cf4698]
      !   :       | + ! : | + 27 _xzm_xzone_malloc_tiny  (in libsystem_malloc.dylib) + 12,256,...  [0x18191cf48,0x18191d03c,...]
      !   :       | + ! : | + 8 _xzm_xzone_malloc  (in libsystem_malloc.dylib) + 0,192,...  [0x181917950,0x181917a10,...]
      !   :       | + ! : | + 6 <deduplicated_symbol>  (in libsystem_malloc.dylib) + 280,8,...  [0x181917274,0x181917164,...]
      !   :       | + ! : | + 5 _RNvCsGIExRX8pES_7___rustc11___rdl_alloc  (in rawk-before-regex-search-2026-09-20) + 0,20  [0x102e3269c,0x102e326b0]
      !   :       | + ! : | + 3 _malloc_zone_malloc  (in libsystem_malloc.dylib) + 0,40,...  [0x1819270bc,0x1819270e4,...]
      !   :       | + ! : | + 2 malloc  (in libsystem_malloc.dylib) + 0  [0x1818edce8]
      !   :       | + ! : | 3 rawk::types::EvalContext::array_name::hfa92f30c9a46746b  (in rawk-before-regex-search-2026-09-20) + 0,280,...  [0x102cf4568,0x102cf4680,...]
      !   :       | + ! : | 2 rawk::types::EvalContext::array_name::hfa92f30c9a46746b  (in rawk-before-regex-search-2026-09-20) + 324  [0x102cf46ac]
      !   :       | + ! : |   2 _platform_memmove  (in libsystem_platform.dylib) + 12,436  [0x181b0536c,0x181b05514]
      !   :       | + ! : 46 rawk::types::EvalContext::array::he08681fe5509801c  (in rawk-before-regex-search-2026-09-20) + 308  [0x102cf6c9c]
      !   :       | + ! : | 19 core::hash::BuildHasher::hash_one::he6b98ff62744bcb3  (in rawk-before-regex-search-2026-09-20) + 80  [0x102cff640]
      !   :       | + ! : | + 19 _$LT$core..hash..sip..Hasher$LT$S$GT$$u20$as$u20$core..hash..Hasher$GT$::write::hb89c965e3d55cf6c  (in rawk-before-regex-search-2026-09-20) + 480,444,...  [0x102d01654,0x102d01630,...]
      !   :       | + ! : | 18 core::hash::BuildHasher::hash_one::he6b98ff62744bcb3  (in rawk-before-regex-search-2026-09-20) + 268,288,...  [0x102cff6fc,0x102cff710,...]
      !   :       | + ! : | 9 core::hash::BuildHasher::hash_one::he6b98ff62744bcb3  (in rawk-before-regex-search-2026-09-20) + 104  [0x102cff658]
      !   :       | + ! : |   9 _$LT$core..hash..sip..Hasher$LT$S$GT$$u20$as$u20$core..hash..Hasher$GT$::write::hb89c965e3d55cf6c  (in rawk-before-regex-search-2026-09-20) + 12,164,...  [0x102d01480,0x102d01518,...]
      !   :       | + ! : 13 rawk::types::EvalContext::array::he08681fe5509801c  (in rawk-before-regex-search-2026-09-20) + 308,4,...  [0x102cf6c9c,0x102cf6b6c,...]
      !   :       | + ! : 5 _xzm_free  (in libsystem_malloc.dylib) + 1568  [0x181918738]
      !   :       | + ! : 4 rawk::types::EvalContext::array_name::hfa92f30c9a46746b  (in rawk-before-regex-search-2026-09-20) + 400  [0x102cf46f8]
      !   :       | + ! 4 rawk::types::EvalContext::set_var::h469b9e00bead32f6  (in rawk-before-regex-search-2026-09-20) + 1832,1824  [0x102cf7ad0,0x102cf7ac8]
      !   :       | + ! 2 rawk::runner::Target::set::h6eef221ef8ea6f10  (in rawk-before-regex-search-2026-09-20) + 12,132  [0x102cd0560,0x102cd05d8]
      !   :       | + ! 2 rawk::types::EvalContext::array::he08681fe5509801c  (in rawk-before-regex-search-2026-09-20) + 580  [0x102cf6dac]
      !   :       | + ! 1 rawk::runner::Target::set::h6eef221ef8ea6f10  (in rawk-before-regex-search-2026-09-20) + 132  [0x102cd05d8]
      !   :       | + !   1 rawk::types::EvalContext::is_function_name::h617b51db4b413413  (in rawk-before-regex-search-2026-09-20) + 0  [0x102cf5ee0]
      !   :       | + 107 rawk::runner::eval_expr::h6b2b90049722c17d  (in rawk-before-regex-search-2026-09-20) + 3368  [0x102cd1824]
      !   :       | + ! 49 rawk::types::EvalContext::get_var::hd08700b019db6de9  (in rawk-before-regex-search-2026-09-20) + 776  [0x102cf70d8]
      !   :       | + ! : 22 core::hash::BuildHasher::hash_one::h773ecb9f6643a431  (in rawk-before-regex-search-2026-09-20) + 280,240,...  [0x102cff4ac,0x102cff484,...]
      !   :       | + ! : 17 core::hash::BuildHasher::hash_one::h773ecb9f6643a431  (in rawk-before-regex-search-2026-09-20) + 72  [0x102cff3dc]
      !   :       | + ! : | 17 _$LT$core..hash..sip..Hasher$LT$S$GT$$u20$as$u20$core..hash..Hasher$GT$::write::hb89c965e3d55cf6c  (in rawk-before-regex-search-2026-09-20) + 12,400,...  [0x102d01480,0x102d01604,...]
      !   :       | + ! : 10 core::hash::BuildHasher::hash_one::h773ecb9f6643a431  (in rawk-before-regex-search-2026-09-20) + 96  [0x102cff3f4]
      !   :       | + ! :   10 _$LT$core..hash..sip..Hasher$LT$S$GT$$u20$as$u20$core..hash..Hasher$GT$::write::hb89c965e3d55cf6c  (in rawk-before-regex-search-2026-09-20) + 124,204,...  [0x102d014f0,0x102d01540,...]
      !   :       | + ! 42 rawk::types::EvalContext::get_var::hd08700b019db6de9  (in rawk-before-regex-search-2026-09-20) + 1484,876,...  [0x102cf739c,0x102cf713c,...]
      !   :       | + ! 16 rawk::types::EvalContext::get_var::hd08700b019db6de9  (in rawk-before-regex-search-2026-09-20) + 876  [0x102cf713c]
      !   :       | + !   12 _platform_memcmp  (in libsystem_platform.dylib) + 272,168,...  [0x181b03020,0x181b02fb8,...]
      !   :       | + !   4 DYLD-STUB$$memcmp  (in rawk-before-regex-search-2026-09-20) + 4,0  [0x102e7387c,0x102e73878]
      !   :       | + 103 rawk::runner::eval_expr::h6b2b90049722c17d  (in rawk-before-regex-search-2026-09-20) + 920  [0x102cd0e94]
      !   :       | + ! 93 rawk::runner::target::hc5313f666bfb6aad  (in rawk-before-regex-search-2026-09-20) + 220  [0x102cd0890]
      !   :       | + ! : 77 _RNvXs4_NtCs8dnTdrJsiec_5alloc6stringNtB5_6StringNtNtCs6sq8b9ugfBC_4core5clone5Clone5clone  (in rawk-before-regex-search-2026-09-20) + 48  [0x102e57c20]
      !   :       | + ! : | 30 _xzm_xzone_malloc_tiny  (in libsystem_malloc.dylib) + 276,444,...  [0x18191d050,0x18191d0f8,...]
      !   :       | + ! : | 19 <deduplicated_symbol>  (in libsystem_malloc.dylib) + 112,212,...  [0x1819171cc,0x181917230,...]
      !   :       | + ! : | 13 _malloc_zone_malloc  (in libsystem_malloc.dylib) + 0,12,...  [0x1819270bc,0x1819270c8,...]
      !   :       | + ! : | 6 _RNvCsGIExRX8pES_7___rustc11___rdl_alloc  (in rawk-before-regex-search-2026-09-20) + 0  [0x102e3269c]
      !   :       | + ! : | 6 _xzm_xzone_malloc  (in libsystem_malloc.dylib) + 192,336,...  [0x181917a10,0x181917aa0,...]
      !   :       | + ! : | 3 DYLD-STUB$$malloc  (in rawk-before-regex-search-2026-09-20) + 4  [0x102e73864]
      !   :       | + ! : 12 _RNvXs4_NtCs8dnTdrJsiec_5alloc6stringNtB5_6StringNtNtCs6sq8b9ugfBC_4core5clone5Clone5clone  (in rawk-before-regex-search-2026-09-20) + 68  [0x102e57c34]
      !   :       | + ! : | 8 _platform_memmove  (in libsystem_platform.dylib) + 12,436,...  [0x181b0536c,0x181b05514,...]
      !   :       | + ! : | 4 DYLD-STUB$$memcpy  (in rawk-before-regex-search-2026-09-20) + 4  [0x102e73888]
      !   :       | + ! : 4 _RNvXs4_NtCs8dnTdrJsiec_5alloc6stringNtB5_6StringNtNtCs6sq8b9ugfBC_4core5clone5Clone5clone  (in rawk-before-regex-search-2026-09-20) + 20,52  [0x102e57c04,0x102e57c24]
      !   :       | + ! 8 rawk::runner::target::hc5313f666bfb6aad  (in rawk-before-regex-search-2026-09-20) + 28,40,...  [0x102cd07d0,0x102cd07dc,...]
      !   :       | + ! 2 _RNvXs4_NtCs8dnTdrJsiec_5alloc6stringNtB5_6StringNtNtCs6sq8b9ugfBC_4core5clone5Clone5clone  (in rawk-before-regex-search-2026-09-20) + 92  [0x102e57c4c]
      !   :       | + 72 rawk::runner::eval_expr::h6b2b90049722c17d  (in rawk-before-regex-search-2026-09-20) + 6372  [0x102cd23e0]
      !   :       | + ! 46 _xzm_free  (in libsystem_malloc.dylib) + 0,996,...  [0x181918118,0x1819184fc,...]
      !   :       | + ! 10 _free  (in libsystem_malloc.dylib) + 0,36,...  [0x181927cd0,0x181927cf4,...]
      !   :       | + ! 7 core::ptr::drop_in_place$LT$rawk..runner..Target$GT$::hc6e572787d827f40  (in rawk-before-regex-search-2026-09-20) + 36,0,...  [0x102ccb048,0x102ccb024,...]
      !   :       | + ! 6 DYLD-STUB$$free  (in rawk-before-regex-search-2026-09-20) + 4,0  [0x102e73768,0x102e73764]
      !   :       | + ! 3 xzm_malloc_zone_try_free_default  (in libsystem_malloc.dylib) + 0  [0x181923170]
      !   :       | + 22 rawk::runner::eval_expr::h6b2b90049722c17d  (in rawk-before-regex-search-2026-09-20) + 40,44,...  [0x102cd0b24,0x102cd0b28,...]
      !   :       | + 6 rawk::runner::eval_expr::h6b2b90049722c17d  (in rawk-before-regex-search-2026-09-20) + 6364  [0x102cd23d8]
      !   :       | + ! 6 core::ptr::drop_in_place$LT$rawk..types..AwkValue$GT$::h9b5fea5b20359f3c  (in rawk-before-regex-search-2026-09-20) + 52,0  [0x102ccb100,0x102ccb0cc]
      !   :       | + 5 rawk::runner::eval_expr::h6b2b90049722c17d  (in rawk-before-regex-search-2026-09-20) + 6224  [0x102cd234c]
      !   :       | + ! 5 rawk::types::AwkValue::as_number::hb66799bac4d35e0b  (in rawk-before-regex-search-2026-09-20) + 48,136,...  [0x102cf9538,0x102cf9590,...]
      !   :       | + 4 _xzm_free  (in libsystem_malloc.dylib) + 1568  [0x181918738]
      !   :       | + 4 rawk::runner::Target::set::h6eef221ef8ea6f10  (in rawk-before-regex-search-2026-09-20) + 448,452  [0x102cd0714,0x102cd0718]
      !   :       | + 4 rawk::runner::eval_expr::h6b2b90049722c17d  (in rawk-before-regex-search-2026-09-20) + 6296  [0x102cd2394]
      !   :       | + ! 4 _$LT$rawk..types..AwkValue$u20$as$u20$core..clone..Clone$GT$::clone::h0cadd9679462d5ec  (in rawk-before-regex-search-2026-09-20) + 36,0  [0x102cd48bc,0x102cd4898]
      !   :       | + 4 rawk::types::EvalContext::get_var::hd08700b019db6de9  (in rawk-before-regex-search-2026-09-20) + 984,972  [0x102cf71a8,0x102cf719c]
      !   :       | + 3 rawk::runner::eval_expr::h6b2b90049722c17d  (in rawk-before-regex-search-2026-09-20) + 6356  [0x102cd23d0]
      !   :       | + ! 3 core::ptr::drop_in_place$LT$rawk..types..AwkValue$GT$::h9b5fea5b20359f3c  (in rawk-before-regex-search-2026-09-20) + 52  [0x102ccb100]
      !   :       | + 2 rawk::runner::target::hc5313f666bfb6aad  (in rawk-before-regex-search-2026-09-20) + 596  [0x102cd0a08]
      !   :       | 19 rawk::runner::execute_action_inner::hb74abf24875beef1  (in rawk-before-regex-search-2026-09-20) + 5868,28,...  [0x102ccde60,0x102ccc790,...]
      !   :       | 4 rawk::runner::eval_expr::h6b2b90049722c17d  (in rawk-before-regex-search-2026-09-20) + 5948,5928  [0x102cd2238,0x102cd2224]
      !   :       | 3 rawk::runner::execute_action_inner::hb74abf24875beef1  (in rawk-before-regex-search-2026-09-20) + 104  [0x102ccc7dc]
      !   :       |   3 _tlv_get_addr  (in libdyld.dylib) + 20  [0x1816f839c]
      !   :       1063 rawk::runner::run::h68691f04efcb3426  (in rawk-before-regex-search-2026-09-20) + 4128  [0x102ccf5f8]
      !   :       | 297 rawk::runner::read_main::hae7ba469f196c48a  (in rawk-before-regex-search-2026-09-20) + 2244  [0x102cd3abc]
      !   :       | + 148 rawk::types::EvalContext::set_var::h469b9e00bead32f6  (in rawk-before-regex-search-2026-09-20) + 724  [0x102cf767c]
      !   :       | + ! 48 hashbrown::map::HashMap$LT$K$C$V$C$S$C$A$GT$::insert::h0d56fcdb6de36ae8  (in rawk-before-regex-search-2026-09-20) + 60  [0x102d12fec]
      !   :       | + ! : 20 core::hash::BuildHasher::hash_one::he6b98ff62744bcb3  (in rawk-before-regex-search-2026-09-20) + 104  [0x102cff658]
      !   :       | + ! : | 20 _$LT$core..hash..sip..Hasher$LT$S$GT$$u20$as$u20$core..hash..Hasher$GT$::write::hb89c965e3d55cf6c  (in rawk-before-regex-search-2026-09-20) + 12,124,...  [0x102d01480,0x102d014f0,...]
      !   :       | + ! : 19 core::hash::BuildHasher::hash_one::he6b98ff62744bcb3  (in rawk-before-regex-search-2026-09-20) + 288,16,...  [0x102cff710,0x102cff600,...]
      !   :       | + ! : 9 core::hash::BuildHasher::hash_one::he6b98ff62744bcb3  (in rawk-before-regex-search-2026-09-20) + 80  [0x102cff640]
      !   :       | + ! :   9 _$LT$core..hash..sip..Hasher$LT$S$GT$$u20$as$u20$core..hash..Hasher$GT$::write::hb89c965e3d55cf6c  (in rawk-before-regex-search-2026-09-20) + 0,452,...  [0x102d01474,0x102d01638,...]
      !   :       | + ! 40 _xzm_free  (in libsystem_malloc.dylib) + 996,28,...  [0x1819184fc,0x181918134,...]
      !   :       | + ! 24 hashbrown::map::HashMap$LT$K$C$V$C$S$C$A$GT$::insert::h0d56fcdb6de36ae8  (in rawk-before-regex-search-2026-09-20) + 192  [0x102d13070]
      !   :       | + ! : 22 _platform_memcmp  (in libsystem_platform.dylib) + 260,272,...  [0x181b03014,0x181b03020,...]
      !   :       | + ! : 2 DYLD-STUB$$memcmp  (in rawk-before-regex-search-2026-09-20) + 4  [0x102e7387c]
      !   :       | + ! 15 hashbrown::map::HashMap$LT$K$C$V$C$S$C$A$GT$::insert::h0d56fcdb6de36ae8  (in rawk-before-regex-search-2026-09-20) + 60,4,...  [0x102d12fec,0x102d12fb4,...]
      !   :       | + ! 14 _free  (in libsystem_malloc.dylib) + 0,36,...  [0x181927cd0,0x181927cf4,...]
      !   :       | + ! 3 DYLD-STUB$$free  (in rawk-before-regex-search-2026-09-20) + 4  [0x102e73768]
      !   :       | + ! 3 _RNvCsGIExRX8pES_7___rustc14___rust_dealloc  (in rawk-before-regex-search-2026-09-20) + 0  [0x102d2b22c]
      !   :       | + ! 1 xzm_malloc_zone_try_free_default  (in libsystem_malloc.dylib) + 0  [0x181923170]
      !   :       | + 68 rawk::types::EvalContext::set_var::h469b9e00bead32f6  (in rawk-before-regex-search-2026-09-20) + 668  [0x102cf7644]
      !   :       | + ! 28 _xzm_xzone_malloc_tiny  (in libsystem_malloc.dylib) + 88,168,...  [0x18191cf94,0x18191cfe4,...]
      !   :       | + ! 16 _malloc_zone_malloc  (in libsystem_malloc.dylib) + 0,12,...  [0x1819270bc,0x1819270c8,...]
      !   :       | + ! 14 <deduplicated_symbol>  (in libsystem_malloc.dylib) + 112,220,...  [0x1819171cc,0x181917238,...]
      !   :       | + ! 5 _xzm_xzone_malloc  (in libsystem_malloc.dylib) + 8,184,...  [0x181917958,0x181917a08,...]
      !   :       | + ! 2 DYLD-STUB$$malloc  (in rawk-before-regex-search-2026-09-20) + 4  [0x102e73864]
      !   :       | + ! 2 _RNvCsGIExRX8pES_7___rustc11___rdl_alloc  (in rawk-before-regex-search-2026-09-20) + 0  [0x102e3269c]
      !   :       | + ! 1 _RNvCsGIExRX8pES_7___rustc12___rust_alloc  (in rawk-before-regex-search-2026-09-20) + 0  [0x102d2b228]
      !   :       | + 49 rawk::types::EvalContext::set_var::h469b9e00bead32f6  (in rawk-before-regex-search-2026-09-20) + 1108  [0x102cf77fc]
      !   :       | + ! 36 _xzm_free  (in libsystem_malloc.dylib) + 996,776,...  [0x1819184fc,0x181918420,...]
      !   :       | + ! 10 _free  (in libsystem_malloc.dylib) + 36,44,...  [0x181927cf4,0x181927cfc,...]
      !   :       | + ! 1 DYLD-STUB$$free  (in rawk-before-regex-search-2026-09-20) + 4  [0x102e73768]
      !   :       | + ! 1 _RNvCsGIExRX8pES_7___rustc13___rdl_dealloc  (in rawk-before-regex-search-2026-09-20) + 0  [0x102e32708]
      !   :       | + ! 1 xzm_malloc_zone_try_free_default  (in libsystem_malloc.dylib) + 0  [0x181923170]
      !   :       | + 19 rawk::types::EvalContext::set_var::h469b9e00bead32f6  (in rawk-before-regex-search-2026-09-20) + 1092,52,...  [0x102cf77ec,0x102cf73dc,...]
      !   :       | + 7 rawk::types::EvalContext::set_var::h469b9e00bead32f6  (in rawk-before-regex-search-2026-09-20) + 688  [0x102cf7658]
      !   :       | + ! 7 _platform_memmove  (in libsystem_platform.dylib) + 12,452,...  [0x181b0536c,0x181b05524,...]
      !   :       | + 4 _xzm_free  (in libsystem_malloc.dylib) + 1568  [0x181918738]
      !   :       | + 2 rawk::types::EvalContext::set_var::h469b9e00bead32f6  (in rawk-before-regex-search-2026-09-20) + 652  [0x102cf7634]
      !   :       | +   2 _RNvCsGIExRX8pES_7___rustc35___rust_no_alloc_shim_is_unstable_v2  (in rawk-before-regex-search-2026-09-20) + 0  [0x102d2b238]
      !   :       | 237 rawk::runner::read_main::hae7ba469f196c48a  (in rawk-before-regex-search-2026-09-20) + 868  [0x102cd355c]
      !   :       | + 73 rawk::input::RecordReader::next::hce2a56d6d53ba82e  (in rawk-before-regex-search-2026-09-20) + 2644  [0x102d11ea4]
      !   :       | + ! 32 _xzm_xzone_malloc_tiny  (in libsystem_malloc.dylib) + 256,524,...  [0x18191d03c,0x18191d148,...]
      !   :       | + ! 15 <deduplicated_symbol>  (in libsystem_malloc.dylib) + 112,136,...  [0x1819171cc,0x1819171e4,...]
      !   :       | + ! 12 _malloc_zone_malloc  (in libsystem_malloc.dylib) + 12,120,...  [0x1819270c8,0x181927134,...]
      !   :       | + ! 9 _xzm_xzone_malloc  (in libsystem_malloc.dylib) + 8,180,...  [0x181917958,0x181917a04,...]
      !   :       | + ! 3 _RNvCsGIExRX8pES_7___rustc11___rdl_alloc  (in rawk-before-regex-search-2026-09-20) + 0  [0x102e3269c]
      !   :       | + ! 1 DYLD-STUB$$malloc  (in rawk-before-regex-search-2026-09-20) + 4  [0x102e73864]
      !   :       | + ! 1 malloc  (in libsystem_malloc.dylib) + 0  [0x1818edce8]
      !   :       | + 65 rawk::input::RecordReader::next::hce2a56d6d53ba82e  (in rawk-before-regex-search-2026-09-20) + 1984  [0x102d11c10]
      !   :       | + ! 32 _xzm_xzone_malloc_tiny  (in libsystem_malloc.dylib) + 96,256,...  [0x18191cf9c,0x18191d03c,...]
      !   :       | + ! 14 _malloc_zone_malloc  (in libsystem_malloc.dylib) + 120,0,...  [0x181927134,0x1819270bc,...]
      !   :       | + ! 10 <deduplicated_symbol>  (in libsystem_malloc.dylib) + 112,136,...  [0x1819171cc,0x1819171e4,...]
      !   :       | + ! 4 DYLD-STUB$$malloc  (in rawk-before-regex-search-2026-09-20) + 4  [0x102e73864]
      !   :       | + ! 3 _xzm_xzone_malloc  (in libsystem_malloc.dylib) + 8,20,...  [0x181917958,0x181917964,...]
      !   :       | + ! 2 _RNvCsGIExRX8pES_7___rustc11___rdl_alloc  (in rawk-before-regex-search-2026-09-20) + 0  [0x102e3269c]
      !   :       | + 50 rawk::input::RecordReader::next::hce2a56d6d53ba82e  (in rawk-before-regex-search-2026-09-20) + 1108,1096,...  [0x102d118a4,0x102d11898,...]
      !   :       | + 22 rawk::input::RecordReader::next::hce2a56d6d53ba82e  (in rawk-before-regex-search-2026-09-20) + 1572  [0x102d11a74]
      !   :       | + ! 22 rawk::input::RecordReader::fill::h2afa3dd059842968  (in rawk-before-regex-search-2026-09-20) + 132  [0x102d11398]
      !   :       | + !   22 _RNvXs3_NtNtCsaLOjE9VYtxK_3std2io5stdioNtB5_5StdinNtB7_4Read4read  (in rawk-before-regex-search-2026-09-20) + 88  [0x102e49b98]
      !   :       | + !     22 _RNvXs3_NtNtNtCsaLOjE9VYtxK_3std2io8buffered9bufreaderINtB5_9BufReaderNtNtB9_5stdio8StdinRawENtB9_4Read4readBb_  (in rawk-before-regex-search-2026-09-20) + 140  [0x102e49ee4]
      !   :       | + !       22 read  (in libsystem_kernel.dylib) + 8  [0x181ab891c]
      !   :       | + 16 rawk::input::RecordReader::next::hce2a56d6d53ba82e  (in rawk-before-regex-search-2026-09-20) + 2004  [0x102d11c24]
      !   :       | + ! 12 _platform_memmove  (in libsystem_platform.dylib) + 452,460,...  [0x181b05524,0x181b0552c,...]
      !   :       | + ! 4 DYLD-STUB$$memcpy  (in rawk-before-regex-search-2026-09-20) + 0,4  [0x102e73884,0x102e73888]
      !   :       | + 10 rawk::input::RecordReader::next::hce2a56d6d53ba82e  (in rawk-before-regex-search-2026-09-20) + 2668  [0x102d11ebc]
      !   :       | + ! 9 _platform_memmove  (in libsystem_platform.dylib) + 12,436,...  [0x181b0536c,0x181b05514,...]
      !   :       | + ! 1 DYLD-STUB$$memcpy  (in rawk-before-regex-search-2026-09-20) + 4  [0x102e73888]
      !   :       | + 1 rawk::input::RecordReader::next::hce2a56d6d53ba82e  (in rawk-before-regex-search-2026-09-20) + 1972  [0x102d11c04]
      !   :       | +   1 _RNvCsGIExRX8pES_7___rustc35___rust_no_alloc_shim_is_unstable_v2  (in rawk-before-regex-search-2026-09-20) + 0  [0x102d2b238]
      !   :       | 179 rawk::runner::read_main::hae7ba469f196c48a  (in rawk-before-regex-search-2026-09-20) + 112  [0x102cd3268]
      !   :       | + 69 rawk::types::EvalContext::get_var::hd08700b019db6de9  (in rawk-before-regex-search-2026-09-20) + 1356  [0x102cf731c]
      !   :       | + ! 34 _xzm_xzone_malloc_tiny  (in libsystem_malloc.dylib) + 420,672,...  [0x18191d0e0,0x18191d1dc,...]
      !   :       | + ! 10 <deduplicated_symbol>  (in libsystem_malloc.dylib) + 112,136,...  [0x1819171cc,0x1819171e4,...]
      !   :       | + ! 10 _xzm_xzone_malloc  (in libsystem_malloc.dylib) + 192,8,...  [0x181917a10,0x181917958,...]
      !   :       | + ! 8 _malloc_zone_malloc  (in libsystem_malloc.dylib) + 12,44,...  [0x1819270c8,0x1819270e8,...]
      !   :       | + ! 3 DYLD-STUB$$malloc  (in rawk-before-regex-search-2026-09-20) + 0,4  [0x102e73860,0x102e73864]
      !   :       | + ! 3 _RNvCsGIExRX8pES_7___rustc11___rdl_alloc  (in rawk-before-regex-search-2026-09-20) + 0  [0x102e3269c]
      !   :       | + ! 1 malloc  (in libsystem_malloc.dylib) + 0  [0x1818edce8]
      !   :       | + 43 rawk::types::EvalContext::get_var::hd08700b019db6de9  (in rawk-before-regex-search-2026-09-20) + 776  [0x102cf70d8]
      !   :       | + ! 23 core::hash::BuildHasher::hash_one::h773ecb9f6643a431  (in rawk-before-regex-search-2026-09-20) + 280,156,...  [0x102cff4ac,0x102cff430,...]
      !   :       | + ! 11 core::hash::BuildHasher::hash_one::h773ecb9f6643a431  (in rawk-before-regex-search-2026-09-20) + 72  [0x102cff3dc]
      !   :       | + ! : 11 _$LT$core..hash..sip..Hasher$LT$S$GT$$u20$as$u20$core..hash..Hasher$GT$::write::hb89c965e3d55cf6c  (in rawk-before-regex-search-2026-09-20) + 424,68,...  [0x102d0161c,0x102d014b8,...]
      !   :       | + ! 9 core::hash::BuildHasher::hash_one::h773ecb9f6643a431  (in rawk-before-regex-search-2026-09-20) + 96  [0x102cff3f4]
      !   :       | + !   9 _$LT$core..hash..sip..Hasher$LT$S$GT$$u20$as$u20$core..hash..Hasher$GT$::write::hb89c965e3d55cf6c  (in rawk-before-regex-search-2026-09-20) + 124,12,...  [0x102d014f0,0x102d01480,...]
      !   :       | + 38 rawk::types::EvalContext::get_var::hd08700b019db6de9  (in rawk-before-regex-search-2026-09-20) + 776,48,...  [0x102cf70d8,0x102cf6e00,...]
      !   :       | + 19 rawk::types::EvalContext::get_var::hd08700b019db6de9  (in rawk-before-regex-search-2026-09-20) + 876  [0x102cf713c]
      !   :       | + ! 19 _platform_memcmp  (in libsystem_platform.dylib) + 260,0,...  [0x181b03014,0x181b02f10,...]
      !   :       | + 9 rawk::types::EvalContext::get_var::hd08700b019db6de9  (in rawk-before-regex-search-2026-09-20) + 1376  [0x102cf7330]
      !   :       | + ! 7 _platform_memmove  (in libsystem_platform.dylib) + 12,428,...  [0x181b0536c,0x181b0550c,...]
      !   :       | + ! 2 DYLD-STUB$$memcpy  (in rawk-before-regex-search-2026-09-20) + 4  [0x102e73888]
      !   :       | + 1 rawk::types::EvalContext::get_var::hd08700b019db6de9  (in rawk-before-regex-search-2026-09-20) + 1340  [0x102cf730c]
      !   :       | +   1 _RNvCsGIExRX8pES_7___rustc35___rust_no_alloc_shim_is_unstable_v2  (in rawk-before-regex-search-2026-09-20) + 0  [0x102d2b238]
      !   :       | 117 rawk::runner::read_main::hae7ba469f196c48a  (in rawk-before-regex-search-2026-09-20) + 792  [0x102cd3510]
      !   :       | + 104 _xzm_free  (in libsystem_malloc.dylib) + 656,996,...  [0x1819183a8,0x1819184fc,...]
      !   :       | + 8 _free  (in libsystem_malloc.dylib) + 36,44,...  [0x181927cf4,0x181927cfc,...]
      !   :       | + 3 DYLD-STUB$$free  (in rawk-before-regex-search-2026-09-20) + 4  [0x102e73768]
      !   :       | + 2 xzm_malloc_zone_try_free_default  (in libsystem_malloc.dylib) + 0  [0x181923170]
      !   :       | 98 rawk::runner::read_main::hae7ba469f196c48a  (in rawk-before-regex-search-2026-09-20) + 132  [0x102cd327c]
      !   :       | + 76 rawk::types::AwkValue::as_string_convfmt::h865b85d77f411c9e  (in rawk-before-regex-search-2026-09-20) + 472  [0x102cf8a34]
      !   :       | + ! 23 _xzm_xzone_malloc_tiny  (in libsystem_malloc.dylib) + 88,284,...  [0x18191cf94,0x18191d058,...]
      !   :       | + ! 22 <deduplicated_symbol>  (in libsystem_malloc.dylib) + 136,112,...  [0x1819171e4,0x1819171cc,...]
      !   :       | + ! 15 _malloc_zone_malloc  (in libsystem_malloc.dylib) + 56,92,...  [0x1819270f4,0x181927118,...]
      !   :       | + ! 6 DYLD-STUB$$malloc  (in rawk-before-regex-search-2026-09-20) + 4  [0x102e73864]
      !   :       | + ! 6 _xzm_xzone_malloc  (in libsystem_malloc.dylib) + 8,180,...  [0x181917958,0x181917a04,...]
      !   :       | + ! 4 _RNvCsGIExRX8pES_7___rustc11___rdl_alloc  (in rawk-before-regex-search-2026-09-20) + 0  [0x102e3269c]
      !   :       | + 13 rawk::types::AwkValue::as_string_convfmt::h865b85d77f411c9e  (in rawk-before-regex-search-2026-09-20) + 492  [0x102cf8a48]
      !   :       | + ! 10 _platform_memmove  (in libsystem_platform.dylib) + 460,428,...  [0x181b0552c,0x181b0550c,...]
      !   :       | + ! 3 DYLD-STUB$$memcpy  (in rawk-before-regex-search-2026-09-20) + 4  [0x102e73888]
      !   :       | + 7 rawk::types::AwkValue::as_string_convfmt::h865b85d77f411c9e  (in rawk-before-regex-search-2026-09-20) + 36,848,...  [0x102cf8880,0x102cf8bac,...]
      !   :       | + 2 rawk::types::AwkValue::as_string_convfmt::h865b85d77f411c9e  (in rawk-before-regex-search-2026-09-20) + 456  [0x102cf8a24]
      !   :       | +   2 _RNvCsGIExRX8pES_7___rustc35___rust_no_alloc_shim_is_unstable_v2  (in rawk-before-regex-search-2026-09-20) + 0  [0x102d2b238]
      !   :       | 75 rawk::runner::read_main::hae7ba469f196c48a  (in rawk-before-regex-search-2026-09-20) + 2296  [0x102cd3af0]
      !   :       | + 59 _xzm_free  (in libsystem_malloc.dylib) + 656,996,...  [0x1819183a8,0x1819184fc,...]
      !   :       | + 8 _free  (in libsystem_malloc.dylib) + 0,76,...  [0x181927cd0,0x181927d1c,...]
      !   :       | + 6 DYLD-STUB$$free  (in rawk-before-regex-search-2026-09-20) + 4,0  [0x102e73768,0x102e73764]
      !   :       | + 1 _RNvCsGIExRX8pES_7___rustc14___rust_dealloc  (in rawk-before-regex-search-2026-09-20) + 0  [0x102d2b22c]
      !   :       | + 1 free  (in libsystem_malloc.dylib) + 0  [0x1818ee6b8]
      !   :       | 40 rawk::runner::read_main::hae7ba469f196c48a  (in rawk-before-regex-search-2026-09-20) + 2276,792,...  [0x102cd3adc,0x102cd3510,...]
      !   :       | 8 _xzm_free  (in libsystem_malloc.dylib) + 1568  [0x181918738]
      !   :       | 4 rawk::types::AwkValue::as_string_convfmt::h865b85d77f411c9e  (in rawk-before-regex-search-2026-09-20) + 868,852,...  [0x102cf8bc0,0x102cf8bb0,...]
      !   :       | 4 rawk::types::EvalContext::set_var::h469b9e00bead32f6  (in rawk-before-regex-search-2026-09-20) + 1832  [0x102cf7ad0]
      !   :       | 2 rawk::input::RecordReader::next::hce2a56d6d53ba82e  (in rawk-before-regex-search-2026-09-20) + 2768  [0x102d11f20]
      !   :       | 2 rawk::types::EvalContext::get_var::hd08700b019db6de9  (in rawk-before-regex-search-2026-09-20) + 984  [0x102cf71a8]
      !   :       335 rawk::runner::run::h68691f04efcb3426  (in rawk-before-regex-search-2026-09-20) + 4188  [0x102ccf634]
      !   :       | 82 rawk::types::EvalContext::update_record::h36418a4c5033e45c  (in rawk-before-regex-search-2026-09-20) + 280,256,...  [0x102cf56c0,0x102cf56a8,...]
      !   :       | 73 rawk::types::EvalContext::update_record::h36418a4c5033e45c  (in rawk-before-regex-search-2026-09-20) + 112  [0x102cf5618]
      !   :       | + 47 _xzm_free  (in libsystem_malloc.dylib) + 0,996,...  [0x181918118,0x1819184fc,...]
      !   :       | + 15 _free  (in libsystem_malloc.dylib) + 0,36,...  [0x181927cd0,0x181927cf4,...]
      !   :       | + 7 DYLD-STUB$$free  (in rawk-before-regex-search-2026-09-20) + 4,0  [0x102e73768,0x102e73764]
      !   :       | + 2 free  (in libsystem_malloc.dylib) + 0  [0x1818ee6b8]
      !   :       | + 1 _RNvCsGIExRX8pES_7___rustc13___rdl_dealloc  (in rawk-before-regex-search-2026-09-20) + 0  [0x102e32708]
      !   :       | + 1 xzm_malloc_zone_try_free_default  (in libsystem_malloc.dylib) + 0  [0x181923170]
      !   :       | 69 rawk::types::EvalContext::update_record::h36418a4c5033e45c  (in rawk-before-regex-search-2026-09-20) + 72  [0x102cf55f0]
      !   :       | + 31 _xzm_xzone_malloc_tiny  (in libsystem_malloc.dylib) + 164,256,...  [0x18191cfe0,0x18191d03c,...]
      !   :       | + 13 <deduplicated_symbol>  (in libsystem_malloc.dylib) + 280,212,...  [0x181917274,0x181917230,...]
      !   :       | + 10 _malloc_zone_malloc  (in libsystem_malloc.dylib) + 12,44,...  [0x1819270c8,0x1819270e8,...]
      !   :       | + 10 _xzm_xzone_malloc  (in libsystem_malloc.dylib) + 192,0,...  [0x181917a10,0x181917950,...]
      !   :       | + 3 _RNvCsGIExRX8pES_7___rustc11___rdl_alloc  (in rawk-before-regex-search-2026-09-20) + 0  [0x102e3269c]
      !   :       | + 1 DYLD-STUB$$malloc  (in rawk-before-regex-search-2026-09-20) + 0  [0x102e73860]
      !   :       | + 1 malloc  (in libsystem_malloc.dylib) + 0  [0x1818edce8]
      !   :       | 43 rawk::types::EvalContext::update_record::h36418a4c5033e45c  (in rawk-before-regex-search-2026-09-20) + 656  [0x102cf5838]
      !   :       | + 33 rawk::types::parse_number::h5536bd0a1d12aed5  (in rawk-before-regex-search-2026-09-20) + 216  [0x102cf8304]
      !   :       | + ! 17 _RNvXs2_NtNtCs6sq8b9ugfBC_4core3num11float_parsedNtNtNtB9_3str6traits7FromStr8from_str  (in rawk-before-regex-search-2026-09-20) + 116,20,...  [0x102e62f64,0x102e62f04,...]
      !   :       | + ! 16 _RNvXs2_NtNtCs6sq8b9ugfBC_4core3num11float_parsedNtNtNtB9_3str6traits7FromStr8from_str  (in rawk-before-regex-search-2026-09-20) + 96  [0x102e62f50]
      !   :       | + !   16 _RNvNtNtNtNtCs6sq8b9ugfBC_4core3num3imp7dec2flt5parse12parse_number  (in rawk-before-regex-search-2026-09-20) + 648,0,...  [0x102e5f3ec,0x102e5f164,...]
      !   :       | + 9 rawk::types::parse_number::h5536bd0a1d12aed5  (in rawk-before-regex-search-2026-09-20) + 8,0,...  [0x102cf8234,0x102cf822c,...]
      !   :       | + 1 _RNvXs2_NtNtCs6sq8b9ugfBC_4core3num11float_parsedNtNtNtB9_3str6traits7FromStr8from_str  (in rawk-before-regex-search-2026-09-20) + 616  [0x102e63158]
      !   :       | 41 rawk::types::EvalContext::update_record::h36418a4c5033e45c  (in rawk-before-regex-search-2026-09-20) + 496  [0x102cf5798]
      !   :       | + 41 _RNvNtNtCs6sq8b9ugfBC_4core3str8converts9from_utf8  (in rawk-before-regex-search-2026-09-20) + 52,120,...  [0x102e5de14,0x102e5de58,...]
      !   :       | 10 rawk::types::EvalContext::update_record::h36418a4c5033e45c  (in rawk-before-regex-search-2026-09-20) + 456  [0x102cf5770]
      !   :       | + 8 _platform_memmove  (in libsystem_platform.dylib) + 444,452,...  [0x181b0551c,0x181b05524,...]
      !   :       | + 2 DYLD-STUB$$memcpy  (in rawk-before-regex-search-2026-09-20) + 4  [0x102e73888]
      !   :       | 7 _xzm_free  (in libsystem_malloc.dylib) + 1568,1560  [0x181918738,0x181918730]
      !   :       | 7 rawk::types::EvalContext::update_record::h36418a4c5033e45c  (in rawk-before-regex-search-2026-09-20) + 92  [0x102cf5604]
      !   :       | + 7 _platform_memmove  (in libsystem_platform.dylib) + 452,460,...  [0x181b05524,0x181b0552c,...]
      !   :       | 2 rawk::types::parse_number::h5536bd0a1d12aed5  (in rawk-before-regex-search-2026-09-20) + 276  [0x102cf8340]
      !   :       | 1 rawk::types::EvalContext::update_record::h36418a4c5033e45c  (in rawk-before-regex-search-2026-09-20) + 60  [0x102cf55e4]
      !   :       |   1 _RNvCsGIExRX8pES_7___rustc35___rust_no_alloc_shim_is_unstable_v2  (in rawk-before-regex-search-2026-09-20) + 0  [0x102d2b238]
      !   :       45 rawk::runner::run::h68691f04efcb3426  (in rawk-before-regex-search-2026-09-20) + 4232  [0x102ccf660]
      !   :       | 32 _xzm_free  (in libsystem_malloc.dylib) + 0,28,...  [0x181918118,0x181918134,...]
      !   :       | 8 _free  (in libsystem_malloc.dylib) + 108,76,...  [0x181927d3c,0x181927d1c,...]
      !   :       | 5 DYLD-STUB$$free  (in rawk-before-regex-search-2026-09-20) + 4,0  [0x102e73768,0x102e73764]
      !   :       33 rawk::runner::run::h68691f04efcb3426  (in rawk-before-regex-search-2026-09-20) + 4348,4340,...  [0x102ccf6d4,0x102ccf6cc,...]
      !   :       11 rawk::runner::execute_action_inner::hb74abf24875beef1  (in rawk-before-regex-search-2026-09-20) + 5900,5872,...  [0x102ccde80,0x102ccde64,...]
      !   :       11 rawk::runner::run::h68691f04efcb3426  (in rawk-before-regex-search-2026-09-20) + 4404  [0x102ccf70c]
      !   :       | 11 _$LT$rawk..runner..FlowControl$u20$as$u20$core..cmp..PartialEq$GT$::eq::h023c12dca10d838c  (in rawk-before-regex-search-2026-09-20) + 40,280,...  [0x102cd4b40,0x102cd4c30,...]
      !   :       4 _xzm_free  (in libsystem_malloc.dylib) + 1568  [0x181918738]
      !   :       3 rawk::runner::read_main::hae7ba469f196c48a  (in rawk-before-regex-search-2026-09-20) + 2316  [0x102cd3b04]
      !   :       2 rawk::types::EvalContext::update_record::h36418a4c5033e45c  (in rawk-before-regex-search-2026-09-20) + 2100,2116  [0x102cf5ddc,0x102cf5dec]
      !   :       1 rawk::runner::run::h68691f04efcb3426  (in rawk-before-regex-search-2026-09-20) + 2348  [0x102ccef04]
      !   :         1 rawk::parser::parse_with_sources::h6bb7c8cacc3ac582  (in rawk-before-regex-search-2026-09-20) + 68  [0x102ce31b8]
      !   :           1 pest::parser_state::state::hee16d6389371cb4b  (in rawk-before-regex-search-2026-09-20) + 400  [0x102ca90a0]
      !   :             1 _$LT$rawk..parser..AwkParser$u20$as$u20$pest..parser..Parser$LT$rawk..parser..Rule$GT$$GT$::parse::rules::visible::program::h9a75c7fe2c970b70  (in rawk-before-regex-search-2026-09-20) + 1200  [0x102cc46b0]
      !   :               1 _$LT$rawk..parser..AwkParser$u20$as$u20$pest..parser..Parser$LT$rawk..parser..Rule$GT$$GT$::parse::rules::visible::rule::h2188155c0534f061  (in rawk-before-regex-search-2026-09-20) + 1172  [0x102cbf1cc]
      !   :                 1 _$LT$rawk..parser..AwkParser$u20$as$u20$pest..parser..Parser$LT$rawk..parser..Rule$GT$$GT$::parse::rules::visible::action_block::heb9706dbb750844b  (in rawk-before-regex-search-2026-09-20) + 1396  [0x102cb3f70]
      !   :                   1 _$LT$rawk..parser..AwkParser$u20$as$u20$pest..parser..Parser$LT$rawk..parser..Rule$GT$$GT$::parse::rules::visible::statement::h7c37a5051b44f9e4  (in rawk-before-regex-search-2026-09-20) + 588  [0x102cc9f90]
      !   :                     1 _$LT$rawk..parser..AwkParser$u20$as$u20$pest..parser..Parser$LT$rawk..parser..Rule$GT$$GT$::parse::rules::visible::assign_stmt::hb80970b2cf51823b  (in rawk-before-regex-search-2026-09-20) + 1704  [0x102caf7b8]
      !   :                       1 _$LT$rawk..parser..AwkParser$u20$as$u20$pest..parser..Parser$LT$rawk..parser..Rule$GT$$GT$::parse::rules::visible::expr::hb2c514f05e35b762  (in rawk-before-regex-search-2026-09-20) + 232  [0x102cbea1c]
      !   :                         1 pest::parser_state::ParserState$LT$R$GT$::rule::h49f6f973c437de8e  (in rawk-before-regex-search-2026-09-20) + 1024  [0x102c8f658]
      !   :                           1 pest::parser_state::ParserState$LT$R$GT$::rule::h52b1b3a7fae7744d  (in rawk-before-regex-search-2026-09-20) + 308  [0x102c915a4]
      !   :                             1 _$LT$rawk..parser..AwkParser$u20$as$u20$pest..parser..Parser$LT$rawk..parser..Rule$GT$$GT$::parse::rules::visible::logical_or::h644ae80778c451c0  (in rawk-before-regex-search-2026-09-20) + 308  [0x102caba88]
      !   :                               1 pest::parser_state::ParserState$LT$R$GT$::rule::h62b486a32b859d84  (in rawk-before-regex-search-2026-09-20) + 308  [0x102c9360c]
      !   :                                 1 _$LT$rawk..parser..AwkParser$u20$as$u20$pest..parser..Parser$LT$rawk..parser..Rule$GT$$GT$::parse::rules::visible::in_expr::hc5275e16619d8128  (in rawk-before-regex-search-2026-09-20) + 236  [0x102cc2644]
      !   :                                   1 pest::parser_state::ParserState$LT$R$GT$::rule::h656785c95fcbb6d4  (in rawk-before-regex-search-2026-09-20) + 1268  [0x102c94a10]
      !   :                                     1 _$LT$rawk..parser..AwkParser$u20$as$u20$pest..parser..Parser$LT$rawk..parser..Rule$GT$$GT$::parse::rules::visible::expr::hb2c514f05e35b762  (in rawk-before-regex-search-2026-09-20) + 232  [0x102cbea1c]
      !   :                                       1 pest::parser_state::ParserState$LT$R$GT$::rule::h49f6f973c437de8e  (in rawk-before-regex-search-2026-09-20) + 632  [0x102c8f4d0]
      !   :                                         1 pest::parser_state::ParserState$LT$R$GT$::rule::h87eae7b2de548e38  (in rawk-before-regex-search-2026-09-20) + 156  [0x102c9aa38]
      !   :                                           1 alloc::raw_vec::RawVec$LT$T$C$A$GT$::grow_one::h40952a69ec1c1c21  (in rawk-before-regex-search-2026-09-20) + 60  [0x102e65204]
      !   :                                             1 alloc::raw_vec::RawVecInner$LT$A$GT$::finish_grow::hba614f61e9b5d54d  (in rawk-before-regex-search-2026-09-20) + 92  [0x102e65634]
      !   :                                               1 _realloc  (in libsystem_malloc.dylib) + 452  [0x181927f14]
      !   :                                                 1 _malloc_zone_realloc  (in libsystem_malloc.dylib) + 148  [0x1819276f8]
      !   :                                                   1 xzm_realloc  (in libsystem_malloc.dylib) + 808  [0x181917eac]
      !   :                                                     1 _xzm_xzone_malloc_freelist_outlined  (in libsystem_malloc.dylib) + 324  [0x18191e7e4]
      !   :                                                       1 _xzm_xzone_find_and_malloc_from_freelist_chunk  (in libsystem_malloc.dylib) + 1308  [0x18191f498]
      !   :                                                         1 xzm_segment_group_alloc_chunk  (in libsystem_malloc.dylib) + 628  [0x181900670]
      !   :                                                           1 _xzm_segment_group_alloc_segment  (in libsystem_malloc.dylib) + 752  [0x181902dd0]
      !   :                                                             1 mach_vm_map  (in libsystem_kernel.dylib) + 128  [0x181ab79d0]
      !   :                                                               1 _kernelrpc_mach_vm_map_trap  (in libsystem_kernel.dylib) + 8  [0x181ab7acc]
      !   1 _RNvNtCsaLOjE9VYtxK_3std2rt19lang_start_internal  (in rawk-before-regex-search-2026-09-20) + 744  [0x102e41fe8]
      !     1 _RNvNtNtNtNtNtCsaLOjE9VYtxK_3std3sys3pal4unix14stack_overflow11thread_info16set_current_info  (in rawk-before-regex-search-2026-09-20) + 892  [0x102e471b0]
      !       1 _RINvMNtNtNtCsaLOjE9VYtxK_3std3sys4sync8once_boxINtB3_7OnceBoxNtNtNtNtNtB7_3pal4unix4sync5mutex5MutexE10initializeNCNvMNtNtB5_5mutex7pthreadNtB1S_5Mutex3get0EB9_  (in rawk-before-regex-search-2026-09-20) + 32  [0x102e719f8]
      2 start  (in dyld) + 6904  [0x18173048c]
        2 dyld4::start(dyld4::KernelArgs*, void*, void*, unsigned long long)::$_1::operator()() const  (in dyld) + 320  [0x181730b30]
          2 dyld4::prepare(dyld4::APIs&, mach_o::UnsafeHeader const*)  (in dyld) + 4184  [0x181731ba4]
            1 dyld4::APIs::runAllInitializersForMain()  (in dyld) + 100  [0x181724870]
            : 1 dyld4::PrebuiltLoader::runInitializers(dyld4::RuntimeState&) const  (in dyld) + 44  [0x181783d44]
            :   1 dyld4::Loader::findAndRunAllInitializers(dyld4::RuntimeState&) const  (in dyld) + 528  [0x181759394]
            :     1 dyld3::MachOAnalyzer::forEachInitializer(Diagnostics&, dyld3::MachOAnalyzer::VMAddrConverter const&, void (unsigned int) block_pointer, void const*) const  (in dyld) + 516  [0x181769580]
            :       1 mach_o::UnsafeHeader::forEachSection(void (mach_o::UnsafeHeader::SectionInfo const&, bool&) block_pointer) const  (in dyld) + 124  [0x1817a824c]
            :         1 mach_o::UnsafeHeader::forEachLoadCommand(void (load_command const*, bool&) block_pointer) const  (in dyld) + 208  [0x1817a69a4]
            :           1 invocation function for block in mach_o::UnsafeHeader::forEachSection(void (mach_o::UnsafeHeader::SectionInfo const&, bool&) block_pointer) const  (in dyld) + 312  [0x1817a9fac]
            :             1 invocation function for block in dyld3::MachOAnalyzer::forEachInitializer(Diagnostics&, dyld3::MachOAnalyzer::VMAddrConverter const&, void (unsigned int) block_pointer, void const*) const  (in dyld) + 320  [0x181769a8c]
            :               1 invocation function for block in dyld4::Loader::findAndRunAllInitializers(dyld4::RuntimeState&) const::$_0::operator()() const  (in dyld) + 180  [0x18175ea28]
            :                 1 libSystem_initializer  (in libSystem.B.dylib) + 244  [0x191957350]
            :                   1 libdispatch_init  (in libdispatch.dylib) + 480  [0x181975e84]
            :                     1 _os_object_init  (in libdispatch.dylib) + 24  [0x18194077c]
            :                       1 _objc_init  (in libobjc.A.dylib) + 1796  [0x181689b10]
            :                         1 _dyld_objc_register_callbacks  (in libdyld.dylib) + 360  [0x1816e6714]
            :                           1 dyld4::APIs::_dyld_objc_register_callbacks(dyld4::ObjCCallbacks const*)  (in dyld) + 116  [0x181719f40]
            :                             1 dyld4::RuntimeState::setObjCNotifiers(dyld4::ReadOnlyCallback<void (*)(char const*, mach_header const*)>, dyld4::ReadOnlyCallback<void (*)(mach_header const*, void*, mach_header const*, void const*)>, dyld4::ReadOnlyCallback<void (*)(_dyld_objc_notify_mapped_info const*)>, dyld4::ReadOnlyCallback<void (*)(unsigned int, _dyld_objc_notify_mapped_info const*, void (unsigned int) block_pointer)>)  (in dyld) + 944  [0x1817427f8]
            :                               1 dyld4::RuntimeLocks::withLoadersReadLock(void () block_pointer)  (in dyld) + 84  [0x18173a284]
            :                                 1 invocation function for block in dyld4::RuntimeState::setObjCNotifiers(dyld4::ReadOnlyCallback<void (*)(char const*, mach_header const*)>, dyld4::ReadOnlyCallback<void (*)(mach_header const*, void*, mach_header const*, void const*)>, dyld4::ReadOnlyCallback<void (*)(_dyld_objc_notify_mapped_info const*)>, dyld4::ReadOnlyCallback<void (*)(unsigned int, _dyld_objc_notify_mapped_info const*, void (unsigned int) block_pointer)>)::$_0::operator()() const  (in dyld) + 1036  [0x1817486d8]
            :                                   1 map_images  (in libobjc.A.dylib) + 112  [0x181689d90]
            :                                     1 map_images_nolock  (in libobjc.A.dylib) + 8008  [0x18168bd68]
            :                                       1 realizeClassWithoutSwift(objc_class*, objc_class*)  (in libobjc.A.dylib) + 528  [0x18168d834]
            :                                         1 realizeClassWithoutSwift(objc_class*, objc_class*)  (in libobjc.A.dylib) + 528  [0x18168d834]
            :                                           1 realizeClassWithoutSwift(objc_class*, objc_class*)  (in libobjc.A.dylib) + 528  [0x18168d834]
            :                                             1 realizeClassWithoutSwift(objc_class*, objc_class*)  (in libobjc.A.dylib) + 552  [0x18168d84c]
            :                                               1 realizeClassWithoutSwift(objc_class*, objc_class*)  (in libobjc.A.dylib) + 2292  [0x18168df18]
            :                                                 1 addMethod(objc_class*, objc_selector*, void (*)(), char const*, bool)  (in libobjc.A.dylib) + 196  [0x18168e81c]
            :                                                   1 getMethodFromRelativeList(relative_list_list_t<method_list_t>*, objc_selector*)  (in libobjc.A.dylib) + 656  [0x1816b6388]
            1 dyld4::Loader::runInitializersBottomUpPlusUpwardLinks(dyld4::RuntimeState&) const  (in dyld) + 716  [0x181759d98]
              1 dyld4::Loader::runInitializersBottomUpPlusUpwardLinks(dyld4::RuntimeState&) const::$_0::operator()() const  (in dyld) + 268  [0x18175eb58]
                1 dyld4::Loader::runInitializersBottomUp(dyld4::RuntimeState&, lsl::Vector<AuthenticatedValue<dyld4::Loader const*>>&, lsl::Vector<AuthenticatedValue<dyld4::Loader const*>>&) const  (in dyld) + 300  [0x1817599a4]
                  1 dyld4::Loader::runInitializersBottomUp(dyld4::RuntimeState&, lsl::Vector<AuthenticatedValue<dyld4::Loader const*>>&, lsl::Vector<AuthenticatedValue<dyld4::Loader const*>>&) const  (in dyld) + 300  [0x1817599a4]
                    1 dyld4::Loader::runInitializersBottomUp(dyld4::RuntimeState&, lsl::Vector<AuthenticatedValue<dyld4::Loader const*>>&, lsl::Vector<AuthenticatedValue<dyld4::Loader const*>>&) const  (in dyld) + 300  [0x1817599a4]
                      1 dyld4::Loader::runInitializersBottomUp(dyld4::RuntimeState&, lsl::Vector<AuthenticatedValue<dyld4::Loader const*>>&, lsl::Vector<AuthenticatedValue<dyld4::Loader const*>>&) const  (in dyld) + 300  [0x1817599a4]
                        1 dyld4::Loader::runInitializersBottomUp(dyld4::RuntimeState&, lsl::Vector<AuthenticatedValue<dyld4::Loader const*>>&, lsl::Vector<AuthenticatedValue<dyld4::Loader const*>>&) const  (in dyld) + 556  [0x181759aa4]
                          1 dyld4::RuntimeState::notifyObjCInit(dyld4::Loader const*)  (in dyld) + 456  [0x181742a78]
                            1 load_images  (in libobjc.A.dylib) + 972  [0x1816939cc]
                              1 _NSInitializePlatform  (in Foundation) + 412  [0x1833ac660]
                                1 dispatch_once  (in libdispatch.dylib) + 4  [0x181942580]

Total number in stack (recursive counted multiple, when >=5):
        29       _xzm_free  (in libsystem_malloc.dylib) + 0  [0x181918118]
        17       <deduplicated_symbol>  (in libsystem_malloc.dylib) + 0  [0x18191715c]
        17       _xzm_xzone_malloc  (in libsystem_malloc.dylib) + 0  [0x181917950]
        17       _xzm_xzone_malloc_tiny  (in libsystem_malloc.dylib) + 0  [0x18191cf3c]
        16       _platform_memmove  (in libsystem_platform.dylib) + 0  [0x181b05360]
        15       _RNvCsGIExRX8pES_7___rustc11___rdl_alloc  (in rawk-before-regex-search-2026-09-20) + 0  [0x102e3269c]
        15       _free  (in libsystem_malloc.dylib) + 0  [0x181927cd0]
        15       _malloc_zone_malloc  (in libsystem_malloc.dylib) + 0  [0x1819270bc]
        14       DYLD-STUB$$free  (in rawk-before-regex-search-2026-09-20) + 0  [0x102e73764]
        14       _$LT$core..hash..sip..Hasher$LT$S$GT$$u20$as$u20$core..hash..Hasher$GT$::write::hb89c965e3d55cf6c  (in rawk-before-regex-search-2026-09-20) + 0  [0x102d01474]
        13       DYLD-STUB$$malloc  (in rawk-before-regex-search-2026-09-20) + 0  [0x102e73860]
        11       _RNvCsGIExRX8pES_7___rustc35___rust_no_alloc_shim_is_unstable_v2  (in rawk-before-regex-search-2026-09-20) + 0  [0x102d2b238]
        10       DYLD-STUB$$memcpy  (in rawk-before-regex-search-2026-09-20) + 0  [0x102e73884]
        9       xzm_malloc_zone_try_free_default  (in libsystem_malloc.dylib) + 0  [0x181923170]
        7       rawk::runner::eval_expr::h6b2b90049722c17d  (in rawk-before-regex-search-2026-09-20) + 0  [0x102cd0afc]
        6       _RNvXs2_NtNtCs6sq8b9ugfBC_4core3num11float_parsedNtNtNtB9_3str6traits7FromStr8from_str  (in rawk-before-regex-search-2026-09-20) + 0  [0x102e62ef0]
        6       _platform_memcmp  (in libsystem_platform.dylib) + 0  [0x181b02f10]
        6       free  (in libsystem_malloc.dylib) + 0  [0x1818ee6b8]
        6       malloc  (in libsystem_malloc.dylib) + 0  [0x1818edce8]
        6       rawk::types::AwkValue::as_string_convfmt::h865b85d77f411c9e  (in rawk-before-regex-search-2026-09-20) + 0  [0x102cf885c]
        6       rawk::types::parse_number::h5536bd0a1d12aed5  (in rawk-before-regex-search-2026-09-20) + 0  [0x102cf822c]
        5       DYLD-STUB$$mach_absolute_time  (in libsystem_malloc.dylib) + 0  [0x18192fb90]
        5       _xzm_free  (in libsystem_malloc.dylib) + 1048  [0x181918530]
        5       mach_absolute_time  (in libsystem_kernel.dylib) + 0  [0x181ab80a0]

Sort by top of stack, same collapsed (when >= 5):
        _xzm_free  (in libsystem_malloc.dylib)        890
        _xzm_xzone_malloc_tiny  (in libsystem_malloc.dylib)        566
        mach_absolute_time  (in libsystem_kernel.dylib)        376
        <deduplicated_symbol>  (in libsystem_malloc.dylib)        253
        _dyld_start  (in dyld)        228
        _$LT$core..hash..sip..Hasher$LT$S$GT$$u20$as$u20$core..hash..Hasher$GT$::write::hb89c965e3d55cf6c  (in rawk-before-regex-search-2026-09-20)        200
        rawk::unicode_ere::encode_keys::hbdf284bb47403012  (in rawk-before-regex-search-2026-09-20)        194
        _platform_memmove  (in libsystem_platform.dylib)        193
        xzm_realloc  (in libsystem_malloc.dylib)        179
        _malloc_zone_malloc  (in libsystem_malloc.dylib)        173
        _xzm_xzone_malloc  (in libsystem_malloc.dylib)        165
        xzm_malloc_zone_size  (in libsystem_malloc.dylib)        146
        _RNvNtNtCs6sq8b9ugfBC_4core3str8converts9from_utf8  (in rawk-before-regex-search-2026-09-20)        137
        _free  (in libsystem_malloc.dylib)        133
        rawk::runner::eval_expr::h6b2b90049722c17d  (in rawk-before-regex-search-2026-09-20)        129
        _platform_memcmp  (in libsystem_platform.dylib)        104
        _malloc_zone_realloc  (in libsystem_malloc.dylib)        102
        _realloc  (in libsystem_malloc.dylib)        86
        rawk::types::EvalContext::get_var::hd08700b019db6de9  (in rawk-before-regex-search-2026-09-20)        86
        rawk::types::EvalContext::update_record::h36418a4c5033e45c  (in rawk-before-regex-search-2026-09-20)        84
        _RNvCsGIExRX8pES_7___rustc11___rdl_alloc  (in rawk-before-regex-search-2026-09-20)        71
        core::hash::BuildHasher::hash_one::he6b98ff62744bcb3  (in rawk-before-regex-search-2026-09-20)        58
        _platform_memset  (in libsystem_platform.dylib)        57
        rawk::input::RecordReader::next::hce2a56d6d53ba82e  (in rawk-before-regex-search-2026-09-20)        52
        __bzero  (in libsystem_platform.dylib)        51
        memchr::memmem::searcher::searcher_kind_neon::h70b09a7044572e23  (in rawk-before-regex-search-2026-09-20)        50
        rawk::types::AwkValue::as_string_convfmt::h865b85d77f411c9e  (in rawk-before-regex-search-2026-09-20)        50
        DYLD-STUB$$free  (in rawk-before-regex-search-2026-09-20)        48
        _RNvXs2_NtNtCs6sq8b9ugfBC_4core3num11float_parsedNtNtNtB9_3str6traits7FromStr8from_str  (in rawk-before-regex-search-2026-09-20)        45
        core::hash::BuildHasher::hash_one::h773ecb9f6643a431  (in rawk-before-regex-search-2026-09-20)        45
        rawk::runner::read_main::hae7ba469f196c48a  (in rawk-before-regex-search-2026-09-20)        43
        rawk::types::EvalContext::set_var::h469b9e00bead32f6  (in rawk-before-regex-search-2026-09-20)        42
        mach_msg2_trap  (in dyld)        39
        core::hash::BuildHasher::hash_one::h954df699ac83f5c5  (in rawk-before-regex-search-2026-09-20)        38
        alloc::raw_vec::RawVecInner$LT$A$GT$::reserve::do_reserve_and_handle::h7a05363fe0887540  (in rawk-before-regex-search-2026-09-20)        36
        alloc::raw_vec::RawVecInner$LT$A$GT$::finish_grow::hba614f61e9b5d54d  (in rawk-before-regex-search-2026-09-20)        35
        rawk::ere::Ere::locate::hd6dde1b0ec20fb5c  (in rawk-before-regex-search-2026-09-20)        35
        rawk::runner::run::h68691f04efcb3426  (in rawk-before-regex-search-2026-09-20)        33
        DYLD-STUB$$malloc  (in rawk-before-regex-search-2026-09-20)        31
        rawk::types::EvalContext::compile_or_get_regex::hc316f3ca6da97581  (in rawk-before-regex-search-2026-09-20)        31
        _RNvNtNtNtNtCs6sq8b9ugfBC_4core3num3imp7dec2flt5parse12parse_number  (in rawk-before-regex-search-2026-09-20)        30
        rawk::runner::execute_action_inner::hb74abf24875beef1  (in rawk-before-regex-search-2026-09-20)        30
        hashbrown::map::HashMap$LT$K$C$V$C$S$C$A$GT$::insert::h0d56fcdb6de36ae8  (in rawk-before-regex-search-2026-09-20)        29
        rawk::types::EvalContext::get_field::h548637f6d685f622  (in rawk-before-regex-search-2026-09-20)        29
        rawk::runner::target::hc5313f666bfb6aad  (in rawk-before-regex-search-2026-09-20)        27
        default_zone_realloc  (in libsystem_malloc.dylib)        25
        DYLD-STUB$$memcpy  (in rawk-before-regex-search-2026-09-20)        23
        rawk::types::parse_number::h5536bd0a1d12aed5  (in rawk-before-regex-search-2026-09-20)        23
        read  (in libsystem_kernel.dylib)        22
        _$LT$regex_automata..meta..strategy..Pre$LT$P$GT$$u20$as$u20$regex_automata..meta..strategy..Strategy$GT$::search::h59a47dad3073e76c  (in rawk-before-regex-search-2026-09-20)        20
        _RNvCsGIExRX8pES_7___rustc35___rust_no_alloc_shim_is_unstable_v2  (in rawk-before-regex-search-2026-09-20)        18
        _RNvCsGIExRX8pES_7___rustc13___rdl_realloc  (in rawk-before-regex-search-2026-09-20)        16
        rawk::types::EvalContext::array::he08681fe5509801c  (in rawk-before-regex-search-2026-09-20)        15
        xzm_malloc_zone_try_free_default  (in libsystem_malloc.dylib)        15
        DYLD-STUB$$mach_absolute_time  (in libsystem_malloc.dylib)        14
        rawk::ere::Ere::is_match::h3f64456f4150b8e0  (in rawk-before-regex-search-2026-09-20)        12
        rawk::types::AwkValue::as_number::hb66799bac4d35e0b  (in rawk-before-regex-search-2026-09-20)        12
        _$LT$rawk..runner..FlowControl$u20$as$u20$core..cmp..PartialEq$GT$::eq::h023c12dca10d838c  (in rawk-before-regex-search-2026-09-20)        11
        core::ptr::drop_in_place$LT$rawk..types..AwkValue$GT$::h9b5fea5b20359f3c  (in rawk-before-regex-search-2026-09-20)        10
        DYLD-STUB$$realloc  (in rawk-before-regex-search-2026-09-20)        9
        DYLD-STUB$$memcmp  (in rawk-before-regex-search-2026-09-20)        8
        malloc  (in libsystem_malloc.dylib)        8
        DYLD-STUB$$_platform_bzero  (in libsystem_malloc.dylib)        7
        _RNvCsGIExRX8pES_7___rustc14___rust_dealloc  (in rawk-before-regex-search-2026-09-20)        7
        core::ptr::drop_in_place$LT$rawk..runner..Target$GT$::hc6e572787d827f40  (in rawk-before-regex-search-2026-09-20)        7
        free  (in libsystem_malloc.dylib)        7
        rawk::types::EvalContext::array_name::hfa92f30c9a46746b  (in rawk-before-regex-search-2026-09-20)        7
        DYLD-STUB$$_platform_memmove  (in libsystem_malloc.dylib)        6
        _RNvXs4_NtCs8dnTdrJsiec_5alloc6stringNtB5_6StringNtNtCs6sq8b9ugfBC_4core5clone5Clone5clone  (in rawk-before-regex-search-2026-09-20)        6
        _tlv_get_addr  (in libdyld.dylib)        6
        rawk::runner::Target::set::h6eef221ef8ea6f10  (in rawk-before-regex-search-2026-09-20)        6
        realloc  (in libsystem_malloc.dylib)        6

Binary images description not available

